id,latitude,longitude,type,description,timestamp,source,date,day_of_week,hour,month,severity_score
call_0,40.11248868692764,-77.51985361154728,53S,53S,,911_calls,,,,,3.0
call_1,40.11248923639064,-77.51985418942542,54I2,54I2,,911_calls,,,,,3.0
call_2,40.11248876033421,-77.51985450872277,75S,75S,,911_calls,,,,,3.0
call_3,40.11248857135087,-77.51985442409654,50G2,50G2,,911_calls,,,,,3.0
call_4,40.112488889301,-77.51985451154816,10H1,10H1,,911_calls,,,,,3.0
call_5,40.11248874280701,-77.51985450396413,75O,75O,,911_calls,,,,,3.0
call_6,40.11248890192594,-77.51985457061201,54U2,54U2,,911_calls,,,,,3.0
call_7,40.11248852981196,-77.51985464740339,75S,75S,,911_calls,,,,,3.0
call_8,40.11248912549747,-77.51985422991248,52D1,52D1,,911_calls,,,,,3.0
call_9,40.112488903682234,-77.51985416793912,75O,75O,,911_calls,,,,,3.0
call_10,40.11248921511609,-77.51985420685139,75S,75S,,911_calls,,,,,3.0
call_11,40.112488817300836,-77.51985440276033,75M,75M,,911_calls,,,,,3.0
call_12,40.11248903634759,-77.51985442963549,52D1,52D1,,911_calls,,,,,3.0
call_13,40.11248860590654,-77.51985434593077,10H1,10H1,,911_calls,,,,,3.0
call_14,40.112488817300836,-77.51985440276033,75O,75O,,911_calls,,,,,3.0
call_15,40.112488713984156,-77.5198542011149,75M,75M,,911_calls,,,,,3.0
call_16,40.112488820389366,-77.51985378231225,75S,75S,,911_calls,,,,,3.0
call_17,40.11248914332367,-77.5198542397984,10S2,10S2,,911_calls,,,,,3.0
call_18,40.11248860360717,-77.51985444572158,50G2,50G2,,911_calls,,,,,3.0
call_19,40.11248881227438,-77.51985378752161,11C4,11C4,,911_calls,,,,,3.0
call_20,40.1124887347839,-77.5198545132863,10Y3,10Y3,,911_calls,,,,,3.0
call_21,40.11248853831697,-77.5198548236123,10S4,10S4,,911_calls,,,,,3.0
call_22,40.112488499087334,-77.519854327915,10Y3,10Y3,,911_calls,,,,,3.0
call_23,40.112489132108834,-77.51985428321272,10Y3,10Y3,,911_calls,,,,,3.0
call_24,40.11248861070422,-77.51985455974908,52D1,52D1,,911_calls,,,,,3.0
call_25,40.112489035504424,-77.51985436025332,39P6,39P6,,911_calls,,,,,3.0
call_26,40.11248874265536,-77.51985420768354,75M,75M,,911_calls,,,,,3.0
call_27,40.11248853416634,-77.51985437351298,10Y3,10Y3,,911_calls,,,,,3.0
call_28,40.112488908140485,-77.51985451139373,11C4,11C4,,911_calls,,,,,3.0
call_29,40.11248871587701,-77.51985420210043,75M,75M,,911_calls,,,,,3.0
call_30,40.11248898955622,-77.51985436473224,59R4,59R4,,911_calls,,,,,3.0
call_31,40.11248850743973,-77.51985450267415,54C1,54C1,,911_calls,,,,,3.0
call_32,40.112488725041935,-77.51985391224295,39V6,39V6,,911_calls,,,,,3.0
call_33,40.11248874314618,-77.51985431528709,29H2,29H2,,911_calls,,,,,3.0
call_34,40.112489237617424,-77.51985427876737,39T2,39T2,,911_calls,,,,,3.0
call_35,40.11248850969731,-77.51985490422287,10S2,10S2,,911_calls,,,,,3.0
call_36,40.112488627395784,-77.51985441178206,11C4,11C4,,911_calls,,,,,3.0
call_37,40.112488702751314,-77.51985427250435,10S1,10S1,,911_calls,,,,,3.0
call_38,40.11248923010376,-77.51985394043724,54U1,54U1,,911_calls,,,,,3.0
call_39,40.11248875293201,-77.51985383606639,53X,53X,,911_calls,,,,,3.0
call_40,40.11248875293201,-77.51985383606639,53X,53X,,911_calls,,,,,3.0
call_41,40.11248921331844,-77.51985419646574,75D,75D,,911_calls,,,,,3.0
call_42,40.11248863503783,-77.51985446547997,54H1,54H1,,911_calls,,,,,3.0
call_43,40.11248845713998,-77.51985442417748,10Y3,10Y3,,911_calls,,,,,3.0
call_44,40.11248882710025,-77.51985455813006,11C4,11C4,,911_calls,,,,,3.0
call_45,40.11248852626184,-77.51985435878991,59R4,59R4,,911_calls,,,,,3.0
call_46,40.11248919073897,-77.51985432659207,50P2,50P2,,911_calls,,,,,3.0
call_47,40.11248874360111,-77.51985372402793,10S2,10S2,,911_calls,,,,,3.0
call_48,40.11248891846351,-77.51985455099717,54S2,54S2,,911_calls,,,,,3.0
call_49,40.112488693596866,-77.51985438663287,44H1,44H1,,911_calls,,,,,3.0
call_50,40.1124887136685,-77.51985429163382,75S,75S,,911_calls,,,,,3.0
call_51,40.11248843713826,-77.51985437018034,54C1,54C1,,911_calls,,,,,3.0
call_52,40.112489277915216,-77.51985405845988,52D2,52D2,,911_calls,,,,,3.0
call_53,40.11248916696124,-77.51985411292002,10N9,10N9,,911_calls,,,,,3.0
call_54,40.112488909687244,-77.51985410944013,11C4,11C4,,911_calls,,,,,3.0
call_55,40.11248848635766,-77.51985441039756,53I,53I,,911_calls,,,,,3.0
call_56,40.1124887136685,-77.51985429163382,75S,75S,,911_calls,,,,,3.0
call_57,40.11248925387802,-77.51985413998214,75M,75M,,911_calls,,,,,3.0
call_58,40.11248866082363,-77.51985440453339,54E1,54E1,,911_calls,,,,,3.0
call_59,40.11248866082363,-77.51985440453339,54E1,54E1,,911_calls,,,,,3.0
call_60,40.11248875700669,-77.51985452641959,56S9,56S9,,911_calls,,,,,3.0
call_61,40.112489136759194,-77.5198543395851,52D6,52D6,,911_calls,,,,,3.0
call_62,40.11248880672699,-77.51985449771942,54U2,54U2,,911_calls,,,,,3.0
call_63,40.11248891742714,-77.5198545171079,54E2,54E2,,911_calls,,,,,3.0
call_64,40.11248891742714,-77.5198545171079,54E2,54E2,,911_calls,,,,,3.0
call_65,40.11248882172452,-77.51985452903902,52K2,52K2,,911_calls,,,,,3.0
call_66,40.11248848994042,-77.51985440691092,68Q1,68Q1,,911_calls,,,,,3.0
call_67,40.11248851789992,-77.51985441991378,50G2,50G2,,911_calls,,,,,3.0
call_68,40.11248866751272,-77.51985411144489,54S1,54S1,,911_calls,,,,,3.0
call_69,40.11248910991099,-77.51985436851362,75S,75S,,911_calls,,,,,3.0
call_70,40.112488737866755,-77.51985435072628,54S1,54S1,,911_calls,,,,,3.0
call_71,40.112488509086305,-77.5198543553174,68Q1,68Q1,,911_calls,,,,,3.0
call_72,40.11248893817446,-77.51985441796701,68Q1,68Q1,,911_calls,,,,,3.0
call_73,40.11248895010582,-77.51985449331514,22Q9,22Q9,,911_calls,,,,,3.0
call_74,40.11248856040814,-77.51985441186629,50G2,50G2,,911_calls,,,,,3.0
call_75,40.11248890466526,-77.519854098912,52D1,52D1,,911_calls,,,,,3.0
call_76,40.11248849075143,-77.51985381233128,50G2,50G2,,911_calls,,,,,3.0
call_77,40.11248846252005,-77.51985442920935,68Q1,68Q1,,911_calls,,,,,3.0
call_78,40.112488816642056,-77.5198545170669,53S,53S,,911_calls,,,,,3.0
call_79,40.112488816642056,-77.5198545170669,53S,53S,,911_calls,,,,,3.0
call_80,40.112488982551795,-77.51985448614037,10H2,10H2,,911_calls,,,,,3.0
call_81,40.112489086905775,-77.51985433887252,54H1,54H1,,911_calls,,,,,3.0
call_82,40.11248858317358,-77.51985435062946,75S,75S,,911_calls,,,,,3.0
call_83,40.112489079095475,-77.51985429172507,54S1,54S1,,911_calls,,,,,3.0
call_84,40.11248896087613,-77.51985441084582,68Q1,68Q1,,911_calls,,,,,3.0
call_85,40.11248925387802,-77.51985413998214,75S,75S,,911_calls,,,,,3.0
call_86,40.112488487399965,-77.51985376923759,54C3,54C3,,911_calls,,,,,3.0
call_87,40.112488487399965,-77.51985376923759,54C3,54C3,,911_calls,,,,,3.0
call_88,40.11248857153118,-77.51985461219286,68Q1,68Q1,,911_calls,,,,,3.0
call_89,40.112489179158466,-77.51985425751576,75M,75M,,911_calls,,,,,3.0
call_90,40.1124887136685,-77.51985429163382,75S,75S,,911_calls,,,,,3.0
call_91,40.112488793025236,-77.51985451418285,68Q1,68Q1,,911_calls,,,,,3.0
call_92,40.11248872251065,-77.51985446714687,75S,75S,,911_calls,,,,,3.0
call_93,40.11248918635088,-77.5198542898608,39H1,39H1,,911_calls,,,,,3.0
call_94,40.112488985959075,-77.51985418630744,10Y3,10Y3,,911_calls,,,,,3.0
call_95,40.11248891930286,-77.5198545154494,75M,75M,,911_calls,,,,,3.0
call_96,40.11248855471203,-77.51985455583186,68Q1,68Q1,,911_calls,,,,,3.0
call_97,40.11248910991099,-77.51985436851362,75M,75M,,911_calls,,,,,3.0
call_98,40.112488762102736,-77.51985431846188,75M,75M,,911_calls,,,,,3.0
call_99,40.11248906385221,-77.51985437637462,10H1,10H1,,911_calls,,,,,3.0
call_100,40.11248855471203,-77.51985455583186,68Q1,68Q1,,911_calls,,,,,3.0
call_101,40.11248886922623,-77.51985438234075,54S1,54S1,,911_calls,,,,,3.0
call_102,40.112488453268206,-77.5198544112635,68Q1,68Q1,,911_calls,,,,,3.0
call_103,40.11248897368111,-77.51985439967348,54U2,54U2,,911_calls,,,,,3.0
call_104,40.112488557510616,-77.51985481941401,53S,53S,,911_calls,,,,,3.0
call_105,40.11248889643756,-77.51985436060178,75M,75M,,911_calls,,,,,3.0
call_106,40.112488933817716,-77.51985449999758,54S2,54S2,,911_calls,,,,,3.0
call_107,40.11248910401124,-77.51985419466406,56S,56S,,911_calls,,,,,3.0
call_108,40.11248855471203,-77.51985455583186,68Q1,68Q1,,911_calls,,,,,3.0
call_109,40.11248891063771,-77.51985448536115,54H2,54H2,,911_calls,,,,,3.0
call_110,40.11248891063771,-77.51985448536115,54H2,54H2,,911_calls,,,,,3.0
call_111,40.11248913416127,-77.51985401831092,67S8,67S8,,911_calls,,,,,3.0
call_112,40.112488641436194,-77.5198541826515,75M,75M,,911_calls,,,,,3.0
call_113,40.11248865936537,-77.51985440561873,75S,75S,,911_calls,,,,,3.0
call_114,40.11248887081646,-77.51985353741468,68Q1,68Q1,,911_calls,,,,,3.0
call_115,40.11248820794677,-77.51985536876863,11R4,11R4,,911_calls,,,,,3.0
call_116,40.11248917898527,-77.51985420464396,52D2,52D2,,911_calls,,,,,3.0
call_117,40.1124885756368,-77.51985433792045,10Y3,10Y3,,911_calls,,,,,3.0
call_118,40.112488530373135,-77.51985465239477,75S,75S,,911_calls,,,,,3.0
call_119,40.11248885040954,-77.51985455607235,75S,75S,,911_calls,,,,,3.0
call_120,40.11248878790738,-77.51985430472156,75S,75S,,911_calls,,,,,3.0
call_121,40.11248920343215,-77.51985419777905,10S4,10S4,,911_calls,,,,,3.0
call_122,40.11248871587701,-77.51985420210043,75S,75S,,911_calls,,,,,3.0
call_123,40.112488738791996,-77.51985448276432,75S,75S,,911_calls,,,,,3.0
call_124,40.112489035504424,-77.51985436025332,52D1,52D1,,911_calls,,,,,3.0
call_125,40.11248828717985,-77.51985532123723,10Y3,10Y3,,911_calls,,,,,3.0
call_126,40.11248919013427,-77.51985426180904,52D6,52D6,,911_calls,,,,,3.0
call_127,40.1124885522471,-77.51985420088923,50G2,50G2,,911_calls,,,,,3.0
call_128,40.112489243514446,-77.51985422068685,34Q1,34Q1,,911_calls,,,,,3.0
call_129,40.11248880673265,-77.51985437405531,75S,75S,,911_calls,,,,,3.0
call_130,40.11248910467652,-77.51985418510657,68Q1,68Q1,,911_calls,,,,,3.0
call_131,40.1124887136685,-77.51985429163382,75M,75M,,911_calls,,,,,3.0
call_132,40.11248874843693,-77.51985452435912,75S,75S,,911_calls,,,,,3.0
call_133,40.11248846621035,-77.5198538658677,68Q1,68Q1,,911_calls,,,,,3.0
call_134,40.11248885468642,-77.51985446123007,67S8,67S8,,911_calls,,,,,3.0
call_135,40.112489104661755,-77.5198541870964,68Q1,68Q1,,911_calls,,,,,3.0
call_136,40.1124887136685,-77.51985429163382,75M,75M,,911_calls,,,,,3.0
call_137,40.1124892832543,-77.51985409443311,10H1,10H1,,911_calls,,,,,3.0
call_138,40.11248859693446,-77.51985413095001,75I,75I,,911_calls,,,,,3.0
call_139,40.112488765735336,-77.519853851587,11R4,11R4,,911_calls,,,,,3.0
call_140,40.11248888758784,-77.51985450180076,10H1,10H1,,911_calls,,,,,3.0
call_141,40.1124884639428,-77.51985388590064,68Q1,68Q1,,911_calls,,,,,3.0
call_142,40.11248871191939,-77.51985422700069,75S,75S,,911_calls,,,,,3.0
call_143,40.1124887136685,-77.51985429163382,75O,75O,,911_calls,,,,,3.0
call_144,40.11248855502206,-77.51985463564338,50G2,50G2,,911_calls,,,,,3.0
call_145,40.112488685251975,-77.51985429333222,52D6,52D6,,911_calls,,,,,3.0
call_146,40.11248913215017,-77.51985426145677,75D,75D,,911_calls,,,,,3.0
call_147,40.112489163490174,-77.51985428962996,68Q1,68Q1,,911_calls,,,,,3.0
call_148,40.112488701010044,-77.51985409543786,68Q1,68Q1,,911_calls,,,,,3.0
call_149,40.112488624313926,-77.51985419411336,75O,75O,,911_calls,,,,,3.0
call_150,40.11248912162465,-77.5198543024721,75S,75S,,911_calls,,,,,3.0
call_151,40.11248919193354,-77.51985423100507,10P2,10P2,,911_calls,,,,,3.0
call_152,40.11248854231468,-77.5198543873994,11C4,11C4,,911_calls,,,,,3.0
call_153,40.1124888501842,-77.51985454553933,10P2,10P2,,911_calls,,,,,3.0
call_154,40.112488530373135,-77.51985465239477,75O,75O,,911_calls,,,,,3.0
call_155,40.11248915557774,-77.51985435495104,75S,75S,,911_calls,,,,,3.0
call_156,40.11248901964832,-77.51985434367761,10S1,10S1,,911_calls,,,,,3.0
call_157,40.11248923486527,-77.51985420500019,54S1,54S1,,911_calls,,,,,3.0
call_158,40.112488953306084,-77.51985372671547,54S1,54S1,,911_calls,,,,,3.0
call_159,40.11248893228795,-77.51985425375481,50G2,50G2,,911_calls,,,,,3.0
call_160,40.11248891930286,-77.5198545154494,13U9,13U9,,911_calls,,,,,3.0
call_161,40.11248891930286,-77.5198545154494,13U9,13U9,,911_calls,,,,,3.0
call_162,40.11248861245833,-77.51985427956511,10S4,10S4,,911_calls,,,,,3.0
call_163,40.11248888590571,-77.51985439068697,75S,75S,,911_calls,,,,,3.0
call_164,40.11248871271085,-77.51985420507488,54U9,54U9,,911_calls,,,,,3.0
call_165,40.112488790963155,-77.51985458660305,54S9,54S9,,911_calls,,,,,3.0
call_166,40.112488591570965,-77.51985459594981,10S2,10S2,,911_calls,,,,,3.0
call_167,40.11248889502867,-77.51985450869607,54E1,54E1,,911_calls,,,,,3.0
call_168,40.11248889502867,-77.51985450869607,54E1,54E1,,911_calls,,,,,3.0
call_169,40.11248890778958,-77.51985449878497,68Q2,68Q2,,911_calls,,,,,3.0
call_170,40.11248892025307,-77.51985375601814,68Q1,68Q1,,911_calls,,,,,3.0
call_171,40.11248915557774,-77.51985435495104,75S,75S,,911_calls,,,,,3.0
call_172,40.112488595484976,-77.51985412499964,75I,75I,,911_calls,,,,,3.0
call_173,40.11248869022309,-77.51985361514578,68Q2,68Q2,,911_calls,,,,,3.0
call_174,40.11248867469334,-77.51985421660524,75D,75D,,911_calls,,,,,3.0
call_175,40.11248867075519,-77.51985421319512,75D,75D,,911_calls,,,,,3.0
call_176,40.11248876778665,-77.5198545017693,75O,75O,,911_calls,,,,,3.0
call_177,40.11248860627116,-77.51985435819635,59R4,59R4,,911_calls,,,,,3.0
call_178,40.112488817654935,-77.51985453117553,52D2,52D2,,911_calls,,,,,3.0
call_179,40.1124886719429,-77.51985435871957,54S1,54S1,,911_calls,,,,,3.0
call_180,40.11248888776286,-77.51985447967897,75D,75D,,911_calls,,,,,3.0
call_181,40.112488834555805,-77.51985390989255,52D1,52D1,,911_calls,,,,,3.0
call_182,40.11248889666412,-77.51985367541765,68Q1,68Q1,,911_calls,,,,,3.0
call_183,40.11248889355541,-77.51985364994297,50G2,50G2,,911_calls,,,,,3.0
call_184,40.112489192038744,-77.51985424696875,59R4,59R4,,911_calls,,,,,3.0
call_185,40.112489039913825,-77.5198544296387,68Q1,68Q1,,911_calls,,,,,3.0
call_186,40.112488726994414,-77.51985436381682,68Q2,68Q2,,911_calls,,,,,3.0
call_187,40.11248907254355,-77.51985434775396,10S2,10S2,,911_calls,,,,,3.0
call_188,40.112488497985545,-77.51985381833654,39V6,39V6,,911_calls,,,,,3.0
call_189,40.11248888764578,-77.51985449820137,68Q1,68Q1,,911_calls,,,,,3.0
call_190,40.11248901029941,-77.51985447137982,68Q1,68Q1,,911_calls,,,,,3.0
call_191,40.112488624313926,-77.51985419411336,75S,75S,,911_calls,,,,,3.0
call_192,40.11248890017712,-77.51985451265739,54E2,54E2,,911_calls,,,,,3.0
call_193,40.11248890017712,-77.51985451265739,54E2,54E2,,911_calls,,,,,3.0
call_194,40.11248877108406,-77.5198542553748,68Q1,68Q1,,911_calls,,,,,3.0
call_195,40.112488290519096,-77.51985513573149,10Y3,10Y3,,911_calls,,,,,3.0
call_196,40.11248892174082,-77.51985451977366,54S2,54S2,,911_calls,,,,,3.0
call_197,40.112488726994414,-77.51985436381682,68Q2,68Q2,,911_calls,,,,,3.0
call_198,40.11248902072657,-77.51985446525335,39H1,39H1,,911_calls,,,,,3.0
call_199,40.11248878561323,-77.51985427451288,68Q1,68Q1,,911_calls,,,,,3.0
call_200,40.11248891930286,-77.5198545154494,75S,75S,,911_calls,,,,,3.0
call_201,40.11248897311796,-77.51985374219156,68Q1,68Q1,,911_calls,,,,,3.0
call_202,40.11248877050728,-77.51985425201666,68Q1,68Q1,,911_calls,,,,,3.0
call_203,40.11248879229913,-77.51985418815086,50G2,50G2,,911_calls,,,,,3.0
call_204,40.11248908617701,-77.51985436378098,10Y3,10Y3,,911_calls,,,,,3.0
call_205,40.112488784604054,-77.51985389115724,68Q1,68Q1,,911_calls,,,,,3.0
call_206,40.11248891930286,-77.5198545154494,75S,75S,,911_calls,,,,,3.0
call_207,40.11248912162465,-77.5198543024721,75M,75M,,911_calls,,,,,3.0
call_208,40.11248842534644,-77.51985453704152,10Y3,10Y3,,911_calls,,,,,3.0
call_209,40.11248891930286,-77.5198545154494,75S,75S,,911_calls,,,,,3.0
call_210,40.112488789241304,-77.51985366129182,11R4,11R4,,911_calls,,,,,3.0
call_211,40.112489093053235,-77.519854308049,75M,75M,,911_calls,,,,,3.0
call_212,40.11248925856768,-77.51985403554913,54U1,54U1,,911_calls,,,,,3.0
call_213,40.112488733360784,-77.51985424597815,75S,75S,,911_calls,,,,,3.0
call_214,40.1124887980352,-77.51985442250586,68Q2,68Q2,,911_calls,,,,,3.0
call_215,40.112488704296695,-77.51985444913596,39H9,39H9,,911_calls,,,,,3.0
call_216,40.112489074025554,-77.51985436072835,10V2,10V2,,911_calls,,,,,3.0
call_217,40.11248879904467,-77.51985387147465,75S,75S,,911_calls,,,,,3.0
call_218,40.11248881593619,-77.5198545135452,75D,75D,,911_calls,,,,,3.0
call_219,40.112488923403866,-77.51985414097344,68Q1,68Q1,,911_calls,,,,,3.0
call_220,40.11248847557953,-77.51985496853125,10Y3,10Y3,,911_calls,,,,,3.0
call_221,40.112488894804855,-77.51985451547635,68Q2,68Q2,,911_calls,,,,,3.0
call_222,40.11248874280701,-77.51985450396413,75M,75M,,911_calls,,,,,3.0
call_223,40.11248838119662,-77.5198550058253,68Q1,68Q1,,911_calls,,,,,3.0
call_224,40.11248913365129,-77.51985418585214,10S4,10S4,,911_calls,,,,,3.0
call_225,40.112488309513985,-77.51985506751495,68Q1,68Q1,,911_calls,,,,,3.0
call_226,40.11248883743313,-77.51985450250667,39H2,39H2,,911_calls,,,,,3.0
call_227,40.11248900475355,-77.51985431605608,54H1,54H1,,911_calls,,,,,3.0
call_228,40.112488916329056,-77.51985354216524,54E1,54E1,,911_calls,,,,,3.0
call_229,40.112488916329056,-77.51985354216524,54E1,54E1,,911_calls,,,,,3.0
call_230,40.11248840723521,-77.51985499842066,10Y3,10Y3,,911_calls,,,,,3.0
call_231,40.112488677450116,-77.51985416703148,10Y9,10Y9,,911_calls,,,,,3.0
call_232,40.11248878749115,-77.51985427027269,75D,75D,,911_calls,,,,,3.0
call_233,40.11248832844386,-77.51985506930897,68Q1,68Q1,,911_calls,,,,,3.0
call_234,40.112489104368294,-77.51985421604853,52D6,52D6,,911_calls,,,,,3.0
call_235,40.11248892287528,-77.51985448118013,11C4,11C4,,911_calls,,,,,3.0
call_236,40.11248879271697,-77.51985383507875,54S9,54S9,,911_calls,,,,,3.0
call_237,40.11248909300352,-77.51985430745191,75S,75S,,911_calls,,,,,3.0
call_238,40.112488659582965,-77.5198544761946,10Y3,10Y3,,911_calls,,,,,3.0
call_239,40.11248870562141,-77.5198541761871,75S,75S,,911_calls,,,,,3.0
call_240,40.11248929620561,-77.51985421278518,11C4,11C4,,911_calls,,,,,3.0
call_241,40.112488309513985,-77.51985506751495,68Q1,68Q1,,911_calls,,,,,3.0
call_242,40.11248848046343,-77.51985385429983,75D,75D,,911_calls,,,,,3.0
call_243,40.11248869992039,-77.51985457211768,75I,75I,,911_calls,,,,,3.0
call_244,40.112488922875485,-77.519854438912,75D,75D,,911_calls,,,,,3.0
call_245,40.11248891930286,-77.5198545154494,54S9,54S9,,911_calls,,,,,3.0
call_246,40.112488731327595,-77.51985409241026,75S,75S,,911_calls,,,,,3.0
call_247,40.11248870747896,-77.51985405597227,54U1,54U1,,911_calls,,,,,3.0
call_248,40.11248894482313,-77.5198544372185,56S9,56S9,,911_calls,,,,,3.0
call_249,40.11248914062714,-77.51985434527762,75D,75D,,911_calls,,,,,3.0
call_250,40.112488448179235,-77.51985441346059,75Z,75Z,,911_calls,,,,,3.0
call_251,40.11248892830494,-77.51985452697383,22Q1,22Q1,,911_calls,,,,,3.0
call_252,40.11248878819259,-77.51985389396427,56S9,56S9,,911_calls,,,,,3.0
call_253,40.112488863265376,-77.51985379847143,75H,75H,,911_calls,,,,,3.0
call_254,40.11248870971648,-77.51985425690341,68Q1,68Q1,,911_calls,,,,,3.0
call_255,40.11248915199837,-77.519854278741,68Q1,68Q1,,911_calls,,,,,3.0
call_256,40.11248884825225,-77.5198545252998,56S9,56S9,,911_calls,,,,,3.0
call_257,40.11248920393877,-77.51985409846867,75S,75S,,911_calls,,,,,3.0
call_258,40.112488809033344,-77.51985449431609,75D,75D,,911_calls,,,,,3.0
call_259,40.11248871201817,-77.51985418482842,68Q1,68Q1,,911_calls,,,,,3.0
call_260,40.11248871497126,-77.51985449900452,68Q1,68Q1,,911_calls,,,,,3.0
call_261,40.11248871191939,-77.51985422700069,75O,75O,,911_calls,,,,,3.0
call_262,40.1124887916162,-77.51985450827621,75D,75D,,911_calls,,,,,3.0
call_263,40.112488695854815,-77.51985392396966,10Y3,10Y3,,911_calls,,,,,3.0
call_264,40.112488575996856,-77.51985426561811,75D,75D,,911_calls,,,,,3.0
call_265,40.11248916897718,-77.5198542137344,68Q1,68Q1,,911_calls,,,,,3.0
call_266,40.11248843112705,-77.51985511030095,68Q1,68Q1,,911_calls,,,,,3.0
call_267,40.112489093053235,-77.519854308049,75O,75O,,911_calls,,,,,3.0
call_268,40.112488946023156,-77.51985453090808,54E1,54E1,,911_calls,,,,,3.0
call_269,40.112488946023156,-77.51985453090808,54E1,54E1,,911_calls,,,,,3.0
call_270,40.11248868485889,-77.51985417686996,75D,75D,,911_calls,,,,,3.0
call_271,40.112488816911124,-77.51985459138731,10H1,10H1,,911_calls,,,,,3.0
call_272,40.112488790868355,-77.51985427799325,54S9,54S9,,911_calls,,,,,3.0
call_273,40.11248882796796,-77.51985449548236,54E2,54E2,,911_calls,,,,,3.0
call_274,40.11248882796796,-77.51985449548236,54E2,54E2,,911_calls,,,,,3.0
call_275,40.112488822550226,-77.5198545095791,10P2,10P2,,911_calls,,,,,3.0
call_276,40.11248865936537,-77.51985440561873,75M,75M,,911_calls,,,,,3.0
call_277,40.112488708218315,-77.51985437745377,54S1,54S1,,911_calls,,,,,3.0
call_278,40.11248892025307,-77.51985375601814,68Q1,68Q1,,911_calls,,,,,3.0
call_279,40.11248881923777,-77.51985457052221,75M,75M,,911_calls,,,,,3.0
call_280,40.112488711582046,-77.51985447780184,10H2,10H2,,911_calls,,,,,3.0
call_281,40.11248880242362,-77.51985437862174,68Q1,68Q1,,911_calls,,,,,3.0
call_282,40.11248861121949,-77.51985446816201,75S,75S,,911_calls,,,,,3.0
call_283,40.112488767158176,-77.51985460588179,75M,75M,,911_calls,,,,,3.0
call_284,40.11248879992761,-77.51985428804237,52D2,52D2,,911_calls,,,,,3.0
call_285,40.11248870146169,-77.51985409219746,68Q1,68Q1,,911_calls,,,,,3.0
call_286,40.11248893771682,-77.51985404765304,68Q1,68Q1,,911_calls,,,,,3.0
call_287,40.112488523105974,-77.5198542680559,54U1,54U1,,911_calls,,,,,3.0
call_288,40.112488702751314,-77.51985427250435,75I,75I,,911_calls,,,,,3.0
call_289,40.11248867203393,-77.51985365535,68Q1,68Q1,,911_calls,,,,,3.0
call_290,40.11248897970368,-77.51985449613328,75D,75D,,911_calls,,,,,3.0
call_291,40.11248911570938,-77.5198543929594,56S9,56S9,,911_calls,,,,,3.0
call_292,40.11248872032287,-77.51985449465222,59R4,59R4,,911_calls,,,,,3.0
call_293,40.11248840423257,-77.5198551121051,59Q2,59Q2,,911_calls,,,,,3.0
call_294,40.11248856539007,-77.51985439789448,22Q1,22Q1,,911_calls,,,,,3.0
call_295,40.11248889181873,-77.51985353983034,11C4,11C4,,911_calls,,,,,3.0
call_296,40.112488532596224,-77.51985368227362,10S4,10S4,,911_calls,,,,,3.0
call_297,40.11248879890046,-77.51985448497415,10S2,10S2,,911_calls,,,,,3.0
call_298,40.11248873318322,-77.51985431215932,75D,75D,,911_calls,,,,,3.0
call_299,40.11248883115677,-77.51985384925261,68Q1,68Q1,,911_calls,,,,,3.0
call_300,40.11248895697928,-77.51985426598502,10V2,10V2,,911_calls,,,,,3.0
call_301,40.11248870066608,-77.51985429721363,54S1,54S1,,911_calls,,,,,3.0
call_302,40.11248862404829,-77.51985416945053,10Y3,10Y3,,911_calls,,,,,3.0
call_303,40.11248837908072,-77.51985487464879,59W,59W,,911_calls,,,,,3.0
call_304,40.11248889855732,-77.5198542090882,75S,75S,,911_calls,,,,,3.0
call_305,40.11248869016042,-77.51985371660895,75D,75D,,911_calls,,,,,3.0
call_306,40.1124890075391,-77.5198544578901,75D,75D,,911_calls,,,,,3.0
call_307,40.11248863904802,-77.51985428811399,10S4,10S4,,911_calls,,,,,3.0
call_308,40.1124887136685,-77.51985429163382,75O,75O,,911_calls,,,,,3.0
call_309,40.11248921957925,-77.51985423106888,75D,75D,,911_calls,,,,,3.0
call_310,40.11248871263147,-77.51985443723625,68Q1,68Q1,,911_calls,,,,,3.0
call_311,40.112488549633795,-77.51985481211935,10P2,10P2,,911_calls,,,,,3.0
call_312,40.11248879271697,-77.51985383507875,75O,75O,,911_calls,,,,,3.0
call_313,40.11248903591474,-77.5198543880691,54C1,54C1,,911_calls,,,,,3.0
call_314,40.11248873335707,-77.51985403020869,51,51,,911_calls,,,,,3.0
call_315,40.112488962696396,-77.51985381711067,68Q1,68Q1,,911_calls,,,,,3.0
call_316,40.112488518865916,-77.51985448837425,68Q2,68Q2,,911_calls,,,,,3.0
call_317,40.11248902824809,-77.51985381441156,10Y3,10Y3,,911_calls,,,,,3.0
call_318,40.11248914525134,-77.51985436351185,10P2,10P2,,911_calls,,,,,3.0
call_319,40.11248871587701,-77.51985420210043,75S,75S,,911_calls,,,,,3.0
call_320,40.112488767158176,-77.51985460588179,75S,75S,,911_calls,,,,,3.0
call_321,40.11248856100357,-77.51985504600349,68Q1,68Q1,,911_calls,,,,,3.0
call_322,40.11248895060741,-77.51985449294082,22Q9,22Q9,,911_calls,,,,,3.0
call_323,40.112489032392,-77.51985433793355,68Q1,68Q1,,911_calls,,,,,3.0
call_324,40.11248928239764,-77.5198542198787,75T,75T,,911_calls,,,,,3.0
call_325,40.11248894573141,-77.51985394652198,75S,75S,,911_calls,,,,,3.0
call_326,40.11248885960782,-77.51985451990244,75S,75S,,911_calls,,,,,3.0
call_327,40.112488519111004,-77.51985452446783,68Q2,68Q2,,911_calls,,,,,3.0
call_328,40.112489243514446,-77.51985422068685,10H1,10H1,,911_calls,,,,,3.0
call_329,40.11248917735811,-77.51985406311273,52D2,52D2,,911_calls,,,,,3.0
call_330,40.112489160679004,-77.51985434688491,68Q1,68Q1,,911_calls,,,,,3.0
call_331,40.11248915652547,-77.51985427564786,75S,75S,,911_calls,,,,,3.0
call_332,40.11248894255999,-77.51985387168949,75D,75D,,911_calls,,,,,3.0
call_333,40.112488624313926,-77.51985419411336,75O,75O,,911_calls,,,,,3.0
call_334,40.11248854202823,-77.51985450847425,68Q2,68Q2,,911_calls,,,,,3.0
call_335,40.11248873306606,-77.51985449389676,75O,75O,,911_calls,,,,,3.0
call_336,40.11248871191939,-77.51985422700069,75M,75M,,911_calls,,,,,3.0
call_337,40.11248883838543,-77.51985456820924,39H2,39H2,,911_calls,,,,,3.0
call_338,40.11248895934033,-77.5198539472794,75D,75D,,911_calls,,,,,3.0
call_339,40.11248891580791,-77.51985449916354,50G2,50G2,,911_calls,,,,,3.0
call_340,40.11248886114166,-77.5198545234682,75M,75M,,911_calls,,,,,3.0
call_341,40.11248872441677,-77.51985446621383,75S,75S,,911_calls,,,,,3.0
call_342,40.112489096852116,-77.51985417354581,52D1,52D1,,911_calls,,,,,3.0
call_343,40.11248880196092,-77.5198545801214,75S,75S,,911_calls,,,,,3.0
call_344,40.11248868477576,-77.51985430329,75S,75S,,911_calls,,,,,3.0
call_345,40.11248901263936,-77.51985385153324,56S,56S,,911_calls,,,,,3.0
call_346,40.11248916635736,-77.51985433545997,68Q1,68Q1,,911_calls,,,,,3.0
call_347,40.11248890799324,-77.51985434239367,75M,75M,,911_calls,,,,,3.0
call_348,40.112488903354425,-77.51985445588994,75D,75D,,911_calls,,,,,3.0
call_349,40.112488733630585,-77.51985423906457,75Z,75Z,,911_calls,,,,,3.0
call_350,40.11248879890046,-77.51985448497415,68Q1,68Q1,,911_calls,,,,,3.0
call_351,40.11248888590571,-77.51985439068697,75M,75M,,911_calls,,,,,3.0
call_352,40.1124892172466,-77.51985422542829,10S4,10S4,,911_calls,,,,,3.0
call_353,40.11248869992039,-77.51985457211768,75I,75I,,911_calls,,,,,3.0
call_354,40.112488587898284,-77.51985435763932,10V2,10V2,,911_calls,,,,,3.0
call_355,40.112488461178145,-77.5198544665225,68Q1,68Q1,,911_calls,,,,,3.0
call_356,40.112488731491396,-77.51985437803174,10S2,10S2,,911_calls,,,,,3.0
call_357,40.11248907444371,-77.51985430264203,75S,75S,,911_calls,,,,,3.0
call_358,40.112489126247844,-77.51985425842989,54S1,54S1,,911_calls,,,,,3.0
call_359,40.112489124961904,-77.51985420147103,75D,75D,,911_calls,,,,,3.0
call_360,40.11248878010486,-77.51985385594868,10V2,10V2,,911_calls,,,,,3.0
call_361,40.11248894008481,-77.51985451024295,54S1,54S1,,911_calls,,,,,3.0
call_362,40.11248853754644,-77.51985507792695,68Q1,68Q1,,911_calls,,,,,3.0
call_363,40.112488976973964,-77.51985432037411,54U1,54U1,,911_calls,,,,,3.0
call_364,40.112488673811306,-77.5198541619353,10P2,10P2,,911_calls,,,,,3.0
call_365,40.112488825061675,-77.51985371075098,68Q1,68Q1,,911_calls,,,,,3.0
call_366,40.1124890950392,-77.51985435601433,68Q1,68Q1,,911_calls,,,,,3.0
call_367,40.112488767959576,-77.51985425099713,68Q1,68Q1,,911_calls,,,,,3.0
call_368,40.11248891197994,-77.5198541154424,75S,75S,,911_calls,,,,,3.0
call_369,40.1124893246298,-77.51985407104847,54S1,54S1,,911_calls,,,,,3.0
call_370,40.11248913873779,-77.51985423138282,75D,75D,,911_calls,,,,,3.0
call_371,40.11248907045194,-77.51985428089465,68Q1,68Q1,,911_calls,,,,,3.0
call_372,40.11248917088176,-77.51985402704047,68Q1,68Q1,,911_calls,,,,,3.0
call_373,40.11248871997489,-77.51985431879858,68Q1,68Q1,,911_calls,,,,,3.0
call_374,40.11248892242222,-77.51985414753563,68Q1,68Q1,,911_calls,,,,,3.0
call_375,40.11248907443875,-77.51985433875218,54U1,54U1,,911_calls,,,,,3.0
call_376,40.11248915950308,-77.51985414383743,68Q1,68Q1,,911_calls,,,,,3.0
call_377,40.112488644038834,-77.51985440357699,75M,75M,,911_calls,,,,,3.0
call_378,40.11248882185355,-77.51985441881882,68Q1,68Q1,,911_calls,,,,,3.0
call_379,40.11248855418431,-77.51985500979121,68Q1,68Q1,,911_calls,,,,,3.0
call_380,40.112488700203876,-77.51985444417718,75D,75D,,911_calls,,,,,3.0
call_381,40.112489052945214,-77.51985435773553,68Q1,68Q1,,911_calls,,,,,3.0
call_382,40.11248902720959,-77.51985434247518,68Q1,68Q1,,911_calls,,,,,3.0
call_383,40.11248880196092,-77.5198545801214,75M,75M,,911_calls,,,,,3.0
call_384,40.112488784736776,-77.51985442490297,10S2,10S2,,911_calls,,,,,3.0
call_385,40.11248868477576,-77.51985430329,75S,75S,,911_calls,,,,,3.0
call_386,40.112488713984156,-77.5198542011149,54S9,54S9,,911_calls,,,,,3.0
call_387,40.11248881898884,-77.51985449177532,75D,75D,,911_calls,,,,,3.0
call_388,40.11248892120871,-77.51985451379241,54I1,54I1,,911_calls,,,,,3.0
call_389,40.11248860153012,-77.51985485254991,75D,75D,,911_calls,,,,,3.0
call_390,40.11248874843693,-77.51985452435912,75S,75S,,911_calls,,,,,3.0
call_391,40.112489037324,-77.51985438562177,10P2,10P2,,911_calls,,,,,3.0
call_392,40.11248856205499,-77.51985456513644,68Q2,68Q2,,911_calls,,,,,3.0
call_393,40.112488658267374,-77.51985432280094,68Q1,68Q1,,911_calls,,,,,3.0
call_394,40.11248917005169,-77.51985416160127,10H1,10H1,,911_calls,,,,,3.0
call_395,40.11248891816163,-77.51985435386473,68Q1,68Q1,,911_calls,,,,,3.0
call_396,40.112488795587474,-77.51985456628726,75S,75S,,911_calls,,,,,3.0
call_397,40.11248874518249,-77.51985452989179,68Q1,68Q1,,911_calls,,,,,3.0
call_398,40.11248867565195,-77.51985421008978,75D,75D,,911_calls,,,,,3.0
call_399,40.112488870892335,-77.51985410177203,34Q2,34Q2,,911_calls,,,,,3.0
call_400,40.11248875255531,-77.51985420867376,68Q1,68Q1,,911_calls,,,,,3.0
call_401,40.11248909316211,-77.51985422560367,52K1,52K1,,911_calls,,,,,3.0
call_402,40.11248891949022,-77.51985375914471,10S2,10S2,,911_calls,,,,,3.0
call_403,40.11248843829605,-77.51985485163377,11C4,11C4,,911_calls,,,,,3.0
call_404,40.112488697787846,-77.51985411836239,10V2,10V2,,911_calls,,,,,3.0
call_405,40.11248888136799,-77.51985367769792,10Y3,10Y3,,911_calls,,,,,3.0
call_406,40.11248916827746,-77.51985427497709,75D,75D,,911_calls,,,,,3.0
call_407,40.11248878307581,-77.51985428557123,10V2,10V2,,911_calls,,,,,3.0
call_408,40.11248921169251,-77.51985419137873,75D,75D,,911_calls,,,,,3.0
call_409,40.11248875813722,-77.5198543703837,75I,75I,,911_calls,,,,,3.0
call_410,40.11248914478947,-77.51985428225372,11C4,11C4,,911_calls,,,,,3.0
call_411,40.11248928228527,-77.51985408450034,11C4,11C4,,911_calls,,,,,3.0
call_412,40.112488583220966,-77.51985428271615,75D,75D,,911_calls,,,,,3.0
call_413,40.11248855061181,-77.5198545548048,75D,75D,,911_calls,,,,,3.0
call_414,40.1124887668498,-77.51985423212933,75D,75D,,911_calls,,,,,3.0
call_415,40.11248919354647,-77.51985415152808,52D6,52D6,,911_calls,,,,,3.0
call_416,40.112488730788115,-77.51985363960782,75Z,75Z,,911_calls,,,,,3.0
call_417,40.112488961043745,-77.51985452426497,75D,75D,,911_calls,,,,,3.0
call_418,40.112488935755444,-77.51985428857964,54U2,54U2,,911_calls,,,,,3.0
call_419,40.112488787212094,-77.51985458111476,75S,75S,,911_calls,,,,,3.0
call_420,40.11248917203152,-77.51985417196732,10P2,10P2,,911_calls,,,,,3.0
call_421,40.112488892919046,-77.51985435631539,34Q1,34Q1,,911_calls,,,,,3.0
call_422,40.112488806017886,-77.51985380743933,68Q1,68Q1,,911_calls,,,,,3.0
call_423,40.11248876481797,-77.5198543716044,75I,75I,,911_calls,,,,,3.0
call_424,40.11248892264378,-77.5198542612463,54R2,54R2,,911_calls,,,,,3.0
call_425,40.11248892264378,-77.5198542612463,54R2,54R2,,911_calls,,,,,3.0
call_426,40.11248870004359,-77.51985435181749,10H1,10H1,,911_calls,,,,,3.0
call_427,40.11248894177519,-77.51985384493449,75D,75D,,911_calls,,,,,3.0
call_428,40.112488637977556,-77.5198543677933,68Q1,68Q1,,911_calls,,,,,3.0
call_429,40.11248854217818,-77.51985427364004,75Z,75Z,,911_calls,,,,,3.0
call_430,40.1124888432341,-77.51985447397078,68Q1,68Q1,,911_calls,,,,,3.0
call_431,40.11248905769415,-77.51985443328357,68Q1,68Q1,,911_calls,,,,,3.0
call_432,40.112488697462226,-77.5198544413781,75O,75O,,911_calls,,,,,3.0
call_433,40.1124892296882,-77.51985419591809,75O,75O,,911_calls,,,,,3.0
call_434,40.1124892755609,-77.5198542298069,59R4,59R4,,911_calls,,,,,3.0
call_435,40.11248911539262,-77.5198541028129,54S1,54S1,,911_calls,,,,,3.0
call_436,40.11248902852953,-77.51985433998433,68Q1,68Q1,,911_calls,,,,,3.0
call_437,40.1124887017907,-77.51985448603813,68Q1,68Q1,,911_calls,,,,,3.0
call_438,40.11248858249413,-77.5198544393678,10Y3,10Y3,,911_calls,,,,,3.0
call_439,40.11248914408268,-77.51985428914779,75M,75M,,911_calls,,,,,3.0
call_440,40.11248928239764,-77.5198542198787,75T,75T,,911_calls,,,,,3.0
call_441,40.11248879271697,-77.51985383507875,50P9,50P9,,911_calls,,,,,3.0
call_442,40.11248849491138,-77.51985508836512,75Z,75Z,,911_calls,,,,,3.0
call_443,40.11248892765786,-77.51985429453407,11C4,11C4,,911_calls,,,,,3.0
call_444,40.11248895622325,-77.51985410185716,68Q1,68Q1,,911_calls,,,,,3.0
call_445,40.11248844117632,-77.51985448386274,50G2,50G2,,911_calls,,,,,3.0
call_446,40.11248912162465,-77.5198543024721,75O,75O,,911_calls,,,,,3.0
call_447,40.112488840480275,-77.51985403373381,10Y3,10Y3,,911_calls,,,,,3.0
call_448,40.112488794511485,-77.51985383379804,75D,75D,,911_calls,,,,,3.0
call_449,40.11248922143638,-77.51985421751701,75S,75S,,911_calls,,,,,3.0
call_450,40.11248890625023,-77.51985444259758,75D,75D,,911_calls,,,,,3.0
call_451,40.1124891258398,-77.51985437379057,68Q1,68Q1,,911_calls,,,,,3.0
call_452,40.11248866056902,-77.51985420745783,34Q6,34Q6,,911_calls,,,,,3.0
call_453,40.112488534626216,-77.51985388948081,75D,75D,,911_calls,,,,,3.0
call_454,40.112488869568814,-77.51985410266127,54U2,54U2,,911_calls,,,,,3.0
call_455,40.11248890216735,-77.5198545178101,75S,75S,,911_calls,,,,,3.0
call_456,40.11248908995852,-77.51985427164897,75S,75S,,911_calls,,,,,3.0
call_457,40.11248882390338,-77.51985450726177,10P2,10P2,,911_calls,,,,,3.0
call_458,40.11248885040954,-77.51985455607235,75S,75S,,911_calls,,,,,3.0
call_459,40.11248870254787,-77.51985439645803,10Y3,10Y3,,911_calls,,,,,3.0
call_460,40.11248880896299,-77.51985424694732,60I,60I,,911_calls,,,,,3.0
call_461,40.11248880896299,-77.51985424694732,60I,60I,,911_calls,,,,,3.0
call_462,40.11248894501067,-77.5198537062011,68Q1,68Q1,,911_calls,,,,,3.0
call_463,40.112488647459394,-77.51985423055866,68Q1,68Q1,,911_calls,,,,,3.0
call_464,40.1124888418676,-77.51985459288028,54U2,54U2,,911_calls,,,,,3.0
call_465,40.1124888418676,-77.51985459288028,54U2,54U2,,911_calls,,,,,3.0
call_466,40.11248892664524,-77.51985450962022,24Q1,24Q1,,911_calls,,,,,3.0
call_467,40.11248889855732,-77.5198542090882,75M,75M,,911_calls,,,,,3.0
call_468,40.11248875831281,-77.51985403652778,10P2,10P2,,911_calls,,,,,3.0
call_469,40.112488820389366,-77.51985378231225,75S,75S,,911_calls,,,,,3.0
call_470,40.11248874280701,-77.51985450396413,75O,75O,,911_calls,,,,,3.0
call_471,40.11248916920727,-77.51985413277629,34Q2,34Q2,,911_calls,,,,,3.0
call_472,40.11248880673265,-77.51985437405531,75S,75S,,911_calls,,,,,3.0
call_473,40.112489022482805,-77.51985389470664,75D,75D,,911_calls,,,,,3.0
call_474,40.11248869104837,-77.51985441989359,75M,75M,,911_calls,,,,,3.0
call_475,40.11248906264983,-77.51985430145987,54S1,54S1,,911_calls,,,,,3.0
call_476,40.112488991129084,-77.51985437397221,68Q1,68Q1,,911_calls,,,,,3.0
call_477,40.112488930680584,-77.51985453135978,13U2,13U2,,911_calls,,,,,3.0
call_478,40.112488930680584,-77.51985453135978,13U2,13U2,,911_calls,,,,,3.0
call_479,40.11248865029176,-77.51985439413832,68Q1,68Q1,,911_calls,,,,,3.0
call_480,40.11248869340412,-77.51985456875727,75I,75I,,911_calls,,,,,3.0
call_481,40.11248910734689,-77.51985427705567,52D6,52D6,,911_calls,,,,,3.0
call_482,40.11248885258918,-77.5198540122748,52D2,52D2,,911_calls,,,,,3.0
call_483,40.112488738791996,-77.51985448276432,75O,75O,,911_calls,,,,,3.0
call_484,40.112488764863,-77.51985393112858,75Z,75Z,,911_calls,,,,,3.0
call_485,40.112488926502174,-77.5198543520839,10P2,10P2,,911_calls,,,,,3.0
call_486,40.11248904472878,-77.51985443835164,75D,75D,,911_calls,,,,,3.0
call_487,40.112488704296695,-77.51985444913596,75S,75S,,911_calls,,,,,3.0
call_488,40.112488758792,-77.51985436968191,75I,75I,,911_calls,,,,,3.0
call_489,40.11248858683946,-77.51985484782347,75D,75D,,911_calls,,,,,3.0
call_490,40.11248854272365,-77.5198536450708,75D,75D,,911_calls,,,,,3.0
call_491,40.112488931861506,-77.5198545238661,34Q2,34Q2,,911_calls,,,,,3.0
call_492,40.11248873624659,-77.51985426916421,68Q1,68Q1,,911_calls,,,,,3.0
call_493,40.11248878516205,-77.51985457474814,68Q1,68Q1,,911_calls,,,,,3.0
call_494,40.112488825962764,-77.5198538443807,10H1,10H1,,911_calls,,,,,3.0
call_495,40.11248886056295,-77.51985406129306,10V2,10V2,,911_calls,,,,,3.0
call_496,40.11248876487509,-77.51985437565877,75I,75I,,911_calls,,,,,3.0
call_497,40.1124888673541,-77.51985440017644,22V2,22V2,,911_calls,,,,,3.0
call_498,40.11248850512756,-77.51985389367006,75D,75D,,911_calls,,,,,3.0
call_499,40.11248871809884,-77.51985447797294,68Q2,68Q2,,911_calls,,,,,3.0
call_500,40.112488543521856,-77.51985448224849,68Q1,68Q1,,911_calls,,,,,3.0
call_501,40.11248889286549,-77.51985424495196,10P9,10P9,,911_calls,,,,,3.0
call_502,40.112489093053235,-77.519854308049,75S,75S,,911_calls,,,,,3.0
call_503,40.11248867986404,-77.51985430364543,68Q1,68Q1,,911_calls,,,,,3.0
call_504,40.11248917545785,-77.5198541711048,22Q2,22Q2,,911_calls,,,,,3.0
call_505,40.11248845378886,-77.51985489383945,68Q1,68Q1,,911_calls,,,,,3.0
call_506,40.112489028108556,-77.51985446278029,10H1,10H1,,911_calls,,,,,3.0
call_507,40.11248851108014,-77.51985447822729,10Y3,10Y3,,911_calls,,,,,3.0
call_508,40.11248900456278,-77.5198538549136,75D,75D,,911_calls,,,,,3.0
call_509,40.112488782649365,-77.5198541663746,39C2,39C2,,911_calls,,,,,3.0
call_510,40.11248928810964,-77.51985407480122,52D6,52D6,,911_calls,,,,,3.0
call_511,40.11248876341402,-77.51985428823433,54S1,54S1,,911_calls,,,,,3.0
call_512,40.11248911247978,-77.51985422930665,75D,75D,,911_calls,,,,,3.0
call_513,40.112488895011026,-77.51985390520291,75D,75D,,911_calls,,,,,3.0
call_514,40.11248899834112,-77.51985436766329,68Q1,68Q1,,911_calls,,,,,3.0
call_515,40.11248915557774,-77.51985435495104,75S,75S,,911_calls,,,,,3.0
call_516,40.11248864782662,-77.51985436970512,68Q1,68Q1,,911_calls,,,,,3.0
call_517,40.11248885156324,-77.51985449024298,75D,75D,,911_calls,,,,,3.0
call_518,40.112488667386735,-77.51985436298624,54U1,54U1,,911_calls,,,,,3.0
call_519,40.11248868933377,-77.51985438327927,68Q1,68Q1,,911_calls,,,,,3.0
call_520,40.112488875853266,-77.51985452661172,10H2,10H2,,911_calls,,,,,3.0
call_521,40.11248890799324,-77.51985434239367,75M,75M,,911_calls,,,,,3.0
call_522,40.11248920122742,-77.51985395314668,50P9,50P9,,911_calls,,,,,3.0
call_523,40.11248898594584,-77.51985450572074,68Q1,68Q1,,911_calls,,,,,3.0
call_524,40.112488771734434,-77.51985423241534,75O,75O,,911_calls,,,,,3.0
call_525,40.11248876073626,-77.51985440079932,68Q1,68Q1,,911_calls,,,,,3.0
call_526,40.11248910265656,-77.51985435569347,11C4,11C4,,911_calls,,,,,3.0
call_527,40.11248896099703,-77.51985450496436,75D,75D,,911_calls,,,,,3.0
call_528,40.11248863643829,-77.51985416088156,75D,75D,,911_calls,,,,,3.0
call_529,40.112488701215725,-77.51985415701914,75D,75D,,911_calls,,,,,3.0
call_530,40.112488713755546,-77.51985430340194,75Z,75Z,,911_calls,,,,,3.0
call_531,40.112488991129084,-77.51985437397221,68Q1,68Q1,,911_calls,,,,,3.0
call_532,40.11248899486568,-77.51985383326011,52D6,52D6,,911_calls,,,,,3.0
call_533,40.11248874030039,-77.51985449182219,68Q1,68Q1,,911_calls,,,,,3.0
call_534,40.11248928760834,-77.51985397462286,11C4,11C4,,911_calls,,,,,3.0
call_535,40.11248917538061,-77.51985422788039,54E1,54E1,,911_calls,,,,,3.0
call_536,40.11248917538061,-77.51985422788039,54E1,54E1,,911_calls,,,,,3.0
call_537,40.112489111478446,-77.51985438633001,68Q1,68Q1,,911_calls,,,,,3.0
call_538,40.11248850789755,-77.51985436560265,10Y3,10Y3,,911_calls,,,,,3.0
call_539,40.11248895280839,-77.5198544897745,75D,75D,,911_calls,,,,,3.0
call_540,40.11248871623192,-77.51985439081692,10V2,10V2,,911_calls,,,,,3.0
call_541,40.112489032784815,-77.51985443272076,68Q1,68Q1,,911_calls,,,,,3.0
call_542,40.112488425421645,-77.51985446461165,75S,75S,,911_calls,,,,,3.0
call_543,40.11248915557774,-77.51985435495104,75M,75M,,911_calls,,,,,3.0
call_544,40.112488624313926,-77.51985419411336,75S,75S,,911_calls,,,,,3.0
call_545,40.11248868842426,-77.51985388802767,54I8,54I8,,911_calls,,,,,3.0
call_546,40.112488457183986,-77.51985512691259,68Q1,68Q1,,911_calls,,,,,3.0
call_547,40.11248901840542,-77.51985434685703,68Q1,68Q1,,911_calls,,,,,3.0
call_548,40.11248910507399,-77.51985436765804,68Q1,68Q1,,911_calls,,,,,3.0
call_549,40.112488733360784,-77.51985424597815,75M,75M,,911_calls,,,,,3.0
call_550,40.112489167518696,-77.51985426344326,10Y3,10Y3,,911_calls,,,,,3.0
call_551,40.112488432739596,-77.51985438605314,68Q1,68Q1,,911_calls,,,,,3.0
call_552,40.112488485127265,-77.5198544995386,75Z,75Z,,911_calls,,,,,3.0
call_553,40.112488692971624,-77.51985455566843,68Q1,68Q1,,911_calls,,,,,3.0
call_554,40.11248841691482,-77.51985452855041,10S1,10S1,,911_calls,,,,,3.0
call_555,40.11248880781854,-77.5198539429622,52D6,52D6,,911_calls,,,,,3.0
call_556,40.112488788937746,-77.51985458236689,75S,75S,,911_calls,,,,,3.0
call_557,40.11248910738638,-77.51985425062328,52D2,52D2,,911_calls,,,,,3.0
call_558,40.112488801359454,-77.51985386229703,75D,75D,,911_calls,,,,,3.0
call_559,40.11248915616182,-77.51985429036947,53S,53S,,911_calls,,,,,3.0
call_560,40.11248895522365,-77.51985429327716,54U1,54U1,,911_calls,,,,,3.0
call_561,40.1124891070865,-77.51985440175886,68Q1,68Q1,,911_calls,,,,,3.0
call_562,40.11248895010582,-77.51985449331514,75S,75S,,911_calls,,,,,3.0
call_563,40.112488684101464,-77.51985364796774,68Q2,68Q2,,911_calls,,,,,3.0
call_564,40.112488911770484,-77.51985394636803,75D,75D,,911_calls,,,,,3.0
call_565,40.11248913860688,-77.51985394116022,10V2,10V2,,911_calls,,,,,3.0
call_566,40.112488720740174,-77.51985450852871,75I,75I,,911_calls,,,,,3.0
call_567,40.11248821823332,-77.51985535595861,11R4,11R4,,911_calls,,,,,3.0
call_568,40.11248875532062,-77.5198543024784,68U1,68U1,,911_calls,,,,,3.0
call_569,40.11248867534763,-77.51985446544583,22Q1,22Q1,,911_calls,,,,,3.0
call_570,40.11248890988959,-77.51985447265426,75S,75S,,911_calls,,,,,3.0
call_571,40.112488692084476,-77.51985408132234,68Q1,68Q1,,911_calls,,,,,3.0
call_572,40.112488788937746,-77.51985458236689,75M,75M,,911_calls,,,,,3.0
call_573,40.11248910656891,-77.51985417660596,54S9,54S9,,911_calls,,,,,3.0
call_574,40.1124890300097,-77.51985432950342,10H1,10H1,,911_calls,,,,,3.0
call_575,40.11248875087162,-77.51985392699898,10Y3,10Y3,,911_calls,,,,,3.0
call_576,40.112488531415075,-77.51985387902954,75S,75S,,911_calls,,,,,3.0
call_577,40.11248881858907,-77.51985446552764,75I,75I,,911_calls,,,,,3.0
call_578,40.11248880130976,-77.5198538382176,75D,75D,,911_calls,,,,,3.0
call_579,40.112489179158466,-77.51985425751576,75S,75S,,911_calls,,,,,3.0
call_580,40.112488777204064,-77.5198543375564,59W,59W,,911_calls,,,,,3.0
call_581,40.112488817300836,-77.51985440276033,75M,75M,,911_calls,,,,,3.0
call_582,40.11248854128655,-77.51985367721241,10V2,10V2,,911_calls,,,,,3.0
call_583,40.11248871643886,-77.51985446083323,75Z,75Z,,911_calls,,,,,3.0
call_584,40.112488453067414,-77.51985427551664,75Z,75Z,,911_calls,,,,,3.0
call_585,40.112488789625004,-77.51985456891694,68Q1,68Q1,,911_calls,,,,,3.0
call_586,40.112488649315566,-77.51985427625895,10V2,10V2,,911_calls,,,,,3.0
call_587,40.11248894573141,-77.51985394652198,75D,75D,,911_calls,,,,,3.0
call_588,40.11248868127283,-77.51985420148843,75D,75D,,911_calls,,,,,3.0
call_589,40.11248870014792,-77.51985436174145,10S2,10S2,,911_calls,,,,,3.0
call_590,40.11248871587701,-77.51985420210043,75M,75M,,911_calls,,,,,3.0
call_591,40.11248898203557,-77.51985450047894,54S9,54S9,,911_calls,,,,,3.0
call_592,40.11248899834112,-77.51985436766329,68Q1,68Q1,,911_calls,,,,,3.0
call_593,40.112488861170306,-77.51985453208076,10H2,10H2,,911_calls,,,,,3.0
call_594,40.11248872150995,-77.51985447026833,75S,75S,,911_calls,,,,,3.0
call_595,40.1124887917471,-77.51985383319963,75D,75D,,911_calls,,,,,3.0
call_596,40.11248868979232,-77.51985431287069,10P2,10P2,,911_calls,,,,,3.0
call_597,40.112488441442956,-77.519854384995,68Q1,68Q1,,911_calls,,,,,3.0
call_598,40.112489279315085,-77.51985394849682,11C4,11C4,,911_calls,,,,,3.0
call_599,40.11248908505692,-77.51985437998353,10V2,10V2,,911_calls,,,,,3.0
call_600,40.112489158319065,-77.51985403669856,10H2,10H2,,911_calls,,,,,3.0
call_601,40.11248883985469,-77.51985387024638,75D,75D,,911_calls,,,,,3.0
call_602,40.11248847546632,-77.51985385602738,75D,75D,,911_calls,,,,,3.0
call_603,40.11248876778665,-77.5198545017693,75O,75O,,911_calls,,,,,3.0
call_604,40.112488954017145,-77.51985395489613,54C1,54C1,,911_calls,,,,,3.0
call_605,40.11248892075192,-77.51985443537998,10Y3,10Y3,,911_calls,,,,,3.0
call_606,40.11248873776673,-77.5198542341915,68Q1,68Q1,,911_calls,,,,,3.0
call_607,40.112489035055155,-77.51985436979234,68Q1,68Q1,,911_calls,,,,,3.0
call_608,40.112488834747516,-77.51985448956191,68Q1,68Q1,,911_calls,,,,,3.0
call_609,40.11248926406251,-77.51985409808434,75S,75S,,911_calls,,,,,3.0
call_610,40.11248898298709,-77.51985439665178,10H2,10H2,,911_calls,,,,,3.0
call_611,40.11248905740994,-77.51985439253411,11C4,11C4,,911_calls,,,,,3.0
call_612,40.112488807861205,-77.51985378632834,75D,75D,,911_calls,,,,,3.0
call_613,40.11248872028568,-77.5198543852338,50G2,50G2,,911_calls,,,,,3.0
call_614,40.112488644038834,-77.51985440357699,75M,75M,,911_calls,,,,,3.0
call_615,40.11248871587701,-77.51985420210043,75M,75M,,911_calls,,,,,3.0
call_616,40.11248881923777,-77.51985457052221,75S,75S,,911_calls,,,,,3.0
call_617,40.11248880183416,-77.51985450112991,68Q1,68Q1,,911_calls,,,,,3.0
call_618,40.11248878517191,-77.51985426495462,68Q1,68Q1,,911_calls,,,,,3.0
call_619,40.112488834795194,-77.51985388477712,75D,75D,,911_calls,,,,,3.0
call_620,40.1124887119089,-77.51985446618357,75D,75D,,911_calls,,,,,3.0
call_621,40.112488892779716,-77.51985450092191,10H2,10H2,,911_calls,,,,,3.0
call_622,40.1124887076767,-77.51985450009494,54U2,54U2,,911_calls,,,,,3.0
call_623,40.112488624313926,-77.51985419411336,75S,75S,,911_calls,,,,,3.0
call_624,40.11248847170242,-77.51985487932579,68Q1,68Q1,,911_calls,,,,,3.0
call_625,40.11248912162465,-77.5198543024721,75O,75O,,911_calls,,,,,3.0
call_626,40.11248925985336,-77.51985409890985,53H,53H,,911_calls,,,,,3.0
call_627,40.112488712016464,-77.519854455315,75D,75D,,911_calls,,,,,3.0
call_628,40.112488541175786,-77.51985462333747,75Z,75Z,,911_calls,,,,,3.0
call_629,40.11248887440995,-77.51985450590456,75T,75T,,911_calls,,,,,3.0
call_630,40.112488736673825,-77.51985423144002,68Q1,68Q1,,911_calls,,,,,3.0
call_631,40.11248900311869,-77.5198544746637,68Q1,68Q1,,911_calls,,,,,3.0
call_632,40.112488721324205,-77.51985412045566,68Q1,68Q1,,911_calls,,,,,3.0
call_633,40.11248906294468,-77.51985424723594,53X,53X,,911_calls,,,,,3.0
call_634,40.11248906294468,-77.51985424723594,53X,53X,,911_calls,,,,,3.0
call_635,40.11248852220902,-77.51985445885892,10S2,10S2,,911_calls,,,,,3.0
call_636,40.112489249605936,-77.51985417721819,75T,75T,,911_calls,,,,,3.0
call_637,40.11248891580791,-77.51985449916354,22Q2,22Q2,,911_calls,,,,,3.0
call_638,40.112488636747976,-77.51985431217182,54U2,54U2,,911_calls,,,,,3.0
call_639,40.11248918622285,-77.51985415136835,10V2,10V2,,911_calls,,,,,3.0
call_640,40.11248883558472,-77.51985456246007,68Q1,68Q1,,911_calls,,,,,3.0
call_641,40.11248898054403,-77.51985449528563,54S2,54S2,,911_calls,,,,,3.0
call_642,40.11248841691482,-77.51985452855041,75I,75I,,911_calls,,,,,3.0
call_643,40.11248894360998,-77.51985450717181,54S1,54S1,,911_calls,,,,,3.0
call_644,40.1124886261378,-77.51985434983081,10V2,10V2,,911_calls,,,,,3.0
call_645,40.11248915237673,-77.51985434766281,68Q1,68Q1,,911_calls,,,,,3.0
call_646,40.112489006044335,-77.51985393596601,75D,75D,,911_calls,,,,,3.0
call_647,40.1124887119234,-77.51985432099255,54E1,54E1,,911_calls,,,,,3.0
call_648,40.112489132314636,-77.51985435307505,68Q1,68Q1,,911_calls,,,,,3.0
call_649,40.112489039339366,-77.51985446584331,75D,75D,,911_calls,,,,,3.0
call_650,40.11248912549747,-77.51985422991248,52D2,52D2,,911_calls,,,,,3.0
call_651,40.11248913534623,-77.51985428883299,68U1,68U1,,911_calls,,,,,3.0
call_652,40.11248877934004,-77.51985426780674,68U1,68U1,,911_calls,,,,,3.0
call_653,40.11248871540107,-77.51985436618818,75S,75S,,911_calls,,,,,3.0
call_654,40.11248925668245,-77.51985413371882,34Q6,34Q6,,911_calls,,,,,3.0
call_655,40.11248874616831,-77.51985357901923,10Y3,10Y3,,911_calls,,,,,3.0
call_656,40.112488648957175,-77.51985416928586,75D,75D,,911_calls,,,,,3.0
call_657,40.11248854348079,-77.51985483541365,75Z,75Z,,911_calls,,,,,3.0
call_658,40.11248917228063,-77.51985424860717,75M,75M,,911_calls,,,,,3.0
call_659,40.112488756560744,-77.51985388466852,54S2,54S2,,911_calls,,,,,3.0
call_660,40.11248874078292,-77.51985440409251,75D,75D,,911_calls,,,,,3.0
call_661,40.112489081205815,-77.51985431681581,75S,75S,,911_calls,,,,,3.0
call_662,40.112488697462226,-77.5198544413781,75M,75M,,911_calls,,,,,3.0
call_663,40.112489031066346,-77.51985446934277,75Z,75Z,,911_calls,,,,,3.0
call_664,40.112488575405145,-77.51985493784659,10S4,10S4,,911_calls,,,,,3.0
call_665,40.11248863353472,-77.5198543935066,52D1,52D1,,911_calls,,,,,3.0
call_666,40.112488718946096,-77.51985450998315,75D,75D,,911_calls,,,,,3.0
call_667,40.11248867448609,-77.51985437346168,50G2,50G2,,911_calls,,,,,3.0
call_668,40.112488822475854,-77.51985394168068,56S9,56S9,,911_calls,,,,,3.0
call_669,40.11248892765786,-77.51985429453407,75I,75I,,911_calls,,,,,3.0
call_670,40.11248902049577,-77.51985440164444,75D,75D,,911_calls,,,,,3.0
call_671,40.11248869168683,-77.5198545696732,75I,75I,,911_calls,,,,,3.0
call_672,40.112488690420356,-77.51985360837276,10S2,10S2,,911_calls,,,,,3.0
call_673,40.11248928937578,-77.51985402487048,75D,75D,,911_calls,,,,,3.0
call_674,40.112488685057485,-77.5198543813438,10S4,10S4,,911_calls,,,,,3.0
call_675,40.112489131418904,-77.51985420536425,34Q2,34Q2,,911_calls,,,,,3.0
call_676,40.11248871392727,-77.519854532154,75D,75D,,911_calls,,,,,3.0
call_677,40.11248874280516,-77.5198544969197,75S,75S,,911_calls,,,,,3.0
call_678,40.11248892664524,-77.51985450962022,54U1,54U1,,911_calls,,,,,3.0
call_679,40.11248922143638,-77.51985421751701,75M,75M,,911_calls,,,,,3.0
call_680,40.1124889922867,-77.5198544647482,56S9,56S9,,911_calls,,,,,3.0
call_681,40.11248878382726,-77.51985433943108,68Q1,68Q1,,911_calls,,,,,3.0
call_682,40.11248881923777,-77.51985457052221,75M,75M,,911_calls,,,,,3.0
call_683,40.112488695442835,-77.51985378751417,53I,53I,,911_calls,,,,,3.0
call_684,40.11248902369962,-77.51985382062546,75D,75D,,911_calls,,,,,3.0
call_685,40.11248873357483,-77.51985446090974,75D,75D,,911_calls,,,,,3.0
call_686,40.112488758071116,-77.51985403981838,75D,75D,,911_calls,,,,,3.0
call_687,40.11248892471031,-77.51985453009233,68Q1,68Q1,,911_calls,,,,,3.0
call_688,40.11248901283815,-77.51985445326768,68Q1,68Q1,,911_calls,,,,,3.0
call_689,40.112488828194564,-77.5198544738868,68Q1,68Q1,,911_calls,,,,,3.0
call_690,40.11248861951449,-77.51985436944841,10S4,10S4,,911_calls,,,,,3.0
call_691,40.11248916897718,-77.5198542137344,68Q1,68Q1,,911_calls,,,,,3.0
call_692,40.112488531415075,-77.51985387902954,75M,75M,,911_calls,,,,,3.0
call_693,40.11248902923101,-77.51985381559588,75D,75D,,911_calls,,,,,3.0
call_694,40.112488927413416,-77.51985405182963,10H1,10H1,,911_calls,,,,,3.0
call_695,40.11248881535947,-77.51985451072726,75O,75O,,911_calls,,,,,3.0
call_696,40.11248874723044,-77.51985443827901,75D,75D,,911_calls,,,,,3.0
call_697,40.1124886189833,-77.51985437696317,10S4,10S4,,911_calls,,,,,3.0
call_698,40.11248909680515,-77.5198543544761,75D,75D,,911_calls,,,,,3.0
call_699,40.112488425421645,-77.51985446461165,50G9,50G9,,911_calls,,,,,3.0
call_700,40.112488908695866,-77.5198545246977,34K2,34K2,,911_calls,,,,,3.0
call_701,40.11248916897718,-77.5198542137344,54S1,54S1,,911_calls,,,,,3.0
call_702,40.11248896383153,-77.51985439778426,68Q1,68Q1,,911_calls,,,,,3.0
call_703,40.11248902072657,-77.51985446525335,10H1,10H1,,911_calls,,,,,3.0
call_704,40.11248883300403,-77.5198539042545,34Q6,34Q6,,911_calls,,,,,3.0
call_705,40.1124884976412,-77.51985373350894,68Q1,68Q1,,911_calls,,,,,3.0
call_706,40.11248852220902,-77.51985445885892,75I,75I,,911_calls,,,,,3.0
call_707,40.11248895010582,-77.51985449331514,75M,75M,,911_calls,,,,,3.0
call_708,40.112488667386735,-77.51985436298624,52D1,52D1,,911_calls,,,,,3.0
call_709,40.11248875150278,-77.51985429165283,75S,75S,,911_calls,,,,,3.0
call_710,40.112489173664,-77.51985414252874,10P2,10P2,,911_calls,,,,,3.0
call_711,40.11248892061392,-77.51985450788541,54S1,54S1,,911_calls,,,,,3.0
call_712,40.112488534119784,-77.5198536587953,68Q1,68Q1,,911_calls,,,,,3.0
call_713,40.112489057058404,-77.51985437589664,10V2,10V2,,911_calls,,,,,3.0
call_714,40.11248928632062,-77.51985414248342,54S2,54S2,,911_calls,,,,,3.0
call_715,40.112488716842385,-77.5198543881137,75S,75S,,911_calls,,,,,3.0
call_716,40.11248871108185,-77.5198540884469,75S,75S,,911_calls,,,,,3.0
call_717,40.11248892315717,-77.51985444374354,10H1,10H1,,911_calls,,,,,3.0
call_718,40.112488456415164,-77.51985449536124,68Q1,68Q1,,911_calls,,,,,3.0
call_719,40.112489143703996,-77.51985407160555,75T,75T,,911_calls,,,,,3.0
call_720,40.112489160903635,-77.51985434025015,75D,75D,,911_calls,,,,,3.0
call_721,40.112488548566674,-77.51985462304485,54H1,54H1,,911_calls,,,,,3.0
call_722,40.112489093053235,-77.519854308049,75M,75M,,911_calls,,,,,3.0
call_723,40.1124890649778,-77.51985444238352,10H2,10H2,,911_calls,,,,,3.0
call_724,40.11248868918965,-77.51985450349105,68Q1,68Q1,,911_calls,,,,,3.0
call_725,40.11248911289003,-77.51985437886594,75D,75D,,911_calls,,,,,3.0
call_726,40.11248876033421,-77.51985450872277,75S,75S,,911_calls,,,,,3.0
call_727,40.11248891601432,-77.51985405684225,54S2,54S2,,911_calls,,,,,3.0
call_728,40.11248866592353,-77.51985436794038,11C4,11C4,,911_calls,,,,,3.0
call_729,40.112488270104215,-77.51985534672116,54E2,54E2,,911_calls,,,,,3.0
call_730,40.112488270104215,-77.51985534672116,54E2,54E2,,911_calls,,,,,3.0
call_731,40.11248883838543,-77.51985456820924,75D,75D,,911_calls,,,,,3.0
call_732,40.11248853044255,-77.51985367471148,10S2,10S2,,911_calls,,,,,3.0
call_733,40.11248912162465,-77.5198543024721,75S,75S,,911_calls,,,,,3.0
call_734,40.11248920393877,-77.51985409846867,75D,75D,,911_calls,,,,,3.0
call_735,40.11248903243278,-77.51985401976346,10Y3,10Y3,,911_calls,,,,,3.0
call_736,40.11248852220902,-77.51985445885892,75I,75I,,911_calls,,,,,3.0
call_737,40.11248909527623,-77.51985431677079,68Q1,68Q1,,911_calls,,,,,3.0
call_738,40.11248885040954,-77.51985455607235,54S9,54S9,,911_calls,,,,,3.0
call_739,40.11248871587701,-77.51985420210043,75S,75S,,911_calls,,,,,3.0
call_740,40.11248843482401,-77.51985412560532,75D,75D,,911_calls,,,,,3.0
call_741,40.11248893640161,-77.519854419477,68Q1,68Q1,,911_calls,,,,,3.0
call_742,40.11248866739998,-77.51985413524298,10V2,10V2,,911_calls,,,,,3.0
call_743,40.11248916989248,-77.51985424430973,75Z,75Z,,911_calls,,,,,3.0
call_744,40.112488735872844,-77.51985435009509,68Q1,68Q1,,911_calls,,,,,3.0
call_745,40.11248895773988,-77.51985453263069,34Q1,34Q1,,911_calls,,,,,3.0
call_746,40.112488661510874,-77.5198539688596,75D,75D,,911_calls,,,,,3.0
call_747,40.112488949588624,-77.51985450841316,54U1,54U1,,911_calls,,,,,3.0
call_748,40.11248920108696,-77.51985421452532,54S9,54S9,,911_calls,,,,,3.0
call_749,40.112488943312044,-77.51985403829667,75D,75D,,911_calls,,,,,3.0
call_750,40.112488425421645,-77.51985446461165,54S9,54S9,,911_calls,,,,,3.0
call_751,40.11248917956995,-77.51985426110568,10H1,10H1,,911_calls,,,,,3.0
call_752,40.11248925063271,-77.5198541704136,54S9,54S9,,911_calls,,,,,3.0
call_753,40.112488686273494,-77.51985438966061,75M,75M,,911_calls,,,,,3.0
call_754,40.112488635043476,-77.5198543359503,54S1,54S1,,911_calls,,,,,3.0
call_755,40.1124886362448,-77.5198541742932,54U1,54U1,,911_calls,,,,,3.0
call_756,40.11248886076007,-77.51985371720556,10V8,10V8,,911_calls,,,,,3.0
call_757,40.112488503613555,-77.51985494880238,75Z,75Z,,911_calls,,,,,3.0
call_758,40.11248880715627,-77.51985436709514,29H1,29H1,,911_calls,,,,,3.0
call_759,40.11248912162465,-77.5198543024721,75O,75O,,911_calls,,,,,3.0
call_760,40.112488926073816,-77.5198537526693,68Q2,68Q2,,911_calls,,,,,3.0
call_761,40.11248865936537,-77.51985440561873,75S,75S,,911_calls,,,,,3.0
call_762,40.11248881024841,-77.51985450040664,68Q1,68Q1,,911_calls,,,,,3.0
call_763,40.112489074990435,-77.51985428513173,10S4,10S4,,911_calls,,,,,3.0
call_764,40.11248861749203,-77.5198543887474,54S1,54S1,,911_calls,,,,,3.0
call_765,40.11248908995852,-77.51985427164897,39Q9,39Q9,,911_calls,,,,,3.0
call_766,40.112488203427965,-77.5198553809027,11R4,11R4,,911_calls,,,,,3.0
call_767,40.11248914965539,-77.51985403369746,59R4,59R4,,911_calls,,,,,3.0
call_768,40.112489140302685,-77.51985435394936,75T,75T,,911_calls,,,,,3.0
call_769,40.112488731327595,-77.51985409241026,75S,75S,,911_calls,,,,,3.0
call_770,40.11248881923777,-77.51985457052221,75M,75M,,911_calls,,,,,3.0
call_771,40.11248920802782,-77.51985423009765,54S2,54S2,,911_calls,,,,,3.0
call_772,40.11248861951449,-77.51985436944841,54E1,54E1,,911_calls,,,,,3.0
call_773,40.11248912162465,-77.5198543024721,75M,75M,,911_calls,,,,,3.0
call_774,40.11248909939954,-77.51985433514217,75D,75D,,911_calls,,,,,3.0
call_775,40.11248868934967,-77.51985423979968,75D,75D,,911_calls,,,,,3.0
call_776,40.11248912011478,-77.51985421767012,75I,75I,,911_calls,,,,,3.0
call_777,40.11248921282478,-77.5198542873002,75D,75D,,911_calls,,,,,3.0
call_778,40.112489115316876,-77.5198543487276,75D,75D,,911_calls,,,,,3.0
call_779,40.112488731327595,-77.51985409241026,75O,75O,,911_calls,,,,,3.0
call_780,40.112488425421645,-77.51985446461165,50G9,50G9,,911_calls,,,,,3.0
call_781,40.112488710759486,-77.51985370241565,10V2,10V2,,911_calls,,,,,3.0
call_782,40.11248881578526,-77.51985437241684,54U2,54U2,,911_calls,,,,,3.0
call_783,40.11248856690907,-77.51985463527964,68Q2,68Q2,,911_calls,,,,,3.0
call_784,40.11248907266767,-77.51985439459823,75D,75D,,911_calls,,,,,3.0
call_785,40.112488425421645,-77.51985446461165,50P9,50P9,,911_calls,,,,,3.0
call_786,40.11248854215769,-77.51985482688701,68Q1,68Q1,,911_calls,,,,,3.0
call_787,40.11248854215769,-77.51985482688701,68Q1,68Q1,,911_calls,,,,,3.0
call_788,40.11248870101794,-77.51985456905373,75D,75D,,911_calls,,,,,3.0
call_789,40.11248888501623,-77.51985449667004,54U2,54U2,,911_calls,,,,,3.0
call_790,40.112488553786335,-77.51985461228769,68Q2,68Q2,,911_calls,,,,,3.0
call_791,40.11248908050144,-77.5198543679233,75D,75D,,911_calls,,,,,3.0
call_792,40.11248903011718,-77.51985439619588,75D,75D,,911_calls,,,,,3.0
call_793,40.112488736755225,-77.51985450803512,68Q1,68Q1,,911_calls,,,,,3.0
call_794,40.11248896383153,-77.51985439778426,68Q1,68Q1,,911_calls,,,,,3.0
call_795,40.112488550066146,-77.51985461505576,68Q2,68Q2,,911_calls,,,,,3.0
call_796,40.11248871390728,-77.5198545237552,75D,75D,,911_calls,,,,,3.0
call_797,40.112489183705584,-77.51985423382249,75S,75S,,911_calls,,,,,3.0
call_798,40.112489109423365,-77.51985389967777,68Q1,68Q1,,911_calls,,,,,3.0
call_799,40.11248921844034,-77.51985419063152,11C4,11C4,,911_calls,,,,,3.0
call_800,40.11248909637058,-77.51985434151499,75D,75D,,911_calls,,,,,3.0
call_801,40.11248880358198,-77.5198544216051,68Q1,68Q1,,911_calls,,,,,3.0
call_802,40.11248844879238,-77.519853947918,68Q1,68Q1,,911_calls,,,,,3.0
call_803,40.11248874879461,-77.51985448138792,10Y3,10Y3,,911_calls,,,,,3.0
call_804,40.11248879014502,-77.5198538853246,11C4,11C4,,911_calls,,,,,3.0
call_805,40.11248855465067,-77.5198546201569,68Q2,68Q2,,911_calls,,,,,3.0
call_806,40.11248890333013,-77.51985416611382,75S,75S,,911_calls,,,,,3.0
call_807,40.11248917555993,-77.51985398443423,50P9,50P9,,911_calls,,,,,3.0
call_808,40.11248896803391,-77.51985440460123,68Q1,68Q1,,911_calls,,,,,3.0
call_809,40.11248888327289,-77.51985449819325,75T,75T,,911_calls,,,,,3.0
call_810,40.1124890712522,-77.51985425623788,10H2,10H2,,911_calls,,,,,3.0
call_811,40.11248903885936,-77.51985439829969,75S,75S,,911_calls,,,,,3.0
call_812,40.112489041860975,-77.51985437086515,11C4,11C4,,911_calls,,,,,3.0
call_813,40.11248852220902,-77.51985445885892,75I,75I,,911_calls,,,,,3.0
call_814,40.112488425421645,-77.51985446461165,75M,75M,,911_calls,,,,,3.0
call_815,40.112488987823916,-77.51985450447495,39T1,39T1,,911_calls,,,,,3.0
call_816,40.11248890052529,-77.51985403298903,59W,59W,,911_calls,,,,,3.0
call_817,40.11248893640161,-77.519854419477,68Q1,68Q1,,911_calls,,,,,3.0
call_818,40.11248870066608,-77.51985429721363,54S1,54S1,,911_calls,,,,,3.0
call_819,40.11248875162787,-77.51985366075625,53S,53S,,911_calls,,,,,3.0
call_820,40.11248882318414,-77.51985456408181,68Q1,68Q1,,911_calls,,,,,3.0
call_821,40.112488696918355,-77.51985450617701,10P2,10P2,,911_calls,,,,,3.0
call_822,40.11248877435555,-77.51985426360513,75D,75D,,911_calls,,,,,3.0
call_823,40.11248846614947,-77.51985447502557,68Q1,68Q1,,911_calls,,,,,3.0
call_824,40.11248879047069,-77.51985430770416,68Q1,68Q1,,911_calls,,,,,3.0
call_825,40.112489075747206,-77.51985417009521,68Q1,68Q1,,911_calls,,,,,3.0
call_826,40.11248893817446,-77.51985441796701,68Q1,68Q1,,911_calls,,,,,3.0
call_827,40.112489149439426,-77.51985422629923,68Q1,68Q1,,911_calls,,,,,3.0
call_828,40.11248877682913,-77.51985366421115,75D,75D,,911_calls,,,,,3.0
call_829,40.11248891157333,-77.51985451573083,10H2,10H2,,911_calls,,,,,3.0
call_830,40.11248912878506,-77.5198542169311,69S,69S,,911_calls,,,,,3.0
call_831,40.112488616904166,-77.51985453966465,54S2,54S2,,911_calls,,,,,3.0
call_832,40.112488839565636,-77.51985361867027,10P2,10P2,,911_calls,,,,,3.0
call_833,40.11248864518683,-77.51985416355198,75I,75I,,911_calls,,,,,3.0
call_834,40.11248871191939,-77.51985422700069,75S,75S,,911_calls,,,,,3.0
call_835,40.112488883340326,-77.5198545212311,10V2,10V2,,911_calls,,,,,3.0
call_836,40.112488692084476,-77.51985408132234,10Y3,10Y3,,911_calls,,,,,3.0
call_837,40.11248853977676,-77.51985366052024,10S4,10S4,,911_calls,,,,,3.0
call_838,40.11248880030604,-77.51985441753845,68Q1,68Q1,,911_calls,,,,,3.0
call_839,40.11248907998719,-77.51985436228753,68Q1,68Q1,,911_calls,,,,,3.0
call_840,40.112488807861205,-77.51985378632834,75D,75D,,911_calls,,,,,3.0
call_841,40.11248915639869,-77.51985426117295,75D,75D,,911_calls,,,,,3.0
call_842,40.11248912239295,-77.51985412830422,53H,53H,,911_calls,,,,,3.0
call_843,40.112488858249776,-77.51985384198389,39H1,39H1,,911_calls,,,,,3.0
call_844,40.112488469434425,-77.519854467261,75D,75D,,911_calls,,,,,3.0
call_845,40.11248828717985,-77.51985532123723,75D,75D,,911_calls,,,,,3.0
call_846,40.1124890296008,-77.51985435085419,68Q1,68Q1,,911_calls,,,,,3.0
call_847,40.112488749376325,-77.5198543322998,54U1,54U1,,911_calls,,,,,3.0
call_848,40.11248869694427,-77.51985431867892,75D,75D,,911_calls,,,,,3.0
call_849,40.11248850499136,-77.51985484080971,68Q1,68Q1,,911_calls,,,,,3.0
call_850,40.11248843324858,-77.51985436990282,68Q1,68Q1,,911_calls,,,,,3.0
call_851,40.112488823295955,-77.51985446448117,75I,75I,,911_calls,,,,,3.0
call_852,40.11248852137089,-77.51985367348044,75Z,75Z,,911_calls,,,,,3.0
call_853,40.11248891930286,-77.5198545154494,75S,75S,,911_calls,,,,,3.0
call_854,40.112488706090915,-77.51985443390512,50P1,50P1,,911_calls,,,,,3.0
call_855,40.11248874928586,-77.51985421655878,10V2,10V2,,911_calls,,,,,3.0
call_856,40.11248877405354,-77.51985384947513,75D,75D,,911_calls,,,,,3.0
call_857,40.11248922360607,-77.51985428209197,75Z,75Z,,911_calls,,,,,3.0
call_858,40.112489179158466,-77.51985425751576,75M,75M,,911_calls,,,,,3.0
call_859,40.11248899147912,-77.51985437905431,34Q1,34Q1,,911_calls,,,,,3.0
call_860,40.11248889547514,-77.51985413978122,50G2,50G2,,911_calls,,,,,3.0
call_861,40.112489291726156,-77.51985401684823,68Q1,68Q1,,911_calls,,,,,3.0
call_862,40.11248907444371,-77.51985430264203,75S,75S,,911_calls,,,,,3.0
call_863,40.112488697692626,-77.5198543618991,75D,75D,,911_calls,,,,,3.0
call_864,40.11248912055373,-77.5198541713878,52D6,52D6,,911_calls,,,,,3.0
call_865,40.11248873459117,-77.51985451709501,10H1,10H1,,911_calls,,,,,3.0
call_866,40.11248880561377,-77.51985432222116,52D1,52D1,,911_calls,,,,,3.0
call_867,40.11248888476289,-77.51985438539911,10H2,10H2,,911_calls,,,,,3.0
call_868,40.11248857490992,-77.51985494492298,54E1,54E1,,911_calls,,,,,3.0
call_869,40.11248857490992,-77.51985494492298,54E1,54E1,,911_calls,,,,,3.0
call_870,40.11248881218473,-77.51985451735061,68Q1,68Q1,,911_calls,,,,,3.0
call_871,40.112489110463606,-77.51985421044863,68Q1,68Q1,,911_calls,,,,,3.0
call_872,40.11248923749981,-77.51985428687205,75D,75D,,911_calls,,,,,3.0
call_873,40.11248864026747,-77.51985416691463,75D,75D,,911_calls,,,,,3.0
call_874,40.11248870261162,-77.51985448508763,10Y3,10Y3,,911_calls,,,,,3.0
call_875,40.11248876778665,-77.5198545017693,75S,75S,,911_calls,,,,,3.0
call_876,40.112488895363924,-77.51985431069458,10H1,10H1,,911_calls,,,,,3.0
call_877,40.112488784998774,-77.5198538638243,54S9,54S9,,911_calls,,,,,3.0
call_878,40.1124890217333,-77.51985446487913,75D,75D,,911_calls,,,,,3.0
call_879,40.112489140302685,-77.51985435394936,75T,75T,,911_calls,,,,,3.0
call_880,40.112488809033344,-77.51985449431609,75D,75D,,911_calls,,,,,3.0
call_881,40.112489252116504,-77.51985418347596,75S,75S,,911_calls,,,,,3.0
call_882,40.11248857514812,-77.51985482923389,68Q1,68Q1,,911_calls,,,,,3.0
call_883,40.112488817353245,-77.51985434499404,54U2,54U2,,911_calls,,,,,3.0
call_884,40.11248846605312,-77.51985445559434,75I,75I,,911_calls,,,,,3.0
call_885,40.112489121479804,-77.51985430053853,75M,75M,,911_calls,,,,,3.0
call_886,40.11248824385267,-77.51985526446799,68Q1,68Q1,,911_calls,,,,,3.0
call_887,40.112488953709814,-77.51985361922125,75D,75D,,911_calls,,,,,3.0
call_888,40.112488736673825,-77.51985423144002,68Q2,68Q2,,911_calls,,,,,3.0
call_889,40.112488835416684,-77.51985453638916,22Q1,22Q1,,911_calls,,,,,3.0
call_890,40.112489213303164,-77.51985430606582,54S2,54S2,,911_calls,,,,,3.0
call_891,40.11248899266954,-77.51985393011893,75D,75D,,911_calls,,,,,3.0
call_892,40.11248858269816,-77.51985493994616,68Q1,68Q1,,911_calls,,,,,3.0
call_893,40.11248873918511,-77.51985450943909,68Q1,68Q1,,911_calls,,,,,3.0
call_894,40.1124889069652,-77.51985447261869,54U1,54U1,,911_calls,,,,,3.0
call_895,40.11248863341973,-77.51985429418339,13U2,13U2,,911_calls,,,,,3.0
call_896,40.11248863341973,-77.51985429418339,13U2,13U2,,911_calls,,,,,3.0
call_897,40.112489079095475,-77.51985429172507,68U2,68U2,,911_calls,,,,,3.0
call_898,40.112488942074314,-77.5198538549694,75D,75D,,911_calls,,,,,3.0
call_899,40.112488648957175,-77.51985416928586,75I,75I,,911_calls,,,,,3.0
call_900,40.11248906357132,-77.5198543831064,10V2,10V2,,911_calls,,,,,3.0
call_901,40.11248880622517,-77.51985390445695,75M,75M,,911_calls,,,,,3.0
call_902,40.11248893772162,-77.51985408122844,52D6,52D6,,911_calls,,,,,3.0
call_903,40.11248884610463,-77.51985403096631,10Y3,10Y3,,911_calls,,,,,3.0
call_904,40.112489085851784,-77.51985440604314,10Y3,10Y3,,911_calls,,,,,3.0
call_905,40.11248885131696,-77.519853988708,11R4,11R4,,911_calls,,,,,3.0
call_906,40.11248873776673,-77.5198542341915,68Q2,68Q2,,911_calls,,,,,3.0
call_907,40.1124889031724,-77.51985452948429,10P2,10P2,,911_calls,,,,,3.0
call_908,40.11248911631427,-77.51985434122906,68Q1,68Q1,,911_calls,,,,,3.0
call_909,40.11248874601363,-77.51985420833046,10Y3,10Y3,,911_calls,,,,,3.0
call_910,40.112488766624104,-77.51985370739224,10V2,10V2,,911_calls,,,,,3.0
call_911,40.11248873306606,-77.51985449389676,75O,75O,,911_calls,,,,,3.0
call_912,40.112488624313926,-77.51985419411336,75M,75M,,911_calls,,,,,3.0
call_913,40.11248880681947,-77.51985386709148,24Q1,24Q1,,911_calls,,,,,3.0
call_914,40.1124889031724,-77.51985452948429,10P2,10P2,,911_calls,,,,,3.0
call_915,40.11248874843693,-77.51985452435912,75S,75S,,911_calls,,,,,3.0
call_916,40.112488876681574,-77.5198545655051,54S1,54S1,,911_calls,,,,,3.0
call_917,40.112489016989265,-77.51985445607966,68Q1,68Q1,,911_calls,,,,,3.0
call_918,40.11248872025204,-77.51985403755633,75S,75S,,911_calls,,,,,3.0
call_919,40.112489075871714,-77.51985427671117,10S4,10S4,,911_calls,,,,,3.0
call_920,40.11248838116345,-77.51985492930035,68Q1,68Q1,,911_calls,,,,,3.0
call_921,40.112488815956695,-77.51985359183898,10Y3,10Y3,,911_calls,,,,,3.0
call_922,40.112489107811825,-77.51985407576966,10S4,10S4,,911_calls,,,,,3.0
call_923,40.112488740678174,-77.51985433591837,52D6,52D6,,911_calls,,,,,3.0
call_924,40.11248879077461,-77.51985427238812,75D,75D,,911_calls,,,,,3.0
call_925,40.11248889972399,-77.51985453250661,10P2,10P2,,911_calls,,,,,3.0
call_926,40.112488492959336,-77.51985511502282,68Q1,68Q1,,911_calls,,,,,3.0
call_927,40.11248867075519,-77.51985421319512,75S,75S,,911_calls,,,,,3.0
call_928,40.1124891359749,-77.5198543727461,68Q1,68Q1,,911_calls,,,,,3.0
call_929,40.11248861121949,-77.51985446816201,75O,75O,,911_calls,,,,,3.0
call_930,40.11248916834688,-77.51985426472658,75S,75S,,911_calls,,,,,3.0
call_931,40.11248855774628,-77.51985421874552,68Q1,68Q1,,911_calls,,,,,3.0
call_932,40.112489148041185,-77.51985422715954,68Q1,68Q1,,911_calls,,,,,3.0
call_933,40.112488992902605,-77.5198543724355,68Q1,68Q1,,911_calls,,,,,3.0
call_934,40.11248873017086,-77.51985445807559,75D,75D,,911_calls,,,,,3.0
call_935,40.11248907443875,-77.51985433875218,75D,75D,,911_calls,,,,,3.0
call_936,40.11248893833599,-77.51985349369365,54S1,54S1,,911_calls,,,,,3.0
call_937,40.112488758449025,-77.51985430225093,68Q1,68Q1,,911_calls,,,,,3.0
call_938,40.11248914961305,-77.5198543710536,75D,75D,,911_calls,,,,,3.0
call_939,40.11248849170341,-77.51985379999866,75D,75D,,911_calls,,,,,3.0
call_940,40.11248889112382,-77.51985449175848,68Q9,68Q9,,911_calls,,,,,3.0
call_941,40.112488202460156,-77.51985541762348,10P2,10P2,,911_calls,,,,,3.0
call_942,40.112488822475854,-77.51985394168068,75S,75S,,911_calls,,,,,3.0
call_943,40.11248900876526,-77.51985435318527,75D,75D,,911_calls,,,,,3.0
call_944,40.11248926334345,-77.51985423964362,68Q1,68Q1,,911_calls,,,,,3.0
call_945,40.112489111053705,-77.51985402913965,10H1,10H1,,911_calls,,,,,3.0
call_946,40.112488934777,-77.51985451488711,39T1,39T1,,911_calls,,,,,3.0
call_947,40.11248854202823,-77.51985450847425,68Q2,68Q2,,911_calls,,,,,3.0
call_948,40.11248911760044,-77.51985421679353,75I,75I,,911_calls,,,,,3.0
call_949,40.112488503520154,-77.51985431704888,53I,53I,,911_calls,,,,,3.0
call_950,40.11248878734616,-77.51985430185405,68Q1,68Q1,,911_calls,,,,,3.0
call_951,40.11248880030604,-77.51985441753845,68Q1,68Q1,,911_calls,,,,,3.0
call_952,40.11248854202823,-77.51985450847425,68Q2,68Q2,,911_calls,,,,,3.0
call_953,40.112488616420286,-77.51985423944146,11C4,11C4,,911_calls,,,,,3.0
call_954,40.11248881483455,-77.5198545094092,75T,75T,,911_calls,,,,,3.0
call_955,40.11248895697928,-77.51985426598502,10V2,10V2,,911_calls,,,,,3.0
call_956,40.112488806170084,-77.51985384596288,75M,75M,,911_calls,,,,,3.0
call_957,40.11248922143638,-77.51985421751701,75O,75O,,911_calls,,,,,3.0
call_958,40.11248852218297,-77.51985437211017,11C4,11C4,,911_calls,,,,,3.0
call_959,40.112488692084476,-77.51985408132234,75I,75I,,911_calls,,,,,3.0
call_960,40.11248844124564,-77.51985489275856,75D,75D,,911_calls,,,,,3.0
call_961,40.11248908995852,-77.51985427164897,75S,75S,,911_calls,,,,,3.0
call_962,40.11248910300599,-77.5198543486794,75D,75D,,911_calls,,,,,3.0
call_963,40.11248908727797,-77.51985427426595,10N2,10N2,,911_calls,,,,,3.0
call_964,40.112488917328804,-77.51985435892283,75D,75D,,911_calls,,,,,3.0
call_965,40.11248917730525,-77.51985397240455,68Q1,68Q1,,911_calls,,,,,3.0
call_966,40.1124890279616,-77.5198537967507,75D,75D,,911_calls,,,,,3.0
call_967,40.11248879855126,-77.51985437185395,54U2,54U2,,911_calls,,,,,3.0
call_968,40.112488648957175,-77.51985416928586,75D,75D,,911_calls,,,,,3.0
call_969,40.11248921511609,-77.51985420685139,75S,75S,,911_calls,,,,,3.0
call_970,40.11248885040954,-77.51985455607235,75M,75M,,911_calls,,,,,3.0
call_971,40.11248867216067,-77.51985393757339,75S,75S,,911_calls,,,,,3.0
call_972,40.11248896803391,-77.51985440460123,68Q1,68Q1,,911_calls,,,,,3.0
call_973,40.11248863643829,-77.51985416088156,75I,75I,,911_calls,,,,,3.0
call_974,40.11248878912441,-77.51985385587065,75D,75D,,911_calls,,,,,3.0
call_975,40.11248852581497,-77.51985447351751,75M,75M,,911_calls,,,,,3.0
call_976,40.112489150020075,-77.51985392952756,54U1,54U1,,911_calls,,,,,3.0
call_977,40.11248897112912,-77.51985432439001,75D,75D,,911_calls,,,,,3.0
call_978,40.112489166305046,-77.51985400380003,75T,75T,,911_calls,,,,,3.0
call_979,40.11248887429193,-77.51985456109331,75M,75M,,911_calls,,,,,3.0
call_980,40.112488716842385,-77.5198543881137,75S,75S,,911_calls,,,,,3.0
call_981,40.11248913417887,-77.51985435177417,75D,75D,,911_calls,,,,,3.0
call_982,40.11248853918425,-77.51985456909058,75D,75D,,911_calls,,,,,3.0
call_983,40.112489077655304,-77.51985427532836,75D,75D,,911_calls,,,,,3.0
call_984,40.11248854348079,-77.51985483541365,52K6,52K6,,911_calls,,,,,3.0
call_985,40.11248880673265,-77.51985437405531,75S,75S,,911_calls,,,,,3.0
call_986,40.11248910460393,-77.51985427700689,75D,75D,,911_calls,,,,,3.0
call_987,40.1124889790167,-77.51985427994342,11R3,11R3,,911_calls,,,,,3.0
call_988,40.112489083245556,-77.51985436595724,75D,75D,,911_calls,,,,,3.0
call_989,40.11248892407912,-77.51985407077483,53H,53H,,911_calls,,,,,3.0
call_990,40.112488762102736,-77.51985431846188,75S,75S,,911_calls,,,,,3.0
call_991,40.11248910275847,-77.51985423114228,68Q1,68Q1,,911_calls,,,,,3.0
call_992,40.11248867085131,-77.5198543737261,68Q1,68Q1,,911_calls,,,,,3.0
call_993,40.11248925192803,-77.51985424913146,13X,13X,,911_calls,,,,,3.0
call_994,40.11248925192803,-77.51985424913146,13X,13X,,911_calls,,,,,3.0
call_995,40.112489314706366,-77.51985406152424,10V2,10V2,,911_calls,,,,,3.0
call_996,40.11248872441677,-77.51985446621383,54E9,54E9,,911_calls,,,,,3.0
call_997,40.11248920393877,-77.51985409846867,75S,75S,,911_calls,,,,,3.0
call_998,40.11248890799324,-77.51985434239367,75M,75M,,911_calls,,,,,3.0
call_999,40.112488931861506,-77.5198545238661,34Q2,34Q2,,911_calls,,,,,3.0
call_1000,40.1124888031985,-77.51985368495978,75L,75L,,911_calls,,,,,3.0
call_1001,40.11248918090997,-77.51985422254732,54E1,54E1,,911_calls,,,,,3.0
call_1002,40.11248918090997,-77.51985422254732,54E1,54E1,,911_calls,,,,,3.0
call_1003,40.112489081205815,-77.51985431681581,75S,75S,,911_calls,,,,,3.0
call_1004,40.112488820389366,-77.51985378231225,75S,75S,,911_calls,,,,,3.0
call_1005,40.11248898203557,-77.51985450047894,75S,75S,,911_calls,,,,,3.0
call_1006,40.11248868477576,-77.51985430329,75O,75O,,911_calls,,,,,3.0
call_1007,40.11248909560864,-77.5198543618214,52D6,52D6,,911_calls,,,,,3.0
call_1008,40.112489143005554,-77.51985430277192,54E1,54E1,,911_calls,,,,,3.0
call_1009,40.112489143005554,-77.51985430277192,54E1,54E1,,911_calls,,,,,3.0
call_1010,40.11248875700669,-77.51985452641959,75S,75S,,911_calls,,,,,3.0
call_1011,40.11248894301592,-77.51985450123836,53I,53I,,911_calls,,,,,3.0
call_1012,40.112488667671876,-77.51985451910879,54S9,54S9,,911_calls,,,,,3.0
call_1013,40.11248908928677,-77.51985439948572,11C4,11C4,,911_calls,,,,,3.0
call_1014,40.112488425421645,-77.51985446461165,75M,75M,,911_calls,,,,,3.0
call_1015,40.112489027703724,-77.51985433664723,68Q1,68Q1,,911_calls,,,,,3.0
call_1016,40.11248882221141,-77.51985456701246,54U1,54U1,,911_calls,,,,,3.0
call_1017,40.11248884386655,-77.51985449190803,54U2,54U2,,911_calls,,,,,3.0
call_1018,40.11248845883734,-77.5198543689788,75S,75S,,911_calls,,,,,3.0
call_1019,40.112488713984156,-77.5198542011149,75M,75M,,911_calls,,,,,3.0
call_1020,40.11248889498059,-77.51985452372368,68U1,68U1,,911_calls,,,,,3.0
call_1021,40.11248889498059,-77.51985452372368,68U1,68U1,,911_calls,,,,,3.0
call_1022,40.11248890627967,-77.51985375303681,67S8,67S8,,911_calls,,,,,3.0
call_1023,40.11248862382015,-77.51985422364997,75D,75D,,911_calls,,,,,3.0
call_1024,40.11248870588265,-77.51985450154935,10H1,10H1,,911_calls,,,,,3.0
call_1025,40.112488832342635,-77.51985453949423,75O,75O,,911_calls,,,,,3.0
call_1026,40.11248851428287,-77.51985453041338,68Q2,68Q2,,911_calls,,,,,3.0
call_1027,40.11248922143638,-77.51985421751701,75S,75S,,911_calls,,,,,3.0
call_1028,40.11248888930134,-77.519854503943,22Q1,22Q1,,911_calls,,,,,3.0
call_1029,40.11248851722027,-77.51985453735801,68Q2,68Q2,,911_calls,,,,,3.0
call_1030,40.112488790868355,-77.51985427799325,75M,75M,,911_calls,,,,,3.0
call_1031,40.11248887508701,-77.51985420856217,68Q2,68Q2,,911_calls,,,,,3.0
call_1032,40.11248915557774,-77.51985435495104,54S9,54S9,,911_calls,,,,,3.0
call_1033,40.1124892296882,-77.51985419591809,75M,75M,,911_calls,,,,,3.0
call_1034,40.11248887429193,-77.51985456109331,75S,75S,,911_calls,,,,,3.0
call_1035,40.112488693697415,-77.51985408536191,75I,75I,,911_calls,,,,,3.0
call_1036,40.11248879657206,-77.51985451432914,75I,75I,,911_calls,,,,,3.0
call_1037,40.11248868543028,-77.51985412763541,75O,75O,,911_calls,,,,,3.0
call_1038,40.11248892443783,-77.51985453330677,54U1,54U1,,911_calls,,,,,3.0
call_1039,40.112488518380644,-77.51985423044935,68Q1,68Q1,,911_calls,,,,,3.0
call_1040,40.11248884706909,-77.51985361990238,10V2,10V2,,911_calls,,,,,3.0
call_1041,40.112489180050304,-77.51985421032269,68Q1,68Q1,,911_calls,,,,,3.0
call_1042,40.11248921641811,-77.51985418618413,68Q1,68Q1,,911_calls,,,,,3.0
call_1043,40.11248891930286,-77.5198545154494,10P9,10P9,,911_calls,,,,,3.0
call_1044,40.11248901704415,-77.51985437419151,10H2,10H2,,911_calls,,,,,3.0
call_1045,40.11248892174082,-77.51985451977366,22Q1,22Q1,,911_calls,,,,,3.0
call_1046,40.11248872732024,-77.51985373698435,10H1,10H1,,911_calls,,,,,3.0
call_1047,40.11248892024332,-77.51985406970617,10P2,10P2,,911_calls,,,,,3.0
call_1048,40.11248899174273,-77.51985449473115,56S,56S,,911_calls,,,,,3.0
call_1049,40.11248892668238,-77.5198544406586,75D,75D,,911_calls,,,,,3.0
call_1050,40.11248906346985,-77.51985440592466,10P2,10P2,,911_calls,,,,,3.0
call_1051,40.11248872032287,-77.51985449465222,75I,75I,,911_calls,,,,,3.0
call_1052,40.11248876748317,-77.519854325743,68Q2,68Q2,,911_calls,,,,,3.0
call_1053,40.112488469434425,-77.519854467261,75D,75D,,911_calls,,,,,3.0
call_1054,40.11248851677998,-77.51985389735712,68Q1,68Q1,,911_calls,,,,,3.0
call_1055,40.11248900824752,-77.51985405049028,75D,75D,,911_calls,,,,,3.0
call_1056,40.11248856285303,-77.51985463720479,75D,75D,,911_calls,,,,,3.0
call_1057,40.11248871540107,-77.51985436618818,11C4,11C4,,911_calls,,,,,3.0
call_1058,40.11248855891896,-77.5198545280062,75S,75S,,911_calls,,,,,3.0
call_1059,40.112489183705584,-77.51985423382249,75M,75M,,911_calls,,,,,3.0
call_1060,40.112488832380535,-77.5198545709923,68Q1,68Q1,,911_calls,,,,,3.0
call_1061,40.11248863643829,-77.51985416088156,75I,75I,,911_calls,,,,,3.0
call_1062,40.11248896320824,-77.51985438783211,22Q1,22Q1,,911_calls,,,,,3.0
call_1063,40.11248874280701,-77.51985450396413,50P9,50P9,,911_calls,,,,,3.0
call_1064,40.11248879271697,-77.51985383507875,22P9,22P9,,911_calls,,,,,3.0
call_1065,40.11248851750653,-77.51985437068404,53X,53X,,911_calls,,,,,3.0
call_1066,40.11248851750653,-77.51985437068404,53X,53X,,911_calls,,,,,3.0
call_1067,40.11248910030217,-77.5198544130565,75D,75D,,911_calls,,,,,3.0
call_1068,40.11248869786621,-77.51985358930514,10V2,10V2,,911_calls,,,,,3.0
call_1069,40.112488738280035,-77.5198545368462,75Z,75Z,,911_calls,,,,,3.0
call_1070,40.1124891092959,-77.51985422513867,75D,75D,,911_calls,,,,,3.0
call_1071,40.11248882145765,-77.51985375752335,52D2,52D2,,911_calls,,,,,3.0
call_1072,40.11248909254387,-77.51985419340194,54S1,54S1,,911_calls,,,,,3.0
call_1073,40.11248890202723,-77.51985415730734,10P2,10P2,,911_calls,,,,,3.0
call_1074,40.11248871587701,-77.51985420210043,75S,75S,,911_calls,,,,,3.0
call_1075,40.11248874247429,-77.5198543899626,10V2,10V2,,911_calls,,,,,3.0
call_1076,40.112489076470645,-77.51985439598288,68Q1,68Q1,,911_calls,,,,,3.0
call_1077,40.112489103404364,-77.51985403104939,68Q1,68Q1,,911_calls,,,,,3.0
call_1078,40.11248862841264,-77.51985459300339,75D,75D,,911_calls,,,,,3.0
call_1079,40.11248910836205,-77.51985418365024,68Q1,68Q1,,911_calls,,,,,3.0
call_1080,40.112488769407754,-77.51985430660339,75Z,75Z,,911_calls,,,,,3.0
call_1081,40.11248906346985,-77.51985440592466,50G2,50G2,,911_calls,,,,,3.0
call_1082,40.112488731327595,-77.51985409241026,75M,75M,,911_calls,,,,,3.0
call_1083,40.112489086129195,-77.51985420633976,68Q1,68Q1,,911_calls,,,,,3.0
call_1084,40.112488769407754,-77.51985430660339,10V2,10V2,,911_calls,,,,,3.0
call_1085,40.11248903885936,-77.51985439829969,75D,75D,,911_calls,,,,,3.0
call_1086,40.11248885201825,-77.51985457380411,54C1,54C1,,911_calls,,,,,3.0
call_1087,40.11248910401124,-77.51985419466406,68Q1,68Q1,,911_calls,,,,,3.0
call_1088,40.112488469434425,-77.519854467261,75I,75I,,911_calls,,,,,3.0
call_1089,40.11248891930286,-77.5198545154494,75S,75S,,911_calls,,,,,3.0
call_1090,40.11248847677691,-77.51985479201247,53S,53S,,911_calls,,,,,3.0
call_1091,40.112489191639185,-77.5198542215368,52D2,52D2,,911_calls,,,,,3.0
call_1092,40.11248874280701,-77.51985450396413,75S,75S,,911_calls,,,,,3.0
call_1093,40.1124891682472,-77.51985433381083,52F1,52F1,,911_calls,,,,,3.0
call_1094,40.11248846514006,-77.5198544580718,75I,75I,,911_calls,,,,,3.0
call_1095,40.112488903354425,-77.51985445588994,75D,75D,,911_calls,,,,,3.0
call_1096,40.11248851384093,-77.51985483322056,75I,75I,,911_calls,,,,,3.0
call_1097,40.11248872807089,-77.5198545155678,75T,75T,,911_calls,,,,,3.0
call_1098,40.112489180025364,-77.51985415337275,10Y3,10Y3,,911_calls,,,,,3.0
call_1099,40.112488724829085,-77.51985361332564,75D,75D,,911_calls,,,,,3.0
call_1100,40.112488425421645,-77.51985446461165,75M,75M,,911_calls,,,,,3.0
call_1101,40.11248903322598,-77.51985440869606,75D,75D,,911_calls,,,,,3.0
call_1102,40.11248890625023,-77.51985444259758,75D,75D,,911_calls,,,,,3.0
call_1103,40.11248917821427,-77.5198543375398,20Q2,20Q2,,911_calls,,,,,3.0
call_1104,40.11248872807089,-77.5198545155678,75T,75T,,911_calls,,,,,3.0
call_1105,40.112488436286,-77.51985444107818,75Z,75Z,,911_calls,,,,,3.0
call_1106,40.11248868715544,-77.51985420368122,10S4,10S4,,911_calls,,,,,3.0
call_1107,40.11248921797839,-77.51985431274512,10P2,10P2,,911_calls,,,,,3.0
call_1108,40.112489182960914,-77.51985423875058,54U2,54U2,,911_calls,,,,,3.0
call_1109,40.112489194454845,-77.51985433357137,56S,56S,,911_calls,,,,,3.0
call_1110,40.11248863643829,-77.51985416088156,75D,75D,,911_calls,,,,,3.0
call_1111,40.112489073224964,-77.5198541872345,11C4,11C4,,911_calls,,,,,3.0
call_1112,40.1124887262918,-77.51985450894725,68Q1,68Q1,,911_calls,,,,,3.0
call_1113,40.11248919764629,-77.51985395669554,68Q1,68Q1,,911_calls,,,,,3.0
call_1114,40.11248877327035,-77.51985426085331,68Q2,68Q2,,911_calls,,,,,3.0
call_1115,40.1124886647666,-77.51985412629105,10S4,10S4,,911_calls,,,,,3.0
call_1116,40.112489143709695,-77.51985435422719,75S,75S,,911_calls,,,,,3.0
call_1117,40.11248916996372,-77.51985422200796,10V2,10V2,,911_calls,,,,,3.0
call_1118,40.11248856226903,-77.5198548251618,34Q6,34Q6,,911_calls,,,,,3.0
call_1119,40.11248868477576,-77.51985430329,75O,75O,,911_calls,,,,,3.0
call_1120,40.11248872371795,-77.51985448281886,68Q1,68Q1,,911_calls,,,,,3.0
call_1121,40.11248877327035,-77.51985426085331,68Q2,68Q2,,911_calls,,,,,3.0
call_1122,40.112489197526905,-77.51985397845331,68Q1,68Q1,,911_calls,,,,,3.0
call_1123,40.11248875150278,-77.51985429165283,75M,75M,,911_calls,,,,,3.0
call_1124,40.11248889181873,-77.51985353983034,11C4,11C4,,911_calls,,,,,3.0
call_1125,40.11248851211735,-77.51985432466559,52D2,52D2,,911_calls,,,,,3.0
call_1126,40.11248849793107,-77.51985379437428,75D,75D,,911_calls,,,,,3.0
call_1127,40.112488626205085,-77.51985455882169,75D,75D,,911_calls,,,,,3.0
call_1128,40.112488754728055,-77.5198543135307,75D,75D,,911_calls,,,,,3.0
call_1129,40.11248848046343,-77.51985385429983,75D,75D,,911_calls,,,,,3.0
call_1130,40.11248891404263,-77.51985450532193,54S2,54S2,,911_calls,,,,,3.0
call_1131,40.112488896746584,-77.51985452220175,10P2,10P2,,911_calls,,,,,3.0
call_1132,40.11248874693668,-77.51985424956935,68Q2,68Q2,,911_calls,,,,,3.0
call_1133,40.112488433130586,-77.51985452596033,75I,75I,,911_calls,,,,,3.0
call_1134,40.112488425421645,-77.51985446461165,75M,75M,,911_calls,,,,,3.0
call_1135,40.112488789573135,-77.5198544060799,68Q1,68Q1,,911_calls,,,,,3.0
call_1136,40.11248891614659,-77.51985410473971,10P2,10P2,,911_calls,,,,,3.0
call_1137,40.11248894150406,-77.51985454591284,34Q2,34Q2,,911_calls,,,,,3.0
call_1138,40.11248883682716,-77.51985449303915,68Q1,68Q1,,911_calls,,,,,3.0
call_1139,40.11248847057355,-77.51985445644748,75M,75M,,911_calls,,,,,3.0
call_1140,40.11248927751954,-77.51985413905486,10P2,10P2,,911_calls,,,,,3.0
call_1141,40.112488425421645,-77.51985446461165,50G9,50G9,,911_calls,,,,,3.0
call_1142,40.11248873468768,-77.51985427357423,59W,59W,,911_calls,,,,,3.0
call_1143,40.11248873468768,-77.51985427357423,59W,59W,,911_calls,,,,,3.0
call_1144,40.112488671546615,-77.51985439734898,75D,75D,,911_calls,,,,,3.0
call_1145,40.112488762102736,-77.51985431846188,75S,75S,,911_calls,,,,,3.0
call_1146,40.112488576223896,-77.51985485234188,10S4,10S4,,911_calls,,,,,3.0
call_1147,40.11248908175236,-77.51985436077531,10S4,10S4,,911_calls,,,,,3.0
call_1148,40.11248861121949,-77.51985446816201,75S,75S,,911_calls,,,,,3.0
call_1149,40.11248921511609,-77.51985420685139,75S,75S,,911_calls,,,,,3.0
call_1150,40.11248873496466,-77.5198544971306,54C1,54C1,,911_calls,,,,,3.0
call_1151,40.1124889673663,-77.51985410061747,50G2,50G2,,911_calls,,,,,3.0
call_1152,40.1124885905675,-77.51985463414601,68Q2,68Q2,,911_calls,,,,,3.0
call_1153,40.112488725527584,-77.51985399371831,75S,75S,,911_calls,,,,,3.0
call_1154,40.11248911775965,-77.51985428375063,68Q1,68Q1,,911_calls,,,,,3.0
call_1155,40.11248857518989,-77.51985456293875,75T,75T,,911_calls,,,,,3.0
call_1156,40.11248892850467,-77.5198545084902,24Q1,24Q1,,911_calls,,,,,3.0
call_1157,40.11248869340412,-77.51985456875727,75D,75D,,911_calls,,,,,3.0
call_1158,40.11248916996372,-77.51985422200796,10V2,10V2,,911_calls,,,,,3.0
call_1159,40.11248903889901,-77.51985434782843,75D,75D,,911_calls,,,,,3.0
call_1160,40.112489276179396,-77.51985419583687,68Q1,68Q1,,911_calls,,,,,3.0
call_1161,40.11248888626389,-77.5198545313258,54E1,54E1,,911_calls,,,,,3.0
call_1162,40.11248912261661,-77.51985416072316,75T,75T,,911_calls,,,,,3.0
call_1163,40.11248871095416,-77.51985448375449,10H2,10H2,,911_calls,,,,,3.0
call_1164,40.112488767672254,-77.51985424729247,68Q2,68Q2,,911_calls,,,,,3.0
call_1165,40.11248880107745,-77.51985433797866,75S,75S,,911_calls,,,,,3.0
call_1166,40.11248855151935,-77.51985455984025,75D,75D,,911_calls,,,,,3.0
call_1167,40.11248915415805,-77.51985425897773,75S,75S,,911_calls,,,,,3.0
call_1168,40.11248889355541,-77.51985364994297,50G2,50G2,,911_calls,,,,,3.0
call_1169,40.11248921511609,-77.51985420685139,75S,75S,,911_calls,,,,,3.0
call_1170,40.11248879676359,-77.51985433133123,50P2,50P2,,911_calls,,,,,3.0
call_1171,40.11248921748328,-77.51985425225247,29H2,29H2,,911_calls,,,,,3.0
call_1172,40.112488732017056,-77.51985440818137,52K2,52K2,,911_calls,,,,,3.0
call_1173,40.112489252116504,-77.51985418347596,75S,75S,,911_calls,,,,,3.0
call_1174,40.112489110207484,-77.51985434245516,75D,75D,,911_calls,,,,,3.0
call_1175,40.11248900876526,-77.51985435318527,10V2,10V2,,911_calls,,,,,3.0
call_1176,40.11248871540107,-77.51985436618818,75S,75S,,911_calls,,,,,3.0
call_1177,40.11248872748313,-77.51985448885864,68Q1,68Q1,,911_calls,,,,,3.0
call_1178,40.112488607970754,-77.51985459959837,53S,53S,,911_calls,,,,,3.0
call_1179,40.1124890240212,-77.51985390080178,11C4,11C4,,911_calls,,,,,3.0
call_1180,40.11248881351128,-77.5198538077238,24K1,24K1,,911_calls,,,,,3.0
call_1181,40.11248850433473,-77.51985360881619,68Q1,68Q1,,911_calls,,,,,3.0
call_1182,40.112488868067594,-77.51985355239944,68Q1,68Q1,,911_calls,,,,,3.0
call_1183,40.11248845717289,-77.51985447417195,75M,75M,,911_calls,,,,,3.0
call_1184,40.112488533203724,-77.51985425333868,68Q1,68Q1,,911_calls,,,,,3.0
call_1185,40.11248914997328,-77.51985435602178,54S1,54S1,,911_calls,,,,,3.0
call_1186,40.1124891900359,-77.51985421770564,34Q1,34Q1,,911_calls,,,,,3.0
call_1187,40.11248851398728,-77.51985456780547,68Q2,68Q2,,911_calls,,,,,3.0
call_1188,40.112488929216994,-77.51985441747902,54U1,54U1,,911_calls,,,,,3.0
call_1189,40.112488673049846,-77.51985446194757,68Q1,68Q1,,911_calls,,,,,3.0
call_1190,40.112488754352995,-77.51985430801543,68Q2,68Q2,,911_calls,,,,,3.0
call_1191,40.11248916834688,-77.51985426472658,75M,75M,,911_calls,,,,,3.0
call_1192,40.11248891404263,-77.51985450532193,10Y3,10Y3,,911_calls,,,,,3.0
call_1193,40.11248875349097,-77.51985450788855,75Z,75Z,,911_calls,,,,,3.0
call_1194,40.11248871043314,-77.51985418663166,75S,75S,,911_calls,,,,,3.0
call_1195,40.11248916897718,-77.5198542137344,68Q1,68Q1,,911_calls,,,,,3.0
call_1196,40.11248891930286,-77.5198545154494,75S,75S,,911_calls,,,,,3.0
call_1197,40.112489187440126,-77.51985432350105,53S,53S,,911_calls,,,,,3.0
call_1198,40.11248871191939,-77.51985422700069,75M,75M,,911_calls,,,,,3.0
call_1199,40.11248853088038,-77.51985365690196,34Q1,34Q1,,911_calls,,,,,3.0
call_1200,40.11248851398728,-77.51985456780547,68Q2,68Q2,,911_calls,,,,,3.0
call_1201,40.11248891930286,-77.5198545154494,75S,75S,,911_calls,,,,,3.0
call_1202,40.11248904532052,-77.51985440571376,10H1,10H1,,911_calls,,,,,3.0
call_1203,40.11248897934582,-77.51985424371418,75S,75S,,911_calls,,,,,3.0
call_1204,40.11248882336732,-77.51985448351014,10H1,10H1,,911_calls,,,,,3.0
call_1205,40.11248921702914,-77.51985431569754,10Y3,10Y3,,911_calls,,,,,3.0
call_1206,40.11248902041799,-77.51985438592875,10H2,10H2,,911_calls,,,,,3.0
call_1207,40.11248851738758,-77.51985457585756,68Q2,68Q2,,911_calls,,,,,3.0
call_1208,40.11248865636342,-77.51985419692988,54S2,54S2,,911_calls,,,,,3.0
call_1209,40.11248899485421,-77.51985448941512,75Z,75Z,,911_calls,,,,,3.0
call_1210,40.11248872560091,-77.51985445662588,68Q1,68Q1,,911_calls,,,,,3.0
call_1211,40.11248889643756,-77.51985436060178,54Q9,54Q9,,911_calls,,,,,3.0
call_1212,40.112488791425996,-77.51985435382154,68Q1,68Q1,,911_calls,,,,,3.0
call_1213,40.11248903258486,-77.51985428545716,75D,75D,,911_calls,,,,,3.0
call_1214,40.112488425421645,-77.51985446461165,50P9,50P9,,911_calls,,,,,3.0
call_1215,40.11248861897396,-77.51985439132491,11C4,11C4,,911_calls,,,,,3.0
call_1216,40.11248893068191,-77.51985441888479,68Q1,68Q1,,911_calls,,,,,3.0
call_1217,40.11248890615681,-77.51985453980292,10P2,10P2,,911_calls,,,,,3.0
call_1218,40.11248874280701,-77.51985450396413,75O,75O,,911_calls,,,,,3.0
call_1219,40.11248910831548,-77.5198543906532,10Y3,10Y3,,911_calls,,,,,3.0
call_1220,40.11248906575842,-77.51985437468896,54E9,54E9,,911_calls,,,,,3.0
call_1221,40.11248891580791,-77.51985449916354,54E2,54E2,,911_calls,,,,,3.0
call_1222,40.11248891580791,-77.51985449916354,54E2,54E2,,911_calls,,,,,3.0
call_1223,40.11248909147212,-77.5198542587747,68Q1,68Q1,,911_calls,,,,,3.0
call_1224,40.11248909300352,-77.51985430745191,75S,75S,,911_calls,,,,,3.0
call_1225,40.11248914332367,-77.5198542397984,75D,75D,,911_calls,,,,,3.0
call_1226,40.11248876033421,-77.51985450872277,75S,75S,,911_calls,,,,,3.0
call_1227,40.112488626205085,-77.51985455882169,75D,75D,,911_calls,,,,,3.0
call_1228,40.112489043365485,-77.51985439123042,75D,75D,,911_calls,,,,,3.0
call_1229,40.112488900257944,-77.5198545129715,75M,75M,,911_calls,,,,,3.0
call_1230,40.11248873358423,-77.51985365410805,75D,75D,,911_calls,,,,,3.0
call_1231,40.11248900876526,-77.51985435318527,10P2,10P2,,911_calls,,,,,3.0
call_1232,40.11248873425217,-77.51985426854682,10H2,10H2,,911_calls,,,,,3.0
call_1233,40.11248890988959,-77.51985447265426,54U9,54U9,,911_calls,,,,,3.0
call_1234,40.11248925335723,-77.51985425920375,39C2,39C2,,911_calls,,,,,3.0
call_1235,40.11248897934582,-77.51985424371418,75M,75M,,911_calls,,,,,3.0
call_1236,40.112488930187986,-77.51985450279201,54S2,54S2,,911_calls,,,,,3.0
call_1237,40.11248919057547,-77.51985422430234,10H2,10H2,,911_calls,,,,,3.0
call_1238,40.11248860510262,-77.51985435621552,75D,75D,,911_calls,,,,,3.0
call_1239,40.11248914210592,-77.51985423394478,75D,75D,,911_calls,,,,,3.0
call_1240,40.112488410310846,-77.5198551132671,54H1,54H1,,911_calls,,,,,3.0
call_1241,40.11248878890566,-77.51985385816953,10H2,10H2,,911_calls,,,,,3.0
call_1242,40.11248885156324,-77.51985449024298,75D,75D,,911_calls,,,,,3.0
call_1243,40.112488778203954,-77.51985424285888,68Q2,68Q2,,911_calls,,,,,3.0
call_1244,40.11248869458303,-77.51985457525555,75D,75D,,911_calls,,,,,3.0
call_1245,40.112489013499925,-77.51985436753657,10Y3,10Y3,,911_calls,,,,,3.0
call_1246,40.11248881483455,-77.5198545094092,75T,75T,,911_calls,,,,,3.0
call_1247,40.11248922143638,-77.51985421751701,75M,75M,,911_calls,,,,,3.0
call_1248,40.112489124961904,-77.51985420147103,75D,75D,,911_calls,,,,,3.0
call_1249,40.11248872031943,-77.51985442256725,75Z,75Z,,911_calls,,,,,3.0
call_1250,40.11248873907528,-77.51985426290945,54U2,54U2,,911_calls,,,,,3.0
call_1251,40.112488872172136,-77.51985457455179,10P2,10P2,,911_calls,,,,,3.0
call_1252,40.11248874280701,-77.51985450396413,54S9,54S9,,911_calls,,,,,3.0
call_1253,40.11248903874603,-77.51985376485527,75D,75D,,911_calls,,,,,3.0
call_1254,40.11248921286732,-77.51985409161875,56S,56S,,911_calls,,,,,3.0
call_1255,40.11248869974266,-77.5198545214545,22V2,22V2,,911_calls,,,,,3.0
call_1256,40.11248897934582,-77.51985424371418,10P9,10P9,,911_calls,,,,,3.0
call_1257,40.112488716842385,-77.5198543881137,75S,75S,,911_calls,,,,,3.0
call_1258,40.112489312321074,-77.51985406136725,24Q6,24Q6,,911_calls,,,,,3.0
call_1259,40.11248870909343,-77.51985442721113,68Q1,68Q1,,911_calls,,,,,3.0
call_1260,40.112488834747516,-77.51985448956191,75D,75D,,911_calls,,,,,3.0
call_1261,40.11248873422803,-77.51985401620477,10Y3,10Y3,,911_calls,,,,,3.0
call_1262,40.11248878730053,-77.51985426437886,68Q1,68Q1,,911_calls,,,,,3.0
call_1263,40.112489047656304,-77.5198544099564,10H2,10H2,,911_calls,,,,,3.0
call_1264,40.112488459077696,-77.51985428243077,50G2,50G2,,911_calls,,,,,3.0
call_1265,40.11248862984853,-77.5198545790115,75D,75D,,911_calls,,,,,3.0
call_1266,40.11248916899391,-77.51985396489833,68Q1,68Q1,,911_calls,,,,,3.0
call_1267,40.112489168430606,-77.51985424278756,52D1,52D1,,911_calls,,,,,3.0
call_1268,40.1124887916162,-77.51985450827621,54S2,54S2,,911_calls,,,,,3.0
call_1269,40.112488771344225,-77.51985384854379,52D1,52D1,,911_calls,,,,,3.0
call_1270,40.11248883815608,-77.51985448660248,75D,75D,,911_calls,,,,,3.0
call_1271,40.11248915469993,-77.5198542138939,54E1,54E1,,911_calls,,,,,3.0
call_1272,40.11248915469993,-77.5198542138939,54E1,54E1,,911_calls,,,,,3.0
call_1273,40.11248890263286,-77.5198545235032,10P2,10P2,,911_calls,,,,,3.0
call_1274,40.112488820389366,-77.51985378231225,75S,75S,,911_calls,,,,,3.0
call_1275,40.11248910656891,-77.51985417660596,75S,75S,,911_calls,,,,,3.0
call_1276,40.11248846538045,-77.51985480773595,75D,75D,,911_calls,,,,,3.0
call_1277,40.112488841149464,-77.51985455317337,54U2,54U2,,911_calls,,,,,3.0
call_1278,40.112488531415075,-77.51985387902954,75S,75S,,911_calls,,,,,3.0
call_1279,40.11248872736333,-77.51985383716162,10Y3,10Y3,,911_calls,,,,,3.0
call_1280,40.11248920811403,-77.51985422799387,75S,75S,,911_calls,,,,,3.0
call_1281,40.112488934777,-77.51985451488711,34Q2,34Q2,,911_calls,,,,,3.0
call_1282,40.11248911583927,-77.51985422093175,75I,75I,,911_calls,,,,,3.0
call_1283,40.112488530220524,-77.51985364335619,10S4,10S4,,911_calls,,,,,3.0
call_1284,40.112488890453875,-77.51985427972834,75D,75D,,911_calls,,,,,3.0
call_1285,40.11248896204172,-77.51985439935838,53S,53S,,911_calls,,,,,3.0
call_1286,40.11248928244849,-77.51985397421446,10H1,10H1,,911_calls,,,,,3.0
call_1287,40.11248858286297,-77.51985458837542,59W,59W,,911_calls,,,,,3.0
call_1288,40.11248875364079,-77.51985421142493,68Q2,68Q2,,911_calls,,,,,3.0
call_1289,40.112488764284414,-77.51985437228662,54S1,54S1,,911_calls,,,,,3.0
call_1290,40.112489029853954,-77.51985388918739,75H,75H,,911_calls,,,,,3.0
call_1291,40.11248843202535,-77.51985440470435,34Q1,34Q1,,911_calls,,,,,3.0
call_1292,40.11248868051957,-77.51985449464289,75D,75D,,911_calls,,,,,3.0
call_1293,40.112489040446825,-77.51985443562343,75D,75D,,911_calls,,,,,3.0
call_1294,40.11248842414437,-77.5198544118957,10Y3,10Y3,,911_calls,,,,,3.0
call_1295,40.11248881483455,-77.5198545094092,75T,75T,,911_calls,,,,,3.0
call_1296,40.112488697462226,-77.5198544413781,75O,75O,,911_calls,,,,,3.0
call_1297,40.11248885354963,-77.5198540530324,68Q2,68Q2,,911_calls,,,,,3.0
call_1298,40.11248880678503,-77.5198544258359,68Q1,68Q1,,911_calls,,,,,3.0
call_1299,40.11248889559113,-77.51985455991088,54U1,54U1,,911_calls,,,,,3.0
call_1300,40.112489252116504,-77.51985418347596,75S,75S,,911_calls,,,,,3.0
call_1301,40.112488718946096,-77.51985450998315,75I,75I,,911_calls,,,,,3.0
call_1302,40.11248923486527,-77.51985420500019,75S,75S,,911_calls,,,,,3.0
call_1303,40.112488433130586,-77.51985452596033,75I,75I,,911_calls,,,,,3.0
call_1304,40.112488887109045,-77.51985389276003,10H2,10H2,,911_calls,,,,,3.0
call_1305,40.11248881514168,-77.51985403089168,68Q2,68Q2,,911_calls,,,,,3.0
call_1306,40.112488797125536,-77.51985458092571,52D2,52D2,,911_calls,,,,,3.0
call_1307,40.11248876407442,-77.51985360182947,10V2,10V2,,911_calls,,,,,3.0
call_1308,40.112488788937746,-77.51985458236689,75S,75S,,911_calls,,,,,3.0
call_1309,40.11248883531435,-77.5198544730819,10P2,10P2,,911_calls,,,,,3.0
call_1310,40.112488713984156,-77.5198542011149,75S,75S,,911_calls,,,,,3.0
call_1311,40.1124892296882,-77.51985419591809,24Q2,24Q2,,911_calls,,,,,3.0
call_1312,40.11248883800709,-77.5198543602507,39H1,39H1,,911_calls,,,,,3.0
call_1313,40.112488905070364,-77.51985452784011,54S9,54S9,,911_calls,,,,,3.0
call_1314,40.11248875255531,-77.51985420867376,22P2,22P2,,911_calls,,,,,3.0
call_1315,40.11248870829962,-77.51985426806581,10V2,10V2,,911_calls,,,,,3.0
call_1316,40.11248875533876,-77.51985442662219,75D,75D,,911_calls,,,,,3.0
call_1317,40.11248855891896,-77.5198545280062,75S,75S,,911_calls,,,,,3.0
call_1318,40.112488830017746,-77.51985438781084,39H1,39H1,,911_calls,,,,,3.0
call_1319,40.112488925350824,-77.5198545166429,54S2,54S2,,911_calls,,,,,3.0
call_1320,40.11248917730525,-77.51985397240455,39H1,39H1,,911_calls,,,,,3.0
call_1321,40.112488830839034,-77.51985451366416,68Q1,68Q1,,911_calls,,,,,3.0
call_1322,40.11248877591331,-77.51985427587762,75D,75D,,911_calls,,,,,3.0
call_1323,40.11248852189472,-77.51985482839721,10V2,10V2,,911_calls,,,,,3.0
call_1324,40.112488567447116,-77.51985454607228,68Q2,68Q2,,911_calls,,,,,3.0
call_1325,40.11248877393169,-77.51985452771672,75D,75D,,911_calls,,,,,3.0
call_1326,40.112488526643894,-77.51985365894211,75S,75S,,911_calls,,,,,3.0
call_1327,40.11248894695883,-77.51985394961686,10V2,10V2,,911_calls,,,,,3.0
call_1328,40.1124890905514,-77.51985435953294,75D,75D,,911_calls,,,,,3.0
call_1329,40.11248903933072,-77.51985431407283,10Y3,10Y3,,911_calls,,,,,3.0
call_1330,40.11248910281305,-77.51985433594997,75D,75D,,911_calls,,,,,3.0
call_1331,40.11248890753346,-77.51985446245972,11C4,11C4,,911_calls,,,,,3.0
call_1332,40.11248878859973,-77.51985423419829,34Q6,34Q6,,911_calls,,,,,3.0
call_1333,40.11248842959151,-77.51985447392147,68Q1,68Q1,,911_calls,,,,,3.0
call_1334,40.112488792286555,-77.51985386315926,75D,75D,,911_calls,,,,,3.0
call_1335,40.112488871885354,-77.51985452006532,10P2,10P2,,911_calls,,,,,3.0
call_1336,40.11248894232617,-77.51985446283004,68Q9,68Q9,,911_calls,,,,,3.0
call_1337,40.112488943450835,-77.51985449126416,34Q6,34Q6,,911_calls,,,,,3.0
call_1338,40.11248899254536,-77.51985436734012,75C,75C,,911_calls,,,,,3.0
call_1339,40.11248824782877,-77.5198552994295,75M,75M,,911_calls,,,,,3.0
call_1340,40.11248875622313,-77.51985436170547,68Q1,68Q1,,911_calls,,,,,3.0
call_1341,40.11248868543028,-77.51985412763541,75S,75S,,911_calls,,,,,3.0
call_1342,40.112488931982206,-77.5198544667365,68Q2,68Q2,,911_calls,,,,,3.0
call_1343,40.11248916744391,-77.51985416307389,52D6,52D6,,911_calls,,,,,3.0
call_1344,40.11248895010582,-77.51985449331514,54S9,54S9,,911_calls,,,,,3.0
call_1345,40.11248890333013,-77.51985416611382,39Q9,39Q9,,911_calls,,,,,3.0
call_1346,40.11248898137111,-77.5198544742587,68Q1,68Q1,,911_calls,,,,,3.0
call_1347,40.11248932898346,-77.51985410139154,10Y3,10Y3,,911_calls,,,,,3.0
call_1348,40.11248912162465,-77.5198543024721,75S,75S,,911_calls,,,,,3.0
call_1349,40.112488786900286,-77.51985386453602,54E2,54E2,,911_calls,,,,,3.0
call_1350,40.11248868543028,-77.51985412763541,54S9,54S9,,911_calls,,,,,3.0
call_1351,40.11248920393877,-77.51985409846867,50P1,50P1,,911_calls,,,,,3.0
call_1352,40.11248820559127,-77.5198553985651,10V2,10V2,,911_calls,,,,,3.0
call_1353,40.11248871497126,-77.51985449900452,68Q1,68Q1,,911_calls,,,,,3.0
call_1354,40.11248855040927,-77.51985429381533,10H2,10H2,,911_calls,,,,,3.0
call_1355,40.1124891040341,-77.51985438345274,68Q1,68Q1,,911_calls,,,,,3.0
call_1356,40.11248871326802,-77.51985359530548,68Q1,68Q1,,911_calls,,,,,3.0
call_1357,40.112489133889724,-77.51985431990347,59R4,59R4,,911_calls,,,,,3.0
call_1358,40.11248900148271,-77.5198544567237,68Q1,68Q1,,911_calls,,,,,3.0
call_1359,40.11248879727821,-77.51985458452155,54S9,54S9,,911_calls,,,,,3.0
call_1360,40.11248880196895,-77.51985388729426,52D1,52D1,,911_calls,,,,,3.0
call_1361,40.1124886266398,-77.51985458304621,75D,75D,,911_calls,,,,,3.0
call_1362,40.11248859954171,-77.51985452003684,75T,75T,,911_calls,,,,,3.0
call_1363,40.11248914949815,-77.5198542231087,75I,75I,,911_calls,,,,,3.0
call_1364,40.11248916695815,-77.51985405262832,52D6,52D6,,911_calls,,,,,3.0
call_1365,40.112488555735354,-77.51985426865987,68Q1,68Q1,,911_calls,,,,,3.0
call_1366,40.11248901694577,-77.51985437766207,68Q1,68Q1,,911_calls,,,,,3.0
call_1367,40.11248865936537,-77.51985440561873,75S,75S,,911_calls,,,,,3.0
call_1368,40.112489148700305,-77.51985427014364,54U1,54U1,,911_calls,,,,,3.0
call_1369,40.11248904175721,-77.51985442804104,68Q1,68Q1,,911_calls,,,,,3.0
call_1370,40.11248823404353,-77.51985535325501,75D,75D,,911_calls,,,,,3.0
call_1371,40.112489129734875,-77.51985428914244,10Y3,10Y3,,911_calls,,,,,3.0
call_1372,40.11248892529032,-77.51985449729372,22Q1,22Q1,,911_calls,,,,,3.0
call_1373,40.11248908400474,-77.51985428796807,52D6,52D6,,911_calls,,,,,3.0
call_1374,40.112489131494044,-77.5198541831323,75S,75S,,911_calls,,,,,3.0
call_1375,40.11248890911348,-77.51985403271694,10V2,10V2,,911_calls,,,,,3.0
call_1376,40.11248845717289,-77.51985447417195,75M,75M,,911_calls,,,,,3.0
call_1377,40.11248901268956,-77.51985446425535,75D,75D,,911_calls,,,,,3.0
call_1378,40.11248876911021,-77.51985426576435,10P2,10P2,,911_calls,,,,,3.0
call_1379,40.11248910991099,-77.51985436851362,39H9,39H9,,911_calls,,,,,3.0
call_1380,40.11248889847454,-77.51985452069074,10P2,10P2,,911_calls,,,,,3.0
call_1381,40.112488822550226,-77.5198545095791,10P2,10P2,,911_calls,,,,,3.0
call_1382,40.112488809647424,-77.51985449739395,53S,53S,,911_calls,,,,,3.0
call_1383,40.11248866737869,-77.51985411916212,10S4,10S4,,911_calls,,,,,3.0
call_1384,40.11248870066608,-77.51985429721363,54E1,54E1,,911_calls,,,,,3.0
call_1385,40.11248866739998,-77.51985413524298,59V,59V,,911_calls,,,,,3.0
call_1386,40.11248908354909,-77.51985441994856,68Q1,68Q1,,911_calls,,,,,3.0
call_1387,40.11248880976741,-77.5198538068462,24Q2,24Q2,,911_calls,,,,,3.0
call_1388,40.11248858439568,-77.51985430904517,11C4,11C4,,911_calls,,,,,3.0
call_1389,40.11248912429919,-77.51985420644054,75I,75I,,911_calls,,,,,3.0
call_1390,40.11248858902221,-77.51985464044559,68Q2,68Q2,,911_calls,,,,,3.0
call_1391,40.11248880196092,-77.5198545801214,75S,75S,,911_calls,,,,,3.0
call_1392,40.1124890905514,-77.51985435953294,75D,75D,,911_calls,,,,,3.0
call_1393,40.11248889919857,-77.51985408837523,34Q2,34Q2,,911_calls,,,,,3.0
call_1394,40.112488549227734,-77.51985456884495,68Q2,68Q2,,911_calls,,,,,3.0
call_1395,40.11248892850467,-77.5198545084902,54S2,54S2,,911_calls,,,,,3.0
call_1396,40.11248870476014,-77.51985426494511,75D,75D,,911_calls,,,,,3.0
call_1397,40.11248916394611,-77.5198540075626,10H9,10H9,,911_calls,,,,,3.0
call_1398,40.11248858144214,-77.51985434633853,10V2,10V2,,911_calls,,,,,3.0
call_1399,40.112488571574616,-77.51985458401742,68Q2,68Q2,,911_calls,,,,,3.0
call_1400,40.112488469434425,-77.519854467261,75D,75D,,911_calls,,,,,3.0
call_1401,40.11248926406251,-77.51985409808434,75S,75S,,911_calls,,,,,3.0
call_1402,40.112488491433425,-77.51985380352788,75C,75C,,911_calls,,,,,3.0
call_1403,40.112488743590376,-77.51985375649289,10V2,10V2,,911_calls,,,,,3.0
call_1404,40.11248907706595,-77.51985438266222,75D,75D,,911_calls,,,,,3.0
call_1405,40.11248868934967,-77.51985423979968,75D,75D,,911_calls,,,,,3.0
call_1406,40.11248888359552,-77.51985451441413,10P2,10P2,,911_calls,,,,,3.0
call_1407,40.11248855058714,-77.51985462208182,68Q2,68Q2,,911_calls,,,,,3.0
call_1408,40.11248858317358,-77.51985435062946,75S,75S,,911_calls,,,,,3.0
call_1409,40.112488683483846,-77.51985417121669,54S2,54S2,,911_calls,,,,,3.0
call_1410,40.112489080973106,-77.51985415303933,68Q1,68Q1,,911_calls,,,,,3.0
call_1411,40.11248858404128,-77.51985427234318,68Q1,68Q1,,911_calls,,,,,3.0
call_1412,40.11248892447031,-77.51985425372006,54C2,54C2,,911_calls,,,,,3.0
call_1413,40.112488831556284,-77.51985447097641,29Q1,29Q1,,911_calls,,,,,3.0
call_1414,40.112488768334295,-77.51985449818486,75S,75S,,911_calls,,,,,3.0
call_1415,40.112488600330096,-77.51985451207226,54E1,54E1,,911_calls,,,,,3.0
call_1416,40.112488600330096,-77.51985451207226,54E1,54E1,,911_calls,,,,,3.0
call_1417,40.11248855706514,-77.51985463468164,68Q2,68Q2,,911_calls,,,,,3.0
call_1418,40.11248911336887,-77.51985438466902,75D,75D,,911_calls,,,,,3.0
call_1419,40.1124890312813,-77.51985438005218,68Q1,68Q1,,911_calls,,,,,3.0
call_1420,40.112488906045826,-77.51985450032127,39T1,39T1,,911_calls,,,,,3.0
call_1421,40.11248891864654,-77.51985452892339,10P2,10P2,,911_calls,,,,,3.0
call_1422,40.11248911775965,-77.51985428375063,68Q1,68Q1,,911_calls,,,,,3.0
call_1423,40.11248866586452,-77.51985440882993,10V2,10V2,,911_calls,,,,,3.0
call_1424,40.112488871762146,-77.51985448854367,59R4,59R4,,911_calls,,,,,3.0
call_1425,40.112488820389366,-77.51985378231225,75M,75M,,911_calls,,,,,3.0
call_1426,40.112489080973106,-77.51985415303933,68Q1,68Q1,,911_calls,,,,,3.0
call_1427,40.112488532764154,-77.51985365745534,68Q1,68Q1,,911_calls,,,,,3.0
call_1428,40.1124891662899,-77.51985422930929,10P2,10P2,,911_calls,,,,,3.0
call_1429,40.112488727693396,-77.51985428887866,68Q1,68Q1,,911_calls,,,,,3.0
call_1430,40.11248878516205,-77.51985457474814,68Q1,68Q1,,911_calls,,,,,3.0
call_1431,40.11248900824752,-77.51985405049028,75D,75D,,911_calls,,,,,3.0
call_1432,40.112488717167096,-77.51985451143834,75I,75I,,911_calls,,,,,3.0
call_1433,40.112488771734434,-77.51985423241534,75S,75S,,911_calls,,,,,3.0
call_1434,40.11248845101189,-77.51985395010061,75D,75D,,911_calls,,,,,3.0
call_1435,40.11248873306606,-77.51985449389676,75O,75O,,911_calls,,,,,3.0
call_1436,40.112488532517865,-77.51985467144036,68Q2,68Q2,,911_calls,,,,,3.0
call_1437,40.112488600434006,-77.51985435008454,75D,75D,,911_calls,,,,,3.0
call_1438,40.112489232266945,-77.51985420740463,10S4,10S4,,911_calls,,,,,3.0
call_1439,40.112488550935346,-77.51985467396496,68Q2,68Q2,,911_calls,,,,,3.0
call_1440,40.112489115814896,-77.51985435044656,75D,75D,,911_calls,,,,,3.0
call_1441,40.11248873713785,-77.5198544953602,75T,75T,,911_calls,,,,,3.0
call_1442,40.11248887232878,-77.51985387758255,10V2,10V2,,911_calls,,,,,3.0
call_1443,40.11248928032417,-77.51985408578727,75M,75M,,911_calls,,,,,3.0
call_1444,40.112488931118634,-77.5198545565155,52D1,52D1,,911_calls,,,,,3.0
call_1445,40.11248897934582,-77.51985424371418,75M,75M,,911_calls,,,,,3.0
call_1446,40.112488869966874,-77.51985409316725,11C4,11C4,,911_calls,,,,,3.0
call_1447,40.1124888747089,-77.51985454782952,75T,75T,,911_calls,,,,,3.0
call_1448,40.11248875700669,-77.51985452641959,75S,75S,,911_calls,,,,,3.0
call_1449,40.11248891930286,-77.5198545154494,39Q9,39Q9,,911_calls,,,,,3.0
call_1450,40.11248886504156,-77.51985439369275,68Q1,68Q1,,911_calls,,,,,3.0
call_1451,40.11248904709489,-77.51985440415102,75D,75D,,911_calls,,,,,3.0
call_1452,40.11248868918965,-77.51985450349105,68Q1,68Q1,,911_calls,,,,,3.0
call_1453,40.112488872529276,-77.519854529511,68Q1,68Q1,,911_calls,,,,,3.0
call_1454,40.112488991129084,-77.51985437397221,68Q1,68Q1,,911_calls,,,,,3.0
call_1455,40.112488425421645,-77.51985446461165,75M,75M,,911_calls,,,,,3.0
call_1456,40.112489141048435,-77.51985426613544,54S1,54S1,,911_calls,,,,,3.0
call_1457,40.11248861625839,-77.51985452198043,75S,75S,,911_calls,,,,,3.0
call_1458,40.11248882801915,-77.51985458036704,54R1,54R1,,911_calls,,,,,3.0
call_1459,40.11248882801915,-77.51985458036704,54R1,54R1,,911_calls,,,,,3.0
call_1460,40.11248877792843,-77.51985432045774,68Q1,68Q1,,911_calls,,,,,3.0
call_1461,40.11248869282771,-77.51985457618234,75D,75D,,911_calls,,,,,3.0
call_1462,40.112489183705584,-77.51985423382249,68U9,68U9,,911_calls,,,,,3.0
call_1463,40.11248885040954,-77.51985455607235,34Q9,34Q9,,911_calls,,,,,3.0
call_1464,40.11248876487509,-77.51985437565877,75D,75D,,911_calls,,,,,3.0
call_1465,40.11248869501602,-77.51985421202274,10V2,10V2,,911_calls,,,,,3.0
call_1466,40.112489093600956,-77.5198544019051,34Q6,34Q6,,911_calls,,,,,3.0
call_1467,40.11248882613237,-77.51985440317685,54U1,54U1,,911_calls,,,,,3.0
call_1468,40.11248881553699,-77.51985381164117,75S,75S,,911_calls,,,,,3.0
call_1469,40.11248859056516,-77.51985442475545,10S4,10S4,,911_calls,,,,,3.0
call_1470,40.112488692084476,-77.51985408132234,75I,75I,,911_calls,,,,,3.0
call_1471,40.112488750915325,-77.51985437132855,39G,39G,,911_calls,,,,,3.0
call_1472,40.11248902745405,-77.51985388773991,75H,75H,,911_calls,,,,,3.0
call_1473,40.11248881989244,-77.51985382220076,52D6,52D6,,911_calls,,,,,3.0
call_1474,40.11248881553699,-77.51985381164117,50P9,50P9,,911_calls,,,,,3.0
call_1475,40.112489191693385,-77.51985421225429,10V2,10V2,,911_calls,,,,,3.0
call_1476,40.1124885594064,-77.51985426074027,10P2,10P2,,911_calls,,,,,3.0
call_1477,40.112488736755225,-77.51985450803512,68Q1,68Q1,,911_calls,,,,,3.0
call_1478,40.11248870101794,-77.51985456905373,75I,75I,,911_calls,,,,,3.0
call_1479,40.11248850842411,-77.51985437723881,54U1,54U1,,911_calls,,,,,3.0
call_1480,40.11248863777369,-77.51985455728804,75S,75S,,911_calls,,,,,3.0
call_1481,40.112489016999085,-77.51985438554631,75D,75D,,911_calls,,,,,3.0
call_1482,40.112489002524306,-77.51985446872848,68Q1,68Q1,,911_calls,,,,,3.0
call_1483,40.11248890333013,-77.51985416611382,10P9,10P9,,911_calls,,,,,3.0
call_1484,40.11248917499353,-77.51985415472417,54E2,54E2,,911_calls,,,,,3.0
call_1485,40.11248917499353,-77.51985415472417,54E2,54E2,,911_calls,,,,,3.0
call_1486,40.11248859831344,-77.51985485892568,10S4,10S4,,911_calls,,,,,3.0
call_1487,40.11248889939836,-77.51985397499061,54E8,54E8,,911_calls,,,,,3.0
call_1488,40.11248867746079,-77.51985425790909,75D,75D,,911_calls,,,,,3.0
call_1489,40.11248868931953,-77.51985402284308,34Q2,34Q2,,911_calls,,,,,3.0
call_1490,40.11248881407128,-77.51985451313818,68Q1,68Q1,,911_calls,,,,,3.0
call_1491,40.11248888147495,-77.5198536944059,75H,75H,,911_calls,,,,,3.0
call_1492,40.11248869455068,-77.51985409461257,75I,75I,,911_calls,,,,,3.0
call_1493,40.11248881642065,-77.51985448800197,52D6,52D6,,911_calls,,,,,3.0
call_1494,40.112488717310725,-77.51985359550906,75D,75D,,911_calls,,,,,3.0
call_1495,40.11248875364079,-77.51985421142493,68Q1,68Q1,,911_calls,,,,,3.0
call_1496,40.11248871497126,-77.51985449900452,68Q1,68Q1,,911_calls,,,,,3.0
call_1497,40.11248893817446,-77.51985441796701,68Q1,68Q1,,911_calls,,,,,3.0
call_1498,40.11248867695594,-77.51985426137826,54U2,54U2,,911_calls,,,,,3.0
call_1499,40.11248912932252,-77.51985401623652,10V2,10V2,,911_calls,,,,,3.0
call_1500,40.11248918872156,-77.5198540862283,10H1,10H1,,911_calls,,,,,3.0
call_1501,40.11248871406787,-77.51985447910492,54E1,54E1,,911_calls,,,,,3.0
call_1502,40.11248871406787,-77.51985447910492,54E1,54E1,,911_calls,,,,,3.0
call_1503,40.11248852417531,-77.51985455093094,54Q2,54Q2,,911_calls,,,,,3.0
call_1504,40.112488755486766,-77.51985361064688,75D,75D,,911_calls,,,,,3.0
call_1505,40.11248863777369,-77.51985455728804,75S,75S,,911_calls,,,,,3.0
call_1506,40.11248876519044,-77.51985427442902,54U2,54U2,,911_calls,,,,,3.0
call_1507,40.11248870146169,-77.51985409219746,75I,75I,,911_calls,,,,,3.0
call_1508,40.11248893228031,-77.51985396479267,75D,75D,,911_calls,,,,,3.0
call_1509,40.11248888968196,-77.51985426640363,75S,75S,,911_calls,,,,,3.0
call_1510,40.112489142296475,-77.51985411251769,68Q1,68Q1,,911_calls,,,,,3.0
call_1511,40.11248873720046,-77.51985439944404,75D,75D,,911_calls,,,,,3.0
call_1512,40.112488880753205,-77.51985448941149,10P2,10P2,,911_calls,,,,,3.0
call_1513,40.112489121479804,-77.51985430053853,75M,75M,,911_calls,,,,,3.0
call_1514,40.11248912621751,-77.51985428281002,10S4,10S4,,911_calls,,,,,3.0
call_1515,40.11248862504829,-77.51985458501264,75D,75D,,911_calls,,,,,3.0
call_1516,40.112488264580946,-77.51985534822207,68Q1,68Q1,,911_calls,,,,,3.0
call_1517,40.11248865545976,-77.51985440955652,68Q1,68Q1,,911_calls,,,,,3.0
call_1518,40.112489108222796,-77.51985419976208,52D6,52D6,,911_calls,,,,,3.0
call_1519,40.112488904843836,-77.51985415265847,75D,75D,,911_calls,,,,,3.0
call_1520,40.112489001329045,-77.51985447622458,10Y3,10Y3,,911_calls,,,,,3.0
call_1521,40.112488690657244,-77.51985409169718,75I,75I,,911_calls,,,,,3.0
call_1522,40.11248913413616,-77.51985412390077,13U2,13U2,,911_calls,,,,,3.0
call_1523,40.11248913413616,-77.51985412390077,13U2,13U2,,911_calls,,,,,3.0
call_1524,40.11248906067504,-77.51985432450489,75D,75D,,911_calls,,,,,3.0
call_1525,40.1124885397154,-77.51985426734203,10S4,10S4,,911_calls,,,,,3.0
call_1526,40.11248864080478,-77.51985455289515,68Q1,68Q1,,911_calls,,,,,3.0
call_1527,40.1124891956457,-77.51985416319448,68Q1,68Q1,,911_calls,,,,,3.0
call_1528,40.11248872986295,-77.5198536353982,75D,75D,,911_calls,,,,,3.0
call_1529,40.1124891623752,-77.51985434540707,75D,75D,,911_calls,,,,,3.0
call_1530,40.11248868127283,-77.51985420148843,75D,75D,,911_calls,,,,,3.0
call_1531,40.11248897586192,-77.51985447908835,75S,75S,,911_calls,,,,,3.0
call_1532,40.112488818755416,-77.5198545086714,75D,75D,,911_calls,,,,,3.0
call_1533,40.11248868543028,-77.51985412763541,75O,75O,,911_calls,,,,,3.0
call_1534,40.11248911947638,-77.51985420610706,52V6,52V6,,911_calls,,,,,3.0
call_1535,40.112488716842385,-77.5198543881137,75S,75S,,911_calls,,,,,3.0
call_1536,40.11248872887041,-77.5198544736565,10H2,10H2,,911_calls,,,,,3.0
call_1537,40.11248870261162,-77.51985448508763,10Y3,10Y3,,911_calls,,,,,3.0
call_1538,40.11248895489058,-77.51985449905352,56S,56S,,911_calls,,,,,3.0
call_1539,40.11248923918455,-77.51985421951129,68Q1,68Q1,,911_calls,,,,,3.0
call_1540,40.11248880083891,-77.51985381534378,75H,75H,,911_calls,,,,,3.0
call_1541,40.11248866659026,-77.51985450869651,68Q1,68Q1,,911_calls,,,,,3.0
call_1542,40.11248913546634,-77.51985437162107,68Q1,68Q1,,911_calls,,,,,3.0
call_1543,40.11248871373556,-77.51985445457859,68Q1,68Q1,,911_calls,,,,,3.0
call_1544,40.112488788937746,-77.51985458236689,75S,75S,,911_calls,,,,,3.0
call_1545,40.112489291885375,-77.51985402869468,54U1,54U1,,911_calls,,,,,3.0
call_1546,40.11248868445508,-77.51985446203666,75H,75H,,911_calls,,,,,3.0
call_1547,40.11248863777369,-77.51985455728804,75O,75O,,911_calls,,,,,3.0
call_1548,40.11248917106244,-77.51985424426545,10V2,10V2,,911_calls,,,,,3.0
call_1549,40.11248866107945,-77.51985413631873,10V2,10V2,,911_calls,,,,,3.0
call_1550,40.112488891494166,-77.51985452675687,68Q1,68Q1,,911_calls,,,,,3.0
call_1551,40.112488900211986,-77.51985451911563,10P2,10P2,,911_calls,,,,,3.0
call_1552,40.11248884585395,-77.51985452066934,52D9,52D9,,911_calls,,,,,3.0
call_1553,40.11248875700669,-77.51985452641959,75M,75M,,911_calls,,,,,3.0
call_1554,40.11248868440238,-77.51985408832884,60I,60I,,911_calls,,,,,3.0
call_1555,40.11248889828828,-77.51985449612113,10H2,10H2,,911_calls,,,,,3.0
call_1556,40.11248862382015,-77.51985422364997,75Z,75Z,,911_calls,,,,,3.0
call_1557,40.112489121167094,-77.51985404569395,10M2,10M2,,911_calls,,,,,3.0
call_1558,40.112488885041586,-77.51985451569033,54S1,54S1,,911_calls,,,,,3.0
call_1559,40.11248921555271,-77.51985430448597,75D,75D,,911_calls,,,,,3.0
call_1560,40.112488743803524,-77.51985440344843,68Q1,68Q1,,911_calls,,,,,3.0
call_1561,40.11248873266388,-77.51985374552082,54S1,54S1,,911_calls,,,,,3.0
call_1562,40.11248905300816,-77.51985433041982,68Q1,68Q1,,911_calls,,,,,3.0
call_1563,40.11248871204521,-77.51985358005676,50G1,50G1,,911_calls,,,,,3.0
call_1564,40.11248865481234,-77.51985446876381,75M,75M,,911_calls,,,,,3.0
call_1565,40.112488602396716,-77.51985460087758,75D,75D,,911_calls,,,,,3.0
call_1566,40.11248923078775,-77.51985427574323,75D,75D,,911_calls,,,,,3.0
call_1567,40.11248893771682,-77.51985404765304,68Q1,68Q1,,911_calls,,,,,3.0
call_1568,40.11248879855126,-77.51985437185395,53H,53H,,911_calls,,,,,3.0
call_1569,40.11248892174082,-77.51985451977366,68Q1,68Q1,,911_calls,,,,,3.0
call_1570,40.112488618204786,-77.51985456883263,75D,75D,,911_calls,,,,,3.0
call_1571,40.11248895773988,-77.51985453263069,24Q1,24Q1,,911_calls,,,,,3.0
call_1572,40.11248864518683,-77.51985416355198,75D,75D,,911_calls,,,,,3.0
call_1573,40.112488742935085,-77.51985451229243,75M,75M,,911_calls,,,,,3.0
call_1574,40.112489079095475,-77.51985429172507,75D,75D,,911_calls,,,,,3.0
call_1575,40.11248917181642,-77.51985394831883,68Q1,68Q1,,911_calls,,,,,3.0
call_1576,40.11248914854291,-77.5198543170564,54S1,54S1,,911_calls,,,,,3.0
call_1577,40.11248902444923,-77.51985388533286,75H,75H,,911_calls,,,,,3.0
call_1578,40.112489043843645,-77.51985436914482,75D,75D,,911_calls,,,,,3.0
call_1579,40.11248922181099,-77.51985422133858,10P2,10P2,,911_calls,,,,,3.0
call_1580,40.11248851734353,-77.51985438588035,75S,75S,,911_calls,,,,,3.0
call_1581,40.11248911775965,-77.51985428375063,68Q1,68Q1,,911_calls,,,,,3.0
call_1582,40.112488927809636,-77.51985430393015,10P2,10P2,,911_calls,,,,,3.0
call_1583,40.11248879657206,-77.51985451432914,68Q1,68Q1,,911_calls,,,,,3.0
call_1584,40.112488885041586,-77.51985451569033,54S2,54S2,,911_calls,,,,,3.0
call_1585,40.11248852974987,-77.51985389018326,75D,75D,,911_calls,,,,,3.0
call_1586,40.11248917980773,-77.51985436740325,53S8,53S8,,911_calls,,,,,3.0
call_1587,40.11248893891912,-77.51985451773781,68Q1,68Q1,,911_calls,,,,,3.0
call_1588,40.112489121479804,-77.51985430053853,54E9,54E9,,911_calls,,,,,3.0
call_1589,40.11248870036707,-77.51985408445628,75I,75I,,911_calls,,,,,3.0
call_1590,40.11248880196092,-77.5198545801214,68Q9,68Q9,,911_calls,,,,,3.0
call_1591,40.11248873624659,-77.51985426916421,68Q1,68Q1,,911_calls,,,,,3.0
call_1592,40.112488546776206,-77.51985482364314,75D,75D,,911_calls,,,,,3.0
call_1593,40.112489183705584,-77.51985423382249,75S,75S,,911_calls,,,,,3.0
call_1594,40.112488638334526,-77.51985429149438,75Z,75Z,,911_calls,,,,,3.0
call_1595,40.1124889558352,-77.5198541072492,22V2,22V2,,911_calls,,,,,3.0
call_1596,40.112488771112254,-77.5198545281888,54U2,54U2,,911_calls,,,,,3.0
call_1597,40.11248868746435,-77.519854088301,75I,75I,,911_calls,,,,,3.0
call_1598,40.112489200719,-77.51985415345197,39H1,39H1,,911_calls,,,,,3.0
call_1599,40.11248871401755,-77.51985425728951,52D6,52D6,,911_calls,,,,,3.0
call_1600,40.11248868477576,-77.51985430329,54S9,54S9,,911_calls,,,,,3.0
call_1601,40.11248896119289,-77.51985423889448,54S2,54S2,,911_calls,,,,,3.0
call_1602,40.11248894286716,-77.51985445723979,54S2,54S2,,911_calls,,,,,3.0
call_1603,40.11248897485438,-77.51985438817265,68Q1,68Q1,,911_calls,,,,,3.0
call_1604,40.11248875492563,-77.51985437259262,75M,75M,,911_calls,,,,,3.0
call_1605,40.112488656618424,-77.51985452081404,68Q1,68Q1,,911_calls,,,,,3.0
call_1606,40.11248875863347,-77.51985436771263,24Q2,24Q2,,911_calls,,,,,3.0
call_1607,40.112489086396124,-77.51985426729344,10H1,10H1,,911_calls,,,,,3.0
call_1608,40.11248916322939,-77.51985435573063,54E1,54E1,,911_calls,,,,,3.0
call_1609,40.11248916322939,-77.51985435573063,54E1,54E1,,911_calls,,,,,3.0
call_1610,40.112489056802254,-77.519854255622,53S,53S,,911_calls,,,,,3.0
call_1611,40.11248869455068,-77.51985409461257,75I,75I,,911_calls,,,,,3.0
call_1612,40.11248893640161,-77.519854419477,68Q1,68Q1,,911_calls,,,,,3.0
call_1613,40.11248912162465,-77.5198543024721,75M,75M,,911_calls,,,,,3.0
call_1614,40.112488897289026,-77.51985421612541,68Q2,68Q2,,911_calls,,,,,3.0
call_1615,40.11248923224627,-77.51985410988874,39C1,39C1,,911_calls,,,,,3.0
call_1616,40.11248867881588,-77.51985449634684,75D,75D,,911_calls,,,,,3.0
call_1617,40.11248926406251,-77.51985409808434,75S,75S,,911_calls,,,,,3.0
call_1618,40.112489083245556,-77.51985436595724,75D,75D,,911_calls,,,,,3.0
call_1619,40.11248893417591,-77.51985450894061,34K1,34K1,,911_calls,,,,,3.0
call_1620,40.11248893417591,-77.51985450894061,34K1,34K1,,911_calls,,,,,3.0
call_1621,40.11248891930286,-77.5198545154494,75S,75S,,911_calls,,,,,3.0
call_1622,40.11248916600763,-77.51985434224372,68Q1,68Q1,,911_calls,,,,,3.0
call_1623,40.11248863777369,-77.51985455728804,75O,75O,,911_calls,,,,,3.0
call_1624,40.11248859674849,-77.51985460819905,75Z,75Z,,911_calls,,,,,3.0
call_1625,40.11248850335391,-77.51985444257261,68Q1,68Q1,,911_calls,,,,,3.0
call_1626,40.112488504492084,-77.51985445878908,68Q1,68Q1,,911_calls,,,,,3.0
call_1627,40.112488740401666,-77.51985430363946,75D,75D,,911_calls,,,,,3.0
call_1628,40.112488503079156,-77.51985443727567,68Q1,68Q1,,911_calls,,,,,3.0
call_1629,40.1124887917471,-77.51985383319963,75T,75T,,911_calls,,,,,3.0
call_1630,40.11248891930286,-77.5198545154494,75O,75O,,911_calls,,,,,3.0
call_1631,40.11248845407539,-77.51985395229907,75T,75T,,911_calls,,,,,3.0
call_1632,40.11248905501995,-77.51985433739762,75O,75O,,911_calls,,,,,3.0
call_1633,40.11248910387062,-77.51985434752147,75D,75D,,911_calls,,,,,3.0
call_1634,40.11248886300119,-77.51985452184819,68Q1,68Q1,,911_calls,,,,,3.0
call_1635,40.112488505826676,-77.5198544609973,68Q1,68Q1,,911_calls,,,,,3.0
call_1636,40.1124889145241,-77.51985456478981,75M,75M,,911_calls,,,,,3.0
call_1637,40.112488731327595,-77.51985409241026,75S,75S,,911_calls,,,,,3.0
call_1638,40.11248891552694,-77.51985451050021,10H1,10H1,,911_calls,,,,,3.0
call_1639,40.112489028009946,-77.51985436099336,13X1,13X1,,911_calls,,,,,3.0
call_1640,40.112489028009946,-77.51985436099336,13X1,13X1,,911_calls,,,,,3.0
call_1641,40.11248890799324,-77.51985434239367,10P9,10P9,,911_calls,,,,,3.0
call_1642,40.11248885117417,-77.51985397300595,53X,53X,,911_calls,,,,,3.0
call_1643,40.11248885117417,-77.51985397300595,53X,53X,,911_calls,,,,,3.0
call_1644,40.11248861121949,-77.51985446816201,75S,75S,,911_calls,,,,,3.0
call_1645,40.112488701010044,-77.51985409543786,75I,75I,,911_calls,,,,,3.0
call_1646,40.11248863153577,-77.51985438909716,10V2,10V2,,911_calls,,,,,3.0
call_1647,40.11248888924328,-77.51985422039277,68Q2,68Q2,,911_calls,,,,,3.0
call_1648,40.11248930538238,-77.51985420675143,10Y3,10Y3,,911_calls,,,,,3.0
call_1649,40.11248889748149,-77.51985417679452,68Q2,68Q2,,911_calls,,,,,3.0
call_1650,40.11248863777369,-77.51985455728804,75O,75O,,911_calls,,,,,3.0
call_1651,40.112489081205815,-77.51985431681581,75M,75M,,911_calls,,,,,3.0
call_1652,40.112488794511485,-77.51985383379804,75D,75D,,911_calls,,,,,3.0
call_1653,40.11248895962947,-77.5198543909547,75D,75D,,911_calls,,,,,3.0
call_1654,40.11248891930286,-77.5198545154494,11C4,11C4,,911_calls,,,,,3.0
call_1655,40.11248870795655,-77.51985395259993,54U1,54U1,,911_calls,,,,,3.0
call_1656,40.112489034512514,-77.51985443120766,75D,75D,,911_calls,,,,,3.0
call_1657,40.112488812252735,-77.51985366228166,10H1,10H1,,911_calls,,,,,3.0
call_1658,40.11248882037433,-77.51985447810137,68Q1,68Q1,,911_calls,,,,,3.0
call_1659,40.1124890797148,-77.5198543689945,75D,75D,,911_calls,,,,,3.0
call_1660,40.11248868746435,-77.519854088301,75I,75I,,911_calls,,,,,3.0
call_1661,40.11248888857627,-77.51985455511452,50G2,50G2,,911_calls,,,,,3.0
call_1662,40.112488842010954,-77.51985456898029,11C4,11C4,,911_calls,,,,,3.0
call_1663,40.11248910704154,-77.51985422613649,75D,75D,,911_calls,,,,,3.0
call_1664,40.11248871837405,-77.51985446288153,10V2,10V2,,911_calls,,,,,3.0
call_1665,40.11248892712112,-77.51985454262935,34Q1,34Q1,,911_calls,,,,,3.0
call_1666,40.11248897227994,-77.51985374736893,50P2,50P2,,911_calls,,,,,3.0
call_1667,40.11248863777369,-77.51985455728804,75S,75S,,911_calls,,,,,3.0
call_1668,40.112488825866414,-77.51985435511035,53S,53S,,911_calls,,,,,3.0
call_1669,40.11248864455119,-77.51985415262516,75D,75D,,911_calls,,,,,3.0
call_1670,40.11248913050756,-77.51985409080667,68Q1,68Q1,,911_calls,,,,,3.0
call_1671,40.11248855891896,-77.5198545280062,75M,75M,,911_calls,,,,,3.0
call_1672,40.11248868746435,-77.519854088301,75I,75I,,911_calls,,,,,3.0
call_1673,40.11248823451546,-77.51985538123515,75D,75D,,911_calls,,,,,3.0
call_1674,40.112488717310725,-77.51985359550906,54S2,54S2,,911_calls,,,,,3.0
call_1675,40.11248900824752,-77.51985405049028,75D,75D,,911_calls,,,,,3.0
call_1676,40.1124886711676,-77.5198541235426,22Q1,22Q1,,911_calls,,,,,3.0
call_1677,40.11248882215079,-77.5198544715723,75I,75I,,911_calls,,,,,3.0
call_1678,40.11248907480703,-77.51985438626849,75D,75D,,911_calls,,,,,3.0
call_1679,40.11248921511609,-77.51985420685139,75O,75O,,911_calls,,,,,3.0
call_1680,40.11248860325316,-77.5198548171477,68Q1,68Q1,,911_calls,,,,,3.0
call_1681,40.11248871493092,-77.5198544190381,10H2,10H2,,911_calls,,,,,3.0
call_1682,40.11248830599182,-77.5198551576421,75D,75D,,911_calls,,,,,3.0
call_1683,40.11248863777369,-77.51985455728804,75O,75O,,911_calls,,,,,3.0
call_1684,40.11248918746493,-77.51985423591336,10Y3,10Y3,,911_calls,,,,,3.0
call_1685,40.112489214048075,-77.519854297425,52D1,52D1,,911_calls,,,,,3.0
call_1686,40.112488857366856,-77.51985406856926,68Q2,68Q2,,911_calls,,,,,3.0
call_1687,40.112488901101386,-77.51985414473688,10V2,10V2,,911_calls,,,,,3.0
call_1688,40.11248869536385,-77.51985449127577,68Q1,68Q1,,911_calls,,,,,3.0
call_1689,40.112488750915325,-77.51985437132855,10V2,10V2,,911_calls,,,,,3.0
call_1690,40.11248873266388,-77.51985374552082,54S1,54S1,,911_calls,,,,,3.0
call_1691,40.112488698724455,-77.5198540962266,75I,75I,,911_calls,,,,,3.0
call_1692,40.112488728239136,-77.51985440523868,52K6,52K6,,911_calls,,,,,3.0
call_1693,40.112488426972874,-77.51985449653029,75I,75I,,911_calls,,,,,3.0
call_1694,40.11248856662872,-77.51985464066567,68Q1,68Q1,,911_calls,,,,,3.0
call_1695,40.11248909641686,-77.51985409271677,59R4,59R4,,911_calls,,,,,3.0
call_1696,40.11248917850817,-77.51985415117609,54S1,54S1,,911_calls,,,,,3.0
call_1697,40.11248921957925,-77.51985423106888,75D,75D,,911_calls,,,,,3.0
call_1698,40.112489179158466,-77.51985425751576,75S,75S,,911_calls,,,,,3.0
call_1699,40.11248855005305,-77.51985452747802,68Q1,68Q1,,911_calls,,,,,3.0
call_1700,40.11248894333355,-77.51985394222051,75H,75H,,911_calls,,,,,3.0
call_1701,40.112489149915845,-77.51985422500451,75I,75I,,911_calls,,,,,3.0
call_1702,40.11248860153012,-77.51985485254991,75D,75D,,911_calls,,,,,3.0
call_1703,40.11248914892124,-77.51985413017243,75D,75D,,911_calls,,,,,3.0
call_1704,40.112488537633126,-77.51985450747156,68Q1,68Q1,,911_calls,,,,,3.0
call_1705,40.11248843202535,-77.51985440470435,68Q1,68Q1,,911_calls,,,,,3.0
call_1706,40.11248881553699,-77.51985381164117,75M,75M,,911_calls,,,,,3.0
call_1707,40.112488693697415,-77.51985408536191,75I,75I,,911_calls,,,,,3.0
call_1708,40.11248850295474,-77.51985453295158,68Q1,68Q1,,911_calls,,,,,3.0
call_1709,40.1124890470583,-77.51985394208188,75D,75D,,911_calls,,,,,3.0
call_1710,40.11248870184758,-77.51985445228526,75H,75H,,911_calls,,,,,3.0
call_1711,40.1124891660992,-77.51985425380276,68Q1,68Q1,,911_calls,,,,,3.0
call_1712,40.11248897586192,-77.51985447908835,75M,75M,,911_calls,,,,,3.0
call_1713,40.112488900211986,-77.51985451911563,54S2,54S2,,911_calls,,,,,3.0
call_1714,40.112489018377026,-77.51985388059349,75H,75H,,911_calls,,,,,3.0
call_1715,40.112488690657244,-77.51985409169718,75I,75I,,911_calls,,,,,3.0
call_1716,40.11248825624102,-77.51985534682106,75Z,75Z,,911_calls,,,,,3.0
call_1717,40.11248870036707,-77.51985408445628,75I,75I,,911_calls,,,,,3.0
call_1718,40.112488716842385,-77.5198543881137,75S,75S,,911_calls,,,,,3.0
call_1719,40.11248932334601,-77.51985402241844,52D6,52D6,,911_calls,,,,,3.0
call_1720,40.11248875506529,-77.51985406340648,75D,75D,,911_calls,,,,,3.0
call_1721,40.11248895812057,-77.51985439739985,75D,75D,,911_calls,,,,,3.0
call_1722,40.11248929580761,-77.51985405790981,10S4,10S4,,911_calls,,,,,3.0
call_1723,40.1124890178432,-77.51985434526489,54U2,54U2,,911_calls,,,,,3.0
call_1724,40.11248880057172,-77.51985385349762,52D1,52D1,,911_calls,,,,,3.0
call_1725,40.112488885807096,-77.51985450698895,59R4,59R4,,911_calls,,,,,3.0
call_1726,40.11248882215079,-77.5198544715723,75I,75I,,911_calls,,,,,3.0
call_1727,40.11248888142741,-77.51985452213837,39Q1,39Q1,,911_calls,,,,,3.0
call_1728,40.112489140244406,-77.51985404082085,53I,53I,,911_calls,,,,,3.0
call_1729,40.11248871464853,-77.51985437626244,75Z,75Z,,911_calls,,,,,3.0
call_1730,40.1124887337932,-77.51985365573015,75D,75D,,911_calls,,,,,3.0
call_1731,40.11248891930286,-77.5198545154494,75O,75O,,911_calls,,,,,3.0
call_1732,40.11248885173723,-77.51985405438808,10Y3,10Y3,,911_calls,,,,,3.0
call_1733,40.11248868477576,-77.51985430329,50P9,50P9,,911_calls,,,,,3.0
call_1734,40.112488713001866,-77.5198542310927,75D,75D,,911_calls,,,,,3.0
call_1735,40.11248910454767,-77.51985435400645,68Q1,68Q1,,911_calls,,,,,3.0
call_1736,40.11248875438733,-77.519854262952,10S4,10S4,,911_calls,,,,,3.0
call_1737,40.11248915703437,-77.51985409197115,10H1,10H1,,911_calls,,,,,3.0
call_1738,40.112488809033344,-77.51985449431609,75D,75D,,911_calls,,,,,3.0
call_1739,40.11248906529888,-77.51985436899182,68Q1,68Q1,,911_calls,,,,,3.0
call_1740,40.11248883985469,-77.51985387024638,75D,75D,,911_calls,,,,,3.0
call_1741,40.11248910514184,-77.51985434019254,68Q1,68Q1,,911_calls,,,,,3.0
call_1742,40.11248892664524,-77.51985450962022,54U2,54U2,,911_calls,,,,,3.0
call_1743,40.11248890799324,-77.51985434239367,75M,75M,,911_calls,,,,,3.0
call_1744,40.11248892050919,-77.5198542117068,10V2,10V2,,911_calls,,,,,3.0
call_1745,40.11248845082557,-77.51985439007717,10V8,10V8,,911_calls,,,,,3.0
call_1746,40.11248874510995,-77.51985439253671,10V2,10V2,,911_calls,,,,,3.0
call_1747,40.11248865118524,-77.51985432708065,10Y3,10Y3,,911_calls,,,,,3.0
call_1748,40.11248890558313,-77.51985446778205,54C1,54C1,,911_calls,,,,,3.0
call_1749,40.11248906879208,-77.51985438522273,10H2,10H2,,911_calls,,,,,3.0
call_1750,40.11248870188265,-77.51985408922633,75I,75I,,911_calls,,,,,3.0
call_1751,40.11248869679999,-77.5198545764684,75D,75D,,911_calls,,,,,3.0
call_1752,40.11248878280957,-77.51985459741465,54S9,54S9,,911_calls,,,,,3.0
call_1753,40.11248912261661,-77.51985416072316,75T,75T,,911_calls,,,,,3.0
call_1754,40.11248916938717,-77.51985435035614,68Q1,68Q1,,911_calls,,,,,3.0
call_1755,40.11248901088894,-77.51985435673075,11C4,11C4,,911_calls,,,,,3.0
call_1756,40.11248877113633,-77.51985390724617,75D,75D,,911_calls,,,,,3.0
call_1757,40.11248921932643,-77.51985424466284,11C4,11C4,,911_calls,,,,,3.0
call_1758,40.11248865117306,-77.51985447628601,75D,75D,,911_calls,,,,,3.0
call_1759,40.11248880130976,-77.5198538382176,75D,75D,,911_calls,,,,,3.0
call_1760,40.11248856285303,-77.51985463720479,75D,75D,,911_calls,,,,,3.0
call_1761,40.112488912438984,-77.5198541377902,10V2,10V2,,911_calls,,,,,3.0
call_1762,40.11248879904467,-77.51985387147465,75S,75S,,911_calls,,,,,3.0
call_1763,40.11248853952672,-77.51985481678201,75D,75D,,911_calls,,,,,3.0
call_1764,40.11248878681592,-77.51985416897114,54S1,54S1,,911_calls,,,,,3.0
call_1765,40.112488713984156,-77.5198542011149,75S,75S,,911_calls,,,,,3.0
call_1766,40.11248860691753,-77.51985444620261,10S4,10S4,,911_calls,,,,,3.0
call_1767,40.11248904709489,-77.51985440415102,68U2,68U2,,911_calls,,,,,3.0
call_1768,40.11248922848254,-77.51985419664646,75S,75S,,911_calls,,,,,3.0
call_1769,40.11248850803536,-77.5198543805817,50G2,50G2,,911_calls,,,,,3.0
call_1770,40.112488780760046,-77.51985457348466,68Q1,68Q1,,911_calls,,,,,3.0
call_1771,40.11248882639172,-77.51985450211225,10H1,10H1,,911_calls,,,,,3.0
call_1772,40.11248891506642,-77.51985451272323,22Q1,22Q1,,911_calls,,,,,3.0
call_1773,40.11248891930286,-77.5198545154494,75S,75S,,911_calls,,,,,3.0
call_1774,40.11248869488675,-77.51985457128583,75D,75D,,911_calls,,,,,3.0
call_1775,40.112489093053235,-77.519854308049,75S,75S,,911_calls,,,,,3.0
call_1776,40.112488624313926,-77.51985419411336,75S,75S,,911_calls,,,,,3.0
call_1777,40.1124892755609,-77.5198542298069,54S1,54S1,,911_calls,,,,,3.0
call_1778,40.11248902624195,-77.51985446046106,75S,75S,,911_calls,,,,,3.0
call_1779,40.1124890217333,-77.51985446487913,75D,75D,,911_calls,,,,,3.0
call_1780,40.11248838135234,-77.5198549137796,68Q1,68Q1,,911_calls,,,,,3.0
call_1781,40.11248896024609,-77.5198536897657,75D,75D,,911_calls,,,,,3.0
call_1782,40.11248912162465,-77.5198543024721,75S,75S,,911_calls,,,,,3.0
call_1783,40.112488904843836,-77.51985415265847,75D,75D,,911_calls,,,,,3.0
call_1784,40.112488956938805,-77.51985440917039,75D,75D,,911_calls,,,,,3.0
call_1785,40.11248863777369,-77.51985455728804,75S,75S,,911_calls,,,,,3.0
call_1786,40.11248870476014,-77.51985426494511,75D,75D,,911_calls,,,,,3.0
call_1787,40.11248905668487,-77.51985432728641,75D,75D,,911_calls,,,,,3.0
call_1788,40.11248893417591,-77.51985450894061,75S,75S,,911_calls,,,,,3.0
call_1789,40.11248890808614,-77.51985451879028,29H1,29H1,,911_calls,,,,,3.0
call_1790,40.112488786327575,-77.51985426761989,75D,75D,,911_calls,,,,,3.0
call_1791,40.112489257786414,-77.51985413837932,10P2,10P2,,911_calls,,,,,3.0
call_1792,40.11248879519301,-77.51985368517198,11R4,11R4,,911_calls,,,,,3.0
call_1793,40.112488516066826,-77.51985444010067,68Q1,68Q1,,911_calls,,,,,3.0
call_1794,40.112488924425286,-77.51985396399367,11C4,11C4,,911_calls,,,,,3.0
call_1795,40.11248874326668,-77.5198540331505,52D6,52D6,,911_calls,,,,,3.0
call_1796,40.11248883390193,-77.51985439319961,29H2,29H2,,911_calls,,,,,3.0
call_1797,40.11248914038347,-77.51985427414338,75S,75S,,911_calls,,,,,3.0
call_1798,40.11248874280701,-77.51985450396413,75O,75O,,911_calls,,,,,3.0
call_1799,40.11248877438576,-77.51985424743938,68Q1,68Q1,,911_calls,,,,,3.0
call_1800,40.11248891355298,-77.51985407508073,75D,75D,,911_calls,,,,,3.0
call_1801,40.11248861860381,-77.51985459297696,75D,75D,,911_calls,,,,,3.0
call_1802,40.112489196225454,-77.51985431898294,10V2,10V2,,911_calls,,,,,3.0
call_1803,40.11248909628757,-77.5198541955162,68Q1,68Q1,,911_calls,,,,,3.0
call_1804,40.112488652595424,-77.51985439474709,75Z,75Z,,911_calls,,,,,3.0
call_1805,40.11248895736953,-77.51985441899616,50P1,50P1,,911_calls,,,,,3.0
call_1806,40.112489035504424,-77.51985436025332,68Q1,68Q1,,911_calls,,,,,3.0
call_1807,40.11248868499035,-77.51985445000535,75H,75H,,911_calls,,,,,3.0
call_1808,40.11248890799324,-77.51985434239367,10P9,10P9,,911_calls,,,,,3.0
call_1809,40.11248860284619,-77.5198542086405,75D,75D,,911_calls,,,,,3.0
call_1810,40.11248874002976,-77.51985392623591,52K6,52K6,,911_calls,,,,,3.0
call_1811,40.112488771734434,-77.51985423241534,75S,75S,,911_calls,,,,,3.0
call_1812,40.112488864955836,-77.51985450317855,68Q1,68Q1,,911_calls,,,,,3.0
call_1813,40.11248877776284,-77.51985394230118,10H2,10H2,,911_calls,,,,,3.0
call_1814,40.11248895060741,-77.51985449294082,75S,75S,,911_calls,,,,,3.0
call_1815,40.112488573291685,-77.51985496675066,75I,75I,,911_calls,,,,,3.0
call_1816,40.11248856998212,-77.51985496149034,75I,75I,,911_calls,,,,,3.0
call_1817,40.11248888590571,-77.51985439068697,75S,75S,,911_calls,,,,,3.0
call_1818,40.11248915860101,-77.51985429918248,75D,75D,,911_calls,,,,,3.0
call_1819,40.11248907896655,-77.51985429944735,52K1,52K1,,911_calls,,,,,3.0
call_1820,40.11248910260146,-77.51985428336825,75I,75I,,911_calls,,,,,3.0
call_1821,40.112488731327595,-77.51985409241026,75O,75O,,911_calls,,,,,3.0
call_1822,40.112488662045294,-77.51985438974076,24Q2,24Q2,,911_calls,,,,,3.0
call_1823,40.112488822475854,-77.51985394168068,75M,75M,,911_calls,,,,,3.0
call_1824,40.112488372238914,-77.51985518811443,75H,75H,,911_calls,,,,,3.0
call_1825,40.11248855542415,-77.51985511669983,34Q6,34Q6,,911_calls,,,,,3.0
call_1826,40.112489039913825,-77.5198544296387,34Q2,34Q2,,911_calls,,,,,3.0
call_1827,40.11248870036707,-77.51985408445628,75D,75D,,911_calls,,,,,3.0
call_1828,40.11248883093537,-77.51985362066262,10V2,10V2,,911_calls,,,,,3.0
call_1829,40.11248881407128,-77.51985451313818,54U1,54U1,,911_calls,,,,,3.0
call_1830,40.112488422296764,-77.5198545088049,75D,75D,,911_calls,,,,,3.0
call_1831,40.112488807360926,-77.51985455567612,68Q1,68Q1,,911_calls,,,,,3.0
call_1832,40.112488687753064,-77.5198540834536,75I,75I,,911_calls,,,,,3.0
call_1833,40.112488693024105,-77.51985422577343,10V2,10V2,,911_calls,,,,,3.0
call_1834,40.112488526643894,-77.51985365894211,75S,75S,,911_calls,,,,,3.0
call_1835,40.112489200719,-77.51985415345197,68Q1,68Q1,,911_calls,,,,,3.0
call_1836,40.112488809249946,-77.51985451912054,68Q1,68Q1,,911_calls,,,,,3.0
call_1837,40.11248922961995,-77.51985431521372,10V2,10V2,,911_calls,,,,,3.0
call_1838,40.11248890694532,-77.5198545262076,54U1,54U1,,911_calls,,,,,3.0
call_1839,40.11248917622013,-77.51985419758667,10V2,10V2,,911_calls,,,,,3.0
call_1840,40.11248865118524,-77.51985432708065,54S1,54S1,,911_calls,,,,,3.0
call_1841,40.112488639712886,-77.51985416130405,54S1,54S1,,911_calls,,,,,3.0
call_1842,40.11248870261162,-77.51985448508763,10Y3,10Y3,,911_calls,,,,,3.0
call_1843,40.11248892664524,-77.51985450962022,54S2,54S2,,911_calls,,,,,3.0
call_1844,40.11248891930286,-77.5198545154494,54S9,54S9,,911_calls,,,,,3.0
call_1845,40.11248924434247,-77.51985417674707,68Q1,68Q1,,911_calls,,,,,3.0
call_1846,40.112488652111324,-77.51985416070254,75D,75D,,911_calls,,,,,3.0
call_1847,40.112489142277845,-77.51985427233899,68Q1,68Q1,,911_calls,,,,,3.0
call_1848,40.112488687753064,-77.5198540834536,75I,75I,,911_calls,,,,,3.0
call_1849,40.11248872942208,-77.51985452065674,68Q1,68Q1,,911_calls,,,,,3.0
call_1850,40.11248924586687,-77.51985418670651,68Q1,68Q1,,911_calls,,,,,3.0
call_1851,40.11248880874561,-77.51985389802489,39T1,39T1,,911_calls,,,,,3.0
call_1852,40.11248868861754,-77.51985419372151,75S,75S,,911_calls,,,,,3.0
call_1853,40.11248858426699,-77.51985463599145,75D,75D,,911_calls,,,,,3.0
call_1854,40.11248906124067,-77.51985426565552,10Y3,10Y3,,911_calls,,,,,3.0
call_1855,40.112488725527584,-77.51985399371831,75S,75S,,911_calls,,,,,3.0
call_1856,40.112488919662475,-77.5198541006411,10P2,10P2,,911_calls,,,,,3.0
call_1857,40.11248910030217,-77.5198544130565,75D,75D,,911_calls,,,,,3.0
call_1858,40.11248915145578,-77.51985416597007,75T,75T,,911_calls,,,,,3.0
call_1859,40.112488717546704,-77.51985433910676,52D1,52D1,,911_calls,,,,,3.0
call_1860,40.11248923992486,-77.51985423119062,44H1,44H1,,911_calls,,,,,3.0
call_1861,40.11248919415432,-77.51985409840847,54C1,54C1,,911_calls,,,,,3.0
call_1862,40.112488716218095,-77.51985444763837,68Q1,68Q1,,911_calls,,,,,3.0
call_1863,40.11248875543248,-77.51985383436875,52D2,52D2,,911_calls,,,,,3.0
call_1864,40.112488985397675,-77.51985361247777,75D,75D,,911_calls,,,,,3.0
call_1865,40.11248876205745,-77.51985427207632,34K1,34K1,,911_calls,,,,,3.0
call_1866,40.11248871793445,-77.5198544528872,68Q1,68Q1,,911_calls,,,,,3.0
call_1867,40.11248906888588,-77.51985436584138,68Q1,68Q1,,911_calls,,,,,3.0
call_1868,40.112489252116504,-77.51985418347596,75M,75M,,911_calls,,,,,3.0
call_1869,40.11248871587701,-77.51985420210043,75S,75S,,911_calls,,,,,3.0
call_1870,40.11248877113633,-77.51985390724617,54S2,54S2,,911_calls,,,,,3.0
call_1871,40.11248874954267,-77.51985453055836,10H2,10H2,,911_calls,,,,,3.0
call_1872,40.112488736587274,-77.51985453867998,68Q1,68Q1,,911_calls,,,,,3.0
call_1873,40.112489081205815,-77.51985431681581,75O,75O,,911_calls,,,,,3.0
call_1874,40.11248864793859,-77.5198541720583,75I,75I,,911_calls,,,,,3.0
call_1875,40.11248871850473,-77.51985444929193,68Q1,68Q1,,911_calls,,,,,3.0
call_1876,40.11248883905483,-77.51985399436334,75S,75S,,911_calls,,,,,3.0
call_1877,40.11248856285303,-77.51985463720479,75D,75D,,911_calls,,,,,3.0
call_1878,40.11248871194868,-77.5198544494165,68Q1,68Q1,,911_calls,,,,,3.0
call_1879,40.112488922272476,-77.51985452576784,54U2,54U2,,911_calls,,,,,3.0
call_1880,40.112488922272476,-77.51985452576784,54U2,54U2,,911_calls,,,,,3.0
call_1881,40.11248886557635,-77.51985377554342,75D,75D,,911_calls,,,,,3.0
call_1882,40.112488828415124,-77.5198543531243,54E1,54E1,,911_calls,,,,,3.0
call_1883,40.112488828415124,-77.5198543531243,54E1,54E1,,911_calls,,,,,3.0
call_1884,40.11248870631206,-77.51985451551572,68Q1,68Q1,,911_calls,,,,,3.0
call_1885,40.11248858406122,-77.51985482633705,75D,75D,,911_calls,,,,,3.0
call_1886,40.11248891515175,-77.51985453198233,54C1,54C1,,911_calls,,,,,3.0
call_1887,40.112488531415075,-77.51985387902954,75O,75O,,911_calls,,,,,3.0
call_1888,40.1124887896649,-77.51985412920396,52D2,52D2,,911_calls,,,,,3.0
call_1889,40.11248888066087,-77.51985369749083,75H,75H,,911_calls,,,,,3.0
call_1890,40.11248895500296,-77.51985452308439,53S,53S,,911_calls,,,,,3.0
call_1891,40.11248867979679,-77.51985421165332,10V2,10V2,,911_calls,,,,,3.0
call_1892,40.11248876741643,-77.51985437218953,68Q1,68Q1,,911_calls,,,,,3.0
call_1893,40.11248894232617,-77.51985446283004,56S9,56S9,,911_calls,,,,,3.0
call_1894,40.11248888764578,-77.51985449820137,68Q1,68Q1,,911_calls,,,,,3.0
call_1895,40.11248843122206,-77.51985453282852,75D,75D,,911_calls,,,,,3.0
call_1896,40.11248863777369,-77.51985455728804,75O,75O,,911_calls,,,,,3.0
call_1897,40.112488597099635,-77.5198544437728,39C2,39C2,,911_calls,,,,,3.0
call_1898,40.112489183499406,-77.51985418721988,68Q1,68Q1,,911_calls,,,,,3.0
call_1899,40.11248881544656,-77.51985451230642,34Q2,34Q2,,911_calls,,,,,3.0
call_1900,40.112489111478446,-77.51985438633001,39H2,39H2,,911_calls,,,,,3.0
call_1901,40.11248873306606,-77.51985449389676,75M,75M,,911_calls,,,,,3.0
call_1902,40.11248914892124,-77.51985413017243,68Q1,68Q1,,911_calls,,,,,3.0
call_1903,40.11248923020538,-77.51985421874812,10P2,10P2,,911_calls,,,,,3.0
call_1904,40.1124884671785,-77.51985444055497,50P9,50P9,,911_calls,,,,,3.0
call_1905,40.11248892647631,-77.51985448986498,54S2,54S2,,911_calls,,,,,3.0
call_1906,40.112489100381865,-77.51985418050891,53S,53S,,911_calls,,,,,3.0
call_1907,40.11248918601521,-77.51985392767857,52D6,52D6,,911_calls,,,,,3.0
call_1908,40.11248888764578,-77.51985449820137,68Q1,68Q1,,911_calls,,,,,3.0
call_1909,40.112488878439365,-77.51985447760656,10H2,10H2,,911_calls,,,,,3.0
call_1910,40.11248917684378,-77.51985433277564,52D6,52D6,,911_calls,,,,,3.0
call_1911,40.112488779246526,-77.51985433609964,68Q1,68Q1,,911_calls,,,,,3.0
call_1912,40.112488698724455,-77.5198540962266,75I,75I,,911_calls,,,,,3.0
call_1913,40.112488587244734,-77.51985419348009,68Q1,68Q1,,911_calls,,,,,3.0
call_1914,40.11248872993062,-77.51985446270734,75S,75S,,911_calls,,,,,3.0
call_1915,40.112489252116504,-77.51985418347596,75M,75M,,911_calls,,,,,3.0
call_1916,40.11248867534763,-77.51985446544583,75H,75H,,911_calls,,,,,3.0
call_1917,40.11248928632062,-77.51985414248342,75O,75O,,911_calls,,,,,3.0
call_1918,40.11248892352769,-77.51985413760939,68Q1,68Q1,,911_calls,,,,,3.0
call_1919,40.11248899862981,-77.51985437278115,54S9,54S9,,911_calls,,,,,3.0
call_1920,40.112488960946614,-77.51985449704358,54U1,54U1,,911_calls,,,,,3.0
call_1921,40.11248864793859,-77.5198541720583,75I,75I,,911_calls,,,,,3.0
call_1922,40.112489283242084,-77.51985402778936,68Q1,68Q1,,911_calls,,,,,3.0
call_1923,40.11248891552694,-77.51985451050021,52K2,52K2,,911_calls,,,,,3.0
call_1924,40.112488903893826,-77.51985356410927,10V2,10V2,,911_calls,,,,,3.0
call_1925,40.11248892174082,-77.51985451977366,50P2,50P2,,911_calls,,,,,3.0
call_1926,40.11248863036473,-77.51985457158582,68Q1,68Q1,,911_calls,,,,,3.0
call_1927,40.1124889861315,-77.51985448300624,24Q2,24Q2,,911_calls,,,,,3.0
call_1928,40.11248880168714,-77.51985384228743,75H,75H,,911_calls,,,,,3.0
call_1929,40.112488716842385,-77.5198543881137,75S,75S,,911_calls,,,,,3.0
call_1930,40.11248859949684,-77.51985457374184,68Q1,68Q1,,911_calls,,,,,3.0
call_1931,40.11248842104794,-77.51985449476582,75I,75I,,911_calls,,,,,3.0
call_1932,40.112488767158176,-77.51985460588179,75S,75S,,911_calls,,,,,3.0
call_1933,40.112488731327595,-77.51985409241026,75O,75O,,911_calls,,,,,3.0
call_1934,40.11248865936537,-77.51985440561873,75S,75S,,911_calls,,,,,3.0
call_1935,40.112488507842386,-77.51985453827139,75D,75D,,911_calls,,,,,3.0
call_1936,40.11248875737808,-77.51985422919849,39H1,39H1,,911_calls,,,,,3.0
call_1937,40.112488788937746,-77.51985458236689,54S9,54S9,,911_calls,,,,,3.0
call_1938,40.112488941160805,-77.5198541444456,68Q1,68Q1,,911_calls,,,,,3.0
call_1939,40.112488764476225,-77.51985431777034,56S,56S,,911_calls,,,,,3.0
call_1940,40.11248887293609,-77.51985458520488,10P2,10P2,,911_calls,,,,,3.0
call_1941,40.11248903877708,-77.51985435158245,75O,75O,,911_calls,,,,,3.0
call_1942,40.112488754064366,-77.5198538897842,75D,75D,,911_calls,,,,,3.0
call_1943,40.11248878626259,-77.51985459084696,10Y3,10Y3,,911_calls,,,,,3.0
call_1944,40.112489143709695,-77.51985435422719,75S,75S,,911_calls,,,,,3.0
call_1945,40.11248890799324,-77.51985434239367,75M,75M,,911_calls,,,,,3.0
call_1946,40.11248869455068,-77.51985409461257,75I,75I,,911_calls,,,,,3.0
call_1947,40.11248871572921,-77.5198538743987,75D,75D,,911_calls,,,,,3.0
call_1948,40.11248909377444,-77.51985419634617,75T,75T,,911_calls,,,,,3.0
call_1949,40.11248896808696,-77.51985432004959,10P2,10P2,,911_calls,,,,,3.0
call_1950,40.11248884345469,-77.51985361431149,68Q1,68Q1,,911_calls,,,,,3.0
call_1951,40.11248859887054,-77.51985428753554,75C,75C,,911_calls,,,,,3.0
call_1952,40.11248859174061,-77.5198542596388,75D,75D,,911_calls,,,,,3.0
call_1953,40.11248851533954,-77.51985444144171,54S2,54S2,,911_calls,,,,,3.0
call_1954,40.11248927692458,-77.5198540985948,68Q1,68Q1,,911_calls,,,,,3.0
call_1955,40.11248913732309,-77.51985407017703,10S4,10S4,,911_calls,,,,,3.0
call_1956,40.11248869198127,-77.51985357414786,68Q1,68Q1,,911_calls,,,,,3.0
call_1957,40.11248869214277,-77.51985430277612,10V2,10V2,,911_calls,,,,,3.0
call_1958,40.11248869857548,-77.51985422421008,54I1,54I1,,911_calls,,,,,3.0
call_1959,40.112488884151574,-77.5198545012474,54U2,54U2,,911_calls,,,,,3.0
call_1960,40.112488423603104,-77.51985449748784,75D,75D,,911_calls,,,,,3.0
call_1961,40.11248876576151,-77.51985430575927,53S,53S,,911_calls,,,,,3.0
call_1962,40.112489129669704,-77.51985426493795,75I,75I,,911_calls,,,,,3.0
call_1963,40.11248918570391,-77.51985415483385,68Q1,68Q1,,911_calls,,,,,3.0
call_1964,40.11248907068882,-77.51985438360126,75D,75D,,911_calls,,,,,3.0
call_1965,40.112489151036186,-77.51985414985245,54C1,54C1,,911_calls,,,,,3.0
call_1966,40.1124891166026,-77.51985434562617,75D,75D,,911_calls,,,,,3.0
call_1967,40.112488997647525,-77.51985448291963,10Y3,10Y3,,911_calls,,,,,3.0
call_1968,40.11248882222375,-77.51985456124342,52D1,52D1,,911_calls,,,,,3.0
call_1969,40.11248892515214,-77.5198544507301,54S9,54S9,,911_calls,,,,,3.0
call_1970,40.112489131494044,-77.5198541831323,75T,75T,,911_calls,,,,,3.0
call_1971,40.11248874953477,-77.51985446760833,68Q1,68Q1,,911_calls,,,,,3.0
call_1972,40.11248849899278,-77.51985455844928,68Q1,68Q1,,911_calls,,,,,3.0
call_1973,40.11248896204172,-77.51985439935838,75D,75D,,911_calls,,,,,3.0
call_1974,40.11248867599711,-77.51985450487967,75D,75D,,911_calls,,,,,3.0
call_1975,40.11248848540827,-77.51985452613228,68Q1,68Q1,,911_calls,,,,,3.0
call_1976,40.112488771734434,-77.51985423241534,75S,75S,,911_calls,,,,,3.0
call_1977,40.1124885036991,-77.51985482674533,68Q2,68Q2,,911_calls,,,,,3.0
call_1978,40.11248880673265,-77.51985437405531,75S,75S,,911_calls,,,,,3.0
call_1979,40.11248852023568,-77.51985476106157,68Q2,68Q2,,911_calls,,,,,3.0
call_1980,40.11248897064467,-77.51985438134255,68Q1,68Q1,,911_calls,,,,,3.0
call_1981,40.11248889662047,-77.51985381482277,11C4,11C4,,911_calls,,,,,3.0
call_1982,40.11248897311796,-77.51985374219156,68Q1,68Q1,,911_calls,,,,,3.0
call_1983,40.11248850787956,-77.51985452680539,10Y3,10Y3,,911_calls,,,,,3.0
call_1984,40.11248896898493,-77.5198542248224,10V2,10V2,,911_calls,,,,,3.0
call_1985,40.11248845717289,-77.51985447417195,75T,75T,,911_calls,,,,,3.0
call_1986,40.112488514970785,-77.51985368787405,68Q1,68Q1,,911_calls,,,,,3.0
call_1987,40.11248895773988,-77.51985453263069,24Q1,24Q1,,911_calls,,,,,3.0
call_1988,40.11248853831697,-77.5198548236123,75I,75I,,911_calls,,,,,3.0
call_1989,40.112488932505514,-77.51985449927062,75S,75S,,911_calls,,,,,3.0
call_1990,40.1124886056965,-77.51985455368482,10S4,10S4,,911_calls,,,,,3.0
call_1991,40.112489214859096,-77.51985433127615,75D,75D,,911_calls,,,,,3.0
call_1992,40.112488546430185,-77.5198542177088,75Z,75Z,,911_calls,,,,,3.0
call_1993,40.11248898158041,-77.51985421096565,75D,75D,,911_calls,,,,,3.0
call_1994,40.11248853831697,-77.5198548236123,75I,75I,,911_calls,,,,,3.0
call_1995,40.11248909017434,-77.51985426627013,24Q1,24Q1,,911_calls,,,,,3.0
call_1996,40.112488997372395,-77.5198543840854,68Q1,68Q1,,911_calls,,,,,3.0
call_1997,40.11248885534333,-77.51985416850535,10Y3,10Y3,,911_calls,,,,,3.0
call_1998,40.11248861951449,-77.51985436944841,75D,75D,,911_calls,,,,,3.0
call_1999,40.11248891930286,-77.5198545154494,75O,75O,,911_calls,,,,,3.0
call_2000,40.11248880042357,-77.51985443757376,68Q2,68Q2,,911_calls,,,,,3.0
call_2001,40.112488923215466,-77.51985423664964,75I,75I,,911_calls,,,,,3.0
call_2002,40.11248908879218,-77.51985436109726,52D2,52D2,,911_calls,,,,,3.0
call_2003,40.112489240997874,-77.51985419815557,10P2,10P2,,911_calls,,,,,3.0
call_2004,40.11248921271638,-77.51985428316878,10V2,10V2,,911_calls,,,,,3.0
call_2005,40.11248913761923,-77.51985398704223,10V2,10V2,,911_calls,,,,,3.0
call_2006,40.11248912660909,-77.51985419560737,75D,75D,,911_calls,,,,,3.0
call_2007,40.1124888876313,-77.5198544905826,68Q1,68Q1,,911_calls,,,,,3.0
call_2008,40.112488756292706,-77.51985422644714,39H1,39H1,,911_calls,,,,,3.0
call_2009,40.11248896848863,-77.51985450016154,34Q9,34Q9,,911_calls,,,,,3.0
call_2010,40.11248851330254,-77.51985439769386,54C2,54C2,,911_calls,,,,,3.0
call_2011,40.11248853118949,-77.51985464043982,68Q1,68Q1,,911_calls,,,,,3.0
call_2012,40.11248869339568,-77.51985407481051,10Y3,10Y3,,911_calls,,,,,3.0
call_2013,40.11248869339568,-77.51985407481051,10Y3,10Y3,,911_calls,,,,,3.0
call_2014,40.11248914038347,-77.51985427414338,54S9,54S9,,911_calls,,,,,3.0
call_2015,40.11248888631596,-77.5198542620367,68Q2,68Q2,,911_calls,,,,,3.0
call_2016,40.11248861625839,-77.51985452198043,75M,75M,,911_calls,,,,,3.0
call_2017,40.112489159794976,-77.51985396695534,10V2,10V2,,911_calls,,,,,3.0
call_2018,40.112489075871714,-77.51985427671117,10S4,10S4,,911_calls,,,,,3.0
call_2019,40.11248877941926,-77.51985433463747,10Y3,10Y3,,911_calls,,,,,3.0
call_2020,40.11248880030604,-77.51985441753845,68Q1,68Q1,,911_calls,,,,,3.0
call_2021,40.11248910813643,-77.51985420836655,75D,75D,,911_calls,,,,,3.0
call_2022,40.11248885184208,-77.5198544953954,39H1,39H1,,911_calls,,,,,3.0
call_2023,40.112488648957175,-77.51985416928586,75D,75D,,911_calls,,,,,3.0
call_2024,40.11248913873779,-77.51985423138282,75D,75D,,911_calls,,,,,3.0
call_2025,40.112488425421645,-77.51985446461165,50P9,50P9,,911_calls,,,,,3.0
call_2026,40.11248859386335,-77.51985415930807,10S4,10S4,,911_calls,,,,,3.0
call_2027,40.112488788080775,-77.51985390942868,53D,53D,,911_calls,,,,,3.0
call_2028,40.11248872107222,-77.51985411027904,11C4,11C4,,911_calls,,,,,3.0
call_2029,40.112488717310725,-77.51985359550906,34Q2,34Q2,,911_calls,,,,,3.0
call_2030,40.112488580611995,-77.51985461308449,68Q1,68Q1,,911_calls,,,,,3.0
call_2031,40.11248892471031,-77.51985453009233,54U2,54U2,,911_calls,,,,,3.0
call_2032,40.112488550935346,-77.51985467396496,68Q1,68Q1,,911_calls,,,,,3.0
call_2033,40.11248892279741,-77.51985408712297,68Q1,68Q1,,911_calls,,,,,3.0
call_2034,40.11248855818699,-77.51985461407949,68Q1,68Q1,,911_calls,,,,,3.0
call_2035,40.112488737202,-77.51985444246878,75D,75D,,911_calls,,,,,3.0
call_2036,40.112488550091975,-77.51985458623824,68Q1,68Q1,,911_calls,,,,,3.0
call_2037,40.11248860292022,-77.51985486324925,68Q2,68Q2,,911_calls,,,,,3.0
call_2038,40.1124887256994,-77.51985428824817,68Q1,68Q1,,911_calls,,,,,3.0
call_2039,40.11248916391149,-77.5198541132981,54E9,54E9,,911_calls,,,,,3.0
call_2040,40.11248916391149,-77.5198541132981,54E9,54E9,,911_calls,,,,,3.0
call_2041,40.11248873776673,-77.5198542341915,11A2,11A2,,911_calls,,,,,3.0
call_2042,40.112488637057055,-77.5198543623822,75D,75D,,911_calls,,,,,3.0
call_2043,40.11248870747896,-77.51985405597227,24Q1,24Q1,,911_calls,,,,,3.0
call_2044,40.11248892647631,-77.51985448986498,54S1,54S1,,911_calls,,,,,3.0
call_2045,40.112488701343324,-77.51985448023622,75D,75D,,911_calls,,,,,3.0
call_2046,40.112488913802686,-77.51985408360208,75D,75D,,911_calls,,,,,3.0
call_2047,40.112489240524624,-77.51985414452764,24Q1,24Q1,,911_calls,,,,,3.0
call_2048,40.112489062134074,-77.51985434617448,10Y3,10Y3,,911_calls,,,,,3.0
call_2049,40.11248847391598,-77.5198538737522,68Q2,68Q2,,911_calls,,,,,3.0
call_2050,40.11248842104794,-77.51985449476582,75I,75I,,911_calls,,,,,3.0
call_2051,40.11248900667502,-77.51985447891809,10Y3,10Y3,,911_calls,,,,,3.0
call_2052,40.112488541752285,-77.51985453673538,75M,75M,,911_calls,,,,,3.0
call_2053,40.11248910836205,-77.51985418365024,68Q1,68Q1,,911_calls,,,,,3.0
call_2054,40.112488707521685,-77.51985417692764,53S,53S,,911_calls,,,,,3.0
call_2055,40.11248900735032,-77.51985435977934,50P1,50P1,,911_calls,,,,,3.0
call_2056,40.11248922434411,-77.51985422084547,10P2,10P2,,911_calls,,,,,3.0
call_2057,40.112488573291685,-77.51985496675066,75I,75I,,911_calls,,,,,3.0
call_2058,40.11248871587701,-77.51985420210043,75M,75M,,911_calls,,,,,3.0
call_2059,40.11248910656891,-77.51985417660596,75T,75T,,911_calls,,,,,3.0
call_2060,40.112489143709695,-77.51985435422719,75M,75M,,911_calls,,,,,3.0
call_2061,40.11248877405354,-77.51985384947513,34Q2,34Q2,,911_calls,,,,,3.0
call_2062,40.11248894717882,-77.51985425400609,54S2,54S2,,911_calls,,,,,3.0
call_2063,40.11248892443783,-77.51985453330677,22Q1,22Q1,,911_calls,,,,,3.0
call_2064,40.11248886208621,-77.51985433537043,53S,53S,,911_calls,,,,,3.0
call_2065,40.11248886208621,-77.51985433537043,53S,53S,,911_calls,,,,,3.0
call_2066,40.11248901642478,-77.51985394692511,59R3,59R3,,911_calls,,,,,3.0
call_2067,40.112488624313926,-77.51985419411336,75S,75S,,911_calls,,,,,3.0
call_2068,40.112488553633334,-77.51985509768922,68Q2,68Q2,,911_calls,,,,,3.0
call_2069,40.11248877653382,-77.51985426909636,75D,75D,,911_calls,,,,,3.0
call_2070,40.11248867565195,-77.51985421008978,10P1,10P1,,911_calls,,,,,3.0
call_2071,40.11248863777369,-77.51985455728804,75O,75O,,911_calls,,,,,3.0
call_2072,40.11248858435928,-77.51985418417021,52D6,52D6,,911_calls,,,,,3.0
call_2073,40.112488923215466,-77.51985423664964,75I,75I,,911_calls,,,,,3.0
call_2074,40.11248893103092,-77.51985407051343,75D,75D,,911_calls,,,,,3.0
call_2075,40.11248919520488,-77.51985416005576,68Q1,68Q1,,911_calls,,,,,3.0
call_2076,40.11248908068579,-77.51985436855315,75D,75D,,911_calls,,,,,3.0
call_2077,40.11248849147149,-77.51985518739028,53X8,53X8,,911_calls,,,,,3.0
call_2078,40.11248849147149,-77.51985518739028,53X8,53X8,,911_calls,,,,,3.0
call_2079,40.112489040446825,-77.51985443562343,68Q1,68Q1,,911_calls,,,,,3.0
call_2080,40.11248916064553,-77.51985411685892,10Y3,10Y3,,911_calls,,,,,3.0
call_2081,40.11248872650056,-77.51985362142642,10V2,10V2,,911_calls,,,,,3.0
call_2082,40.11248874723044,-77.51985443827901,75D,75D,,911_calls,,,,,3.0
call_2083,40.112488924302994,-77.51985408016053,68Q1,68Q1,,911_calls,,,,,3.0
call_2084,40.112489183705584,-77.51985423382249,75S,75S,,911_calls,,,,,3.0
call_2085,40.11248916460893,-77.51985430244927,54S1,54S1,,911_calls,,,,,3.0
call_2086,40.11248907458407,-77.51985438937184,75D,75D,,911_calls,,,,,3.0
call_2087,40.11248911375442,-77.51985420708557,75D,75D,,911_calls,,,,,3.0
call_2088,40.11248861429993,-77.51985435798994,75D,75D,,911_calls,,,,,3.0
call_2089,40.11248884901014,-77.51985451342414,54U2,54U2,,911_calls,,,,,3.0
call_2090,40.11248891401353,-77.5198540639865,29H2,29H2,,911_calls,,,,,3.0
call_2091,40.11248893374883,-77.51985446518792,54U1,54U1,,911_calls,,,,,3.0
call_2092,40.11248903402381,-77.51985444469878,54S1,54S1,,911_calls,,,,,3.0
call_2093,40.11248925161176,-77.51985403898266,10H1,10H1,,911_calls,,,,,3.0
call_2094,40.11248870560223,-77.51985448811972,54E2,54E2,,911_calls,,,,,3.0
call_2095,40.11248870560223,-77.51985448811972,54E2,54E2,,911_calls,,,,,3.0
call_2096,40.11248868336987,-77.51985448605977,10H1,10H1,,911_calls,,,,,3.0
call_2097,40.11248879309221,-77.5198543283431,75Z,75Z,,911_calls,,,,,3.0
call_2098,40.11248907095185,-77.51985437671321,75D,75D,,911_calls,,,,,3.0
call_2099,40.112488469434425,-77.519854467261,75I,75I,,911_calls,,,,,3.0
call_2100,40.11248850418283,-77.51985369066963,68Q1,68Q1,,911_calls,,,,,3.0
call_2101,40.112488504868516,-77.51985446518663,75S,75S,,911_calls,,,,,3.0
call_2102,40.11248892664524,-77.51985450962022,54I2,54I2,,911_calls,,,,,3.0
call_2103,40.11248884473794,-77.5198545495273,22Q1,22Q1,,911_calls,,,,,3.0
call_2104,40.11248892515214,-77.5198544507301,50P9,50P9,,911_calls,,,,,3.0
call_2105,40.11248921271397,-77.51985409497374,34Q7,34Q7,,911_calls,,,,,3.0
call_2106,40.1124888915451,-77.51985456543204,10V2,10V2,,911_calls,,,,,3.0
call_2107,40.112488899994275,-77.51985449826303,68Q1,68Q1,,911_calls,,,,,3.0
call_2108,40.11248895147134,-77.51985374274328,75D,75D,,911_calls,,,,,3.0
call_2109,40.11248922143638,-77.51985421751701,75S,75S,,911_calls,,,,,3.0
call_2110,40.112489255800604,-77.51985413897864,39H2,39H2,,911_calls,,,,,3.0
call_2111,40.11248863777369,-77.51985455728804,75S,75S,,911_calls,,,,,3.0
call_2112,40.11248891930286,-77.5198545154494,50P9,50P9,,911_calls,,,,,3.0
call_2113,40.112488638334526,-77.51985429149438,75D,75D,,911_calls,,,,,3.0
call_2114,40.11248851525427,-77.51985517540639,10Y3,10Y3,,911_calls,,,,,3.0
call_2115,40.112488905070364,-77.51985452784011,68Q1,68Q1,,911_calls,,,,,3.0
call_2116,40.11248880665633,-77.51985379396055,39H2,39H2,,911_calls,,,,,3.0
call_2117,40.11248862382015,-77.51985422364997,75D,75D,,911_calls,,,,,3.0
call_2118,40.11248869679999,-77.5198545764684,75D,75D,,911_calls,,,,,3.0
call_2119,40.11248866561965,-77.51985397367788,54S1,54S1,,911_calls,,,,,3.0
call_2120,40.11248863777369,-77.51985455728804,75O,75O,,911_calls,,,,,3.0
call_2121,40.11248893228031,-77.51985396479267,75D,75D,,911_calls,,,,,3.0
call_2122,40.112489252116504,-77.51985418347596,75M,75M,,911_calls,,,,,3.0
call_2123,40.11248888746715,-77.51985454316441,68Q1,68Q1,,911_calls,,,,,3.0
call_2124,40.112488758012546,-77.51985388223665,75D,75D,,911_calls,,,,,3.0
call_2125,40.11248888329186,-77.5198545597185,68Q1,68Q1,,911_calls,,,,,3.0
call_2126,40.11248878888682,-77.51985457913788,54S9,54S9,,911_calls,,,,,3.0
call_2127,40.11248888323262,-77.5198541695067,10H2,10H2,,911_calls,,,,,3.0
call_2128,40.11248910514184,-77.51985434019254,68Q1,68Q1,,911_calls,,,,,3.0
call_2129,40.112489121479804,-77.51985430053853,75S,75S,,911_calls,,,,,3.0
call_2130,40.11248873264514,-77.51985443739503,75D,75D,,911_calls,,,,,3.0
call_2131,40.112488697462226,-77.5198544413781,75O,75O,,911_calls,,,,,3.0
call_2132,40.112488704296695,-77.51985444913596,75S,75S,,911_calls,,,,,3.0
call_2133,40.112488812639434,-77.51985451237945,54U2,54U2,,911_calls,,,,,3.0
call_2134,40.11248881483455,-77.5198545094092,75T,75T,,911_calls,,,,,3.0
call_2135,40.11248878662443,-77.5198546001061,24Q2,24Q2,,911_calls,,,,,3.0
call_2136,40.11248911193732,-77.51985434086309,75D,75D,,911_calls,,,,,3.0
call_2137,40.112489179158466,-77.51985425751576,75S,75S,,911_calls,,,,,3.0
call_2138,40.11248875096455,-77.51985432768494,75D,75D,,911_calls,,,,,3.0
call_2139,40.11248872150995,-77.51985447026833,75S,75S,,911_calls,,,,,3.0
call_2140,40.11248884327736,-77.51985385368663,59C,59C,,911_calls,,,,,3.0
call_2141,40.11248870382493,-77.51985427712485,10S4,10S4,,911_calls,,,,,3.0
call_2142,40.11248893764183,-77.51985442379006,53H,53H,,911_calls,,,,,3.0
call_2143,40.11248869072312,-77.51985374444979,68Q1,68Q1,,911_calls,,,,,3.0
call_2144,40.112489128026546,-77.51985433988861,68Q1,68Q1,,911_calls,,,,,3.0
call_2145,40.11248833671895,-77.51985502919581,68Q2,68Q2,,911_calls,,,,,3.0
call_2146,40.1124884671785,-77.51985444055497,75S,75S,,911_calls,,,,,3.0
call_2147,40.11248860819699,-77.51985455670385,10P2,10P2,,911_calls,,,,,3.0
call_2148,40.112488615186805,-77.51985436993493,75D,75D,,911_calls,,,,,3.0
call_2149,40.112488903893826,-77.51985356410927,10V2,10V2,,911_calls,,,,,3.0
call_2150,40.11248888590571,-77.51985439068697,75M,75M,,911_calls,,,,,3.0
call_2151,40.11248858317358,-77.51985435062946,75S,75S,,911_calls,,,,,3.0
call_2152,40.112488903354425,-77.51985445588994,75D,75D,,911_calls,,,,,3.0
call_2153,40.112488615186805,-77.51985436993493,75D,75D,,911_calls,,,,,3.0
call_2154,40.112488713984156,-77.5198542011149,75S,75S,,911_calls,,,,,3.0
call_2155,40.11248838172142,-77.51985488249309,68Q2,68Q2,,911_calls,,,,,3.0
call_2156,40.11248875844826,-77.5198543431374,39H1,39H1,,911_calls,,,,,3.0
call_2157,40.112488704296695,-77.51985444913596,75O,75O,,911_calls,,,,,3.0
call_2158,40.112488420519746,-77.51985452388367,75D,75D,,911_calls,,,,,3.0
call_2159,40.112488685288355,-77.51985418911724,31R,31R,,911_calls,,,,,3.0
call_2160,40.11248916897718,-77.5198542137344,54S1,54S1,,911_calls,,,,,3.0
call_2161,40.11248879904467,-77.51985387147465,75M,75M,,911_calls,,,,,3.0
call_2162,40.11248894158057,-77.5198538382491,21R,21R,,911_calls,,,,,3.0
call_2163,40.11248871578028,-77.51985416609604,34Q2,34Q2,,911_calls,,,,,3.0
call_2164,40.112488277687696,-77.5198551014601,68Q2,68Q2,,911_calls,,,,,3.0
call_2165,40.11248898434145,-77.51985448457978,54S1,54S1,,911_calls,,,,,3.0
call_2166,40.112488425401715,-77.51985440383406,68Q1,68Q1,,911_calls,,,,,3.0
call_2167,40.11248885887838,-77.51985448382003,68Q1,68Q1,,911_calls,,,,,3.0
call_2168,40.11248911099251,-77.51985438051369,75D,75D,,911_calls,,,,,3.0
call_2169,40.11248909201207,-77.51985436083571,50P1,50P1,,911_calls,,,,,3.0
call_2170,40.11248923484285,-77.51985408514479,52D1,52D1,,911_calls,,,,,3.0
call_2171,40.112488875853266,-77.51985452661172,13U2,13U2,,911_calls,,,,,3.0
call_2172,40.112488875853266,-77.51985452661172,13U2,13U2,,911_calls,,,,,3.0
call_2173,40.11248868477576,-77.51985430329,75S,75S,,911_calls,,,,,3.0
call_2174,40.11248920811403,-77.51985422799387,75M,75M,,911_calls,,,,,3.0
call_2175,40.11248890749236,-77.51985453218923,54U1,54U1,,911_calls,,,,,3.0
call_2176,40.11248915557774,-77.51985435495104,75S,75S,,911_calls,,,,,3.0
call_2177,40.11248863777369,-77.51985455728804,75S,75S,,911_calls,,,,,3.0
call_2178,40.112489255450676,-77.51985426302261,75D,75D,,911_calls,,,,,3.0
call_2179,40.11248872598083,-77.51985397978471,50P1,50P1,,911_calls,,,,,3.0
call_2180,40.11248888206262,-77.5198541695512,52D6,52D6,,911_calls,,,,,3.0
call_2181,40.11248873512631,-77.51985366042368,10V2,10V2,,911_calls,,,,,3.0
call_2182,40.11248868287807,-77.51985420550282,68Q1,68Q1,,911_calls,,,,,3.0
call_2183,40.11248871540107,-77.51985436618818,75S,75S,,911_calls,,,,,3.0
call_2184,40.11248884073314,-77.51985359020595,34Q1,34Q1,,911_calls,,,,,3.0
call_2185,40.11248868543028,-77.51985412763541,75S,75S,,911_calls,,,,,3.0
call_2186,40.11248903885936,-77.51985439829969,75D,75D,,911_calls,,,,,3.0
call_2187,40.1124887788584,-77.51985432978287,68Q1,68Q1,,911_calls,,,,,3.0
call_2188,40.11248879271697,-77.51985383507875,75D,75D,,911_calls,,,,,3.0
call_2189,40.112489214869505,-77.51985431183658,59R4,59R4,,911_calls,,,,,3.0
call_2190,40.11248861121949,-77.51985446816201,56S9,56S9,,911_calls,,,,,3.0
call_2191,40.112489093600956,-77.5198544019051,39H1,39H1,,911_calls,,,,,3.0
call_2192,40.112488731327595,-77.51985409241026,75M,75M,,911_calls,,,,,3.0
call_2193,40.11248876136071,-77.51985357069205,53S8,53S8,,911_calls,,,,,3.0
call_2194,40.11248911247978,-77.51985422930665,75D,75D,,911_calls,,,,,3.0
call_2195,40.11248923026859,-77.51985429484795,54E9,54E9,,911_calls,,,,,3.0
call_2196,40.11248923026859,-77.51985429484795,54E9,54E9,,911_calls,,,,,3.0
call_2197,40.112488771734434,-77.51985423241534,75S,75S,,911_calls,,,,,3.0
call_2198,40.112488984729524,-77.51985376834617,68Q1,68Q1,,911_calls,,,,,3.0
call_2199,40.11248921271397,-77.51985409497374,75D,75D,,911_calls,,,,,3.0
call_2200,40.11248878251374,-77.51985457529305,68Q1,68Q1,,911_calls,,,,,3.0
call_2201,40.11248879148025,-77.51985430772989,10Y3,10Y3,,911_calls,,,,,3.0
call_2202,40.112489199846,-77.51985423238752,52D1,52D1,,911_calls,,,,,3.0
call_2203,40.11248859807858,-77.5198546571689,75D,75D,,911_calls,,,,,3.0
call_2204,40.11248893312523,-77.51985407660925,68Q1,68Q1,,911_calls,,,,,3.0
call_2205,40.11248907678291,-77.51985439365956,34Q2,34Q2,,911_calls,,,,,3.0
call_2206,40.11248863777369,-77.51985455728804,75O,75O,,911_calls,,,,,3.0
call_2207,40.11248881043274,-77.51985450886997,11C4,11C4,,911_calls,,,,,3.0
call_2208,40.11248906528686,-77.51985428711981,10H1,10H1,,911_calls,,,,,3.0
call_2209,40.11248890625023,-77.51985444259758,75D,75D,,911_calls,,,,,3.0
call_2210,40.11248863787983,-77.51985429504268,75D,75D,,911_calls,,,,,3.0
call_2211,40.112488624313926,-77.51985419411336,75M,75M,,911_calls,,,,,3.0
call_2212,40.11248910666934,-77.51985434549299,75D,75D,,911_calls,,,,,3.0
call_2213,40.11248881553699,-77.51985381164117,75S,75S,,911_calls,,,,,3.0
call_2214,40.11248915557774,-77.51985435495104,75M,75M,,911_calls,,,,,3.0
call_2215,40.1124891540889,-77.51985419942093,75D,75D,,911_calls,,,,,3.0
call_2216,40.11248872025204,-77.51985403755633,75M,75M,,911_calls,,,,,3.0
call_2217,40.11248895812057,-77.51985439739985,75D,75D,,911_calls,,,,,3.0
call_2218,40.11248930196667,-77.51985406574543,39H1,39H1,,911_calls,,,,,3.0
call_2219,40.11248923749981,-77.51985428687205,75D,75D,,911_calls,,,,,3.0
call_2220,40.112488761026846,-77.51985432160666,10P2,10P2,,911_calls,,,,,3.0
call_2221,40.11248918007638,-77.51985422518204,39H2,39H2,,911_calls,,,,,3.0
call_2222,40.11248903901609,-77.51985444663684,68Q1,68Q1,,911_calls,,,,,3.0
call_2223,40.11248878517191,-77.51985426495462,68Q1,68Q1,,911_calls,,,,,3.0
call_2224,40.11248908995852,-77.51985427164897,75O,75O,,911_calls,,,,,3.0
call_2225,40.11248890799324,-77.51985434239367,75S,75S,,911_calls,,,,,3.0
call_2226,40.1124889023936,-77.5198545104615,34Q2,34Q2,,911_calls,,,,,3.0
call_2227,40.112488876681574,-77.5198545655051,54E2,54E2,,911_calls,,,,,3.0
call_2228,40.112488876681574,-77.5198545655051,54E2,54E2,,911_calls,,,,,3.0
call_2229,40.11248851878691,-77.51985438207622,75T,75T,,911_calls,,,,,3.0
call_2230,40.11248904590769,-77.51985443087861,68Q1,68Q1,,911_calls,,,,,3.0
call_2231,40.11248916635736,-77.51985433545997,68Q1,68Q1,,911_calls,,,,,3.0
call_2232,40.11248868861754,-77.51985419372151,75S,75S,,911_calls,,,,,3.0
call_2233,40.112488812473735,-77.51985455418864,54U9,54U9,,911_calls,,,,,3.0
call_2234,40.11248910266974,-77.51985417864626,68Q1,68Q1,,911_calls,,,,,3.0
call_2235,40.112488973746444,-77.519854466952,75D,75D,,911_calls,,,,,3.0
call_2236,40.11248907444371,-77.51985430264203,10Y9,10Y9,,911_calls,,,,,3.0
call_2237,40.11248921511609,-77.51985420685139,75M,75M,,911_calls,,,,,3.0
call_2238,40.112488917154415,-77.51985406560155,34Q2,34Q2,,911_calls,,,,,3.0
call_2239,40.11248879136524,-77.51985439901023,75S,75S,,911_calls,,,,,3.0
call_2240,40.112488738791996,-77.51985448276432,54S9,54S9,,911_calls,,,,,3.0
call_2241,40.112488738791996,-77.51985448276432,75S,75S,,911_calls,,,,,3.0
call_2242,40.11248925084741,-77.5198541710453,75M,75M,,911_calls,,,,,3.0
call_2243,40.11248872993746,-77.51985432193945,11R4,11R4,,911_calls,,,,,3.0
call_2244,40.11248922117937,-77.51985422552326,10P2,10P2,,911_calls,,,,,3.0
call_2245,40.1124889063197,-77.51985413944638,52D6,52D6,,911_calls,,,,,3.0
call_2246,40.11248863777369,-77.51985455728804,75M,75M,,911_calls,,,,,3.0
call_2247,40.11248876691628,-77.51985447907859,68Q1,68Q1,,911_calls,,,,,3.0
call_2248,40.112489098150355,-77.51985434001608,75D,75D,,911_calls,,,,,3.0
call_2249,40.112488425421645,-77.51985446461165,50P9,50P9,,911_calls,,,,,3.0
call_2250,40.112488423281846,-77.51985444738412,75T,75T,,911_calls,,,,,3.0
call_2251,40.11248897168349,-77.51985442504377,68Q1,68Q1,,911_calls,,,,,3.0
call_2252,40.112489183705584,-77.51985423382249,75O,75O,,911_calls,,,,,3.0
call_2253,40.11248876606538,-77.5198538485843,75H,75H,,911_calls,,,,,3.0
call_2254,40.1124886086045,-77.51985458083429,52D2,52D2,,911_calls,,,,,3.0
call_2255,40.112488469434425,-77.519854467261,75D,75D,,911_calls,,,,,3.0
call_2256,40.112488997147885,-77.51985447341076,54S1,54S1,,911_calls,,,,,3.0
call_2257,40.11248922848254,-77.51985419664646,75M,75M,,911_calls,,,,,3.0
call_2258,40.11248917792946,-77.51985418940974,52D1,52D1,,911_calls,,,,,3.0
call_2259,40.11248886410818,-77.51985412731526,54C1,54C1,,911_calls,,,,,3.0
call_2260,40.112489114601715,-77.51985433903438,68Q1,68Q1,,911_calls,,,,,3.0
call_2261,40.11248892575587,-77.51985442561721,75D,75D,,911_calls,,,,,3.0
call_2262,40.11248906443517,-77.51985427667317,68Q1,68Q1,,911_calls,,,,,3.0
call_2263,40.112488809033344,-77.51985449431609,75D,75D,,911_calls,,,,,3.0
call_2264,40.11248862647541,-77.51985441450655,11C4,11C4,,911_calls,,,,,3.0
call_2265,40.11248892239612,-77.51985450632522,10H2,10H2,,911_calls,,,,,3.0
call_2266,40.11248861764705,-77.51985429465516,10P2,10P2,,911_calls,,,,,3.0
call_2267,40.11248903842282,-77.51985437753738,75D,75D,,911_calls,,,,,3.0
call_2268,40.11248909925448,-77.51985425797994,10H2,10H2,,911_calls,,,,,3.0
call_2269,40.11248893260176,-77.51985394638204,34Q1,34Q1,,911_calls,,,,,3.0
call_2270,40.112489185802986,-77.5198542959886,56S,56S,,911_calls,,,,,3.0
call_2271,40.112488808572294,-77.51985416207688,50P9,50P9,,911_calls,,,,,3.0
call_2272,40.112488943989234,-77.5198539500911,54S9,54S9,,911_calls,,,,,3.0
call_2273,40.11248861121949,-77.51985446816201,75S,75S,,911_calls,,,,,3.0
call_2274,40.11248908823118,-77.51985423657345,68Q1,68Q1,,911_calls,,,,,3.0
call_2275,40.11248870382493,-77.51985427712485,75I,75I,,911_calls,,,,,3.0
call_2276,40.11248903854043,-77.51985443730821,54E1,54E1,,911_calls,,,,,3.0
call_2277,40.11248903854043,-77.51985443730821,54E1,54E1,,911_calls,,,,,3.0
call_2278,40.11248842871823,-77.51985448147495,52D6,52D6,,911_calls,,,,,3.0
call_2279,40.112488624313926,-77.51985419411336,50P9,50P9,,911_calls,,,,,3.0
call_2280,40.112488932208485,-77.5198545059839,54U1,54U1,,911_calls,,,,,3.0
call_2281,40.112488784998774,-77.5198538638243,10Y9,10Y9,,911_calls,,,,,3.0
call_2282,40.11248863688103,-77.51985456933629,13U8,13U8,,911_calls,,,,,3.0
call_2283,40.11248863688103,-77.51985456933629,13U8,13U8,,911_calls,,,,,3.0
call_2284,40.11248863688103,-77.51985456933629,13U8,13U8,,911_calls,,,,,3.0
call_2285,40.11248871402341,-77.51985439276703,52D6,52D6,,911_calls,,,,,3.0
call_2286,40.11248867075519,-77.51985421319512,75S,75S,,911_calls,,,,,3.0
call_2287,40.11248891365323,-77.51985451160357,54H2,54H2,,911_calls,,,,,3.0
call_2288,40.112488362569486,-77.5198549654876,34W1,34W1,,911_calls,,,,,3.0
call_2289,40.11248915557774,-77.51985435495104,54S9,54S9,,911_calls,,,,,3.0
call_2290,40.112488504868516,-77.51985446518663,75S,75S,,911_calls,,,,,3.0
call_2291,40.11248859981308,-77.51985480494609,75T,75T,,911_calls,,,,,3.0
call_2292,40.11248864574572,-77.51985429473476,75D,75D,,911_calls,,,,,3.0
call_2293,40.11248897540191,-77.51985442179962,10H2,10H2,,911_calls,,,,,3.0
call_2294,40.11248933715974,-77.51985404231793,75S,75S,,911_calls,,,,,3.0
call_2295,40.11248887366571,-77.51985449921668,54U2,54U2,,911_calls,,,,,3.0
call_2296,40.11248914173448,-77.51985436658983,75Z,75Z,,911_calls,,,,,3.0
call_2297,40.11248929652598,-77.51985397086831,10V2,10V2,,911_calls,,,,,3.0
call_2298,40.11248868543028,-77.51985412763541,75O,75O,,911_calls,,,,,3.0
call_2299,40.11248891930286,-77.5198545154494,75S,75S,,911_calls,,,,,3.0
call_2300,40.112488815875295,-77.51985392987217,68Q1,68Q1,,911_calls,,,,,3.0
call_2301,40.112488485365674,-77.51985430808102,75D,75D,,911_calls,,,,,3.0
call_2302,40.11248887753874,-77.51985449341461,10H2,10H2,,911_calls,,,,,3.0
call_2303,40.11248841771761,-77.51985451719455,68Q1,68Q1,,911_calls,,,,,3.0
call_2304,40.11248891168908,-77.51985453497826,59R4,59R4,,911_calls,,,,,3.0
call_2305,40.112489213303164,-77.51985430606582,10V2,10V2,,911_calls,,,,,3.0
call_2306,40.11248908194751,-77.51985418576041,75D,75D,,911_calls,,,,,3.0
call_2307,40.11248887958152,-77.51985370422892,75H,75H,,911_calls,,,,,3.0
call_2308,40.112488704296695,-77.51985444913596,75O,75O,,911_calls,,,,,3.0
call_2309,40.112488779354955,-77.51985425165266,54S2,54S2,,911_calls,,,,,3.0
call_2310,40.11248926752502,-77.51985420604922,54S1,54S1,,911_calls,,,,,3.0
call_2311,40.11248843183905,-77.5198543723546,68Q1,68Q1,,911_calls,,,,,3.0
call_2312,40.112488501870345,-77.51985372428264,59R4,59R4,,911_calls,,,,,3.0
call_2313,40.112488504868516,-77.51985446518663,75M,75M,,911_calls,,,,,3.0
call_2314,40.11248878236116,-77.51985459095151,50P1,50P1,,911_calls,,,,,3.0
call_2315,40.11248891093148,-77.5198540775198,54E1,54E1,,911_calls,,,,,3.0
call_2316,40.11248891093148,-77.5198540775198,54E1,54E1,,911_calls,,,,,3.0
call_2317,40.11248867775774,-77.5198536903701,10S4,10S4,,911_calls,,,,,3.0
call_2318,40.11248910767055,-77.51985422154068,68Q1,68Q1,,911_calls,,,,,3.0
call_2319,40.112488932505514,-77.51985449927062,75M,75M,,911_calls,,,,,3.0
call_2320,40.11248873306606,-77.51985449389676,39H9,39H9,,911_calls,,,,,3.0
call_2321,40.112488423281846,-77.51985444738412,75T,75T,,911_calls,,,,,3.0
call_2322,40.11248854215769,-77.51985482688701,68Q1,68Q1,,911_calls,,,,,3.0
call_2323,40.11248870878253,-77.51985382451213,52D1,52D1,,911_calls,,,,,3.0
call_2324,40.112488662329724,-77.51985429609647,75D,75D,,911_calls,,,,,3.0
call_2325,40.11248878749115,-77.51985427027269,75D,75D,,911_calls,,,,,3.0
call_2326,40.112488857316336,-77.51985439161682,11C4,11C4,,911_calls,,,,,3.0
call_2327,40.112489206779664,-77.51985410027837,50P1,50P1,,911_calls,,,,,3.0
call_2328,40.112488580069645,-77.51985438732173,68Q1,68Q1,,911_calls,,,,,3.0
call_2329,40.11248898254846,-77.51985438682436,75D,75D,,911_calls,,,,,3.0
call_2330,40.11248859294061,-77.51985436288697,68Q1,68Q1,,911_calls,,,,,3.0
call_2331,40.11248843066239,-77.51985400267024,75H,75H,,911_calls,,,,,3.0
call_2332,40.11248893910113,-77.51985394104467,75H,75H,,911_calls,,,,,3.0
call_2333,40.11248862009554,-77.51985453569303,10V2,10V2,,911_calls,,,,,3.0
call_2334,40.11248882155551,-77.51985446615913,68Q1,68Q1,,911_calls,,,,,3.0
call_2335,40.11248863777369,-77.51985455728804,75M,75M,,911_calls,,,,,3.0
call_2336,40.11248880363446,-77.51985443391982,54U1,54U1,,911_calls,,,,,3.0
call_2337,40.11248874280516,-77.5198544969197,34Q2,34Q2,,911_calls,,,,,3.0
call_2338,40.11248877353165,-77.51985451206914,68Q1,68Q1,,911_calls,,,,,3.0
call_2339,40.11248877405354,-77.51985384947513,34Q1,34Q1,,911_calls,,,,,3.0
call_2340,40.11248881840171,-77.51985432567541,24Q1,24Q1,,911_calls,,,,,3.0
call_2341,40.11248890988959,-77.51985447265426,75S,75S,,911_calls,,,,,3.0
call_2342,40.11248872650056,-77.51985362142642,10V2,10V2,,911_calls,,,,,3.0
call_2343,40.11248873998335,-77.51985396632405,56S,56S,,911_calls,,,,,3.0
call_2344,40.11248902709131,-77.51985378917718,75H,75H,,911_calls,,,,,3.0
call_2345,40.11248891930286,-77.5198545154494,75S,75S,,911_calls,,,,,3.0
call_2346,40.11248925936095,-77.51985417725497,75D,75D,,911_calls,,,,,3.0
call_2347,40.11248861438027,-77.51985429571323,68Q1,68Q1,,911_calls,,,,,3.0
call_2348,40.11248892647631,-77.51985448986498,54S2,54S2,,911_calls,,,,,3.0
call_2349,40.11248898602581,-77.51985449821908,50P1,50P1,,911_calls,,,,,3.0
call_2350,40.112488661331035,-77.51985415024441,53D,53D,,911_calls,,,,,3.0
call_2351,40.11248873705085,-77.51985389755801,52D6,52D6,,911_calls,,,,,3.0
call_2352,40.1124888132362,-77.5198544991167,39H1,39H1,,911_calls,,,,,3.0
call_2353,40.11248900961011,-77.5198543440167,59R4,59R4,,911_calls,,,,,3.0
call_2354,40.11248923170229,-77.51985420088289,11C4,11C4,,911_calls,,,,,3.0
call_2355,40.112488526643894,-77.51985365894211,54S9,54S9,,911_calls,,,,,3.0
call_2356,40.112489121263636,-77.51985435448735,54E1,54E1,,911_calls,,,,,3.0
call_2357,40.112489121263636,-77.51985435448735,54E1,54E1,,911_calls,,,,,3.0
call_2358,40.112489119061166,-77.51985439233017,10S4,10S4,,911_calls,,,,,3.0
call_2359,40.112488704296695,-77.51985444913596,75S,75S,,911_calls,,,,,3.0
call_2360,40.11248897681893,-77.51985422257027,10H2,10H2,,911_calls,,,,,3.0
call_2361,40.112488485958096,-77.51985511442784,53S,53S,,911_calls,,,,,3.0
call_2362,40.112488820389366,-77.51985378231225,75S,75S,,911_calls,,,,,3.0
call_2363,40.112489183705584,-77.51985423382249,10P9,10P9,,911_calls,,,,,3.0
call_2364,40.11248893530141,-77.51985448214852,52D6,52D6,,911_calls,,,,,3.0
call_2365,40.112488759093075,-77.51985424128387,68Q1,68Q1,,911_calls,,,,,3.0
call_2366,40.11248895364757,-77.51985373203912,75Z,75Z,,911_calls,,,,,3.0
call_2367,40.11248892468556,-77.51985427645869,75D,75D,,911_calls,,,,,3.0
call_2368,40.112488531415075,-77.51985387902954,75S,75S,,911_calls,,,,,3.0
call_2369,40.11248881544656,-77.51985451230642,75D,75D,,911_calls,,,,,3.0
call_2370,40.11248890577369,-77.51985413754684,75D,75D,,911_calls,,,,,3.0
call_2371,40.112488771734434,-77.51985423241534,75O,75O,,911_calls,,,,,3.0
call_2372,40.11248853221042,-77.51985512083742,54U1,54U1,,911_calls,,,,,3.0
call_2373,40.11248858317358,-77.51985435062946,75S,75S,,911_calls,,,,,3.0
call_2374,40.11248888716224,-77.51985451930004,10P2,10P2,,911_calls,,,,,3.0
call_2375,40.112489216273026,-77.51985410225117,52D6,52D6,,911_calls,,,,,3.0
call_2376,40.11248885156324,-77.51985449024298,50P1,50P1,,911_calls,,,,,3.0
call_2377,40.11248928632062,-77.51985414248342,75M,75M,,911_calls,,,,,3.0
call_2378,40.112488362569486,-77.5198549654876,10Y3,10Y3,,911_calls,,,,,3.0
call_2379,40.11248923968592,-77.51985409888952,68U2,68U2,,911_calls,,,,,3.0
call_2380,40.11248923968592,-77.51985409888952,68U2,68U2,,911_calls,,,,,3.0
call_2381,40.11248909340952,-77.51985423636994,75S,75S,,911_calls,,,,,3.0
call_2382,40.11248880673265,-77.51985437405531,75S,75S,,911_calls,,,,,3.0
call_2383,40.11248919435089,-77.51985423833047,75T,75T,,911_calls,,,,,3.0
call_2384,40.11248849742002,-77.51985503944356,68Q2,68Q2,,911_calls,,,,,3.0
call_2385,40.112488885807096,-77.51985450698895,54S1,54S1,,911_calls,,,,,3.0
call_2386,40.11248841146525,-77.51985452286901,75D,75D,,911_calls,,,,,3.0
call_2387,40.112488866987285,-77.51985454809684,54U9,54U9,,911_calls,,,,,3.0
call_2388,40.112488888014006,-77.51985454914549,54U2,54U2,,911_calls,,,,,3.0
call_2389,40.11248868233465,-77.51985432329704,10H2,10H2,,911_calls,,,,,3.0
call_2390,40.112488643935095,-77.5198544750457,53I,53I,,911_calls,,,,,3.0
call_2391,40.112489101454074,-77.51985436298699,68Q1,68Q1,,911_calls,,,,,3.0
call_2392,40.11248890783277,-77.51985456660864,68U2,68U2,,911_calls,,,,,3.0
call_2393,40.11248879271697,-77.51985383507875,75S,75S,,911_calls,,,,,3.0
call_2394,40.11248917013486,-77.51985434882974,75Z,75Z,,911_calls,,,,,3.0
call_2395,40.11248847057355,-77.51985445644748,75S,75S,,911_calls,,,,,3.0
call_2396,40.11248895715063,-77.51985441407662,56S9,56S9,,911_calls,,,,,3.0
call_2397,40.11248885156324,-77.51985449024298,75D,75D,,911_calls,,,,,3.0
call_2398,40.11248865759456,-77.51985454343276,75D,75D,,911_calls,,,,,3.0
call_2399,40.11248899525365,-77.51985391900753,68Q1,68Q1,,911_calls,,,,,3.0
call_2400,40.112488737943174,-77.51985394798452,75D,75D,,911_calls,,,,,3.0
call_2401,40.112488708154714,-77.51985446370549,75H,75H,,911_calls,,,,,3.0
call_2402,40.11248891742714,-77.5198545171079,13X,13X,,911_calls,,,,,3.0
call_2403,40.11248891742714,-77.5198545171079,13X,13X,,911_calls,,,,,3.0
call_2404,40.11248891742714,-77.5198545171079,13X,13X,,911_calls,,,,,3.0
call_2405,40.11248885040954,-77.51985455607235,75S,75S,,911_calls,,,,,3.0
call_2406,40.11248851309935,-77.51985466328314,53I8,53I8,,911_calls,,,,,3.0
call_2407,40.11248928174666,-77.51985421646894,68Q1,68Q1,,911_calls,,,,,3.0
call_2408,40.11248894155705,-77.51985409311926,50P1,50P1,,911_calls,,,,,3.0
call_2409,40.11248877777328,-77.51985421274732,10Y3,10Y3,,911_calls,,,,,3.0
call_2410,40.11248909340952,-77.51985423636994,75T,75T,,911_calls,,,,,3.0
call_2411,40.112488775448256,-77.51985426635736,68Q1,68Q1,,911_calls,,,,,3.0
call_2412,40.11248875298603,-77.51985447749003,54R1,54R1,,911_calls,,,,,3.0
call_2413,40.11248875298603,-77.51985447749003,54R1,54R1,,911_calls,,,,,3.0
call_2414,40.11248918872156,-77.5198540862283,10H1,10H1,,911_calls,,,,,3.0
call_2415,40.1124890945336,-77.51985424182956,21R,21R,,911_calls,,,,,3.0
call_2416,40.112489179158466,-77.51985425751576,10P9,10P9,,911_calls,,,,,3.0
call_2417,40.11248879039334,-77.51985426060025,68Q1,68Q1,,911_calls,,,,,3.0
call_2418,40.11248920233612,-77.51985431762606,34Q6,34Q6,,911_calls,,,,,3.0
call_2419,40.11248889922371,-77.51985435725842,68Q1,68Q1,,911_calls,,,,,3.0
call_2420,40.11248891930286,-77.5198545154494,75S,75S,,911_calls,,,,,3.0
call_2421,40.112488639712886,-77.51985416130405,75I,75I,,911_calls,,,,,3.0
call_2422,40.112488767672254,-77.51985424729247,68Q1,68Q1,,911_calls,,,,,3.0
call_2423,40.112489121479804,-77.51985430053853,75S,75S,,911_calls,,,,,3.0
call_2424,40.112488767158176,-77.51985460588179,75S,75S,,911_calls,,,,,3.0
call_2425,40.11248834444075,-77.51985523021123,54U2,54U2,,911_calls,,,,,3.0
call_2426,40.11248916234455,-77.51985414813004,10V2,10V2,,911_calls,,,,,3.0
call_2427,40.11248902624195,-77.51985446046106,75S,75S,,911_calls,,,,,3.0
call_2428,40.11248834444075,-77.51985523021123,54U2,54U2,,911_calls,,,,,3.0
call_2429,40.11248910991099,-77.51985436851362,75S,75S,,911_calls,,,,,3.0
call_2430,40.11248860153012,-77.51985485254991,75I,75I,,911_calls,,,,,3.0
call_2431,40.11248903885936,-77.51985439829969,75S,75S,,911_calls,,,,,3.0
call_2432,40.112488925510036,-77.51985423432512,68Q2,68Q2,,911_calls,,,,,3.0
call_2433,40.11248874280701,-77.51985450396413,75S,75S,,911_calls,,,,,3.0
call_2434,40.112488776017884,-77.51985423736757,68Q1,68Q1,,911_calls,,,,,3.0
call_2435,40.11248867034486,-77.51985416012336,10S4,10S4,,911_calls,,,,,3.0
call_2436,40.11248902119716,-77.51985378707204,68Q1,68Q1,,911_calls,,,,,3.0
call_2437,40.1124888089222,-77.51985430765214,53X,53X,,911_calls,,,,,3.0
call_2438,40.1124888089222,-77.51985430765214,53X,53X,,911_calls,,,,,3.0
call_2439,40.11248929329783,-77.51985403012294,68Q1,68Q1,,911_calls,,,,,3.0
call_2440,40.112488802205796,-77.5198538111777,75D,75D,,911_calls,,,,,3.0
call_2441,40.11248888716224,-77.51985451930004,10V2,10V2,,911_calls,,,,,3.0
call_2442,40.11248877629563,-77.51985449796723,68Q1,68Q1,,911_calls,,,,,3.0
call_2443,40.11248870920774,-77.51985420996692,11R4,11R4,,911_calls,,,,,3.0
call_2444,40.11248914854291,-77.5198543170564,54S1,54S1,,911_calls,,,,,3.0
call_2445,40.112489256491415,-77.51985425878028,52D1,52D1,,911_calls,,,,,3.0
call_2446,40.11248857606825,-77.51985445539192,68Q1,68Q1,,911_calls,,,,,3.0
call_2447,40.112488904843836,-77.51985415265847,75D,75D,,911_calls,,,,,3.0
call_2448,40.112488919662475,-77.5198541006411,39C2,39C2,,911_calls,,,,,3.0
call_2449,40.112488639712886,-77.51985416130405,75I,75I,,911_calls,,,,,3.0
call_2450,40.11248868678472,-77.51985448265192,68Q1,68Q1,,911_calls,,,,,3.0
call_2451,40.112488925350824,-77.5198545166429,10H1,10H1,,911_calls,,,,,3.0
call_2452,40.11248893597636,-77.51985414635539,54S1,54S1,,911_calls,,,,,3.0
call_2453,40.11248849355881,-77.5198537354255,75M,75M,,911_calls,,,,,3.0
call_2454,40.112488904843836,-77.51985415265847,75D,75D,,911_calls,,,,,3.0
call_2455,40.11248863092628,-77.5198542918773,75D,75D,,911_calls,,,,,3.0
call_2456,40.112489143216465,-77.51985428539312,75T,75T,,911_calls,,,,,3.0
call_2457,40.11248861121949,-77.51985446816201,75O,75O,,911_calls,,,,,3.0
call_2458,40.11248910803319,-77.51985425017777,54S1,54S1,,911_calls,,,,,3.0
call_2459,40.11248916983536,-77.51985418204627,50P2,50P2,,911_calls,,,,,3.0
call_2460,40.112488505909155,-77.51985361274217,56S,56S,,911_calls,,,,,3.0
call_2461,40.11248923862196,-77.5198541062095,54E1,54E1,,911_calls,,,,,3.0
call_2462,40.11248923862196,-77.5198541062095,54E1,54E1,,911_calls,,,,,3.0
call_2463,40.11248878461974,-77.51985379238184,39T1,39T1,,911_calls,,,,,3.0
call_2464,40.11248877629563,-77.51985449796723,68Q1,68Q1,,911_calls,,,,,3.0
call_2465,40.112488707373664,-77.51985448666402,39H1,39H1,,911_calls,,,,,3.0
call_2466,40.11248915557774,-77.51985435495104,50P9,50P9,,911_calls,,,,,3.0
call_2467,40.11248854215769,-77.51985482688701,54C1,54C1,,911_calls,,,,,3.0
call_2468,40.112488699258186,-77.51985412061553,10S4,10S4,,911_calls,,,,,3.0
call_2469,40.112488770490636,-77.51985459249515,68Q1,68Q1,,911_calls,,,,,3.0
call_2470,40.11248854525163,-77.51985423446618,68Q1,68Q1,,911_calls,,,,,3.0
call_2471,40.11248907609556,-77.5198543028683,75S,75S,,911_calls,,,,,3.0
call_2472,40.112488765032715,-77.51985385750001,68Q2,68Q2,,911_calls,,,,,3.0
call_2473,40.11248908995852,-77.51985427164897,75S,75S,,911_calls,,,,,3.0
call_2474,40.112488568684206,-77.51985431121953,68Q1,68Q1,,911_calls,,,,,3.0
call_2475,40.11248888446084,-77.51985420824772,54E1,54E1,,911_calls,,,,,3.0
call_2476,40.11248888446084,-77.51985420824772,54E1,54E1,,911_calls,,,,,3.0
call_2477,40.11248852981196,-77.51985464740339,75S,75S,,911_calls,,,,,3.0
call_2478,40.112489166571905,-77.51985429565713,10V2,10V2,,911_calls,,,,,3.0
call_2479,40.112488788061036,-77.51985431280733,10S4,10S4,,911_calls,,,,,3.0
call_2480,40.112488787212094,-77.51985458111476,75S,75S,,911_calls,,,,,3.0
call_2481,40.1124890072741,-77.51985444390975,75D,75D,,911_calls,,,,,3.0
call_2482,40.11248917845244,-77.51985417331106,54H1,54H1,,911_calls,,,,,3.0
call_2483,40.11248855471203,-77.51985455583186,68Q1,68Q1,,911_calls,,,,,3.0
call_2484,40.11248920285928,-77.51985422224507,54S2,54S2,,911_calls,,,,,3.0
call_2485,40.11248853056599,-77.5198545983169,68Q1,68Q1,,911_calls,,,,,3.0
call_2486,40.11248922787217,-77.51985410238886,68Q1,68Q1,,911_calls,,,,,3.0
call_2487,40.11248878251374,-77.51985457529305,68Q1,68Q1,,911_calls,,,,,3.0
call_2488,40.1124889264215,-77.51985415894465,75Z,75Z,,911_calls,,,,,3.0
call_2489,40.112489252116504,-77.51985418347596,75M,75M,,911_calls,,,,,3.0
call_2490,40.11248897112912,-77.51985432439001,75D,75D,,911_calls,,,,,3.0
call_2491,40.11248872458884,-77.51985424558488,10H1,10H1,,911_calls,,,,,3.0
call_2492,40.1124887852634,-77.51985454632387,54S2,54S2,,911_calls,,,,,3.0
call_2493,40.11248909967345,-77.5198540322738,10S4,10S4,,911_calls,,,,,3.0
call_2494,40.11248878609039,-77.5198543809047,75O,75O,,911_calls,,,,,3.0
call_2495,40.11248916834688,-77.51985426472658,75O,75O,,911_calls,,,,,3.0
call_2496,40.11248926397504,-77.51985424344029,50P2,50P2,,911_calls,,,,,3.0
call_2497,40.11248883277077,-77.51985454101397,52D2,52D2,,911_calls,,,,,3.0
call_2498,40.112489103404364,-77.51985403104939,68Q1,68Q1,,911_calls,,,,,3.0
call_2499,40.11248868127283,-77.51985420148843,75D,75D,,911_calls,,,,,3.0
call_2500,40.11248895232447,-77.51985439733399,75D,75D,,911_calls,,,,,3.0
call_2501,40.11248858008722,-77.5198541245505,75D,75D,,911_calls,,,,,3.0
call_2502,40.11248875167113,-77.51985414276996,75Z,75Z,,911_calls,,,,,3.0
call_2503,40.11248852350044,-77.51985364214818,54E1,54E1,,911_calls,,,,,3.0
call_2504,40.11248852350044,-77.51985364214818,54E1,54E1,,911_calls,,,,,3.0
call_2505,40.11248895072933,-77.51985452034275,10H2,10H2,,911_calls,,,,,3.0
call_2506,40.11248888776286,-77.51985447967897,75D,75D,,911_calls,,,,,3.0
call_2507,40.112489191099776,-77.5198542071938,10V2,10V2,,911_calls,,,,,3.0
call_2508,40.112488575606626,-77.51985504585461,10S4,10S4,,911_calls,,,,,3.0
call_2509,40.11248890767698,-77.51985434361708,10V2,10V2,,911_calls,,,,,3.0
call_2510,40.11248864487147,-77.51985427884358,10S4,10S4,,911_calls,,,,,3.0
call_2511,40.11248923078775,-77.51985427574323,75D,75D,,911_calls,,,,,3.0
call_2512,40.11248869407191,-77.5198545617884,34Q6,34Q6,,911_calls,,,,,3.0
call_2513,40.112488745859324,-77.51985424680554,68Q1,68Q1,,911_calls,,,,,3.0
call_2514,40.112488784998774,-77.5198538638243,54S9,54S9,,911_calls,,,,,3.0
call_2515,40.11248918658857,-77.5198543120773,68Q1,68Q1,,911_calls,,,,,3.0
call_2516,40.112488847721195,-77.5198544935673,68Q1,68Q1,,911_calls,,,,,3.0
call_2517,40.11248903115089,-77.51985394839593,11R4,11R4,,911_calls,,,,,3.0
call_2518,40.11248876783983,-77.51985383011936,20Q1,20Q1,,911_calls,,,,,3.0
call_2519,40.1124891626357,-77.51985409324537,54U2,54U2,,911_calls,,,,,3.0
call_2520,40.112488699258186,-77.51985412061553,10P2,10P2,,911_calls,,,,,3.0
call_2521,40.11248891742714,-77.5198545171079,54I2,54I2,,911_calls,,,,,3.0
call_2522,40.11248911534992,-77.51985426774095,75I,75I,,911_calls,,,,,3.0
call_2523,40.112489093053235,-77.519854308049,75M,75M,,911_calls,,,,,3.0
call_2524,40.11248919788628,-77.5198541944221,75D,75D,,911_calls,,,,,3.0
call_2525,40.11248916938717,-77.51985435035614,68Q1,68Q1,,911_calls,,,,,3.0
call_2526,40.112488872529276,-77.519854529511,59Q1,59Q1,,911_calls,,,,,3.0
call_2527,40.112488657058854,-77.51985416190543,68U2,68U2,,911_calls,,,,,3.0
call_2528,40.112488526643894,-77.51985365894211,75S,75S,,911_calls,,,,,3.0
call_2529,40.11248882613237,-77.51985440317685,54E1,54E1,,911_calls,,,,,3.0
call_2530,40.11248882613237,-77.51985440317685,54E1,54E1,,911_calls,,,,,3.0
call_2531,40.11248895231638,-77.51985429938027,10Y3,10Y3,,911_calls,,,,,3.0
call_2532,40.11248893417591,-77.51985450894061,54S9,54S9,,911_calls,,,,,3.0
call_2533,40.11248921511609,-77.51985420685139,75S,75S,,911_calls,,,,,3.0
call_2534,40.112488678274936,-77.51985420712732,50G1,50G1,,911_calls,,,,,3.0
call_2535,40.11248913911519,-77.51985406446143,10H1,10H1,,911_calls,,,,,3.0
call_2536,40.11248920539932,-77.51985421378564,10V2,10V2,,911_calls,,,,,3.0
call_2537,40.112488794511485,-77.51985383379804,75D,75D,,911_calls,,,,,3.0
call_2538,40.11248891930286,-77.5198545154494,75S,75S,,911_calls,,,,,3.0
call_2539,40.112489040576335,-77.51985435365165,75D,75D,,911_calls,,,,,3.0
call_2540,40.112488713984156,-77.5198542011149,75S,75S,,911_calls,,,,,3.0
call_2541,40.1124889006344,-77.5198541669984,10V2,10V2,,911_calls,,,,,3.0
call_2542,40.11248847576673,-77.51985477154963,39H1,39H1,,911_calls,,,,,3.0
call_2543,40.11248898955622,-77.51985436473224,44H1,44H1,,911_calls,,,,,3.0
call_2544,40.112489274130695,-77.51985415472119,10Y3,10Y3,,911_calls,,,,,3.0
call_2545,40.112489001960384,-77.51985376438157,75H,75H,,911_calls,,,,,3.0
call_2546,40.112488425421645,-77.51985446461165,24Q2,24Q2,,911_calls,,,,,3.0
call_2547,40.11248902720959,-77.51985434247518,68Q1,68Q1,,911_calls,,,,,3.0
call_2548,40.11248859887054,-77.51985428753554,68U1,68U1,,911_calls,,,,,3.0
call_2549,40.11248922856998,-77.51985427951121,10V2,10V2,,911_calls,,,,,3.0
call_2550,40.11248864180482,-77.51985428696514,52D6,52D6,,911_calls,,,,,3.0
call_2551,40.11248897733054,-77.51985370160818,75D,75D,,911_calls,,,,,3.0
call_2552,40.112489240524624,-77.51985414452764,68Q1,68Q1,,911_calls,,,,,3.0
call_2553,40.11248863643829,-77.51985416088156,75D,75D,,911_calls,,,,,3.0
call_2554,40.11248862575414,-77.51985429087867,75D,75D,,911_calls,,,,,3.0
call_2555,40.112488600986524,-77.51985460331724,75M,75M,,911_calls,,,,,3.0
call_2556,40.11248862627504,-77.51985458216315,10Y3,10Y3,,911_calls,,,,,3.0
call_2557,40.112488716842385,-77.5198543881137,75M,75M,,911_calls,,,,,3.0
call_2558,40.1124888235535,-77.51985357974506,75D,75D,,911_calls,,,,,3.0
call_2559,40.112488773835636,-77.5198538425625,53X,53X,,911_calls,,,,,3.0
call_2560,40.112488773835636,-77.5198538425625,53X,53X,,911_calls,,,,,3.0
call_2561,40.11248871901812,-77.51985436131743,10S4,10S4,,911_calls,,,,,3.0
call_2562,40.112489101454074,-77.51985436298699,75D,75D,,911_calls,,,,,3.0
call_2563,40.11248905190177,-77.51985431473977,54E8,54E8,,911_calls,,,,,3.0
call_2564,40.11248905190177,-77.51985431473977,54E8,54E8,,911_calls,,,,,3.0
call_2565,40.112488903682234,-77.51985416793912,75S,75S,,911_calls,,,,,3.0
call_2566,40.11248860531154,-77.51985447491975,75D,75D,,911_calls,,,,,3.0
call_2567,40.11248873709554,-77.51985431020479,75D,75D,,911_calls,,,,,3.0
call_2568,40.1124885555073,-77.51985498996063,68Q2,68Q2,,911_calls,,,,,3.0
call_2569,40.112488987514084,-77.51985423490444,59R4,59R4,,911_calls,,,,,3.0
call_2570,40.11248866661085,-77.51985434566613,39H2,39H2,,911_calls,,,,,3.0
call_2571,40.11248868509169,-77.51985433303335,53S,53S,,911_calls,,,,,3.0
call_2572,40.11248891930286,-77.5198545154494,75S,75S,,911_calls,,,,,3.0
call_2573,40.11248918011231,-77.51985436878965,53S8,53S8,,911_calls,,,,,3.0
call_2574,40.11248857326197,-77.51985492048067,68Q2,68Q2,,911_calls,,,,,3.0
call_2575,40.112488771734434,-77.51985423241534,34Q9,34Q9,,911_calls,,,,,3.0
call_2576,40.112488752290346,-77.51985427888185,68Q1,68Q1,,911_calls,,,,,3.0
call_2577,40.11248845717289,-77.51985447417195,75M,75M,,911_calls,,,,,3.0
call_2578,40.112488731054256,-77.5198541311071,10Y3,10Y3,,911_calls,,,,,3.0
call_2579,40.11248891864654,-77.51985452892339,10Y3,10Y3,,911_calls,,,,,3.0
call_2580,40.11248882776096,-77.51985446885615,10V2,10V2,,911_calls,,,,,3.0
call_2581,40.1124886339254,-77.51985435307986,54U2,54U2,,911_calls,,,,,3.0
call_2582,40.11248865963775,-77.51985435550866,10S4,10S4,,911_calls,,,,,3.0
call_2583,40.11248891930286,-77.5198545154494,75M,75M,,911_calls,,,,,3.0
call_2584,40.1124890205315,-77.5198543824589,10Y3,10Y3,,911_calls,,,,,3.0
call_2585,40.11248870146169,-77.51985409219746,68Q1,68Q1,,911_calls,,,,,3.0
call_2586,40.11248863625318,-77.51985428927375,52D1,52D1,,911_calls,,,,,3.0
call_2587,40.112488749108074,-77.51985448835845,68Q1,68Q1,,911_calls,,,,,3.0
call_2588,40.11248915557774,-77.51985435495104,50P9,50P9,,911_calls,,,,,3.0
call_2589,40.112489179158466,-77.51985425751576,75S,75S,,911_calls,,,,,3.0
call_2590,40.11248883375782,-77.51985437496667,75S,75S,,911_calls,,,,,3.0
call_2591,40.11248878523402,-77.51985432517974,10Y3,10Y3,,911_calls,,,,,3.0
call_2592,40.11248873720046,-77.51985439944404,75D,75D,,911_calls,,,,,3.0
call_2593,40.11248879904467,-77.51985387147465,75S,75S,,911_calls,,,,,3.0
call_2594,40.11248851533954,-77.51985444144171,53H,53H,,911_calls,,,,,3.0
call_2595,40.112488819987135,-77.51985456164249,52D6,52D6,,911_calls,,,,,3.0
call_2596,40.112488795587474,-77.51985456628726,75S,75S,,911_calls,,,,,3.0
call_2597,40.11248850042496,-77.51985482535737,68Q2,68Q2,,911_calls,,,,,3.0
call_2598,40.11248909340952,-77.51985423636994,75S,75S,,911_calls,,,,,3.0
call_2599,40.1124890797148,-77.5198543689945,75D,75D,,911_calls,,,,,3.0
call_2600,40.11248873006381,-77.51985429498498,68Q1,68Q1,,911_calls,,,,,3.0
call_2601,40.11248919315571,-77.51985422549298,54E1,54E1,,911_calls,,,,,3.0
call_2602,40.11248919315571,-77.51985422549298,54E1,54E1,,911_calls,,,,,3.0
call_2603,40.1124892802043,-77.51985407997226,75T,75T,,911_calls,,,,,3.0
call_2604,40.112488940444344,-77.51985441820037,54I1,54I1,,911_calls,,,,,3.0
call_2605,40.11248868477576,-77.51985430329,10V2,10V2,,911_calls,,,,,3.0
call_2606,40.11248902387921,-77.51985392160728,11R4,11R4,,911_calls,,,,,3.0
call_2607,40.1124892802043,-77.51985407997226,75T,75T,,911_calls,,,,,3.0
call_2608,40.11248868999212,-77.51985417191821,11C4,11C4,,911_calls,,,,,3.0
call_2609,40.11248902595735,-77.51985437316314,68Q1,68Q1,,911_calls,,,,,3.0
call_2610,40.112489183705584,-77.51985423382249,75M,75M,,911_calls,,,,,3.0
call_2611,40.11248904039369,-77.51985435717002,68Q1,68Q1,,911_calls,,,,,3.0
call_2612,40.112488491012094,-77.51985437015807,68Q1,68Q1,,911_calls,,,,,3.0
call_2613,40.11248910962751,-77.51985421840787,75D,75D,,911_calls,,,,,3.0
call_2614,40.112488562458616,-77.51985460203414,53I8,53I8,,911_calls,,,,,3.0
call_2615,40.1124885901699,-77.5198546100179,68Q1,68Q1,,911_calls,,,,,3.0
call_2616,40.11248922143638,-77.51985421751701,75S,75S,,911_calls,,,,,3.0
call_2617,40.112488701215725,-77.51985415701914,75D,75D,,911_calls,,,,,3.0
call_2618,40.11248864002911,-77.51985434034464,75Z,75Z,,911_calls,,,,,3.0
call_2619,40.11248915198367,-77.51985435809004,53S,53S,,911_calls,,,,,3.0
call_2620,40.11248883001469,-77.51985368294632,68Q1,68Q1,,911_calls,,,,,3.0
call_2621,40.11248879508352,-77.51985441991432,54U2,54U2,,911_calls,,,,,3.0
call_2622,40.1124889145241,-77.51985456478981,75S,75S,,911_calls,,,,,3.0
call_2623,40.112489016999085,-77.51985438554631,68Q1,68Q1,,911_calls,,,,,3.0
call_2624,40.112488772641996,-77.51985426764696,54S2,54S2,,911_calls,,,,,3.0
call_2625,40.1124891967305,-77.51985418674683,68Q1,68Q1,,911_calls,,,,,3.0
call_2626,40.112488834795194,-77.51985388477712,75D,75D,,911_calls,,,,,3.0
call_2627,40.11248890962733,-77.51985419155695,11C4,11C4,,911_calls,,,,,3.0
call_2628,40.11248845883734,-77.5198543689788,75M,75M,,911_calls,,,,,3.0
call_2629,40.11248908995852,-77.51985427164897,54S9,54S9,,911_calls,,,,,3.0
call_2630,40.11248864081777,-77.51985433030211,10V2,10V2,,911_calls,,,,,3.0
call_2631,40.11248906764937,-77.51985429150474,10H1,10H1,,911_calls,,,,,3.0
call_2632,40.112488888014006,-77.51985454914549,39H9,39H9,,911_calls,,,,,3.0
call_2633,40.112488536852446,-77.51985508502948,68Q2,68Q2,,911_calls,,,,,3.0
call_2634,40.11248922143638,-77.51985421751701,75M,75M,,911_calls,,,,,3.0
call_2635,40.112488425421645,-77.51985446461165,50P9,50P9,,911_calls,,,,,3.0
call_2636,40.112488832342635,-77.51985453949423,54I9,54I9,,911_calls,,,,,3.0
call_2637,40.11248875492563,-77.51985437259262,13X2,13X2,,911_calls,,,,,3.0
call_2638,40.11248875492563,-77.51985437259262,13X2,13X2,,911_calls,,,,,3.0
call_2639,40.11248917228063,-77.51985424860717,75S,75S,,911_calls,,,,,3.0
call_2640,40.11248920745789,-77.51985422276158,10P2,10P2,,911_calls,,,,,3.0
call_2641,40.1124889155989,-77.51985418480747,68Q1,68Q1,,911_calls,,,,,3.0
call_2642,40.11248922305263,-77.51985433307838,53I8,53I8,,911_calls,,,,,3.0
call_2643,40.112488885225325,-77.51985368011451,75H,75H,,911_calls,,,,,3.0
call_2644,40.11248916834688,-77.51985426472658,75M,75M,,911_calls,,,,,3.0
call_2645,40.11248914419508,-77.5198543674917,68Q1,68Q1,,911_calls,,,,,3.0
call_2646,40.11248909689165,-77.51985426131134,75D,75D,,911_calls,,,,,3.0
call_2647,40.11248849147149,-77.51985518739028,10V2,10V2,,911_calls,,,,,3.0
call_2648,40.11248888710463,-77.51985451529434,10P2,10P2,,911_calls,,,,,3.0
call_2649,40.11248875596497,-77.51985430285961,75Z,75Z,,911_calls,,,,,3.0
call_2650,40.11248867592117,-77.51985447058276,10H1,10H1,,911_calls,,,,,3.0
call_2651,40.112489077402586,-77.51985437533827,10H1,10H1,,911_calls,,,,,3.0
call_2652,40.112488541868345,-77.51985502387342,68U2,68U2,,911_calls,,,,,3.0
call_2653,40.112488546152456,-77.51985451826529,68Q1,68Q1,,911_calls,,,,,3.0
call_2654,40.112488815875295,-77.51985392987217,68Q1,68Q1,,911_calls,,,,,3.0
call_2655,40.11248933715974,-77.51985404231793,75O,75O,,911_calls,,,,,3.0
call_2656,40.112488799141595,-77.51985384015116,75D,75D,,911_calls,,,,,3.0
call_2657,40.11248869735865,-77.51985422405822,68Q1,68Q1,,911_calls,,,,,3.0
call_2658,40.112488545476886,-77.51985450422087,68Q1,68Q1,,911_calls,,,,,3.0
call_2659,40.11248882185355,-77.51985441881882,10H1,10H1,,911_calls,,,,,3.0
call_2660,40.112488809033344,-77.51985449431609,75D,75D,,911_calls,,,,,3.0
call_2661,40.11248855507237,-77.51985452462151,68Q1,68Q1,,911_calls,,,,,3.0
call_2662,40.11248931223026,-77.51985408329607,54E8,54E8,,911_calls,,,,,3.0
call_2663,40.11248931223026,-77.51985408329607,54E8,54E8,,911_calls,,,,,3.0
call_2664,40.11248877405354,-77.51985384947513,75Z,75Z,,911_calls,,,,,3.0
call_2665,40.11248860444785,-77.51985452182736,10P1,10P1,,911_calls,,,,,3.0
call_2666,40.112488425421645,-77.51985446461165,50P9,50P9,,911_calls,,,,,3.0
call_2667,40.112488754379655,-77.51985427910431,68Q1,68Q1,,911_calls,,,,,3.0
call_2668,40.112489032392,-77.51985433793355,54S2,54S2,,911_calls,,,,,3.0
call_2669,40.112489027703724,-77.51985433664723,75D,75D,,911_calls,,,,,3.0
call_2670,40.1124883665711,-77.51985508673017,52K6,52K6,,911_calls,,,,,3.0
call_2671,40.11248866661085,-77.51985434566613,75I,75I,,911_calls,,,,,3.0
call_2672,40.11248915267676,-77.51985408038998,54E1,54E1,,911_calls,,,,,3.0
call_2673,40.11248915267676,-77.51985408038998,54E1,54E1,,911_calls,,,,,3.0
call_2674,40.112489173040906,-77.51985429739563,52D6,52D6,,911_calls,,,,,3.0
call_2675,40.11248890988959,-77.51985447265426,75S,75S,,911_calls,,,,,3.0
call_2676,40.11248868543028,-77.51985412763541,75S,75S,,911_calls,,,,,3.0
call_2677,40.112488469434425,-77.519854467261,68Q1,68Q1,,911_calls,,,,,3.0
call_2678,40.11248859035409,-77.51985481058676,11R4,11R4,,911_calls,,,,,3.0
call_2679,40.11248911375971,-77.51985425428107,20Q1,20Q1,,911_calls,,,,,3.0
call_2680,40.11248918191687,-77.51985424983187,10Y3,10Y3,,911_calls,,,,,3.0
call_2681,40.112489093889074,-77.51985429418369,68Q1,68Q1,,911_calls,,,,,3.0
call_2682,40.11248872251065,-77.51985446714687,75S,75S,,911_calls,,,,,3.0
call_2683,40.112488531415075,-77.51985387902954,75M,75M,,911_calls,,,,,3.0
call_2684,40.112488980970255,-77.51985417547735,75D,75D,,911_calls,,,,,3.0
call_2685,40.11248856640483,-77.519854589288,68Q1,68Q1,,911_calls,,,,,3.0
call_2686,40.11248860074277,-77.51985452461174,10H1,10H1,,911_calls,,,,,3.0
call_2687,40.112488697462226,-77.5198544413781,75S,75S,,911_calls,,,,,3.0
call_2688,40.11248878870365,-77.51985457262401,75S,75S,,911_calls,,,,,3.0
call_2689,40.11248885040954,-77.51985455607235,34Q9,34Q9,,911_calls,,,,,3.0
call_2690,40.112488752290346,-77.51985427888185,68Q1,68Q1,,911_calls,,,,,3.0
call_2691,40.112489277915216,-77.51985405845988,10H2,10H2,,911_calls,,,,,3.0
call_2692,40.11248889602382,-77.51985435686193,11C4,11C4,,911_calls,,,,,3.0
call_2693,40.11248864323778,-77.51985426982505,10S4,10S4,,911_calls,,,,,3.0
call_2694,40.112488922904696,-77.51985453167694,54H1,54H1,,911_calls,,,,,3.0
call_2695,40.112488536205916,-77.51985427912182,75D,75D,,911_calls,,,,,3.0
call_2696,40.11248920393877,-77.51985409846867,75S,75S,,911_calls,,,,,3.0
call_2697,40.112488727441104,-77.51985445366394,10Y9,10Y9,,911_calls,,,,,3.0
call_2698,40.1124886881462,-77.51985420931547,75D,75D,,911_calls,,,,,3.0
call_2699,40.11248869628987,-77.51985359606495,10V2,10V2,,911_calls,,,,,3.0
call_2700,40.11248891877111,-77.51985450945534,54C1,54C1,,911_calls,,,,,3.0
call_2701,40.112488815875295,-77.51985392987217,54S1,54S1,,911_calls,,,,,3.0
call_2702,40.11248872993062,-77.51985446270734,75M,75M,,911_calls,,,,,3.0
call_2703,40.11248918849712,-77.51985429342278,39V6,39V6,,911_calls,,,,,3.0
call_2704,40.11248869628987,-77.51985359606495,10V2,10V2,,911_calls,,,,,3.0
call_2705,40.11248869679999,-77.5198545764684,54S1,54S1,,911_calls,,,,,3.0
call_2706,40.11248910718167,-77.51985428026596,75D,75D,,911_calls,,,,,3.0
call_2707,40.11248892568694,-77.51985411945857,10V2,10V2,,911_calls,,,,,3.0
call_2708,40.112488898727435,-77.51985404318984,39H1,39H1,,911_calls,,,,,3.0
call_2709,40.11248861381349,-77.51985436478483,20Q1,20Q1,,911_calls,,,,,3.0
call_2710,40.11248842350704,-77.51985446287647,24Q9,24Q9,,911_calls,,,,,3.0
call_2711,40.112488858410984,-77.5198545019598,54S2,54S2,,911_calls,,,,,3.0
call_2712,40.11248906381637,-77.51985433673585,52D1,52D1,,911_calls,,,,,3.0
call_2713,40.112489175578986,-77.5198540159198,11C4,11C4,,911_calls,,,,,3.0
call_2714,40.11248863697979,-77.51985430876691,75D,75D,,911_calls,,,,,3.0
call_2715,40.11248920122742,-77.51985395314668,75T,75T,,911_calls,,,,,3.0
call_2716,40.11248871540107,-77.51985436618818,75S,75S,,911_calls,,,,,3.0
call_2717,40.11248925373118,-77.51985404904792,13U2,13U2,,911_calls,,,,,3.0
call_2718,40.11248925373118,-77.51985404904792,13U2,13U2,,911_calls,,,,,3.0
call_2719,40.112488798667286,-77.51985382174176,75D,75D,,911_calls,,,,,3.0
call_2720,40.11248900872766,-77.51985446977369,75I,75I,,911_calls,,,,,3.0
call_2721,40.112488482079456,-77.51985447460495,68Q1,68Q1,,911_calls,,,,,3.0
call_2722,40.11248877853913,-77.51985415114922,10Y3,10Y3,,911_calls,,,,,3.0
call_2723,40.11248919817182,-77.51985422067655,10P2,10P2,,911_calls,,,,,3.0
call_2724,40.11248848322831,-77.51985446470593,68Q1,68Q1,,911_calls,,,,,3.0
call_2725,40.1124889141347,-77.51985405540614,32Q2,32Q2,,911_calls,,,,,3.0
call_2726,40.11248911515134,-77.51985436726982,54E1,54E1,,911_calls,,,,,3.0
call_2727,40.11248911515134,-77.51985436726982,54E1,54E1,,911_calls,,,,,3.0
call_2728,40.11248865936537,-77.51985440561873,75S,75S,,911_calls,,,,,3.0
call_2729,40.112488667499896,-77.51985433431193,68Q1,68Q1,,911_calls,,,,,3.0
call_2730,40.112489253265366,-77.5198541463161,10H1,10H1,,911_calls,,,,,3.0
call_2731,40.11248894009426,-77.51985441313248,53S,53S,,911_calls,,,,,3.0
call_2732,40.11248883949367,-77.51985450611221,68Q1,68Q1,,911_calls,,,,,3.0
call_2733,40.11248878264411,-77.51985457278347,68Q1,68Q1,,911_calls,,,,,3.0
call_2734,40.112489039642774,-77.51985437783262,10V2,10V2,,911_calls,,,,,3.0
call_2735,40.11248891930286,-77.5198545154494,75S,75S,,911_calls,,,,,3.0
call_2736,40.112488666007884,-77.51985435332102,68Q1,68Q1,,911_calls,,,,,3.0
call_2737,40.11248911174248,-77.51985434775617,68Q1,68Q1,,911_calls,,,,,3.0
call_2738,40.11248857222039,-77.51985509651477,52D2,52D2,,911_calls,,,,,3.0
call_2739,40.11248891355298,-77.51985407508073,34Q2,34Q2,,911_calls,,,,,3.0
call_2740,40.112489138800036,-77.51985437183082,10H1,10H1,,911_calls,,,,,3.0
call_2741,40.112489081205815,-77.51985431681581,75O,75O,,911_calls,,,,,3.0
call_2742,40.11248872268264,-77.51985451180349,10S4,10S4,,911_calls,,,,,3.0
call_2743,40.11248910997735,-77.5198543492688,68Q1,68Q1,,911_calls,,,,,3.0
call_2744,40.112488814607765,-77.5198541956888,75Z,75Z,,911_calls,,,,,3.0
call_2745,40.11248910147931,-77.5198543433532,68Q1,68Q1,,911_calls,,,,,3.0
call_2746,40.11248883823067,-77.51985451260389,68Q1,68Q1,,911_calls,,,,,3.0
call_2747,40.11248877283756,-77.51985396542416,75T,75T,,911_calls,,,,,3.0
call_2748,40.11248912548311,-77.51985426426029,54S2,54S2,,911_calls,,,,,3.0
call_2749,40.11248865936537,-77.51985440561873,75S,75S,,911_calls,,,,,3.0
call_2750,40.112488724569346,-77.51985361344232,68Q1,68Q1,,911_calls,,,,,3.0
call_2751,40.11248914448077,-77.51985424566196,52D6,52D6,,911_calls,,,,,3.0
call_2752,40.112488921947296,-77.5198540634121,10H1,10H1,,911_calls,,,,,3.0
call_2753,40.112488526643894,-77.51985365894211,75O,75O,,911_calls,,,,,3.0
call_2754,40.112488907488824,-77.51985446612474,75D,75D,,911_calls,,,,,3.0
call_2755,40.112489335231146,-77.5198540455486,75D,75D,,911_calls,,,,,3.0
call_2756,40.11248869524503,-77.5198538226058,34K1,34K1,,911_calls,,,,,3.0
call_2757,40.112488587289704,-77.51985435460466,10V2,10V2,,911_calls,,,,,3.0
call_2758,40.1124890905514,-77.51985435953294,75D,75D,,911_calls,,,,,3.0
call_2759,40.11248868334614,-77.51985394883785,39H1,39H1,,911_calls,,,,,3.0
call_2760,40.11248858803056,-77.51985441322915,68Q1,68Q1,,911_calls,,,,,3.0
call_2761,40.11248909300352,-77.51985430745191,75S,75S,,911_calls,,,,,3.0
call_2762,40.11248885156324,-77.51985449024298,75D,75D,,911_calls,,,,,3.0
call_2763,40.11248867075519,-77.51985421319512,75S,75S,,911_calls,,,,,3.0
call_2764,40.11248920108696,-77.51985421452532,75S,75S,,911_calls,,,,,3.0
call_2765,40.11248914508355,-77.5198542307208,10S4,10S4,,911_calls,,,,,3.0
call_2766,40.11248875412967,-77.51985406921686,22Q9,22Q9,,911_calls,,,,,3.0
call_2767,40.112488982857705,-77.51985440039137,54S1,54S1,,911_calls,,,,,3.0
call_2768,40.112489012243515,-77.51985444733226,75I,75I,,911_calls,,,,,3.0
call_2769,40.112488685786296,-77.51985434289642,34Q2,34Q2,,911_calls,,,,,3.0
call_2770,40.11248912162465,-77.5198543024721,75S,75S,,911_calls,,,,,3.0
call_2771,40.11248858439568,-77.51985430904517,11C4,11C4,,911_calls,,,,,3.0
call_2772,40.11248892197393,-77.5198538519155,68Q1,68Q1,,911_calls,,,,,3.0
call_2773,40.112488950963765,-77.51985450072206,68U2,68U2,,911_calls,,,,,3.0
call_2774,40.11248908995852,-77.51985427164897,75S,75S,,911_calls,,,,,3.0
call_2775,40.11248877405354,-77.51985384947513,50G2,50G2,,911_calls,,,,,3.0
call_2776,40.11248899518615,-77.51985444716034,75D,75D,,911_calls,,,,,3.0
call_2777,40.112489166305046,-77.51985400380003,75T,75T,,911_calls,,,,,3.0
call_2778,40.11248917898527,-77.51985420464396,53S,53S,,911_calls,,,,,3.0
call_2779,40.1124885425284,-77.51985462348625,52D6,52D6,,911_calls,,,,,3.0
call_2780,40.11248889112382,-77.51985449175848,68Q1,68Q1,,911_calls,,,,,3.0
call_2781,40.1124890708523,-77.51985434189034,68Q1,68Q1,,911_calls,,,,,3.0
call_2782,40.11248881544656,-77.51985451230642,10P2,10P2,,911_calls,,,,,3.0
call_2783,40.11248868127283,-77.51985420148843,75D,75D,,911_calls,,,,,3.0
call_2784,40.11248890676095,-77.51985406724148,10H1,10H1,,911_calls,,,,,3.0
call_2785,40.11248874732426,-77.51985400863526,75D,75D,,911_calls,,,,,3.0
call_2786,40.112488926311805,-77.51985424619444,10H1,10H1,,911_calls,,,,,3.0
call_2787,40.11248908191946,-77.51985434489912,68Q1,68Q1,,911_calls,,,,,3.0
call_2788,40.11248880083891,-77.51985381534378,75D,75D,,911_calls,,,,,3.0
call_2789,40.112488736755225,-77.51985450803512,54S1,54S1,,911_calls,,,,,3.0
call_2790,40.11248859198539,-77.51985462028512,52D2,52D2,,911_calls,,,,,3.0
call_2791,40.1124888076297,-77.51985380058812,10Y3,10Y3,,911_calls,,,,,3.0
call_2792,40.11248904046121,-77.51985434134401,10H1,10H1,,911_calls,,,,,3.0
call_2793,40.11248894482313,-77.5198544372185,56S9,56S9,,911_calls,,,,,3.0
call_2794,40.11248874988468,-77.51985446947148,68Q1,68Q1,,911_calls,,,,,3.0
call_2795,40.112488788937746,-77.51985458236689,22Q9,22Q9,,911_calls,,,,,3.0
call_2796,40.112488560695404,-77.51985480514858,75L,75L,,911_calls,,,,,3.0
call_2797,40.11248857518989,-77.51985456293875,75S,75S,,911_calls,,,,,3.0
call_2798,40.11248866331745,-77.51985409498819,68U2,68U2,,911_calls,,,,,3.0
call_2799,40.11248895812057,-77.51985439739985,75D,75D,,911_calls,,,,,3.0
call_2800,40.112488821648185,-77.51985448498253,52D2,52D2,,911_calls,,,,,3.0
call_2801,40.11248860417282,-77.51985459928225,68Q1,68Q1,,911_calls,,,,,3.0
call_2802,40.112489084634944,-77.51985425922953,10V2,10V2,,911_calls,,,,,3.0
call_2803,40.112488828635655,-77.51985448284178,24Q1,24Q1,,911_calls,,,,,3.0
call_2804,40.112488892919046,-77.51985435631539,11C4,11C4,,911_calls,,,,,3.0
call_2805,40.11248906204907,-77.51985443658438,54S9,54S9,,911_calls,,,,,3.0
call_2806,40.11248926384778,-77.51985409694817,10H1,10H1,,911_calls,,,,,3.0
call_2807,40.11248872150995,-77.51985447026833,75S,75S,,911_calls,,,,,3.0
call_2808,40.112489179158466,-77.51985425751576,75M,75M,,911_calls,,,,,3.0
call_2809,40.112489088806754,-77.51985434032686,68Q1,68Q1,,911_calls,,,,,3.0
call_2810,40.11248875412967,-77.51985406921686,75T,75T,,911_calls,,,,,3.0
call_2811,40.11248885994657,-77.5198540584614,54S9,54S9,,911_calls,,,,,3.0
call_2812,40.1124889110663,-77.51985445937581,75D,75D,,911_calls,,,,,3.0
call_2813,40.112489128470195,-77.51985421886728,52D6,52D6,,911_calls,,,,,3.0
call_2814,40.11248914372426,-77.5198543210515,53S8,53S8,,911_calls,,,,,3.0
call_2815,40.112489179158466,-77.51985425751576,75M,75M,,911_calls,,,,,3.0
call_2816,40.11248895228371,-77.51985449457797,68Q1,68Q1,,911_calls,,,,,3.0
call_2817,40.112489196351866,-77.51985427309096,53S,53S,,911_calls,,,,,3.0
call_2818,40.112488771562255,-77.51985422863908,34K1,34K1,,911_calls,,,,,3.0
call_2819,40.112488700237606,-77.51985449240662,75H,75H,,911_calls,,,,,3.0
call_2820,40.112488903354425,-77.51985445588994,75D,75D,,911_calls,,,,,3.0
call_2821,40.1124891562429,-77.51985433954647,54S2,54S2,,911_calls,,,,,3.0
call_2822,40.11248910656891,-77.51985417660596,75S,75S,,911_calls,,,,,3.0
call_2823,40.11248877840761,-77.51985436311541,68Q1,68Q1,,911_calls,,,,,3.0
call_2824,40.11248913491804,-77.51985436586551,68Q1,68Q1,,911_calls,,,,,3.0
call_2825,40.11248913817703,-77.51985429915173,10V2,10V2,,911_calls,,,,,3.0
call_2826,40.11248909340952,-77.51985423636994,75S,75S,,911_calls,,,,,3.0
call_2827,40.1124890950392,-77.51985435601433,68Q1,68Q1,,911_calls,,,,,3.0
call_2828,40.11248915557774,-77.51985435495104,75S,75S,,911_calls,,,,,3.0
call_2829,40.11248911117173,-77.51985434198738,68Q1,68Q1,,911_calls,,,,,3.0
call_2830,40.1124889063197,-77.51985413944638,34Q6,34Q6,,911_calls,,,,,3.0
call_2831,40.11248918007638,-77.51985422518204,10P2,10P2,,911_calls,,,,,3.0
call_2832,40.11248908293276,-77.51985438386832,68Q1,68Q1,,911_calls,,,,,3.0
call_2833,40.11248916834688,-77.51985426472658,75S,75S,,911_calls,,,,,3.0
call_2834,40.11248864279209,-77.51985447641758,68Q1,68Q1,,911_calls,,,,,3.0
call_2835,40.11248910813643,-77.51985420836655,75D,75D,,911_calls,,,,,3.0
call_2836,40.112488601407925,-77.519854362394,10F1,10F1,,911_calls,,,,,3.0
call_2837,40.11248912106878,-77.51985438781813,34Q1,34Q1,,911_calls,,,,,3.0
call_2838,40.11248868439051,-77.51985418014779,75D,75D,,911_calls,,,,,3.0
call_2839,40.11248928691049,-77.51985397881928,75D,75D,,911_calls,,,,,3.0
call_2840,40.11248870420221,-77.5198543118399,68Q2,68Q2,,911_calls,,,,,3.0
call_2841,40.11248850245663,-77.51985456664562,68Q1,68Q1,,911_calls,,,,,3.0
call_2842,40.112488950292736,-77.51985429302613,53S,53S,,911_calls,,,,,3.0
call_2843,40.112488771734434,-77.51985423241534,52D9,52D9,,911_calls,,,,,3.0
call_2844,40.11248934279634,-77.5198542353614,75D,75D,,911_calls,,,,,3.0
call_2845,40.11248880330043,-77.51985438249973,10Y3,10Y3,,911_calls,,,,,3.0
call_2846,40.112488816455134,-77.51985455759814,10V2,10V2,,911_calls,,,,,3.0
call_2847,40.112489166597406,-77.51985426622836,54U2,54U2,,911_calls,,,,,3.0
call_2848,40.112489166597406,-77.51985426622836,54U2,54U2,,911_calls,,,,,3.0
call_2849,40.112488713984156,-77.5198542011149,75S,75S,,911_calls,,,,,3.0
call_2850,40.11248884806933,-77.51985449867159,10H2,10H2,,911_calls,,,,,3.0
call_2851,40.11248847861353,-77.51985431637985,75D,75D,,911_calls,,,,,3.0
call_2852,40.1124892397979,-77.51985428145224,10H2,10H2,,911_calls,,,,,3.0
call_2853,40.11248924488858,-77.51985413253473,54S1,54S1,,911_calls,,,,,3.0
call_2854,40.11248868678472,-77.51985448265192,10H2,10H2,,911_calls,,,,,3.0
call_2855,40.112489121040895,-77.51985430083936,75T,75T,,911_calls,,,,,3.0
call_2856,40.11248910014471,-77.51985435078215,10Y3,10Y3,,911_calls,,,,,3.0
call_2857,40.11248855798251,-77.51985512300398,68Q1,68Q1,,911_calls,,,,,3.0
call_2858,40.11248900097455,-77.51985438093735,50P1,50P1,,911_calls,,,,,3.0
call_2859,40.11248877607884,-77.51985415147733,10H2,10H2,,911_calls,,,,,3.0
call_2860,40.11248890643931,-77.51985369873262,75H,75H,,911_calls,,,,,3.0
call_2861,40.11248873182631,-77.51985412098111,34W1,34W1,,911_calls,,,,,3.0
call_2862,40.112489152272936,-77.51985435107099,54U2,54U2,,911_calls,,,,,3.0
call_2863,40.112489136592146,-77.51985422579286,75D,75D,,911_calls,,,,,3.0
call_2864,40.11248853187894,-77.51985448449032,68Q1,68Q1,,911_calls,,,,,3.0
call_2865,40.112488526643894,-77.51985365894211,75S,75S,,911_calls,,,,,3.0
call_2866,40.112488720510456,-77.51985427961223,75Z,75Z,,911_calls,,,,,3.0
call_2867,40.112489101363494,-77.51985428167667,75D,75D,,911_calls,,,,,3.0
call_2868,40.11248853444246,-77.5198544874332,68Q1,68Q1,,911_calls,,,,,3.0
call_2869,40.11248891471853,-77.5198540749321,34Q2,34Q2,,911_calls,,,,,3.0
call_2870,40.11248876850206,-77.51985422412322,10H1,10H1,,911_calls,,,,,3.0
call_2871,40.11248850992078,-77.51985446222794,68Q1,68Q1,,911_calls,,,,,3.0
call_2872,40.11248900294646,-77.51985430357439,10Y3,10Y3,,911_calls,,,,,3.0
call_2873,40.11248903591474,-77.5198543880691,30Q1,30Q1,,911_calls,,,,,3.0
call_2874,40.11248879580839,-77.51985449627331,54E1,54E1,,911_calls,,,,,3.0
call_2875,40.11248879580839,-77.51985449627331,54E1,54E1,,911_calls,,,,,3.0
call_2876,40.11248882677836,-77.51985409622873,39H2,39H2,,911_calls,,,,,3.0
call_2877,40.11248908995852,-77.51985427164897,75S,75S,,911_calls,,,,,3.0
call_2878,40.11248903131708,-77.51985437641017,68Q1,68Q1,,911_calls,,,,,3.0
call_2879,40.11248903131708,-77.51985437641017,68Q1,68Q1,,911_calls,,,,,3.0
call_2880,40.11248888460228,-77.51985457148537,10Y3,10Y3,,911_calls,,,,,3.0
call_2881,40.11248880192764,-77.51985451988703,68Q1,68Q1,,911_calls,,,,,3.0
call_2882,40.112488733241804,-77.51985447494151,22V1,22V1,,911_calls,,,,,3.0
call_2883,40.11248911247978,-77.51985422930665,53H,53H,,911_calls,,,,,3.0
call_2884,40.112489003445525,-77.51985387255614,53I,53I,,911_calls,,,,,3.0
call_2885,40.11248892279741,-77.51985408712297,68Q1,68Q1,,911_calls,,,,,3.0
call_2886,40.11248900735032,-77.51985435977934,52F6,52F6,,911_calls,,,,,3.0
call_2887,40.11248874326989,-77.5198537111524,54U1,54U1,,911_calls,,,,,3.0
call_2888,40.112488697462226,-77.5198544413781,75S,75S,,911_calls,,,,,3.0
call_2889,40.1124889022387,-77.51985348688898,54S2,54S2,,911_calls,,,,,3.0
call_2890,40.11248861951449,-77.51985436944841,20Q1,20Q1,,911_calls,,,,,3.0
call_2891,40.1124891924973,-77.51985432505228,54E1,54E1,,911_calls,,,,,3.0
call_2892,40.1124891924973,-77.51985432505228,54E1,54E1,,911_calls,,,,,3.0
call_2893,40.11248873766607,-77.51985416416507,10V2,10V2,,911_calls,,,,,3.0
call_2894,40.112489168165965,-77.5198541606275,75D,75D,,911_calls,,,,,3.0
call_2895,40.11248905498932,-77.51985438415173,68Q1,68Q1,,911_calls,,,,,3.0
call_2896,40.11248868543028,-77.51985412763541,75O,75O,,911_calls,,,,,3.0
call_2897,40.11248895021217,-77.51985390708326,68Q1,68Q1,,911_calls,,,,,3.0
call_2898,40.11248909560864,-77.5198543618214,54C1,54C1,,911_calls,,,,,3.0
call_2899,40.11248875596497,-77.51985430285961,75Z,75Z,,911_calls,,,,,3.0
call_2900,40.11248859661113,-77.51985460192635,68Q1,68Q1,,911_calls,,,,,3.0
call_2901,40.11248917228063,-77.51985424860717,75M,75M,,911_calls,,,,,3.0
call_2902,40.11248858317358,-77.51985435062946,75S,75S,,911_calls,,,,,3.0
call_2903,40.11248925035893,-77.51985424592148,34K2,34K2,,911_calls,,,,,3.0
call_2904,40.11248881483455,-77.5198545094092,75T,75T,,911_calls,,,,,3.0
call_2905,40.11248859410215,-77.51985459894509,68Q1,68Q1,,911_calls,,,,,3.0
call_2906,40.11248872865234,-77.51985363089138,10V2,10V2,,911_calls,,,,,3.0
call_2907,40.1124889145241,-77.51985456478981,75M,75M,,911_calls,,,,,3.0
call_2908,40.11248861265572,-77.51985452095414,22Q1,22Q1,,911_calls,,,,,3.0
call_2909,40.112489164663515,-77.51985433364074,22Q2,22Q2,,911_calls,,,,,3.0
call_2910,40.11248891387874,-77.51985455027943,52D1,52D1,,911_calls,,,,,3.0
call_2911,40.11248876242461,-77.51985452334782,75D,75D,,911_calls,,,,,3.0
call_2912,40.112488507831976,-77.51985458786697,68Q1,68Q1,,911_calls,,,,,3.0
call_2913,40.11248878922766,-77.51985458518257,50P1,50P1,,911_calls,,,,,3.0
call_2914,40.11248881492165,-77.51985451098838,10P2,10P2,,911_calls,,,,,3.0
call_2915,40.112488919662475,-77.5198541006411,10P2,10P2,,911_calls,,,,,3.0
call_2916,40.11248915415805,-77.51985425897773,75S,75S,,911_calls,,,,,3.0
call_2917,40.11248857801595,-77.51985434297906,10V2,10V2,,911_calls,,,,,3.0
call_2918,40.112488563812036,-77.5198545629344,22Q2,22Q2,,911_calls,,,,,3.0
call_2919,40.11248900824752,-77.51985405049028,75D,75D,,911_calls,,,,,3.0
call_2920,40.112489019162716,-77.51985446363469,75I,75I,,911_calls,,,,,3.0
call_2921,40.112488607368846,-77.51985444230687,52D1,52D1,,911_calls,,,,,3.0
call_2922,40.11248909628757,-77.5198541955162,68Q1,68Q1,,911_calls,,,,,3.0
call_2923,40.112489085709434,-77.51985422896256,68Q1,68Q1,,911_calls,,,,,3.0
call_2924,40.11248892428486,-77.51985450522254,68Q1,68Q1,,911_calls,,,,,3.0
call_2925,40.112489181386124,-77.51985415700987,10H2,10H2,,911_calls,,,,,3.0
call_2926,40.11248854191171,-77.51985463388017,75D,75D,,911_calls,,,,,3.0
call_2927,40.11248851927975,-77.51985438741043,75D,75D,,911_calls,,,,,3.0
call_2928,40.11248857506537,-77.5198544012938,75S,75S,,911_calls,,,,,3.0
call_2929,40.11248904709489,-77.51985440415102,10S4,10S4,,911_calls,,,,,3.0
call_2930,40.11248851665009,-77.51985443018329,75D,75D,,911_calls,,,,,3.0
call_2931,40.11248860959628,-77.51985454264701,68Q1,68Q1,,911_calls,,,,,3.0
call_2932,40.112489140372276,-77.51985422819448,75I,75I,,911_calls,,,,,3.0
call_2933,40.11248853143574,-77.5198536598271,54U1,54U1,,911_calls,,,,,3.0
call_2934,40.11248916378623,-77.51985428533918,10Y3,10Y3,,911_calls,,,,,3.0
call_2935,40.11248888756665,-77.51985449415582,11C4,11C4,,911_calls,,,,,3.0
call_2936,40.11248894360998,-77.51985450717181,10P2,10P2,,911_calls,,,,,3.0
call_2937,40.11248905740994,-77.51985439253411,10S4,10S4,,911_calls,,,,,3.0
call_2938,40.11248845717289,-77.51985447417195,75S,75S,,911_calls,,,,,3.0
call_2939,40.11248900735032,-77.51985435977934,75I,75I,,911_calls,,,,,3.0
call_2940,40.11248874280701,-77.51985450396413,75S,75S,,911_calls,,,,,3.0
call_2941,40.11248891317292,-77.51985449413213,75S,75S,,911_calls,,,,,3.0
call_2942,40.11248899327478,-77.51985449615441,68Q1,68Q1,,911_calls,,,,,3.0
call_2943,40.11248908429447,-77.51985421865483,10S4,10S4,,911_calls,,,,,3.0
call_2944,40.112489309937345,-77.51985406645099,75T,75T,,911_calls,,,,,3.0
call_2945,40.112489309937345,-77.51985406645099,75T,75T,,911_calls,,,,,3.0
call_2946,40.112488327143325,-77.51985507509515,68Q2,68Q2,,911_calls,,,,,3.0
call_2947,40.112488741000796,-77.51985376943456,10V2,10V2,,911_calls,,,,,3.0
call_2948,40.11248878289643,-77.51985393624382,75T,75T,,911_calls,,,,,3.0
call_2949,40.112488896746584,-77.51985452220175,31R,31R,,911_calls,,,,,3.0
call_2950,40.1124885754492,-77.51985424266094,22Q1,22Q1,,911_calls,,,,,3.0
call_2951,40.11248860649695,-77.51985447413053,75D,75D,,911_calls,,,,,3.0
call_2952,40.11248848936037,-77.51985441181534,75H,75H,,911_calls,,,,,3.0
call_2953,40.11248905109209,-77.51985436287433,50G2,50G2,,911_calls,,,,,3.0
call_2954,40.11248926740178,-77.51985412424088,53S,53S,,911_calls,,,,,3.0
call_2955,40.11248875492563,-77.51985437259262,53S,53S,,911_calls,,,,,3.0
call_2956,40.112489011480214,-77.5198543472261,24Q6,24Q6,,911_calls,,,,,3.0
call_2957,40.112488958682434,-77.5198542896172,24Q1,24Q1,,911_calls,,,,,3.0
call_2958,40.112489052945214,-77.51985435773553,75D,75D,,911_calls,,,,,3.0
call_2959,40.112488758115674,-77.51985442236601,68Q2,68Q2,,911_calls,,,,,3.0
call_2960,40.11248904378048,-77.51985445551563,68Q1,68Q1,,911_calls,,,,,3.0
call_2961,40.112489168509285,-77.51985426060993,44H1,44H1,,911_calls,,,,,3.0
call_2962,40.11248894188903,-77.51985452804449,10H2,10H2,,911_calls,,,,,3.0
call_2963,40.112489140372276,-77.51985422819448,75I,75I,,911_calls,,,,,3.0
call_2964,40.11248920393877,-77.51985409846867,75S,75S,,911_calls,,,,,3.0
call_2965,40.11248916117423,-77.51985413991287,75T,75T,,911_calls,,,,,3.0
call_2966,40.11248859198539,-77.51985462028512,68Q1,68Q1,,911_calls,,,,,3.0
call_2967,40.11248857360673,-77.51985443216607,10S4,10S4,,911_calls,,,,,3.0
call_2968,40.112489119546964,-77.51985423196464,52D1,52D1,,911_calls,,,,,3.0
call_2969,40.11248925869953,-77.51985421667887,52D6,52D6,,911_calls,,,,,3.0
call_2970,40.112488658218396,-77.5198545188085,11C4,11C4,,911_calls,,,,,3.0
call_2971,40.11248876953201,-77.51985424712873,75D,75D,,911_calls,,,,,3.0
call_2972,40.11248911289003,-77.51985437886594,75D,75D,,911_calls,,,,,3.0
call_2973,40.112488792286555,-77.51985386315926,75D,75D,,911_calls,,,,,3.0
call_2974,40.1124887535465,-77.51985441005357,68Q1,68Q1,,911_calls,,,,,3.0
call_2975,40.11248920393877,-77.51985409846867,75D,75D,,911_calls,,,,,3.0
call_2976,40.1124887798335,-77.5198537897772,52D6,52D6,,911_calls,,,,,3.0
call_2977,40.112488803511326,-77.51985380678924,75D,75D,,911_calls,,,,,3.0
call_2978,40.11248887429193,-77.51985456109331,75M,75M,,911_calls,,,,,3.0
call_2979,40.11248910387062,-77.51985434752147,75D,75D,,911_calls,,,,,3.0
call_2980,40.11248919463141,-77.51985415706558,54S1,54S1,,911_calls,,,,,3.0
call_2981,40.112488934220934,-77.51985452829,10P2,10P2,,911_calls,,,,,3.0
call_2982,40.112489227149226,-77.51985417059406,75D,75D,,911_calls,,,,,3.0
call_2983,40.1124889615422,-77.51985356841608,75H,75H,,911_calls,,,,,3.0
call_2984,40.11248876216617,-77.5198544109887,53S,53S,,911_calls,,,,,3.0
call_2985,40.11248922143638,-77.51985421751701,75S,75S,,911_calls,,,,,3.0
call_2986,40.11248844393825,-77.51985437095546,10S2,10S2,,911_calls,,,,,3.0
call_2987,40.11248838780439,-77.51985414316536,75D,75D,,911_calls,,,,,3.0
call_2988,40.112488903682234,-77.51985416793912,50P9,50P9,,911_calls,,,,,3.0
call_2989,40.112488947188616,-77.51985452342588,10H2,10H2,,911_calls,,,,,3.0
call_2990,40.11248907294475,-77.51985436847926,53S,53S,,911_calls,,,,,3.0
call_2991,40.11248916029864,-77.51985414120082,75T,75T,,911_calls,,,,,3.0
call_2992,40.11248868180168,-77.51985436796984,75D,75D,,911_calls,,,,,3.0
call_2993,40.11248867689032,-77.51985436831066,75D,75D,,911_calls,,,,,3.0
call_2994,40.11248858206009,-77.51985443409902,53D,53D,,911_calls,,,,,3.0
call_2995,40.112488807360926,-77.51985455567612,54S9,54S9,,911_calls,,,,,3.0
call_2996,40.11248850787956,-77.51985452680539,68Q1,68Q1,,911_calls,,,,,3.0
call_2997,40.11248913006258,-77.51985409408098,54S2,54S2,,911_calls,,,,,3.0
call_2998,40.112489014156495,-77.51985434847423,54S2,54S2,,911_calls,,,,,3.0
call_2999,40.11248890625023,-77.51985444259758,75D,75D,,911_calls,,,,,3.0
call_3000,40.11248875821341,-77.51985384333994,22P1,22P1,,911_calls,,,,,3.0
call_3001,40.11248902624195,-77.51985446046106,75S,75S,,911_calls,,,,,3.0
call_3002,40.11248901877014,-77.51985445455675,75I,75I,,911_calls,,,,,3.0
call_3003,40.11248879271697,-77.51985383507875,75S,75S,,911_calls,,,,,3.0
call_3004,40.11248893775055,-77.51985444337501,75T,75T,,911_calls,,,,,3.0
call_3005,40.112488755486766,-77.51985361064688,75D,75D,,911_calls,,,,,3.0
call_3006,40.11248893775055,-77.51985444337501,75T,75T,,911_calls,,,,,3.0
call_3007,40.11248891930286,-77.5198545154494,75S,75S,,911_calls,,,,,3.0
call_3008,40.11248920393877,-77.51985409846867,22Q2,22Q2,,911_calls,,,,,3.0
call_3009,40.11248911093631,-77.51985407516224,10V2,10V2,,911_calls,,,,,3.0
call_3010,40.112488675828615,-77.51985438356417,75D,75D,,911_calls,,,,,3.0
call_3011,40.11248867477517,-77.5198544774488,75D,75D,,911_calls,,,,,3.0
call_3012,40.11248869249168,-77.51985448267796,75D,75D,,911_calls,,,,,3.0
call_3013,40.112489168165965,-77.5198541606275,75D,75D,,911_calls,,,,,3.0
call_3014,40.11248916029864,-77.51985414120082,75T,75T,,911_calls,,,,,3.0
call_3015,40.11248908995852,-77.51985427164897,75S,75S,,911_calls,,,,,3.0
call_3016,40.112488705545545,-77.51985415194864,11R4,11R4,,911_calls,,,,,3.0
call_3017,40.112489039913825,-77.5198544296387,68Q1,68Q1,,911_calls,,,,,3.0
call_3018,40.112488761545144,-77.51985441255657,53S,53S,,911_calls,,,,,3.0
call_3019,40.112488965620955,-77.51985439622301,32Q2,32Q2,,911_calls,,,,,3.0
call_3020,40.11248866998075,-77.51985429764736,22Q2,22Q2,,911_calls,,,,,3.0
call_3021,40.11248917244875,-77.51985421786621,59R4,59R4,,911_calls,,,,,3.0
call_3022,40.11248875699802,-77.51985437731811,75D,75D,,911_calls,,,,,3.0
call_3023,40.112488766959174,-77.51985387520301,53I8,53I8,,911_calls,,,,,3.0
call_3024,40.11248861040471,-77.51985459088216,68Q1,68Q1,,911_calls,,,,,3.0
call_3025,40.11248868543028,-77.51985412763541,75M,75M,,911_calls,,,,,3.0
call_3026,40.112489093053235,-77.519854308049,75S,75S,,911_calls,,,,,3.0
call_3027,40.11248829192211,-77.51985530587761,10F2,10F2,,911_calls,,,,,3.0
call_3028,40.11248874280701,-77.51985450396413,75S,75S,,911_calls,,,,,3.0
call_3029,40.11248879377621,-77.51985420040661,52D6,52D6,,911_calls,,,,,3.0
call_3030,40.112489121479804,-77.51985430053853,75S,75S,,911_calls,,,,,3.0
call_3031,40.11248912549747,-77.51985422991248,52D2,52D2,,911_calls,,,,,3.0
call_3032,40.11248893775055,-77.51985444337501,75T,75T,,911_calls,,,,,3.0
call_3033,40.11248893775055,-77.51985444337501,75T,75T,,911_calls,,,,,3.0
call_3034,40.11248923918455,-77.51985421951129,39H1,39H1,,911_calls,,,,,3.0
call_3035,40.112489221738635,-77.51985427952667,54S9,54S9,,911_calls,,,,,3.0
call_3036,40.112489240524624,-77.51985414452764,68Q1,68Q1,,911_calls,,,,,3.0
call_3037,40.11248891317292,-77.51985449413213,75M,75M,,911_calls,,,,,3.0
call_3038,40.11248868334614,-77.51985394883785,34Q1,34Q1,,911_calls,,,,,3.0
call_3039,40.112488587244734,-77.51985419348009,68Q1,68Q1,,911_calls,,,,,3.0
call_3040,40.11248916029864,-77.51985414120082,75T,75T,,911_calls,,,,,3.0
call_3041,40.11248877311789,-77.5198535962577,75D,75D,,911_calls,,,,,3.0
call_3042,40.11248898035445,-77.51985438336581,54U9,54U9,,911_calls,,,,,3.0
call_3043,40.11248911775965,-77.51985428375063,68Q1,68Q1,,911_calls,,,,,3.0
call_3044,40.11248869271884,-77.5198539579254,68Q1,68Q1,,911_calls,,,,,3.0
call_3045,40.112489155406635,-77.51985426430339,59V,59V,,911_calls,,,,,3.0
call_3046,40.11248838991366,-77.51985498182133,54E1,54E1,,911_calls,,,,,3.0
call_3047,40.11248838991366,-77.51985498182133,54E1,54E1,,911_calls,,,,,3.0
call_3048,40.112488574317034,-77.51985464220691,68Q1,68Q1,,911_calls,,,,,3.0
call_3049,40.1124891159597,-77.51985420546451,39T1,39T1,,911_calls,,,,,3.0
call_3050,40.11248857245095,-77.51985458907778,68Q1,68Q1,,911_calls,,,,,3.0
call_3051,40.11248898955622,-77.51985436473224,54E1,54E1,,911_calls,,,,,3.0
call_3052,40.11248898955622,-77.51985436473224,54E1,54E1,,911_calls,,,,,3.0
call_3053,40.112488875853266,-77.51985452661172,52D1,52D1,,911_calls,,,,,3.0
call_3054,40.112488809033344,-77.51985449431609,75D,75D,,911_calls,,,,,3.0
call_3055,40.11248909300352,-77.51985430745191,54S9,54S9,,911_calls,,,,,3.0
call_3056,40.11248867592117,-77.51985447058276,10H1,10H1,,911_calls,,,,,3.0
call_3057,40.112488730021624,-77.51985451074148,68Q2,68Q2,,911_calls,,,,,3.0
call_3058,40.112488730021624,-77.51985451074148,68Q2,68Q2,,911_calls,,,,,3.0
call_3059,40.112488926776955,-77.51985423307205,52D1,52D1,,911_calls,,,,,3.0
call_3060,40.112488910188894,-77.51985419992648,53S,53S,,911_calls,,,,,3.0
call_3061,40.11248914048563,-77.51985394948683,68Q1,68Q1,,911_calls,,,,,3.0
call_3062,40.11248876000696,-77.5198544386436,75D,75D,,911_calls,,,,,3.0
call_3063,40.112488858194126,-77.51985367272381,68Q1,68Q1,,911_calls,,,,,3.0
call_3064,40.11248886995589,-77.51985455842595,39H2,39H2,,911_calls,,,,,3.0
call_3065,40.11248889618898,-77.51985406401786,52D6,52D6,,911_calls,,,,,3.0
call_3066,40.11248874352267,-77.51985408224704,10H1,10H1,,911_calls,,,,,3.0
call_3067,40.11248871540107,-77.51985436618818,75S,75S,,911_calls,,,,,3.0
call_3068,40.11248904070433,-77.51985439738671,34Q2,34Q2,,911_calls,,,,,3.0
call_3069,40.11248878289643,-77.51985393624382,75T,75T,,911_calls,,,,,3.0
call_3070,40.11248892825054,-77.51985448831705,75S,75S,,911_calls,,,,,3.0
call_3071,40.11248885184208,-77.5198544953954,34Q2,34Q2,,911_calls,,,,,3.0
call_3072,40.11248903889901,-77.51985434782843,10V2,10V2,,911_calls,,,,,3.0
call_3073,40.11248893789484,-77.51985389429251,11R4,11R4,,911_calls,,,,,3.0
call_3074,40.11248903381322,-77.5198544478796,54U2,54U2,,911_calls,,,,,3.0
call_3075,40.11248859981308,-77.51985480494609,75D,75D,,911_calls,,,,,3.0
call_3076,40.11248921957925,-77.51985423106888,75D,75D,,911_calls,,,,,3.0
call_3077,40.11248882344211,-77.51985452321713,52D1,52D1,,911_calls,,,,,3.0
call_3078,40.112488692971624,-77.51985455566843,68Q1,68Q1,,911_calls,,,,,3.0
call_3079,40.11248894574343,-77.51985441356585,75D,75D,,911_calls,,,,,3.0
call_3080,40.11248902624195,-77.51985446046106,54U9,54U9,,911_calls,,,,,3.0
call_3081,40.11248886185381,-77.5198540989589,67S,67S,,911_calls,,,,,3.0
call_3082,40.1124890117748,-77.51985437514843,50P1,50P1,,911_calls,,,,,3.0
call_3083,40.11248866592353,-77.51985436794038,75D,75D,,911_calls,,,,,3.0
call_3084,40.112488701215725,-77.51985415701914,75D,75D,,911_calls,,,,,3.0
call_3085,40.1124887135634,-77.51985446485054,75D,75D,,911_calls,,,,,3.0
call_3086,40.11248880653226,-77.51985438036878,31Q,31Q,,911_calls,,,,,3.0
call_3087,40.11248885230099,-77.5198545054757,68Q1,68Q1,,911_calls,,,,,3.0
call_3088,40.11248899327478,-77.51985449615441,75D,75D,,911_calls,,,,,3.0
call_3089,40.11248881483455,-77.5198545094092,75T,75T,,911_calls,,,,,3.0
call_3090,40.112488668044925,-77.51985436834603,75D,75D,,911_calls,,,,,3.0
call_3091,40.112488551377204,-77.51985418052261,75D,75D,,911_calls,,,,,3.0
call_3092,40.112489085819526,-77.51985435077279,34Q2,34Q2,,911_calls,,,,,3.0
call_3093,40.112488854245626,-77.5198545037826,68Q1,68Q1,,911_calls,,,,,3.0
call_3094,40.11248888584905,-77.51985419598829,75Z,75Z,,911_calls,,,,,3.0
call_3095,40.11248907444371,-77.51985430264203,75S,75S,,911_calls,,,,,3.0
call_3096,40.11248902430917,-77.51985447381209,68Q1,68Q1,,911_calls,,,,,3.0
call_3097,40.112488729122525,-77.51985447845573,68Q1,68Q1,,911_calls,,,,,3.0
call_3098,40.112488767158176,-77.51985460588179,75S,75S,,911_calls,,,,,3.0
call_3099,40.112489149436094,-77.5198542809382,54S1,54S1,,911_calls,,,,,3.0
call_3100,40.11248873468768,-77.51985427357423,75D,75D,,911_calls,,,,,3.0
call_3101,40.1124889069652,-77.51985447261869,53H,53H,,911_calls,,,,,3.0
call_3102,40.11248883366494,-77.51985424017151,53H,53H,,911_calls,,,,,3.0
call_3103,40.11248904046121,-77.51985434134401,56S,56S,,911_calls,,,,,3.0
call_3104,40.11248870006974,-77.51985367223334,68Q1,68Q1,,911_calls,,,,,3.0
call_3105,40.11248915415805,-77.51985425897773,75M,75M,,911_calls,,,,,3.0
call_3106,40.11248863276631,-77.5198543700525,68Q1,68Q1,,911_calls,,,,,3.0
call_3107,40.112488936028896,-77.51985444124536,56S9,56S9,,911_calls,,,,,3.0
call_3108,40.11248891930286,-77.5198545154494,75S,75S,,911_calls,,,,,3.0
call_3109,40.11248884345469,-77.51985361431149,68Q1,68Q1,,911_calls,,,,,3.0
call_3110,40.11248874477363,-77.5198542440671,68Q1,68Q1,,911_calls,,,,,3.0
call_3111,40.1124891156203,-77.51985425334117,10Y3,10Y3,,911_calls,,,,,3.0
call_3112,40.11248881227438,-77.51985378752161,75D,75D,,911_calls,,,,,3.0
call_3113,40.11248880673265,-77.51985437405531,54U9,54U9,,911_calls,,,,,3.0
call_3114,40.11248914038347,-77.51985427414338,75S,75S,,911_calls,,,,,3.0
call_3115,40.11248867026789,-77.51985432413701,68Q1,68Q1,,911_calls,,,,,3.0
call_3116,40.112488867990436,-77.51985361110778,10V2,10V2,,911_calls,,,,,3.0
call_3117,40.112488909105686,-77.51985395611433,68Q1,68Q1,,911_calls,,,,,3.0
call_3118,40.11248845967624,-77.51985436940842,75D,75D,,911_calls,,,,,3.0
call_3119,40.11248903119465,-77.51985377732132,75D,75D,,911_calls,,,,,3.0
call_3120,40.112488938103496,-77.51985398141385,10V8,10V8,,911_calls,,,,,3.0
call_3121,40.11248908729934,-77.51985435590234,54U2,54U2,,911_calls,,,,,3.0
call_3122,40.11248916834688,-77.51985426472658,75O,75O,,911_calls,,,,,3.0
call_3123,40.112488458634054,-77.51985436724227,75D,75D,,911_calls,,,,,3.0
call_3124,40.11248903889901,-77.51985434782843,10P2,10P2,,911_calls,,,,,3.0
call_3125,40.11248878888682,-77.51985457913788,54H2,54H2,,911_calls,,,,,3.0
call_3126,40.11248830599182,-77.5198551576421,75D,75D,,911_calls,,,,,3.0
call_3127,40.11248896755732,-77.51985439454012,54H1,54H1,,911_calls,,,,,3.0
call_3128,40.112489157643175,-77.51985435867725,10H1,10H1,,911_calls,,,,,3.0
call_3129,40.11248903208548,-77.51985444939253,54U2,54U2,,911_calls,,,,,3.0
call_3130,40.112488562458616,-77.51985460203414,53S8,53S8,,911_calls,,,,,3.0
call_3131,40.112488504121416,-77.51985442640353,75D,75D,,911_calls,,,,,3.0
call_3132,40.11248906509761,-77.51985438843191,10V2,10V2,,911_calls,,,,,3.0
call_3133,40.112488530373135,-77.51985465239477,75S,75S,,911_calls,,,,,3.0
call_3134,40.11248890208222,-77.51985416574125,75M,75M,,911_calls,,,,,3.0
call_3135,40.112488713984156,-77.5198542011149,75S,75S,,911_calls,,,,,3.0
call_3136,40.112488713958115,-77.51985431780739,53X,53X,,911_calls,,,,,3.0
call_3137,40.112488713958115,-77.51985431780739,53X,53X,,911_calls,,,,,3.0
call_3138,40.11248860575499,-77.51985415926147,68Q1,68Q1,,911_calls,,,,,3.0
call_3139,40.112488507831976,-77.51985458786697,68Q1,68Q1,,911_calls,,,,,3.0
call_3140,40.11248872650056,-77.51985362142642,75Z,75Z,,911_calls,,,,,3.0
call_3141,40.11248891479167,-77.51985406393476,30Q2,30Q2,,911_calls,,,,,3.0
call_3142,40.11248918252953,-77.51985418437796,54Q1,54Q1,,911_calls,,,,,3.0
call_3143,40.11248874186285,-77.51985435196329,68Q1,68Q1,,911_calls,,,,,3.0
call_3144,40.11248868861754,-77.51985419372151,75S,75S,,911_calls,,,,,3.0
call_3145,40.11248926948395,-77.51985412871755,52D1,52D1,,911_calls,,,,,3.0
call_3146,40.1124891900359,-77.51985421770564,54E2,54E2,,911_calls,,,,,3.0
call_3147,40.1124891900359,-77.51985421770564,54E2,54E2,,911_calls,,,,,3.0
call_3148,40.112488688822445,-77.51985446148952,75D,75D,,911_calls,,,,,3.0
call_3149,40.112489137863435,-77.51985424134523,59R4,59R4,,911_calls,,,,,3.0
call_3150,40.1124891248416,-77.51985404131274,54S1,54S1,,911_calls,,,,,3.0
call_3151,40.1124887535465,-77.51985441005357,68Q1,68Q1,,911_calls,,,,,3.0
call_3152,40.112488494429186,-77.51985448174122,75D,75D,,911_calls,,,,,3.0
call_3153,40.11248863049705,-77.51985456608699,54S2,54S2,,911_calls,,,,,3.0
call_3154,40.11248890135514,-77.51985369135134,75D,75D,,911_calls,,,,,3.0
call_3155,40.11248915469767,-77.51985423193045,75D,75D,,911_calls,,,,,3.0
call_3156,40.112488548915394,-77.51985463852964,75D,75D,,911_calls,,,,,3.0
call_3157,40.112488716062096,-77.51985429077551,75D,75D,,911_calls,,,,,3.0
call_3158,40.11248881992451,-77.51985363397459,68Q1,68Q1,,911_calls,,,,,3.0
call_3159,40.112488797125536,-77.51985458092571,54S1,54S1,,911_calls,,,,,3.0
call_3160,40.112488904523275,-77.51985452185856,10H2,10H2,,911_calls,,,,,3.0
call_3161,40.11248891943348,-77.51985425323225,10H1,10H1,,911_calls,,,,,3.0
call_3162,40.11248890341093,-77.51985439544866,59C,59C,,911_calls,,,,,3.0
call_3163,40.1124887017907,-77.51985448603813,75D,75D,,911_calls,,,,,3.0
call_3164,40.112488569672905,-77.51985443701496,10S4,10S4,,911_calls,,,,,3.0
call_3165,40.112488884770976,-77.51985417749802,68Q1,68Q1,,911_calls,,,,,3.0
call_3166,40.11248892244793,-77.51985434483821,52D1,52D1,,911_calls,,,,,3.0
call_3167,40.11248871587701,-77.51985420210043,75M,75M,,911_calls,,,,,3.0
call_3168,40.11248851512846,-77.51985447432749,68Q1,68Q1,,911_calls,,,,,3.0
call_3169,40.11248916834688,-77.51985426472658,75M,75M,,911_calls,,,,,3.0
call_3170,40.11248851738654,-77.51985450262622,68Q1,68Q1,,911_calls,,,,,3.0
call_3171,40.112488787212094,-77.51985458111476,75M,75M,,911_calls,,,,,3.0
call_3172,40.11248868439051,-77.51985418014779,75I,75I,,911_calls,,,,,3.0
call_3173,40.11248851879614,-77.51985447373227,68Q1,68Q1,,911_calls,,,,,3.0
call_3174,40.11248909340952,-77.51985423636994,75S,75S,,911_calls,,,,,3.0
call_3175,40.11248871108185,-77.5198540884469,54S9,54S9,,911_calls,,,,,3.0
call_3176,40.11248863249658,-77.51985433713493,10H1,10H1,,911_calls,,,,,3.0
call_3177,40.11248905278053,-77.51985432551045,54S2,54S2,,911_calls,,,,,3.0
call_3178,40.112489152348196,-77.51985402431518,11C4,11C4,,911_calls,,,,,3.0
call_3179,40.11248916592737,-77.51985415860165,10V2,10V2,,911_calls,,,,,3.0
call_3180,40.11248870385905,-77.5198542802221,22V1,22V1,,911_calls,,,,,3.0
call_3181,40.112489029283424,-77.51985443577031,54S1,54S1,,911_calls,,,,,3.0
call_3182,40.112488903354425,-77.51985445588994,75D,75D,,911_calls,,,,,3.0
call_3183,40.112489027625145,-77.51985438694524,75D,75D,,911_calls,,,,,3.0
call_3184,40.11248892825054,-77.51985448831705,75M,75M,,911_calls,,,,,3.0
call_3185,40.112488833230614,-77.51985446948856,52D1,52D1,,911_calls,,,,,3.0
call_3186,40.112488724829085,-77.51985361332564,75D,75D,,911_calls,,,,,3.0
call_3187,40.11248895072933,-77.51985452034275,10H2,10H2,,911_calls,,,,,3.0
call_3188,40.112488563757196,-77.51985494613189,68Q1,68Q1,,911_calls,,,,,3.0
call_3189,40.11248856234969,-77.51985462694384,75D,75D,,911_calls,,,,,3.0
call_3190,40.11248864375633,-77.51985439235727,75D,75D,,911_calls,,,,,3.0
call_3191,40.11248867147289,-77.51985439063915,68Q1,68Q1,,911_calls,,,,,3.0
call_3192,40.112488842994864,-77.51985447709515,10H1,10H1,,911_calls,,,,,3.0
call_3193,40.11248891930286,-77.5198545154494,10K9,10K9,,911_calls,,,,,3.0
call_3194,40.11248875128841,-77.51985443060595,52D1,52D1,,911_calls,,,,,3.0
call_3195,40.11248873057081,-77.51985445462607,53S,53S,,911_calls,,,,,3.0
call_3196,40.112488905941454,-77.51985414274573,54S2,54S2,,911_calls,,,,,3.0
call_3197,40.11248907458407,-77.51985438937184,54U1,54U1,,911_calls,,,,,3.0
call_3198,40.11248879271697,-77.51985383507875,68U9,68U9,,911_calls,,,,,3.0
call_3199,40.11248870164806,-77.51985448552766,75T,75T,,911_calls,,,,,3.0
call_3200,40.112489074251265,-77.51985418020395,75D,75D,,911_calls,,,,,3.0
call_3201,40.11248857667133,-77.51985461493905,11C4,11C4,,911_calls,,,,,3.0
call_3202,40.11248896119289,-77.51985423889448,54S2,54S2,,911_calls,,,,,3.0
call_3203,40.11248926877318,-77.51985414409027,68Q1,68Q1,,911_calls,,,,,3.0
call_3204,40.1124888070396,-77.51985369669066,10V2,10V2,,911_calls,,,,,3.0
call_3205,40.11248916806946,-77.51985422979999,54U2,54U2,,911_calls,,,,,3.0
call_3206,40.11248895820653,-77.5198544951831,68Q1,68Q1,,911_calls,,,,,3.0
call_3207,40.11248914038347,-77.51985427414338,75M,75M,,911_calls,,,,,3.0
call_3208,40.11248914692448,-77.51985409848837,50G1,50G1,,911_calls,,,,,3.0
call_3209,40.112488745859324,-77.51985424680554,54S1,54S1,,911_calls,,,,,3.0
call_3210,40.11248870926671,-77.51985439372153,75D,75D,,911_calls,,,,,3.0
call_3211,40.11248916167399,-77.51985436174132,24Q1,24Q1,,911_calls,,,,,3.0
call_3212,40.112488505826676,-77.5198544609973,68Q1,68Q1,,911_calls,,,,,3.0
call_3213,40.11248879299973,-77.51985449100373,75D,75D,,911_calls,,,,,3.0
call_3214,40.112488503079156,-77.51985443727567,68Q1,68Q1,,911_calls,,,,,3.0
call_3215,40.112489081205815,-77.51985431681581,54E9,54E9,,911_calls,,,,,3.0
call_3216,40.112489081205815,-77.51985431681581,54E9,54E9,,911_calls,,,,,3.0
call_3217,40.11248848720493,-77.51985445724694,68Q1,68Q1,,911_calls,,,,,3.0
call_3218,40.11248908995852,-77.51985427164897,75S,75S,,911_calls,,,,,3.0
call_3219,40.11248900824752,-77.51985405049028,75D,75D,,911_calls,,,,,3.0
call_3220,40.112488489241265,-77.51985441274967,75D,75D,,911_calls,,,,,3.0
call_3221,40.11248888626389,-77.5198545313258,54U1,54U1,,911_calls,,,,,3.0
call_3222,40.11248864726182,-77.51985434695622,54S1,54S1,,911_calls,,,,,3.0
call_3223,40.112488912344475,-77.51985435374738,53D,53D,,911_calls,,,,,3.0
call_3224,40.1124888789851,-77.51985412827898,10H1,10H1,,911_calls,,,,,3.0
call_3225,40.11248854215769,-77.51985482688701,75D,75D,,911_calls,,,,,3.0
call_3226,40.11248895719343,-77.51985376149666,68Q1,68Q1,,911_calls,,,,,3.0
call_3227,40.112488731327595,-77.51985409241026,75S,75S,,911_calls,,,,,3.0
call_3228,40.11248883306846,-77.51985389114571,54S2,54S2,,911_calls,,,,,3.0
call_3229,40.11248903885936,-77.51985439829969,75S,75S,,911_calls,,,,,3.0
call_3230,40.1124888614625,-77.51985458074196,34Q1,34Q1,,911_calls,,,,,3.0
call_3231,40.112488678970685,-77.51985442255814,75D,75D,,911_calls,,,,,3.0
call_3232,40.11248873323782,-77.51985365177008,10V2,10V2,,911_calls,,,,,3.0
call_3233,40.11248849349579,-77.51985437622525,75D,75D,,911_calls,,,,,3.0
call_3234,40.11248885323484,-77.51985456200389,68Q1,68Q1,,911_calls,,,,,3.0
call_3235,40.11248855558536,-77.51985450479988,54E2,54E2,,911_calls,,,,,3.0
call_3236,40.11248855558536,-77.51985450479988,54E2,54E2,,911_calls,,,,,3.0
call_3237,40.11248847057355,-77.51985445644748,75D,75D,,911_calls,,,,,3.0
call_3238,40.11248858233098,-77.51985466262512,68Q1,68Q1,,911_calls,,,,,3.0
call_3239,40.11248854215769,-77.51985482688701,68Q1,68Q1,,911_calls,,,,,3.0
call_3240,40.112488524704425,-77.51985462807303,68Q1,68Q1,,911_calls,,,,,3.0
call_3241,40.11248912162465,-77.5198543024721,75S,75S,,911_calls,,,,,3.0
call_3242,40.112488936276414,-77.51985447397217,52D1,52D1,,911_calls,,,,,3.0
call_3243,40.11248916696124,-77.51985411292002,54S9,54S9,,911_calls,,,,,3.0
call_3244,40.11248857714121,-77.5198549575758,75D,75D,,911_calls,,,,,3.0
call_3245,40.11248868263595,-77.51985450427145,75T,75T,,911_calls,,,,,3.0
call_3246,40.11248914210592,-77.51985423394478,10S4,10S4,,911_calls,,,,,3.0
call_3247,40.11248876456311,-77.51985375707463,11C4,11C4,,911_calls,,,,,3.0
call_3248,40.112488737866755,-77.51985435072628,54S1,54S1,,911_calls,,,,,3.0
call_3249,40.1124887598461,-77.51985431407599,68Q1,68Q1,,911_calls,,,,,3.0
call_3250,40.11248891990974,-77.51985450161119,22V2,22V2,,911_calls,,,,,3.0
call_3251,40.11248887849228,-77.51985411608057,56S9,56S9,,911_calls,,,,,3.0
call_3252,40.11248886554968,-77.51985446374285,50P2,50P2,,911_calls,,,,,3.0
call_3253,40.11248850042496,-77.51985482535737,68Q1,68Q1,,911_calls,,,,,3.0
call_3254,40.11248923078775,-77.51985427574323,54S2,54S2,,911_calls,,,,,3.0
call_3255,40.11248856037255,-77.5198541667741,67S8,67S8,,911_calls,,,,,3.0
call_3256,40.11248879847627,-77.51985457576976,29C,29C,,911_calls,,,,,3.0
call_3257,40.1124889605726,-77.51985359479073,10Y8,10Y8,,911_calls,,,,,3.0
call_3258,40.112488929216994,-77.51985441747902,75D,75D,,911_calls,,,,,3.0
call_3259,40.112488771734434,-77.51985423241534,75S,75S,,911_calls,,,,,3.0
call_3260,40.112489137428966,-77.51985437080377,24Q9,24Q9,,911_calls,,,,,3.0
call_3261,40.112488425421645,-77.51985446461165,75S,75S,,911_calls,,,,,3.0
call_3262,40.11248860794366,-77.51985485624905,75I,75I,,911_calls,,,,,3.0
call_3263,40.11248865936537,-77.51985440561873,75D,75D,,911_calls,,,,,3.0
call_3264,40.11248883375782,-77.51985437496667,54R9,54R9,,911_calls,,,,,3.0
call_3265,40.11248883375782,-77.51985437496667,54R9,54R9,,911_calls,,,,,3.0
call_3266,40.11248860794366,-77.51985485624905,75I,75I,,911_calls,,,,,3.0
call_3267,40.112488794269254,-77.51985417933349,34Q6,34Q6,,911_calls,,,,,3.0
call_3268,40.112489020253626,-77.51985434979416,68Q1,68Q1,,911_calls,,,,,3.0
call_3269,40.112488771734434,-77.51985423241534,75S,75S,,911_calls,,,,,3.0
call_3270,40.11248871062232,-77.51985418486126,53S,53S,,911_calls,,,,,3.0
call_3271,40.11248892918531,-77.51985439287546,56S9,56S9,,911_calls,,,,,3.0
call_3272,40.11248893595017,-77.51985450739281,34Q2,34Q2,,911_calls,,,,,3.0
call_3273,40.11248870265407,-77.51985420278717,34Q6,34Q6,,911_calls,,,,,3.0
call_3274,40.11248874280701,-77.51985450396413,75S,75S,,911_calls,,,,,3.0
call_3275,40.11248901669231,-77.51985393284407,53I8,53I8,,911_calls,,,,,3.0
call_3276,40.112488462011136,-77.51985448944403,75Z,75Z,,911_calls,,,,,3.0
call_3277,40.11248890310641,-77.51985413272646,54U1,54U1,,911_calls,,,,,3.0
call_3278,40.11248891930286,-77.5198545154494,75S,75S,,911_calls,,,,,3.0
call_3279,40.11248867376445,-77.51985411792135,20Q2,20Q2,,911_calls,,,,,3.0
call_3280,40.11248910813643,-77.51985420836655,75D,75D,,911_calls,,,,,3.0
call_3281,40.11248867129029,-77.51985393692466,75T,75T,,911_calls,,,,,3.0
call_3282,40.112488752086136,-77.51985423140765,53S,53S,,911_calls,,,,,3.0
call_3283,40.11248884330832,-77.5198544821071,54S1,54S1,,911_calls,,,,,3.0
call_3284,40.11248916023561,-77.51985406387992,54S1,54S1,,911_calls,,,,,3.0
call_3285,40.11248852729733,-77.51985433819992,75D,75D,,911_calls,,,,,3.0
call_3286,40.112488753199386,-77.51985393036375,52D2,52D2,,911_calls,,,,,3.0
call_3287,40.11248933715974,-77.51985404231793,75S,75S,,911_calls,,,,,3.0
call_3288,40.112488834747516,-77.51985448956191,54S1,54S1,,911_calls,,,,,3.0
call_3289,40.11248913215017,-77.51985426145677,34K1,34K1,,911_calls,,,,,3.0
call_3290,40.11248843149273,-77.51985437061094,30Q1,30Q1,,911_calls,,,,,3.0
call_3291,40.11248921282478,-77.5198542873002,54S2,54S2,,911_calls,,,,,3.0
call_3292,40.11248913071201,-77.51985438312924,10S4,10S4,,911_calls,,,,,3.0
call_3293,40.1124883874399,-77.51985424522343,10Y3,10Y3,,911_calls,,,,,3.0
call_3294,40.11248908995852,-77.51985427164897,75S,75S,,911_calls,,,,,3.0
call_3295,40.11248894573141,-77.51985394652198,75S,75S,,911_calls,,,,,3.0
call_3296,40.112488839208936,-77.51985368436482,10V2,10V2,,911_calls,,,,,3.0
call_3297,40.11248868477576,-77.51985430329,75S,75S,,911_calls,,,,,3.0
call_3298,40.11248873299688,-77.51985427909972,68Q1,68Q1,,911_calls,,,,,3.0
call_3299,40.11248868110788,-77.51985449978086,75H,75H,,911_calls,,,,,3.0
call_3300,40.112489073735205,-77.5198542964282,24W2,24W2,,911_calls,,,,,3.0
call_3301,40.11248890723488,-77.51985412481164,54S2,54S2,,911_calls,,,,,3.0
call_3302,40.11248872204531,-77.51985413983968,10V2,10V2,,911_calls,,,,,3.0
call_3303,40.11248912162465,-77.5198543024721,75S,75S,,911_calls,,,,,3.0
call_3304,40.11248878033878,-77.51985413219502,10H2,10H2,,911_calls,,,,,3.0
call_3305,40.11248890773185,-77.51985433835155,75D,75D,,911_calls,,,,,3.0
call_3306,40.112488858360344,-77.5198545630342,10V2,10V2,,911_calls,,,,,3.0
call_3307,40.11248866586452,-77.51985440882993,75D,75D,,911_calls,,,,,3.0
call_3308,40.11248907365333,-77.51985440206761,10H2,10H2,,911_calls,,,,,3.0
call_3309,40.112488772177215,-77.51985425811402,68Q1,68Q1,,911_calls,,,,,3.0
call_3310,40.112489139312096,-77.51985409739835,22Q2,22Q2,,911_calls,,,,,3.0
call_3311,40.112488764543215,-77.5198542550041,68Q1,68Q1,,911_calls,,,,,3.0
call_3312,40.11248893923462,-77.51985446406462,11C4,11C4,,911_calls,,,,,3.0
call_3313,40.112488666812496,-77.51985432915717,75D,75D,,911_calls,,,,,3.0
call_3314,40.11248887088689,-77.51985453093577,10V2,10V2,,911_calls,,,,,3.0
call_3315,40.11248882198178,-77.51985450673568,75C,75C,,911_calls,,,,,3.0
call_3316,40.112488808089765,-77.51985378445548,75Z,75Z,,911_calls,,,,,3.0
call_3317,40.11248869363454,-77.5198542215483,75I,75I,,911_calls,,,,,3.0
call_3318,40.112488425421645,-77.51985446461165,54S9,54S9,,911_calls,,,,,3.0
call_3319,40.11248880196092,-77.5198545801214,75M,75M,,911_calls,,,,,3.0
call_3320,40.11248866737869,-77.51985411916212,75I,75I,,911_calls,,,,,3.0
call_3321,40.112488754735864,-77.51985423030327,68Q1,68Q1,,911_calls,,,,,3.0
call_3322,40.11248868979232,-77.51985431287069,10Y3,10Y3,,911_calls,,,,,3.0
call_3323,40.112488718356865,-77.51985440737327,75Z,75Z,,911_calls,,,,,3.0
call_3324,40.112488822589235,-77.51985381026563,68Q1,68Q1,,911_calls,,,,,3.0
call_3325,40.11248909340952,-77.51985423636994,75S,75S,,911_calls,,,,,3.0
call_3326,40.1124889446314,-77.51985442501626,34Q1,34Q1,,911_calls,,,,,3.0
call_3327,40.11248857547737,-77.51985444443078,68Q1,68Q1,,911_calls,,,,,3.0
call_3328,40.112488554048355,-77.51985468078111,75D,75D,,911_calls,,,,,3.0
call_3329,40.112488752290346,-77.51985427888185,10H2,10H2,,911_calls,,,,,3.0
call_3330,40.112488917328804,-77.51985435892283,75D,75D,,911_calls,,,,,3.0
call_3331,40.112488902361534,-77.51985413944182,54S2,54S2,,911_calls,,,,,3.0
call_3332,40.11248875533876,-77.51985442662219,54S2,54S2,,911_calls,,,,,3.0
call_3333,40.112489183705584,-77.51985423382249,75S,75S,,911_calls,,,,,3.0
call_3334,40.11248873281456,-77.51985424459598,75Z,75Z,,911_calls,,,,,3.0
call_3335,40.112489145891516,-77.51985392180197,68Q1,68Q1,,911_calls,,,,,3.0
call_3336,40.112489143540756,-77.51985409164897,10H2,10H2,,911_calls,,,,,3.0
call_3337,40.11248868127283,-77.51985420148843,75D,75D,,911_calls,,,,,3.0
call_3338,40.11248877052151,-77.51985434010449,24K1,24K1,,911_calls,,,,,3.0
call_3339,40.1124890240212,-77.51985390080178,11C4,11C4,,911_calls,,,,,3.0
call_3340,40.11248849738034,-77.51985483274426,53I8,53I8,,911_calls,,,,,3.0
call_3341,40.11248914769728,-77.51985423678725,10S2,10S2,,911_calls,,,,,3.0
call_3342,40.1124889131265,-77.51985430502822,22V2,22V2,,911_calls,,,,,3.0
call_3343,40.11248857888016,-77.5198542540872,34K1,34K1,,911_calls,,,,,3.0
call_3344,40.112488785945025,-77.51985455501877,68Q1,68Q1,,911_calls,,,,,3.0
call_3345,40.11248881549046,-77.51985451381881,53S,53S,,911_calls,,,,,3.0
call_3346,40.11248911824306,-77.51985437417652,10Y3,10Y3,,911_calls,,,,,3.0
call_3347,40.112488759404386,-77.51985402725457,53I,53I,,911_calls,,,,,3.0
call_3348,40.112488673675976,-77.51985429911258,75D,75D,,911_calls,,,,,3.0
call_3349,40.11248885040954,-77.51985455607235,75S,75S,,911_calls,,,,,3.0
call_3350,40.11248876501918,-77.51985451230902,68Q1,68Q1,,911_calls,,,,,3.0
call_3351,40.11248897022246,-77.51985446213187,75D,75D,,911_calls,,,,,3.0
call_3352,40.11248876682311,-77.51985451224827,68Q1,68Q1,,911_calls,,,,,3.0
call_3353,40.112488808196105,-77.5198538166672,52D1,52D1,,911_calls,,,,,3.0
call_3354,40.11248877082482,-77.51985449810812,68Q1,68Q1,,911_calls,,,,,3.0
call_3355,40.11248883375782,-77.51985437496667,75S,75S,,911_calls,,,,,3.0
call_3356,40.11248892163441,-77.51985445381519,75T,75T,,911_calls,,,,,3.0
call_3357,40.112488671546615,-77.51985439734898,75D,75D,,911_calls,,,,,3.0
call_3358,40.11248892163441,-77.51985445381519,75T,75T,,911_calls,,,,,3.0
call_3359,40.11248917188963,-77.5198541378497,68Q1,68Q1,,911_calls,,,,,3.0
call_3360,40.11248880192764,-77.51985451988703,68Q1,68Q1,,911_calls,,,,,3.0
call_3361,40.11248893040653,-77.51985444977527,75D,75D,,911_calls,,,,,3.0
call_3362,40.1124892780888,-77.51985429024035,11R4,11R4,,911_calls,,,,,3.0
call_3363,40.11248893417591,-77.51985450894061,34Q9,34Q9,,911_calls,,,,,3.0
call_3364,40.11248869363454,-77.5198542215483,75I,75I,,911_calls,,,,,3.0
call_3365,40.112488573950344,-77.51985451907345,75T,75T,,911_calls,,,,,3.0
call_3366,40.1124889696995,-77.5198543663618,68Q1,68Q1,,911_calls,,,,,3.0
call_3367,40.11248874871473,-77.51985442453801,11C4,11C4,,911_calls,,,,,3.0
call_3368,40.11248899531591,-77.51985438081458,54C3,54C3,,911_calls,,,,,3.0
call_3369,40.11248899531591,-77.51985438081458,54C3,54C3,,911_calls,,,,,3.0
call_3370,40.112489169878884,-77.51985433569156,34Q1,34Q1,,911_calls,,,,,3.0
call_3371,40.11248911627062,-77.51985420765187,11C4,11C4,,911_calls,,,,,3.0
call_3372,40.11248882759971,-77.51985458173908,34Q1,34Q1,,911_calls,,,,,3.0
call_3373,40.11248884995253,-77.51985359724769,54S1,54S1,,911_calls,,,,,3.0
call_3374,40.112489093053235,-77.519854308049,75O,75O,,911_calls,,,,,3.0
call_3375,40.11248875533876,-77.51985442662219,54S2,54S2,,911_calls,,,,,3.0
call_3376,40.11248890827803,-77.51985414853105,54S2,54S2,,911_calls,,,,,3.0
call_3377,40.11248920393877,-77.51985409846867,75S,75S,,911_calls,,,,,3.0
call_3378,40.11248842413451,-77.51985444760868,75S,75S,,911_calls,,,,,3.0
call_3379,40.11248855856635,-77.51985441316307,10Y3,10Y3,,911_calls,,,,,3.0
call_3380,40.1124887917471,-77.51985383319963,75T,75T,,911_calls,,,,,3.0
call_3381,40.11248880779154,-77.51985394057365,53S,53S,,911_calls,,,,,3.0
call_3382,40.112488936589024,-77.51985453267572,10H2,10H2,,911_calls,,,,,3.0
call_3383,40.11248881218473,-77.51985451735061,68Q1,68Q1,,911_calls,,,,,3.0
call_3384,40.11248877108406,-77.5198542553748,68Q1,68Q1,,911_calls,,,,,3.0
call_3385,40.11248853742334,-77.51985365436585,39H2,39H2,,911_calls,,,,,3.0
call_3386,40.11248898741503,-77.5198538797465,75H,75H,,911_calls,,,,,3.0
call_3387,40.11248880573729,-77.51985446417673,12Z2,12Z2,,911_calls,,,,,3.0
call_3388,40.11248906967228,-77.51985410358502,11C4,11C4,,911_calls,,,,,3.0
call_3389,40.11248867075519,-77.51985421319512,75Z,75Z,,911_calls,,,,,3.0
call_3390,40.11248891930286,-77.5198545154494,75S,75S,,911_calls,,,,,3.0
call_3391,40.112489200057375,-77.51985423013495,68Q1,68Q1,,911_calls,,,,,3.0
call_3392,40.11248918191687,-77.51985424983187,53S,53S,,911_calls,,,,,3.0
call_3393,40.112489052945214,-77.51985435773553,10H1,10H1,,911_calls,,,,,3.0
call_3394,40.11248874084936,-77.51985426532167,75Z,75Z,,911_calls,,,,,3.0
call_3395,40.112488905214995,-77.51985414934589,10H1,10H1,,911_calls,,,,,3.0
call_3396,40.11248915034351,-77.51985426841686,54S1,54S1,,911_calls,,,,,3.0
call_3397,40.11248860962982,-77.5198542239113,68Q1,68Q1,,911_calls,,,,,3.0
call_3398,40.112489052945214,-77.51985435773553,68Q2,68Q2,,911_calls,,,,,3.0
call_3399,40.11248893228031,-77.51985396479267,75D,75D,,911_calls,,,,,3.0
call_3400,40.112488573950344,-77.51985451907345,75T,75T,,911_calls,,,,,3.0
call_3401,40.1124893246298,-77.51985407104847,54S1,54S1,,911_calls,,,,,3.0
call_3402,40.112488908695866,-77.5198545246977,53S,53S,,911_calls,,,,,3.0
call_3403,40.11248872986295,-77.5198536353982,75D,75D,,911_calls,,,,,3.0
call_3404,40.11248876741744,-77.51985397956824,53S,53S,,911_calls,,,,,3.0
call_3405,40.11248887344034,-77.51985457474744,52D6,52D6,,911_calls,,,,,3.0
call_3406,40.11248892163441,-77.51985445381519,75T,75T,,911_calls,,,,,3.0
call_3407,40.11248886056295,-77.51985406129306,75D,75D,,911_calls,,,,,3.0
call_3408,40.112488918651074,-77.51985437810261,53I,53I,,911_calls,,,,,3.0
call_3409,40.11248863643829,-77.51985416088156,75D,75D,,911_calls,,,,,3.0
call_3410,40.1124890914758,-77.51985440236447,34K6,34K6,,911_calls,,,,,3.0
call_3411,40.11248892163441,-77.51985445381519,75T,75T,,911_calls,,,,,3.0
call_3412,40.112489109522045,-77.5198542759381,54U1,54U1,,911_calls,,,,,3.0
call_3413,40.11248878790738,-77.51985430472156,52D2,52D2,,911_calls,,,,,3.0
call_3414,40.11248909228565,-77.51985426302957,10S4,10S4,,911_calls,,,,,3.0
call_3415,40.11248908995852,-77.51985427164897,75S,75S,,911_calls,,,,,3.0
call_3416,40.11248869034802,-77.51985422251694,75D,75D,,911_calls,,,,,3.0
call_3417,40.112488713984156,-77.5198542011149,75S,75S,,911_calls,,,,,3.0
call_3418,40.11248893109439,-77.5198542873868,50G1,50G1,,911_calls,,,,,3.0
call_3419,40.11248874872586,-77.5198538214799,10S4,10S4,,911_calls,,,,,3.0
call_3420,40.11248874504853,-77.51985446809788,54U1,54U1,,911_calls,,,,,3.0
call_3421,40.112488641436194,-77.5198541826515,75S,75S,,911_calls,,,,,3.0
call_3422,40.112488469434425,-77.519854467261,75D,75D,,911_calls,,,,,3.0
call_3423,40.11248871191939,-77.51985422700069,75M,75M,,911_calls,,,,,3.0
call_3424,40.112488425421645,-77.51985446461165,75O,75O,,911_calls,,,,,3.0
call_3425,40.11248882759971,-77.51985458173908,68Q2,68Q2,,911_calls,,,,,3.0
call_3426,40.11248888876886,-77.51985364861883,75D,75D,,911_calls,,,,,3.0
call_3427,40.11248868861754,-77.51985419372151,75S,75S,,911_calls,,,,,3.0
call_3428,40.112488754493626,-77.51985442984275,13X2,13X2,,911_calls,,,,,3.0
call_3429,40.112488754493626,-77.51985442984275,13X2,13X2,,911_calls,,,,,3.0
call_3430,40.112488820389366,-77.51985378231225,75M,75M,,911_calls,,,,,3.0
call_3431,40.112488905070364,-77.51985452784011,56S9,56S9,,911_calls,,,,,3.0
call_3432,40.112489158036006,-77.51985412943829,68Q1,68Q1,,911_calls,,,,,3.0
call_3433,40.112488947943184,-77.51985454542293,10V2,10V2,,911_calls,,,,,3.0
call_3434,40.112488619368186,-77.51985427250413,10V2,10V2,,911_calls,,,,,3.0
call_3435,40.11248923293246,-77.51985402169761,13X2,13X2,,911_calls,,,,,3.0
call_3436,40.11248923293246,-77.51985402169761,13X2,13X2,,911_calls,,,,,3.0
call_3437,40.112488741154884,-77.51985440105412,75D,75D,,911_calls,,,,,3.0
call_3438,40.11248913602446,-77.51985430920404,44H1,44H1,,911_calls,,,,,3.0
call_3439,40.112488820389366,-77.51985378231225,75S,75S,,911_calls,,,,,3.0
call_3440,40.11248915199837,-77.519854278741,52F1,52F1,,911_calls,,,,,3.0
call_3441,40.112488820389366,-77.51985378231225,75M,75M,,911_calls,,,,,3.0
call_3442,40.11248923486527,-77.51985420500019,68Q9,68Q9,,911_calls,,,,,3.0
call_3443,40.11248888197406,-77.51985454793852,68Q1,68Q1,,911_calls,,,,,3.0
call_3444,40.112488526643894,-77.51985365894211,75M,75M,,911_calls,,,,,3.0
call_3445,40.112488790453874,-77.51985423396958,29C,29C,,911_calls,,,,,3.0
call_3446,40.11248888197406,-77.51985454793852,68Q1,68Q1,,911_calls,,,,,3.0
call_3447,40.11248901859655,-77.51985386450784,67S8,67S8,,911_calls,,,,,3.0
call_3448,40.112489129686274,-77.5198541274663,34K2,34K2,,911_calls,,,,,3.0
call_3449,40.11248846605312,-77.51985445559434,68Q1,68Q1,,911_calls,,,,,3.0
call_3450,40.11248910266974,-77.51985417864626,10H2,10H2,,911_calls,,,,,3.0
call_3451,40.11248909300352,-77.51985430745191,75S,75S,,911_calls,,,,,3.0
call_3452,40.112488925350824,-77.5198545166429,54S1,54S1,,911_calls,,,,,3.0
call_3453,40.112488781610466,-77.51985435130513,11C4,11C4,,911_calls,,,,,3.0
call_3454,40.11248829936217,-77.51985532181226,11R4,11R4,,911_calls,,,,,3.0
call_3455,40.112488573291685,-77.51985496675066,75I,75I,,911_calls,,,,,3.0
call_3456,40.11248907444371,-77.51985430264203,75S,75S,,911_calls,,,,,3.0
call_3457,40.1124893246298,-77.51985407104847,54S1,54S1,,911_calls,,,,,3.0
call_3458,40.11248832354691,-77.51985522548335,10Y3,10Y3,,911_calls,,,,,3.0
call_3459,40.112488806170084,-77.51985384596288,75M,75M,,911_calls,,,,,3.0
call_3460,40.11248857630906,-77.51985496361534,75I,75I,,911_calls,,,,,3.0
call_3461,40.11248933715974,-77.51985404231793,34Q2,34Q2,,911_calls,,,,,3.0
call_3462,40.112488857374814,-77.51985391711231,68Q1,68Q1,,911_calls,,,,,3.0
call_3463,40.112488806170084,-77.51985384596288,75M,75M,,911_calls,,,,,3.0
call_3464,40.11248908995852,-77.51985427164897,39Q9,39Q9,,911_calls,,,,,3.0
call_3465,40.112488425421645,-77.51985446461165,75O,75O,,911_calls,,,,,3.0
call_3466,40.112488984321125,-77.51985387499792,75H,75H,,911_calls,,,,,3.0
call_3467,40.112489118395764,-77.51985437090073,68Q1,68Q1,,911_calls,,,,,3.0
call_3468,40.11248908995852,-77.51985427164897,54S9,54S9,,911_calls,,,,,3.0
call_3469,40.11248873422803,-77.51985401620477,10Y3,10Y3,,911_calls,,,,,3.0
call_3470,40.11248906863566,-77.51985439824227,54S1,54S1,,911_calls,,,,,3.0
call_3471,40.11248910869724,-77.51985403180218,52D6,52D6,,911_calls,,,,,3.0
call_3472,40.11248897740385,-77.51985423289469,34Q1,34Q1,,911_calls,,,,,3.0
call_3473,40.11248921844624,-77.51985424883485,10H2,10H2,,911_calls,,,,,3.0
call_3474,40.11248891877111,-77.51985450945534,10P2,10P2,,911_calls,,,,,3.0
call_3475,40.11248879904467,-77.51985387147465,75S,75S,,911_calls,,,,,3.0
call_3476,40.112488588591894,-77.51985445908416,75T,75T,,911_calls,,,,,3.0
call_3477,40.11248891930286,-77.5198545154494,10P9,10P9,,911_calls,,,,,3.0
call_3478,40.112488692971624,-77.51985455566843,68Q1,68Q1,,911_calls,,,,,3.0
call_3479,40.11248889123737,-77.51985428124006,75D,75D,,911_calls,,,,,3.0
call_3480,40.11248880142713,-77.51985394770693,75H,75H,,911_calls,,,,,3.0
call_3481,40.11248886088206,-77.51985371278442,53I8,53I8,,911_calls,,,,,3.0
call_3482,40.11248886088206,-77.51985371278442,53I8,53I8,,911_calls,,,,,3.0
call_3483,40.112488946023156,-77.51985453090808,10H2,10H2,,911_calls,,,,,3.0
call_3484,40.11248892738994,-77.51985435486718,10V2,10V2,,911_calls,,,,,3.0
call_3485,40.112488973487785,-77.51985444318288,75D,75D,,911_calls,,,,,3.0
call_3486,40.11248901669231,-77.51985393284407,67S8,67S8,,911_calls,,,,,3.0
call_3487,40.112488691835985,-77.51985395313636,21R,21R,,911_calls,,,,,3.0
call_3488,40.112489227149226,-77.51985417059406,75D,75D,,911_calls,,,,,3.0
call_3489,40.112488815875295,-77.51985392987217,68Q1,68Q1,,911_calls,,,,,3.0
call_3490,40.11248857326197,-77.51985492048067,68Q1,68Q1,,911_calls,,,,,3.0
call_3491,40.11248873697533,-77.51985395086506,75D,75D,,911_calls,,,,,3.0
call_3492,40.112488713958115,-77.51985431780739,10Y3,10Y3,,911_calls,,,,,3.0
call_3493,40.11248893060525,-77.51985414820402,52D6,52D6,,911_calls,,,,,3.0
call_3494,40.11248890864164,-77.51985414521803,52D1,52D1,,911_calls,,,,,3.0
call_3495,40.1124887917471,-77.51985383319963,75D,75D,,911_calls,,,,,3.0
call_3496,40.112488627858255,-77.51985436584195,68Q1,68Q1,,911_calls,,,,,3.0
call_3497,40.11248891479167,-77.51985406393476,10V2,10V2,,911_calls,,,,,3.0
call_3498,40.11248851384093,-77.51985483322056,10Y3,10Y3,,911_calls,,,,,3.0
call_3499,40.11248910982774,-77.51985430660268,50P1,50P1,,911_calls,,,,,3.0
call_3500,40.112488588591894,-77.51985445908416,75T,75T,,911_calls,,,,,3.0
call_3501,40.11248872986295,-77.5198536353982,75L,75L,,911_calls,,,,,3.0
call_3502,40.112488569409074,-77.51985453747456,34Q1,34Q1,,911_calls,,,,,3.0
call_3503,40.11248926937512,-77.51985408383325,10H2,10H2,,911_calls,,,,,3.0
call_3504,40.112488531415075,-77.51985387902954,75S,75S,,911_calls,,,,,3.0
call_3505,40.112488641436194,-77.5198541826515,75S,75S,,911_calls,,,,,3.0
call_3506,40.112488771734434,-77.51985423241534,75S,75S,,911_calls,,,,,3.0
call_3507,40.11248890452189,-77.51985356091149,68Q1,68Q1,,911_calls,,,,,3.0
call_3508,40.11248891218229,-77.51985452166414,52D1,52D1,,911_calls,,,,,3.0
call_3509,40.112488738280035,-77.5198545368462,68Q1,68Q1,,911_calls,,,,,3.0
call_3510,40.11248884585395,-77.51985452066934,56S9,56S9,,911_calls,,,,,3.0
call_3511,40.11248860081267,-77.51985460284396,52D1,52D1,,911_calls,,,,,3.0
call_3512,40.11248922091053,-77.51985431351535,52D6,52D6,,911_calls,,,,,3.0
call_3513,40.11248889112382,-77.51985449175848,50P9,50P9,,911_calls,,,,,3.0
call_3514,40.112489087771905,-77.51985433444464,68Q1,68Q1,,911_calls,,,,,3.0
call_3515,40.1124891967305,-77.51985418674683,68Q1,68Q1,,911_calls,,,,,3.0
call_3516,40.112488736038,-77.51985420660114,75D,75D,,911_calls,,,,,3.0
call_3517,40.11248877653382,-77.51985426909636,52F1,52F1,,911_calls,,,,,3.0
call_3518,40.11248891930286,-77.5198545154494,75S,75S,,911_calls,,,,,3.0
call_3519,40.11248842413451,-77.51985444760868,75S,75S,,911_calls,,,,,3.0
call_3520,40.11248907157866,-77.51985437890373,10H1,10H1,,911_calls,,,,,3.0
call_3521,40.11248851525427,-77.51985517540639,11C4,11C4,,911_calls,,,,,3.0
call_3522,40.112488941236755,-77.51985411885373,34Q2,34Q2,,911_calls,,,,,3.0
call_3523,40.11248912231903,-77.5198543577087,68Q1,68Q1,,911_calls,,,,,3.0
call_3524,40.11248860325316,-77.5198548171477,68Q1,68Q1,,911_calls,,,,,3.0
call_3525,40.11248923773213,-77.51985415038985,10H2,10H2,,911_calls,,,,,3.0
call_3526,40.11248912162465,-77.5198543024721,75S,75S,,911_calls,,,,,3.0
call_3527,40.11248881118187,-77.51985409537353,10H2,10H2,,911_calls,,,,,3.0
call_3528,40.11248918667799,-77.51985433294152,10S4,10S4,,911_calls,,,,,3.0
call_3529,40.11248856328062,-77.51985500804788,68Q1,68Q1,,911_calls,,,,,3.0
call_3530,40.11248923251506,-77.51985427422689,13X,13X,,911_calls,,,,,3.0
call_3531,40.11248923251506,-77.51985427422689,13X,13X,,911_calls,,,,,3.0
call_3532,40.112488793025236,-77.51985451418285,50P2,50P2,,911_calls,,,,,3.0
call_3533,40.11248893293129,-77.51985440746806,52D6,52D6,,911_calls,,,,,3.0
call_3534,40.11248901212354,-77.51985448538987,54E1,54E1,,911_calls,,,,,3.0
call_3535,40.11248901212354,-77.51985448538987,54E1,54E1,,911_calls,,,,,3.0
call_3536,40.11248830213685,-77.51985507161248,54E1,54E1,,911_calls,,,,,3.0
call_3537,40.11248830213685,-77.51985507161248,54E1,54E1,,911_calls,,,,,3.0
call_3538,40.11248891730055,-77.51985429123032,53S,53S,,911_calls,,,,,3.0
call_3539,40.112488442291074,-77.51985507189767,68Q1,68Q1,,911_calls,,,,,3.0
call_3540,40.112489215116945,-77.51985405525919,75T,75T,,911_calls,,,,,3.0
call_3541,40.1124886881462,-77.51985420931547,75D,75D,,911_calls,,,,,3.0
call_3542,40.11248895132559,-77.51985424853359,50G2,50G2,,911_calls,,,,,3.0
call_3543,40.112488678473866,-77.5198542888598,53H,53H,,911_calls,,,,,3.0
call_3544,40.112489215116945,-77.51985405525919,75T,75T,,911_calls,,,,,3.0
call_3545,40.112488663288346,-77.51985421900717,39H1,39H1,,911_calls,,,,,3.0
call_3546,40.1124885254993,-77.51985458004701,68Q2,68Q2,,911_calls,,,,,3.0
call_3547,40.11248874301952,-77.51985427033422,10P1,10P1,,911_calls,,,,,3.0
call_3548,40.112488425421645,-77.51985446461165,75O,75O,,911_calls,,,,,3.0
call_3549,40.11248910329503,-77.51985428734598,52D6,52D6,,911_calls,,,,,3.0
call_3550,40.112488567954905,-77.51985455160275,68Q2,68Q2,,911_calls,,,,,3.0
call_3551,40.11248891930286,-77.5198545154494,10P9,10P9,,911_calls,,,,,3.0
call_3552,40.11248874715676,-77.5198544600921,75Z,75Z,,911_calls,,,,,3.0
call_3553,40.1124885645471,-77.51985454353577,68Q2,68Q2,,911_calls,,,,,3.0
call_3554,40.112488664500475,-77.51985447050518,68Q1,68Q1,,911_calls,,,,,3.0
call_3555,40.11248871540107,-77.51985436618818,75S,75S,,911_calls,,,,,3.0
call_3556,40.11248889415335,-77.51985380644159,32V1,32V1,,911_calls,,,,,3.0
call_3557,40.112488671546615,-77.51985439734898,75D,75D,,911_calls,,,,,3.0
call_3558,40.11248889615605,-77.51985446220553,75D,75D,,911_calls,,,,,3.0
call_3559,40.11248876407809,-77.51985393800494,52D6,52D6,,911_calls,,,,,3.0
call_3560,40.1124885869567,-77.51985487668281,10H1,10H1,,911_calls,,,,,3.0
call_3561,40.11248912162465,-77.5198543024721,75M,75M,,911_calls,,,,,3.0
call_3562,40.11248909844379,-77.51985430483366,75D,75D,,911_calls,,,,,3.0
call_3563,40.112489213867384,-77.5198541892635,75D,75D,,911_calls,,,,,3.0
call_3564,40.11248863457004,-77.51985422794601,11C4,11C4,,911_calls,,,,,3.0
call_3565,40.112488854245626,-77.5198545037826,68Q1,68Q1,,911_calls,,,,,3.0
call_3566,40.112488701215725,-77.51985415701914,75D,75D,,911_calls,,,,,3.0
call_3567,40.11248909300352,-77.51985430745191,75O,75O,,911_calls,,,,,3.0
call_3568,40.112488688640646,-77.51985421839389,54H1,54H1,,911_calls,,,,,3.0
call_3569,40.11248858317358,-77.51985435062946,20Q1,20Q1,,911_calls,,,,,3.0
call_3570,40.112489001960384,-77.51985376438157,75H,75H,,911_calls,,,,,3.0
call_3571,40.11248888193263,-77.51985415434956,34Q1,34Q1,,911_calls,,,,,3.0
call_3572,40.1124888329086,-77.51985454852085,75D,75D,,911_calls,,,,,3.0
call_3573,40.11248850113163,-77.51985375481495,54I1,54I1,,911_calls,,,,,3.0
call_3574,40.112488792091206,-77.51985435697856,68Q1,68Q1,,911_calls,,,,,3.0
call_3575,40.112488333607786,-77.51985519493998,68Q1,68Q1,,911_calls,,,,,3.0
call_3576,40.11248914038347,-77.51985427414338,75M,75M,,911_calls,,,,,3.0
call_3577,40.11248887085943,-77.51985417252534,52D6,52D6,,911_calls,,,,,3.0
call_3578,40.11248876571741,-77.51985401329837,10S2,10S2,,911_calls,,,,,3.0
call_3579,40.11248896920831,-77.51985395949013,52D6,52D6,,911_calls,,,,,3.0
call_3580,40.112488425421645,-77.51985446461165,68U9,68U9,,911_calls,,,,,3.0
call_3581,40.11248865694114,-77.5198542505742,39T1,39T1,,911_calls,,,,,3.0
call_3582,40.11248891897072,-77.51985443691504,53I,53I,,911_calls,,,,,3.0
call_3583,40.11248923552505,-77.51985416084726,10S4,10S4,,911_calls,,,,,3.0
call_3584,40.112488771734434,-77.51985423241534,75M,75M,,911_calls,,,,,3.0
call_3585,40.11248864180482,-77.51985428696514,52D6,52D6,,911_calls,,,,,3.0
call_3586,40.112489121263636,-77.51985435448735,75D,75D,,911_calls,,,,,3.0
call_3587,40.112488905070364,-77.51985452784011,50P9,50P9,,911_calls,,,,,3.0
call_3588,40.11248914915785,-77.51985423984772,34S2,34S2,,911_calls,,,,,3.0
call_3589,40.11248914915785,-77.51985423984772,34S2,34S2,,911_calls,,,,,3.0
call_3590,40.112489049514586,-77.51985438887156,39Q9,39Q9,,911_calls,,,,,3.0
call_3591,40.11248875108352,-77.51985443409178,68Q1,68Q1,,911_calls,,,,,3.0
call_3592,40.112488685003704,-77.51985423093872,10H1,10H1,,911_calls,,,,,3.0
call_3593,40.1124889124434,-77.51985416343389,10H1,10H1,,911_calls,,,,,3.0
call_3594,40.11248889993347,-77.51985410810111,39H1,39H1,,911_calls,,,,,3.0
call_3595,40.112488715755696,-77.51985423302506,52D6,52D6,,911_calls,,,,,3.0
call_3596,40.11248873725321,-77.51985443514366,10V2,10V2,,911_calls,,,,,3.0
call_3597,40.11248850365297,-77.51985437397818,54E1,54E1,,911_calls,,,,,3.0
call_3598,40.112488624313926,-77.51985419411336,75M,75M,,911_calls,,,,,3.0
call_3599,40.11248863556329,-77.51985432928525,75C,75C,,911_calls,,,,,3.0
call_3600,40.11248885960782,-77.51985451990244,56S9,56S9,,911_calls,,,,,3.0
call_3601,40.11248926324477,-77.51985416971355,11C4,11C4,,911_calls,,,,,3.0
call_3602,40.11248916885044,-77.51985416719158,10V2,10V2,,911_calls,,,,,3.0
call_3603,40.11248879817021,-77.51985439961902,50G1,50G1,,911_calls,,,,,3.0
call_3604,40.112488531415075,-77.51985387902954,75M,75M,,911_calls,,,,,3.0
call_3605,40.11248854956671,-77.51985480488474,54S2,54S2,,911_calls,,,,,3.0
call_3606,40.11248909224639,-77.51985431524616,29H1,29H1,,911_calls,,,,,3.0
call_3607,40.11248870747896,-77.51985405597227,24Q1,24Q1,,911_calls,,,,,3.0
call_3608,40.112489117455915,-77.5198542385293,39H2,39H2,,911_calls,,,,,3.0
call_3609,40.11248843604016,-77.51985443606803,11C4,11C4,,911_calls,,,,,3.0
call_3610,40.11248874924624,-77.51985429023482,52D1,52D1,,911_calls,,,,,3.0
call_3611,40.112488604813365,-77.51985450531883,39H2,39H2,,911_calls,,,,,3.0
call_3612,40.11248890557864,-77.51985414603291,75L,75L,,911_calls,,,,,3.0
call_3613,40.11248916696124,-77.51985411292002,54S9,54S9,,911_calls,,,,,3.0
call_3614,40.11248885156324,-77.51985449024298,68Q1,68Q1,,911_calls,,,,,3.0
call_3615,40.1124891016645,-77.51985440203569,34K9,34K9,,911_calls,,,,,3.0
call_3616,40.11248920150744,-77.51985432975401,10V2,10V2,,911_calls,,,,,3.0
call_3617,40.11248914866361,-77.51985424222755,52D1,52D1,,911_calls,,,,,3.0
call_3618,40.112489075103305,-77.51985438347907,52D6,52D6,,911_calls,,,,,3.0
call_3619,40.11248918011231,-77.51985436878965,53S8,53S8,,911_calls,,,,,3.0
call_3620,40.112488731327595,-77.51985409241026,75M,75M,,911_calls,,,,,3.0
call_3621,40.112488925350824,-77.5198545166429,54S1,54S1,,911_calls,,,,,3.0
call_3622,40.11248921511609,-77.51985420685139,39Q9,39Q9,,911_calls,,,,,3.0
call_3623,40.11248878388054,-77.51985425632107,24K1,24K1,,911_calls,,,,,3.0
call_3624,40.11248923013909,-77.51985430755664,31R,31R,,911_calls,,,,,3.0
call_3625,40.112488925350824,-77.5198545166429,10P2,10P2,,911_calls,,,,,3.0
call_3626,40.112488534626216,-77.51985388948081,75D,75D,,911_calls,,,,,3.0
call_3627,40.112488867822414,-77.5198535966702,50G2,50G2,,911_calls,,,,,3.0
call_3628,40.112488903354425,-77.51985445588994,75D,75D,,911_calls,,,,,3.0
call_3629,40.11248868861754,-77.51985419372151,75M,75M,,911_calls,,,,,3.0
call_3630,40.11248874871473,-77.51985442453801,75D,75D,,911_calls,,,,,3.0
call_3631,40.11248868861754,-77.51985419372151,75M,75M,,911_calls,,,,,3.0
call_3632,40.112488794772155,-77.51985386426067,10V2,10V2,,911_calls,,,,,3.0
call_3633,40.11248897256306,-77.51985432459242,75I,75I,,911_calls,,,,,3.0
call_3634,40.11248885040954,-77.51985455607235,75S,75S,,911_calls,,,,,3.0
call_3635,40.112489030303834,-77.51985445094141,10H2,10H2,,911_calls,,,,,3.0
call_3636,40.112489121479804,-77.51985430053853,75O,75O,,911_calls,,,,,3.0
call_3637,40.11248909633197,-77.51985402727482,24W1,24W1,,911_calls,,,,,3.0
call_3638,40.11248882152687,-77.51985449530197,39T1,39T1,,911_calls,,,,,3.0
call_3639,40.11248921511609,-77.51985420685139,75M,75M,,911_calls,,,,,3.0
call_3640,40.112488742935085,-77.51985451229243,75T,75T,,911_calls,,,,,3.0
call_3641,40.11248901231295,-77.5198543500853,10H2,10H2,,911_calls,,,,,3.0
call_3642,40.11248904420963,-77.51985444865004,10Y3,10Y3,,911_calls,,,,,3.0
call_3643,40.11248889672363,-77.5198536524684,10V2,10V2,,911_calls,,,,,3.0
call_3644,40.112488631820014,-77.51985460106118,11C4,11C4,,911_calls,,,,,3.0
call_3645,40.11248860716852,-77.51985449641721,10P2,10P2,,911_calls,,,,,3.0
call_3646,40.1124885172992,-77.51985368251017,53S,53S,,911_calls,,,,,3.0
call_3647,40.11248890071872,-77.5198545046151,11C3,11C3,,911_calls,,,,,3.0
call_3648,40.11248856463741,-77.51985455574675,68Q2,68Q2,,911_calls,,,,,3.0
call_3649,40.11248909505156,-77.51985431399324,52D1,52D1,,911_calls,,,,,3.0
call_3650,40.112488855606905,-77.51985448673537,68Q1,68Q1,,911_calls,,,,,3.0
call_3651,40.11248914127595,-77.51985426235886,52D1,52D1,,911_calls,,,,,3.0
call_3652,40.112488671546615,-77.51985439734898,75D,75D,,911_calls,,,,,3.0
call_3653,40.112488696648775,-77.51985382664557,68Q1,68Q1,,911_calls,,,,,3.0
call_3654,40.11248923486527,-77.51985420500019,75S,75S,,911_calls,,,,,3.0
call_3655,40.11248888741023,-77.51985418248509,54C1,54C1,,911_calls,,,,,3.0
call_3656,40.112488618496286,-77.51985453767222,10P1,10P1,,911_calls,,,,,3.0
call_3657,40.11248879846147,-77.51985441892731,68Q1,68Q1,,911_calls,,,,,3.0
call_3658,40.11248874871473,-77.51985442453801,54S1,54S1,,911_calls,,,,,3.0
call_3659,40.11248878730053,-77.51985426437886,53S,53S,,911_calls,,,,,3.0
call_3660,40.1124885756368,-77.51985433792045,75D,75D,,911_calls,,,,,3.0
call_3661,40.112488794511485,-77.51985383379804,54S2,54S2,,911_calls,,,,,3.0
call_3662,40.11248850721212,-77.51985443478407,52F6,52F6,,911_calls,,,,,3.0
call_3663,40.1124892755609,-77.5198542298069,54I1,54I1,,911_calls,,,,,3.0
call_3664,40.11248858590274,-77.51985494495571,54U2,54U2,,911_calls,,,,,3.0
call_3665,40.112489253265366,-77.5198541463161,10H1,10H1,,911_calls,,,,,3.0
call_3666,40.112489069485235,-77.51985428989218,54U2,54U2,,911_calls,,,,,3.0
call_3667,40.112488858489925,-77.51985449865902,68Q1,68Q1,,911_calls,,,,,3.0
call_3668,40.11248913021295,-77.51985435746654,54U1,54U1,,911_calls,,,,,3.0
call_3669,40.11248893243752,-77.51985440956061,52D2,52D2,,911_calls,,,,,3.0
call_3670,40.11248921587732,-77.5198542452774,39H1,39H1,,911_calls,,,,,3.0
call_3671,40.112489027743734,-77.51985443065139,68Q1,68Q1,,911_calls,,,,,3.0
call_3672,40.112489240524624,-77.51985414452764,54E1,54E1,,911_calls,,,,,3.0
call_3673,40.112489240524624,-77.51985414452764,54E1,54E1,,911_calls,,,,,3.0
call_3674,40.11248890675158,-77.5198537582751,68Q2,68Q2,,911_calls,,,,,3.0
call_3675,40.11248910656891,-77.51985417660596,75S,75S,,911_calls,,,,,3.0
call_3676,40.112488738791996,-77.51985448276432,75S,75S,,911_calls,,,,,3.0
call_3677,40.11248891930286,-77.5198545154494,75S,75S,,911_calls,,,,,3.0
call_3678,40.11248853860178,-77.51985428290362,10V2,10V2,,911_calls,,,,,3.0
call_3679,40.11248912557916,-77.51985413116515,54S1,54S1,,911_calls,,,,,3.0
call_3680,40.11248923486527,-77.51985420500019,75M,75M,,911_calls,,,,,3.0
call_3681,40.11248891981618,-77.51985442063567,75D,75D,,911_calls,,,,,3.0
call_3682,40.11248895449578,-77.51985355376529,67S8,67S8,,911_calls,,,,,3.0
call_3683,40.112488804047935,-77.51985452839958,50P2,50P2,,911_calls,,,,,3.0
call_3684,40.11248885960782,-77.51985451990244,54S9,54S9,,911_calls,,,,,3.0
call_3685,40.11248859324166,-77.51985453288256,10Y3,10Y3,,911_calls,,,,,3.0
call_3686,40.11248854282311,-77.51985448927451,39H1,39H1,,911_calls,,,,,3.0
call_3687,40.11248907558959,-77.51985437767503,22V1,22V1,,911_calls,,,,,3.0
call_3688,40.11248917784519,-77.51985421069003,50G2,50G2,,911_calls,,,,,3.0
call_3689,40.112488742935085,-77.51985451229243,75T,75T,,911_calls,,,,,3.0
call_3690,40.11248892471031,-77.51985453009233,50P1,50P1,,911_calls,,,,,3.0
call_3691,40.11248870385905,-77.5198542802221,22V2,22V2,,911_calls,,,,,3.0
call_3692,40.11248878216196,-77.51985396473435,75H,75H,,911_calls,,,,,3.0
call_3693,40.1124888028486,-77.51985387439517,54U1,54U1,,911_calls,,,,,3.0
call_3694,40.11248888758784,-77.51985450180076,68Q1,68Q1,,911_calls,,,,,3.0
call_3695,40.112488742935085,-77.51985451229243,75T,75T,,911_calls,,,,,3.0
call_3696,40.11248896383153,-77.51985439778426,11C4,11C4,,911_calls,,,,,3.0
call_3697,40.11248888764578,-77.51985449820137,68Q1,68Q1,,911_calls,,,,,3.0
call_3698,40.11248874514013,-77.51985431591791,11C4,11C4,,911_calls,,,,,3.0
call_3699,40.11248890263286,-77.5198545235032,52D2,52D2,,911_calls,,,,,3.0
call_3700,40.11248890263286,-77.5198545235032,52D2,52D2,,911_calls,,,,,3.0
call_3701,40.112489130459984,-77.51985412429896,11C4,11C4,,911_calls,,,,,3.0
call_3702,40.11248878734616,-77.51985430185405,50G2,50G2,,911_calls,,,,,3.0
call_3703,40.1124887243014,-77.51985415405126,54U2,54U2,,911_calls,,,,,3.0
call_3704,40.11248916696124,-77.51985411292002,56S9,56S9,,911_calls,,,,,3.0
call_3705,40.11248874002649,-77.51985429812464,11C4,11C4,,911_calls,,,,,3.0
call_3706,40.11248843356036,-77.51985399424989,10H2,10H2,,911_calls,,,,,3.0
call_3707,40.112488804502014,-77.51985440460426,68Q1,68Q1,,911_calls,,,,,3.0
call_3708,40.11248923923409,-77.51985408855789,53H,53H,,911_calls,,,,,3.0
call_3709,40.11248911697225,-77.51985417964914,30Q2,30Q2,,911_calls,,,,,3.0
call_3710,40.11248871281963,-77.51985445616933,75T,75T,,911_calls,,,,,3.0
call_3711,40.11248906514846,-77.5198542548818,56S,56S,,911_calls,,,,,3.0
call_3712,40.11248863556329,-77.51985432928525,10P2,10P2,,911_calls,,,,,3.0
call_3713,40.1124890866695,-77.51985436963554,68Q1,68Q1,,911_calls,,,,,3.0
call_3714,40.11248887430999,-77.51985401507761,11C4,11C4,,911_calls,,,,,3.0
call_3715,40.1124890950392,-77.51985435601433,68Q1,68Q1,,911_calls,,,,,3.0
call_3716,40.112488742935085,-77.51985451229243,44P9,44P9,,911_calls,,,,,3.0
call_3717,40.112488742935085,-77.51985451229243,44P9,44P9,,911_calls,,,,,3.0
call_3718,40.11248888197406,-77.51985454793852,68Q1,68Q1,,911_calls,,,,,3.0
call_3719,40.11248861823144,-77.51985440671895,54C1,54C1,,911_calls,,,,,3.0
call_3720,40.11248872252553,-77.51985450711248,52D6,52D6,,911_calls,,,,,3.0
call_3721,40.11248880100192,-77.51985380700354,68Q1,68Q1,,911_calls,,,,,3.0
call_3722,40.11248918849712,-77.51985429342278,59R4,59R4,,911_calls,,,,,3.0
call_3723,40.11248889125597,-77.51985413141041,50G9,50G9,,911_calls,,,,,3.0
call_3724,40.11248853626068,-77.51985430954913,75D,75D,,911_calls,,,,,3.0
call_3725,40.11248897314716,-77.51985432769652,75D,75D,,911_calls,,,,,3.0
call_3726,40.11248891813233,-77.51985445319472,59W,59W,,911_calls,,,,,3.0
call_3727,40.11248909680515,-77.5198543544761,75D,75D,,911_calls,,,,,3.0
call_3728,40.11248873713785,-77.5198544953602,75T,75T,,911_calls,,,,,3.0
call_3729,40.11248879559103,-77.51985458958231,39G9,39G9,,911_calls,,,,,3.0
call_3730,40.112488673754925,-77.51985367411409,59R3,59R3,,911_calls,,,,,3.0
call_3731,40.11248873277909,-77.51985392793175,54E1,54E1,,911_calls,,,,,3.0
call_3732,40.11248873277909,-77.51985392793175,54E1,54E1,,911_calls,,,,,3.0
call_3733,40.11248861698066,-77.51985458329895,68Q1,68Q1,,911_calls,,,,,3.0
call_3734,40.11248858083325,-77.51985502305205,68Q1,68Q1,,911_calls,,,,,3.0
call_3735,40.1124886134047,-77.51985457483363,68Q1,68Q1,,911_calls,,,,,3.0
call_3736,40.11248854093618,-77.51985422061362,68Q1,68Q1,,911_calls,,,,,3.0
call_3737,40.112488563056544,-77.51985423808839,68Q1,68Q1,,911_calls,,,,,3.0
call_3738,40.11248872445596,-77.51985429864632,75D,75D,,911_calls,,,,,3.0
call_3739,40.1124888276881,-77.51985454616946,11C4,11C4,,911_calls,,,,,3.0
call_3740,40.11248880108378,-77.51985382646498,52D1,52D1,,911_calls,,,,,3.0
call_3741,40.112488687499216,-77.51985373895674,54C1,54C1,,911_calls,,,,,3.0
call_3742,40.112488704296695,-77.51985444913596,75T,75T,,911_calls,,,,,3.0
call_3743,40.11248905137124,-77.51985443441734,68Q1,68Q1,,911_calls,,,,,3.0
call_3744,40.11248888588798,-77.5198544921059,54U2,54U2,,911_calls,,,,,3.0
call_3745,40.112488943346484,-77.51985439751756,68Q1,68Q1,,911_calls,,,,,3.0
call_3746,40.11248885986883,-77.51985451485533,68Q1,68Q1,,911_calls,,,,,3.0
call_3747,40.112488771734434,-77.51985423241534,50P9,50P9,,911_calls,,,,,3.0
call_3748,40.11248914603289,-77.51985416603425,68Q1,68Q1,,911_calls,,,,,3.0
call_3749,40.11248914487265,-77.51985426931596,10V2,10V2,,911_calls,,,,,3.0
call_3750,40.112489017091626,-77.51985394021428,75H,75H,,911_calls,,,,,3.0
call_3751,40.112488425421645,-77.51985446461165,50P9,50P9,,911_calls,,,,,3.0
call_3752,40.112488736044654,-77.51985435731531,54U2,54U2,,911_calls,,,,,3.0
call_3753,40.11248911583927,-77.51985422093175,75I,75I,,911_calls,,,,,3.0
call_3754,40.11248892486594,-77.51985368351093,75D,75D,,911_calls,,,,,3.0
call_3755,40.11248881553699,-77.51985381164117,56S9,56S9,,911_calls,,,,,3.0
call_3756,40.11248898929061,-77.51985360590675,10Y3,10Y3,,911_calls,,,,,3.0
call_3757,40.11248923810732,-77.51985408036589,52D6,52D6,,911_calls,,,,,3.0
call_3758,40.11248894573141,-77.51985394652198,68Q9,68Q9,,911_calls,,,,,3.0
call_3759,40.11248861121949,-77.51985446816201,75S,75S,,911_calls,,,,,3.0
call_3760,40.112488762102736,-77.51985431846188,50P9,50P9,,911_calls,,,,,3.0
call_3761,40.112488956048516,-77.5198542887082,52D2,52D2,,911_calls,,,,,3.0
call_3762,40.11248885156324,-77.51985449024298,75D,75D,,911_calls,,,,,3.0
call_3763,40.11248868999212,-77.51985417191821,11C4,11C4,,911_calls,,,,,3.0
call_3764,40.11248851391315,-77.51985437181341,39T2,39T2,,911_calls,,,,,3.0
call_3765,40.11248885994287,-77.51985356868005,53S,53S,,911_calls,,,,,3.0
call_3766,40.112488547791884,-77.51985428467368,75D,75D,,911_calls,,,,,3.0
call_3767,40.112488603489695,-77.51985461815939,11C4,11C4,,911_calls,,,,,3.0
call_3768,40.112488333607786,-77.51985519493998,68Q1,68Q1,,911_calls,,,,,3.0
call_3769,40.112488912164565,-77.51985435865801,11C3,11C3,,911_calls,,,,,3.0
call_3770,40.11248910329503,-77.51985428734598,52D1,52D1,,911_calls,,,,,3.0
call_3771,40.112488925909105,-77.51985423708297,54U1,54U1,,911_calls,,,,,3.0
call_3772,40.1124888568611,-77.51985456055436,10Y3,10Y3,,911_calls,,,,,3.0
call_3773,40.11248882838157,-77.51985455497021,75D,75D,,911_calls,,,,,3.0
call_3774,40.112488710682705,-77.5198543461203,75D,75D,,911_calls,,,,,3.0
call_3775,40.11248893562228,-77.5198544599124,11C4,11C4,,911_calls,,,,,3.0
call_3776,40.112488425421645,-77.51985446461165,75S,75S,,911_calls,,,,,3.0
call_3777,40.112489023211545,-77.51985398362497,53S,53S,,911_calls,,,,,3.0
call_3778,40.11248878681592,-77.51985416897114,10H1,10H1,,911_calls,,,,,3.0
call_3779,40.112488973400154,-77.51985432161256,75I,75I,,911_calls,,,,,3.0
call_3780,40.11248868127283,-77.51985420148843,75D,75D,,911_calls,,,,,3.0
call_3781,40.112488516307366,-77.51985476659861,11C4,11C4,,911_calls,,,,,3.0
call_3782,40.11248867075519,-77.51985421319512,75D,75D,,911_calls,,,,,3.0
call_3783,40.11248850251234,-77.51985487549476,54C3,54C3,,911_calls,,,,,3.0
call_3784,40.11248850251234,-77.51985487549476,54C3,54C3,,911_calls,,,,,3.0
call_3785,40.11248863311256,-77.51985436488715,75D,75D,,911_calls,,,,,3.0
call_3786,40.112488876167745,-77.51985446883822,10H1,10H1,,911_calls,,,,,3.0
call_3787,40.112489168432475,-77.51985422053423,10H1,10H1,,911_calls,,,,,3.0
call_3788,40.11248869363454,-77.5198542215483,75D,75D,,911_calls,,,,,3.0
call_3789,40.112489052945214,-77.51985435773553,10F2,10F2,,911_calls,,,,,3.0
call_3790,40.11248881923777,-77.51985457052221,75S,75S,,911_calls,,,,,3.0
call_3791,40.11248873223312,-77.51985447709514,34Q9,34Q9,,911_calls,,,,,3.0
call_3792,40.112488962696396,-77.51985381711067,68Q1,68Q1,,911_calls,,,,,3.0
call_3793,40.112488719086805,-77.51985413868528,50G2,50G2,,911_calls,,,,,3.0
call_3794,40.112489112322756,-77.51985401971493,11C4,11C4,,911_calls,,,,,3.0
call_3795,40.112488789573135,-77.5198544060799,39H1,39H1,,911_calls,,,,,3.0
call_3796,40.11248845532397,-77.51985437834277,54U2,54U2,,911_calls,,,,,3.0
call_3797,40.1124892249144,-77.51985428568956,11C4,11C4,,911_calls,,,,,3.0
call_3798,40.112488903958265,-77.51985377968762,75H,75H,,911_calls,,,,,3.0
call_3799,40.11248912175644,-77.51985436725938,30Q1,30Q1,,911_calls,,,,,3.0
call_3800,40.11248894573141,-77.51985394652198,75S,75S,,911_calls,,,,,3.0
call_3801,40.11248839530725,-77.51985505340541,39H2,39H2,,911_calls,,,,,3.0
call_3802,40.11248919788628,-77.5198541944221,75D,75D,,911_calls,,,,,3.0
call_3803,40.11248913644409,-77.51985437120578,75T,75T,,911_calls,,,,,3.0
call_3804,40.11248883479337,-77.51985412432575,75D,75D,,911_calls,,,,,3.0
call_3805,40.11248853970796,-77.51985424472608,75D,75D,,911_calls,,,,,3.0
call_3806,40.112488963488794,-77.51985439271616,11C4,11C4,,911_calls,,,,,3.0
call_3807,40.11248869095436,-77.51985456043823,68Q1,68Q1,,911_calls,,,,,3.0
call_3808,40.11248850789755,-77.51985436560265,10Y3,10Y3,,911_calls,,,,,3.0
call_3809,40.11248849005108,-77.51985455939719,68Q1,68Q1,,911_calls,,,,,3.0
call_3810,40.1124889139261,-77.51985452012798,11C4,11C4,,911_calls,,,,,3.0
call_3811,40.11248850251234,-77.51985487549476,11R4,11R4,,911_calls,,,,,3.0
call_3812,40.112488747179164,-77.51985444560455,75D,75D,,911_calls,,,,,3.0
call_3813,40.11248855058714,-77.51985462208182,68Q1,68Q1,,911_calls,,,,,3.0
call_3814,40.1124888186646,-77.51985357545058,53S8,53S8,,911_calls,,,,,3.0
call_3815,40.11248855811964,-77.51985456389868,68Q1,68Q1,,911_calls,,,,,3.0
call_3816,40.112488731575425,-77.51985442038828,75D,75D,,911_calls,,,,,3.0
call_3817,40.11248892409142,-77.51985437426261,29H2,29H2,,911_calls,,,,,3.0
call_3818,40.11248867975825,-77.5198542937356,52D6,52D6,,911_calls,,,,,3.0
call_3819,40.11248917004472,-77.51985425895501,10H2,10H2,,911_calls,,,,,3.0
call_3820,40.11248910831548,-77.5198543906532,54C1,54C1,,911_calls,,,,,3.0
call_3821,40.112489160679004,-77.51985434688491,68Q1,68Q1,,911_calls,,,,,3.0
call_3822,40.11248867411276,-77.5198543387516,11C4,11C4,,911_calls,,,,,3.0
call_3823,40.11248914398088,-77.51985437451431,68Q1,68Q1,,911_calls,,,,,3.0
call_3824,40.11248912061602,-77.51985422104353,75I,75I,,911_calls,,,,,3.0
call_3825,40.112488755853306,-77.51985433006382,75D,75D,,911_calls,,,,,3.0
call_3826,40.11248905662921,-77.51985434298513,50P1,50P1,,911_calls,,,,,3.0
call_3827,40.11248868767166,-77.51985422499953,11C4,11C4,,911_calls,,,,,3.0
call_3828,40.11248856014653,-77.51985512937664,75I,75I,,911_calls,,,,,3.0
call_3829,40.11248876345758,-77.51985425226538,54C3,54C3,,911_calls,,,,,3.0
call_3830,40.11248876345758,-77.51985425226538,54C3,54C3,,911_calls,,,,,3.0
call_3831,40.11248856014653,-77.51985512937664,75I,75I,,911_calls,,,,,3.0
call_3832,40.11248916364964,-77.51985402179604,53S,53S,,911_calls,,,,,3.0
call_3833,40.1124889393643,-77.51985445664502,10P2,10P2,,911_calls,,,,,3.0
call_3834,40.11248852906212,-77.51985462711777,75D,75D,,911_calls,,,,,3.0
call_3835,40.112488529948386,-77.51985487080886,68Q1,68Q1,,911_calls,,,,,3.0
call_3836,40.11248898965923,-77.51985436110743,50P1,50P1,,911_calls,,,,,3.0
call_3837,40.11248880192764,-77.51985451988703,10H1,10H1,,911_calls,,,,,3.0
call_3838,40.11248897046159,-77.51985450318362,11C4,11C4,,911_calls,,,,,3.0
call_3839,40.112488606104534,-77.51985457780205,68Q2,68Q2,,911_calls,,,,,3.0
call_3840,40.11248862189563,-77.51985419030426,10Y3,10Y3,,911_calls,,,,,3.0
call_3841,40.11248887440995,-77.51985450590456,75T,75T,,911_calls,,,,,3.0
call_3842,40.11248852893245,-77.51985421464549,10H1,10H1,,911_calls,,,,,3.0
call_3843,40.11248876707458,-77.51985430820037,50P2,50P2,,911_calls,,,,,3.0
call_3844,40.112488439868905,-77.51985444078746,75S,75S,,911_calls,,,,,3.0
call_3845,40.11248871540107,-77.51985436618818,75S,75S,,911_calls,,,,,3.0
call_3846,40.11248865722226,-77.5198543610327,10H1,10H1,,911_calls,,,,,3.0
call_3847,40.11248842413451,-77.51985444760868,75S,75S,,911_calls,,,,,3.0
call_3848,40.11248866853385,-77.5198541981373,52D6,52D6,,911_calls,,,,,3.0
call_3849,40.11248871995722,-77.51985413556878,75D,75D,,911_calls,,,,,3.0
call_3850,40.11248922336642,-77.51985431159676,50P1,50P1,,911_calls,,,,,3.0
call_3851,40.112488809033344,-77.51985449431609,52D1,52D1,,911_calls,,,,,3.0
call_3852,40.112488929128,-77.51985387336079,53I,53I,,911_calls,,,,,3.0
call_3853,40.11248892657195,-77.51985433123147,54S1,54S1,,911_calls,,,,,3.0
call_3854,40.1124890072741,-77.51985444390975,75D,75D,,911_calls,,,,,3.0
call_3855,40.112488809033344,-77.51985449431609,75D,75D,,911_calls,,,,,3.0
call_3856,40.112488425421645,-77.51985446461165,75M,75M,,911_calls,,,,,3.0
call_3857,40.11248917866569,-77.51985402743782,52D6,52D6,,911_calls,,,,,3.0
call_3858,40.112489196351866,-77.51985427309096,53S,53S,,911_calls,,,,,3.0
call_3859,40.11248887053334,-77.51985377003801,31R,31R,,911_calls,,,,,3.0
call_3860,40.112488955713445,-77.51985450955887,10H1,10H1,,911_calls,,,,,3.0
call_3861,40.112489079137816,-77.51985414713162,50G2,50G2,,911_calls,,,,,3.0
call_3862,40.112488856205694,-77.51985446724723,68Q1,68Q1,,911_calls,,,,,3.0
call_3863,40.11248910814633,-77.51985426535907,31R,31R,,911_calls,,,,,3.0
call_3864,40.11248882955925,-77.51985438949102,34Q2,34Q2,,911_calls,,,,,3.0
call_3865,40.11248893171826,-77.51985413827772,54U1,54U1,,911_calls,,,,,3.0
call_3866,40.11248884932444,-77.51985368289768,22V2,22V2,,911_calls,,,,,3.0
call_3867,40.112489211769336,-77.51985431088971,39H2,39H2,,911_calls,,,,,3.0
call_3868,40.112488941902654,-77.51985413783198,52D6,52D6,,911_calls,,,,,3.0
call_3869,40.112489217187786,-77.51985426449903,53I,53I,,911_calls,,,,,3.0
call_3870,40.112488597639135,-77.5198543443207,52D6,52D6,,911_calls,,,,,3.0
call_3871,40.112489031299376,-77.51985442755287,39H2,39H2,,911_calls,,,,,3.0
call_3872,40.11248896417384,-77.51985440286528,50P1,50P1,,911_calls,,,,,3.0
call_3873,40.11248908995852,-77.51985427164897,39Q9,39Q9,,911_calls,,,,,3.0
call_3874,40.11248892229392,-77.51985450597121,11C4,11C4,,911_calls,,,,,3.0
call_3875,40.11248891254425,-77.51985448367816,52D2,52D2,,911_calls,,,,,3.0
call_3876,40.112488605070475,-77.51985439107237,68Q1,68Q1,,911_calls,,,,,3.0
call_3877,40.11248915936171,-77.51985422903702,34W2,34W2,,911_calls,,,,,3.0
call_3878,40.11248915936171,-77.51985422903702,34W2,34W2,,911_calls,,,,,3.0
call_3879,40.11248879904467,-77.51985387147465,39Q9,39Q9,,911_calls,,,,,3.0
call_3880,40.11248889232395,-77.51985440345128,54E2,54E2,,911_calls,,,,,3.0
call_3881,40.11248889232395,-77.51985440345128,54E2,54E2,,911_calls,,,,,3.0
call_3882,40.112488749121376,-77.51985432383634,10M1,10M1,,911_calls,,,,,3.0
call_3883,40.112488503091235,-77.51985510353565,39H2,39H2,,911_calls,,,,,3.0
call_3884,40.11248856360151,-77.51985462110652,34Q1,34Q1,,911_calls,,,,,3.0
call_3885,40.112488235746945,-77.51985535886024,68Q1,68Q1,,911_calls,,,,,3.0
call_3886,40.11248862452275,-77.5198541817089,39H1,39H1,,911_calls,,,,,3.0
call_3887,40.11248878351745,-77.51985417234076,52D6,52D6,,911_calls,,,,,3.0
call_3888,40.112488425421645,-77.51985446461165,50P9,50P9,,911_calls,,,,,3.0
call_3889,40.112488780816165,-77.51985442711342,10Y3,10Y3,,911_calls,,,,,3.0
call_3890,40.11248870074939,-77.51985416023292,75D,75D,,911_calls,,,,,3.0
call_3891,40.11248871373556,-77.51985445457859,68Q1,68Q1,,911_calls,,,,,3.0
call_3892,40.1124886851452,-77.51985428344788,24W1,24W1,,911_calls,,,,,3.0
call_3893,40.11248875036885,-77.51985420318364,53D,53D,,911_calls,,,,,3.0
call_3894,40.112489138195,-77.5198543696665,10H2,10H2,,911_calls,,,,,3.0
call_3895,40.11248893668967,-77.5198542647485,50P1,50P1,,911_calls,,,,,3.0
call_3896,40.11248885960782,-77.51985451990244,75M,75M,,911_calls,,,,,3.0
call_3897,40.112488682065994,-77.51985418097212,75I,75I,,911_calls,,,,,3.0
call_3898,40.112489121479804,-77.51985430053853,75S,75S,,911_calls,,,,,3.0
call_3899,40.11248879389024,-77.51985432070573,52F1,52F1,,911_calls,,,,,3.0
call_3900,40.11248892284664,-77.51985404066633,54U1,54U1,,911_calls,,,,,3.0
call_3901,40.11248929828545,-77.51985397330942,50G9,50G9,,911_calls,,,,,3.0
call_3902,40.11248870254787,-77.51985439645803,68Q1,68Q1,,911_calls,,,,,3.0
call_3903,40.11248879271697,-77.51985383507875,39H9,39H9,,911_calls,,,,,3.0
call_3904,40.11248860573877,-77.51985436501437,54E1,54E1,,911_calls,,,,,3.0
call_3905,40.11248860573877,-77.51985436501437,54E1,54E1,,911_calls,,,,,3.0
call_3906,40.11248870806909,-77.51985427690231,68Q1,68Q1,,911_calls,,,,,3.0
call_3907,40.112488855741226,-77.51985448579995,68Q1,68Q1,,911_calls,,,,,3.0
call_3908,40.11248867034486,-77.51985416012336,10V2,10V2,,911_calls,,,,,3.0
call_3909,40.112488694244426,-77.51985370202677,54C1,54C1,,911_calls,,,,,3.0
call_3910,40.112488877229254,-77.51985449612276,68Q1,68Q1,,911_calls,,,,,3.0
call_3911,40.112488801394896,-77.51985395309899,75H,75H,,911_calls,,,,,3.0
call_3912,40.1124891181338,-77.51985402179851,68Q1,68Q1,,911_calls,,,,,3.0
call_3913,40.11248872807089,-77.5198545155678,54S9,54S9,,911_calls,,,,,3.0
call_3914,40.112489109319874,-77.51985417963957,11C4,11C4,,911_calls,,,,,3.0
call_3915,40.11248874869065,-77.51985453715848,75D,75D,,911_calls,,,,,3.0
call_3916,40.112489192642215,-77.5198543465538,53S,53S,,911_calls,,,,,3.0
call_3917,40.112488877365635,-77.5198545716739,11C4,11C4,,911_calls,,,,,3.0
call_3918,40.11248890332947,-77.5198543336199,50P9,50P9,,911_calls,,,,,3.0
call_3919,40.1124891258398,-77.51985437379057,52D6,52D6,,911_calls,,,,,3.0
call_3920,40.11248905695228,-77.5198541425059,75D,75D,,911_calls,,,,,3.0
call_3921,40.11248895010582,-77.51985449331514,75O,75O,,911_calls,,,,,3.0
call_3922,40.112488524734694,-77.51985425786918,75D,75D,,911_calls,,,,,3.0
call_3923,40.112488593909994,-77.51985444230547,68Q1,68Q1,,911_calls,,,,,3.0
call_3924,40.1124885592659,-77.51985431496533,53S,53S,,911_calls,,,,,3.0
call_3925,40.1124885756368,-77.51985433792045,10V2,10V2,,911_calls,,,,,3.0
call_3926,40.11248880676441,-77.51985420024884,54S1,54S1,,911_calls,,,,,3.0
call_3927,40.112488930920115,-77.51985441947825,11C4,11C4,,911_calls,,,,,3.0
call_3928,40.11248893643587,-77.51985379666746,68Q1,68Q1,,911_calls,,,,,3.0
call_3929,40.11248912162465,-77.5198543024721,75S,75S,,911_calls,,,,,3.0
call_3930,40.11248870891441,-77.5198543217545,68Q1,68Q1,,911_calls,,,,,3.0
call_3931,40.112488882401735,-77.51985449513953,75S,75S,,911_calls,,,,,3.0
call_3932,40.112488693596866,-77.51985438663287,52D1,52D1,,911_calls,,,,,3.0
call_3933,40.11248918067281,-77.51985428739971,10H1,10H1,,911_calls,,,,,3.0
call_3934,40.112489150596865,-77.51985430280926,54S1,54S1,,911_calls,,,,,3.0
call_3935,40.11248931482286,-77.51985408861384,53X,53X,,911_calls,,,,,3.0
call_3936,40.11248931482286,-77.51985408861384,53X,53X,,911_calls,,,,,3.0
call_3937,40.11248882197841,-77.51985375442557,53S,53S,,911_calls,,,,,3.0
call_3938,40.1124892229092,-77.51985421118879,52D1,52D1,,911_calls,,,,,3.0
call_3939,40.11248869814114,-77.51985385778366,24Q1,24Q1,,911_calls,,,,,3.0
call_3940,40.11248900014062,-77.51985446434139,11C4,11C4,,911_calls,,,,,3.0
call_3941,40.11248920120753,-77.51985408646095,10S2,10S2,,911_calls,,,,,3.0
call_3942,40.11248927121687,-77.5198541518326,68Q1,68Q1,,911_calls,,,,,3.0
call_3943,40.112488692972406,-77.51985423594655,54S1,54S1,,911_calls,,,,,3.0
call_3944,40.11248870265407,-77.51985420278717,39T2,39T2,,911_calls,,,,,3.0
call_3945,40.11248918252953,-77.51985418437796,59R4,59R4,,911_calls,,,,,3.0
call_3946,40.11248913584238,-77.51985424135938,75I,75I,,911_calls,,,,,3.0
call_3947,40.112488746929735,-77.51985448661945,68Q1,68Q1,,911_calls,,,,,3.0
call_3948,40.11248854278071,-77.5198546466855,34Q6,34Q6,,911_calls,,,,,3.0
call_3949,40.112488697015294,-77.51985432526038,54C3,54C3,,911_calls,,,,,3.0
call_3950,40.112488697015294,-77.51985432526038,54C3,54C3,,911_calls,,,,,3.0
call_3951,40.112489103133264,-77.51985431898115,11C4,11C4,,911_calls,,,,,3.0
call_3952,40.11248892581967,-77.51985454204473,68Q1,68Q1,,911_calls,,,,,3.0
call_3953,40.11248865554282,-77.51985438244239,68Q1,68Q1,,911_calls,,,,,3.0
call_3954,40.11248889135881,-77.51985448018857,11C4,11C4,,911_calls,,,,,3.0
call_3955,40.11248921286732,-77.51985409161875,10Y3,10Y3,,911_calls,,,,,3.0
call_3956,40.1124887107512,-77.51985447882929,68Q1,68Q1,,911_calls,,,,,3.0
call_3957,40.11248843248997,-77.51985436265136,52D1,52D1,,911_calls,,,,,3.0
call_3958,40.112488906167314,-77.51985351008828,53S,53S,,911_calls,,,,,3.0
call_3959,40.11248922073652,-77.51985430410306,75D,75D,,911_calls,,,,,3.0
call_3960,40.11248869319318,-77.51985428781727,53S,53S,,911_calls,,,,,3.0
call_3961,40.11248868439051,-77.51985418014779,75D,75D,,911_calls,,,,,3.0
call_3962,40.112489273524936,-77.51985416232408,34Q1,34Q1,,911_calls,,,,,3.0
call_3963,40.112489295174875,-77.51985421570932,10Y9,10Y9,,911_calls,,,,,3.0
call_3964,40.11248861811189,-77.5198542144528,54C2,54C2,,911_calls,,,,,3.0
call_3965,40.112488526643894,-77.51985365894211,50P2,50P2,,911_calls,,,,,3.0
call_3966,40.11248888739403,-77.51985451250754,22Q2,22Q2,,911_calls,,,,,3.0
call_3967,40.1124889450757,-77.51985411655306,24Q2,24Q2,,911_calls,,,,,3.0
call_3968,40.11248875580594,-77.51985420065849,52D1,52D1,,911_calls,,,,,3.0
call_3969,40.11248882171796,-77.51985385968604,52D6,52D6,,911_calls,,,,,3.0
call_3970,40.11248915125301,-77.5198540304409,10Y3,10Y3,,911_calls,,,,,3.0
call_3971,40.11248921580366,-77.51985430888342,50G2,50G2,,911_calls,,,,,3.0
call_3972,40.11248892138348,-77.51985444527894,39H1,39H1,,911_calls,,,,,3.0
call_3973,40.1124888945306,-77.51985449939902,10H2,10H2,,911_calls,,,,,3.0
call_3974,40.11248858165948,-77.51985457756122,75S,75S,,911_calls,,,,,3.0
call_3975,40.11248845407539,-77.51985395229907,75M,75M,,911_calls,,,,,3.0
call_3976,40.112488712309165,-77.51985415793759,75S,75S,,911_calls,,,,,3.0
call_3977,40.11248868220577,-77.51985366589042,54S1,54S1,,911_calls,,,,,3.0
call_3978,40.11248924156118,-77.51985417621943,52D6,52D6,,911_calls,,,,,3.0
call_3979,40.11248874281313,-77.51985449347536,30Q1,30Q1,,911_calls,,,,,3.0
call_3980,40.11248894573141,-77.51985394652198,75S,75S,,911_calls,,,,,3.0
call_3981,40.112488727693396,-77.51985428887866,34K1,34K1,,911_calls,,,,,3.0
call_3982,40.11248910991099,-77.51985436851362,75S,75S,,911_calls,,,,,3.0
call_3983,40.11248898955622,-77.51985436473224,10P2,10P2,,911_calls,,,,,3.0
call_3984,40.112489116991455,-77.51985436601969,11C4,11C4,,911_calls,,,,,3.0
call_3985,40.11248876707458,-77.51985430820037,31R,31R,,911_calls,,,,,3.0
call_3986,40.11248916391149,-77.5198541132981,54S9,54S9,,911_calls,,,,,3.0
call_3987,40.112489279315085,-77.51985394849682,11C4,11C4,,911_calls,,,,,3.0
call_3988,40.11248916108949,-77.51985425167426,10Y3,10Y3,,911_calls,,,,,3.0
call_3989,40.112489121479804,-77.51985430053853,75M,75M,,911_calls,,,,,3.0
call_3990,40.11248885040954,-77.51985455607235,75S,75S,,911_calls,,,,,3.0
call_3991,40.11248886337372,-77.51985446388818,68Q1,68Q1,,911_calls,,,,,3.0
call_3992,40.11248855798251,-77.51985512300398,75I,75I,,911_calls,,,,,3.0
call_3993,40.112488638334526,-77.51985429149438,34S2,34S2,,911_calls,,,,,3.0
call_3994,40.112489248622296,-77.51985421557593,68Q2,68Q2,,911_calls,,,,,3.0
call_3995,40.112488569273765,-77.5198551160636,75I,75I,,911_calls,,,,,3.0
call_3996,40.112488704296695,-77.51985444913596,75S,75S,,911_calls,,,,,3.0
call_3997,40.11248895169103,-77.51985444954683,10H2,10H2,,911_calls,,,,,3.0
call_3998,40.11248918007638,-77.51985422518204,54S1,54S1,,911_calls,,,,,3.0
call_3999,40.11248880622517,-77.51985390445695,75M,75M,,911_calls,,,,,3.0
call_4000,40.112488903354425,-77.51985445588994,75D,75D,,911_calls,,,,,3.0
call_4001,40.11248905592007,-77.51985443483325,54U2,54U2,,911_calls,,,,,3.0
call_4002,40.11248869482417,-77.51985432243981,54S1,54S1,,911_calls,,,,,3.0
call_4003,40.112488663744564,-77.51985440739223,11C4,11C4,,911_calls,,,,,3.0
call_4004,40.11248863179146,-77.51985434740045,29H1,29H1,,911_calls,,,,,3.0
call_4005,40.1124891162276,-77.51985426092125,52D1,52D1,,911_calls,,,,,3.0
call_4006,40.11248922955524,-77.51985416680849,54S2,54S2,,911_calls,,,,,3.0
call_4007,40.11248905109209,-77.51985436287433,10H1,10H1,,911_calls,,,,,3.0
call_4008,40.112488882401735,-77.51985449513953,75M,75M,,911_calls,,,,,3.0
call_4009,40.112488428171964,-77.51985453466513,34W6,34W6,,911_calls,,,,,3.0
call_4010,40.11248870119312,-77.51985432201745,44H1,44H1,,911_calls,,,,,3.0
call_4011,40.11248879299973,-77.51985449100373,75D,75D,,911_calls,,,,,3.0
call_4012,40.11248869417271,-77.51985445299653,75Z,75Z,,911_calls,,,,,3.0
call_4013,40.112488718422,-77.51985427960912,10S4,10S4,,911_calls,,,,,3.0
call_4014,40.11248869050132,-77.51985371423976,52K1,52K1,,911_calls,,,,,3.0
call_4015,40.11248861061858,-77.51985460174917,68Q1,68Q1,,911_calls,,,,,3.0
call_4016,40.11248864334186,-77.51985440565569,10H2,10H2,,911_calls,,,,,3.0
call_4017,40.112489142296475,-77.51985411251769,39Q2,39Q2,,911_calls,,,,,3.0
call_4018,40.11248906553084,-77.51985434654213,68Q1,68Q1,,911_calls,,,,,3.0
call_4019,40.11248886409214,-77.5198540534652,11C4,11C4,,911_calls,,,,,3.0
call_4020,40.11248854093618,-77.51985422061362,68Q1,68Q1,,911_calls,,,,,3.0
call_4021,40.11248881954112,-77.51985438521955,54S1,54S1,,911_calls,,,,,3.0
call_4022,40.11248879389024,-77.51985432070573,39H2,39H2,,911_calls,,,,,3.0
call_4023,40.11248923486527,-77.51985420500019,39Q9,39Q9,,911_calls,,,,,3.0
call_4024,40.112488888014006,-77.51985454914549,50G9,50G9,,911_calls,,,,,3.0
call_4025,40.11248872467306,-77.51985400416243,39C2,39C2,,911_calls,,,,,3.0
call_4026,40.11248882580309,-77.51985359183834,54U2,54U2,,911_calls,,,,,3.0
call_4027,40.11248910656891,-77.51985417660596,75S,75S,,911_calls,,,,,3.0
call_4028,40.11248846919595,-77.51985437913474,54U2,54U2,,911_calls,,,,,3.0
call_4029,40.112488837103214,-77.51985449779086,34K2,34K2,,911_calls,,,,,3.0
call_4030,40.11248858317358,-77.51985435062946,75Z,75Z,,911_calls,,,,,3.0
call_4031,40.11248856151998,-77.51985457195254,68Q1,68Q1,,911_calls,,,,,3.0
call_4032,40.112488789436355,-77.51985457672765,75D,75D,,911_calls,,,,,3.0
call_4033,40.11248869034802,-77.51985422251694,75D,75D,,911_calls,,,,,3.0
call_4034,40.11248912162465,-77.5198543024721,75M,75M,,911_calls,,,,,3.0
call_4035,40.11248891930286,-77.5198545154494,39H9,39H9,,911_calls,,,,,3.0
call_4036,40.11248863777369,-77.51985455728804,75S,75S,,911_calls,,,,,3.0
call_4037,40.11248923241072,-77.5198542968066,31R,31R,,911_calls,,,,,3.0
call_4038,40.11248869110799,-77.51985404119242,52D6,52D6,,911_calls,,,,,3.0
call_4039,40.112488784998774,-77.5198538638243,75S,75S,,911_calls,,,,,3.0
call_4040,40.11248908995852,-77.51985427164897,75S,75S,,911_calls,,,,,3.0
call_4041,40.112488553382114,-77.51985512184602,75I,75I,,911_calls,,,,,3.0
call_4042,40.11248869158129,-77.51985421066264,54C1,54C1,,911_calls,,,,,3.0
call_4043,40.112488650383895,-77.51985454082428,68Q1,68Q1,,911_calls,,,,,3.0
call_4044,40.11248860067007,-77.51985424987042,32V2,32V2,,911_calls,,,,,3.0
call_4045,40.11248926013391,-77.51985409382686,54E1,54E1,,911_calls,,,,,3.0
call_4046,40.11248926013391,-77.51985409382686,54E1,54E1,,911_calls,,,,,3.0
call_4047,40.11248875031094,-77.51985449337548,68Q1,68Q1,,911_calls,,,,,3.0
call_4048,40.11248838116345,-77.51985492930035,50P1,50P1,,911_calls,,,,,3.0
call_4049,40.11248867137206,-77.51985429925293,68Q1,68Q1,,911_calls,,,,,3.0
call_4050,40.112488790737835,-77.51985383801488,54E9,54E9,,911_calls,,,,,3.0
call_4051,40.11248908995852,-77.51985427164897,54S9,54S9,,911_calls,,,,,3.0
call_4052,40.112488805073056,-77.51985373960163,54E2,54E2,,911_calls,,,,,3.0
call_4053,40.112488805073056,-77.51985373960163,54E2,54E2,,911_calls,,,,,3.0
call_4054,40.11248905592007,-77.51985443483325,52D6,52D6,,911_calls,,,,,3.0
call_4055,40.112488561179255,-77.51985440515254,68Q1,68Q1,,911_calls,,,,,3.0
call_4056,40.11248857531777,-77.51985439920584,68Q1,68Q1,,911_calls,,,,,3.0
call_4057,40.11248859682693,-77.51985435463034,68Q1,68Q1,,911_calls,,,,,3.0
call_4058,40.11248853616446,-77.51985465504727,68Q1,68Q1,,911_calls,,,,,3.0
call_4059,40.112488820389366,-77.51985378231225,75S,75S,,911_calls,,,,,3.0
call_4060,40.11248858757009,-77.51985435110004,68Q1,68Q1,,911_calls,,,,,3.0
call_4061,40.112488425421645,-77.51985446461165,75O,75O,,911_calls,,,,,3.0
call_4062,40.11248867329247,-77.51985437600534,34Q6,34Q6,,911_calls,,,,,3.0
call_4063,40.11248927636905,-77.51985416051295,52D6,52D6,,911_calls,,,,,3.0
call_4064,40.11248915652547,-77.51985427564786,75S,75S,,911_calls,,,,,3.0
call_4065,40.1124887107512,-77.51985447882929,68Q1,68Q1,,911_calls,,,,,3.0
call_4066,40.11248879904467,-77.51985387147465,75S,75S,,911_calls,,,,,3.0
call_4067,40.112488531415075,-77.51985387902954,75T,75T,,911_calls,,,,,3.0
call_4068,40.11248916695815,-77.51985405262832,39H2,39H2,,911_calls,,,,,3.0
call_4069,40.112488652527645,-77.51985446533104,10Y3,10Y3,,911_calls,,,,,3.0
call_4070,40.11248890988959,-77.51985447265426,75S,75S,,911_calls,,,,,3.0
call_4071,40.11248916695815,-77.51985405262832,39H2,39H2,,911_calls,,,,,3.0
call_4072,40.11248873713785,-77.5198544953602,75T,75T,,911_calls,,,,,3.0
call_4073,40.112489157643175,-77.51985435867725,34W1,34W1,,911_calls,,,,,3.0
call_4074,40.11248861454475,-77.51985452253551,75T,75T,,911_calls,,,,,3.0
call_4075,40.11248873713785,-77.5198544953602,75T,75T,,911_calls,,,,,3.0
call_4076,40.1124892491288,-77.51985424521247,11C4,11C4,,911_calls,,,,,3.0
call_4077,40.112489085819526,-77.51985435077279,75D,75D,,911_calls,,,,,3.0
call_4078,40.112489143654535,-77.51985413783441,54U1,54U1,,911_calls,,,,,3.0
call_4079,40.112488959086676,-77.5198544124069,54S1,54S1,,911_calls,,,,,3.0
call_4080,40.11248885960782,-77.51985451990244,75S,75S,,911_calls,,,,,3.0
call_4081,40.11248871999237,-77.51985427805087,75I,75I,,911_calls,,,,,3.0
call_4082,40.11248870444663,-77.51985458423563,75D,75D,,911_calls,,,,,3.0
call_4083,40.11248864375633,-77.51985439235727,68Q1,68Q1,,911_calls,,,,,3.0
call_4084,40.112488885434196,-77.5198543952591,54S1,54S1,,911_calls,,,,,3.0
call_4085,40.112489136473165,-77.5198540894875,34Q1,34Q1,,911_calls,,,,,3.0
call_4086,40.11248890310641,-77.51985413272646,10H1,10H1,,911_calls,,,,,3.0
call_4087,40.112488738791996,-77.51985448276432,75S,75S,,911_calls,,,,,3.0
call_4088,40.11248909795819,-77.51985422382947,39H1,39H1,,911_calls,,,,,3.0
call_4089,40.11248894360998,-77.51985450717181,54Q1,54Q1,,911_calls,,,,,3.0
call_4090,40.11248858963,-77.5198548202041,52D1,52D1,,911_calls,,,,,3.0
call_4091,40.112489141328226,-77.51985427257523,24Q1,24Q1,,911_calls,,,,,3.0
call_4092,40.11248858144214,-77.51985434633853,10V2,10V2,,911_calls,,,,,3.0
call_4093,40.112488906829334,-77.51985394925022,52D2,52D2,,911_calls,,,,,3.0
call_4094,40.11248873009605,-77.51985363696978,10V2,10V2,,911_calls,,,,,3.0
call_4095,40.112488680195796,-77.519854333363,75D,75D,,911_calls,,,,,3.0
call_4096,40.11248861454475,-77.51985452253551,75T,75T,,911_calls,,,,,3.0
call_4097,40.112488718422,-77.51985427960912,75I,75I,,911_calls,,,,,3.0
call_4098,40.112488699257426,-77.51985415795252,53S,53S,,911_calls,,,,,3.0
call_4099,40.1124887020753,-77.51985444609284,11C4,11C4,,911_calls,,,,,3.0
call_4100,40.112488844453,-77.51985452037677,50P2,50P2,,911_calls,,,,,3.0
call_4101,40.112488425421645,-77.51985446461165,75S,75S,,911_calls,,,,,3.0
call_4102,40.112489114490984,-77.5198542024174,24W6,24W6,,911_calls,,,,,3.0
call_4103,40.112488704296695,-77.51985444913596,75S,75S,,911_calls,,,,,3.0
call_4104,40.112489100656376,-77.51985426620719,10Y3,10Y3,,911_calls,,,,,3.0
call_4105,40.11248874616831,-77.51985357901923,54E1,54E1,,911_calls,,,,,3.0
call_4106,40.11248874616831,-77.51985357901923,54E1,54E1,,911_calls,,,,,3.0
call_4107,40.11248884825225,-77.5198545252998,56S9,56S9,,911_calls,,,,,3.0
call_4108,40.11248868341573,-77.51985450319002,56S9,56S9,,911_calls,,,,,3.0
call_4109,40.112488667386735,-77.51985436298624,75S,75S,,911_calls,,,,,3.0
call_4110,40.11248901386286,-77.51985447221068,10V2,10V2,,911_calls,,,,,3.0
call_4111,40.11248858543115,-77.51985441415184,52D2,52D2,,911_calls,,,,,3.0
call_4112,40.112488868643894,-77.51985414721544,10H1,10H1,,911_calls,,,,,3.0
call_4113,40.11248894815649,-77.51985442193057,68Q1,68Q1,,911_calls,,,,,3.0
call_4114,40.11248867601057,-77.51985426793296,54E9,54E9,,911_calls,,,,,3.0
call_4115,40.11248867601057,-77.51985426793296,54E9,54E9,,911_calls,,,,,3.0
call_4116,40.11248877052151,-77.51985434010449,24K1,24K1,,911_calls,,,,,3.0
call_4117,40.11248926611972,-77.51985414332368,54S2,54S2,,911_calls,,,,,3.0
call_4118,40.11248926611972,-77.51985414332368,54S2,54S2,,911_calls,,,,,3.0
call_4119,40.112488943989234,-77.5198539500911,11C4,11C4,,911_calls,,,,,3.0
call_4120,40.11248877672224,-77.51985421608767,68Q1,68Q1,,911_calls,,,,,3.0
call_4121,40.112489056238026,-77.51985445004772,75D,75D,,911_calls,,,,,3.0
call_4122,40.11248897036201,-77.51985364258121,75D,75D,,911_calls,,,,,3.0
call_4123,40.11248871587701,-77.51985420210043,75M,75M,,911_calls,,,,,3.0
call_4124,40.11248864427029,-77.51985417318876,54S1,54S1,,911_calls,,,,,3.0
call_4125,40.11248922018505,-77.51985418352793,54U1,54U1,,911_calls,,,,,3.0
call_4126,40.112488692636354,-77.51985455944299,68Q1,68Q1,,911_calls,,,,,3.0
call_4127,40.11248863153577,-77.51985438909716,52D2,52D2,,911_calls,,,,,3.0
call_4128,40.112488694871935,-77.51985455468456,68Q1,68Q1,,911_calls,,,,,3.0
call_4129,40.11248853143574,-77.5198536598271,39V1,39V1,,911_calls,,,,,3.0
call_4130,40.11248862117398,-77.51985419996251,54S1,54S1,,911_calls,,,,,3.0
call_4131,40.112489110532174,-77.5198543550626,54S1,54S1,,911_calls,,,,,3.0
call_4132,40.11248873168435,-77.51985407951604,50G2,50G2,,911_calls,,,,,3.0
call_4133,40.11248861358522,-77.51985439198829,59C,59C,,911_calls,,,,,3.0
call_4134,40.11248850836386,-77.51985444958413,53S,53S,,911_calls,,,,,3.0
call_4135,40.112488671546615,-77.51985439734898,75D,75D,,911_calls,,,,,3.0
call_4136,40.112488564893226,-77.5198542958046,39H1,39H1,,911_calls,,,,,3.0
call_4137,40.11248882787874,-77.51985435834996,50P2,50P2,,911_calls,,,,,3.0
call_4138,40.112488811381475,-77.51985455366678,53I,53I,,911_calls,,,,,3.0
call_4139,40.11248890625023,-77.51985444259758,75D,75D,,911_calls,,,,,3.0
call_4140,40.11248877819338,-77.51985401665034,52D6,52D6,,911_calls,,,,,3.0
call_4141,40.1124887907103,-77.51985458039515,50P1,50P1,,911_calls,,,,,3.0
call_4142,40.1124885869567,-77.51985487668281,34W1,34W1,,911_calls,,,,,3.0
call_4143,40.11248870176783,-77.5198543904072,34Q2,34Q2,,911_calls,,,,,3.0
call_4144,40.11248862117398,-77.51985419996251,54U1,54U1,,911_calls,,,,,3.0
call_4145,40.11248862117398,-77.51985419996251,54U1,54U1,,911_calls,,,,,3.0
call_4146,40.11248908995852,-77.51985427164897,75S,75S,,911_calls,,,,,3.0
call_4147,40.11248873422803,-77.51985401620477,10Y3,10Y3,,911_calls,,,,,3.0
call_4148,40.11248917499353,-77.51985415472417,52D1,52D1,,911_calls,,,,,3.0
call_4149,40.112488738280035,-77.5198545368462,68Q1,68Q1,,911_calls,,,,,3.0
call_4150,40.1124887917471,-77.51985383319963,75T,75T,,911_calls,,,,,3.0
call_4151,40.11248904961879,-77.51985433847837,52D1,52D1,,911_calls,,,,,3.0
call_4152,40.11248920825155,-77.51985417822087,56S,56S,,911_calls,,,,,3.0
call_4153,40.11248873497032,-77.51985436632926,54C1,54C1,,911_calls,,,,,3.0
call_4154,40.112488896589,-77.51985445989085,75D,75D,,911_calls,,,,,3.0
call_4155,40.11248859111162,-77.51985436253517,68Q1,68Q1,,911_calls,,,,,3.0
call_4156,40.11248872807089,-77.5198545155678,75T,75T,,911_calls,,,,,3.0
call_4157,40.11248859111162,-77.51985436253517,68Q1,68Q1,,911_calls,,,,,3.0
call_4158,40.11248862198722,-77.51985439166072,68Q1,68Q1,,911_calls,,,,,3.0
call_4159,40.11248862198722,-77.51985439166072,68Q1,68Q1,,911_calls,,,,,3.0
call_4160,40.11248869158129,-77.51985421066264,52K1,52K1,,911_calls,,,,,3.0
call_4161,40.112489101454074,-77.51985436298699,34Q7,34Q7,,911_calls,,,,,3.0
call_4162,40.11248880350667,-77.51985429035396,68Q1,68Q1,,911_calls,,,,,3.0
call_4163,40.11248873600508,-77.51985440943214,75D,75D,,911_calls,,,,,3.0
call_4164,40.112489085819526,-77.51985435077279,75D,75D,,911_calls,,,,,3.0
call_4165,40.11248845407539,-77.51985395229907,75S,75S,,911_calls,,,,,3.0
call_4166,40.11248876495222,-77.51985421510577,10H2,10H2,,911_calls,,,,,3.0
call_4167,40.11248890988959,-77.51985447265426,75M,75M,,911_calls,,,,,3.0
call_4168,40.112489266663744,-77.51985411466951,75Z,75Z,,911_calls,,,,,3.0
call_4169,40.11248910656891,-77.51985417660596,54S9,54S9,,911_calls,,,,,3.0
call_4170,40.11248926612339,-77.51985417577016,29C,29C,,911_calls,,,,,3.0
call_4171,40.112488832342635,-77.51985453949423,10N9,10N9,,911_calls,,,,,3.0
call_4172,40.112489206565776,-77.51985419862216,39H1,39H1,,911_calls,,,,,3.0
call_4173,40.11248921038996,-77.51985416279541,39C1,39C1,,911_calls,,,,,3.0
call_4174,40.11248852218297,-77.51985437211017,11C4,11C4,,911_calls,,,,,3.0
call_4175,40.112489245950435,-77.51985397319984,50P2,50P2,,911_calls,,,,,3.0
call_4176,40.11248898912278,-77.51985436114452,10P1,10P1,,911_calls,,,,,3.0
call_4177,40.112488647274695,-77.5198539701701,11R4,11R4,,911_calls,,,,,3.0
call_4178,40.11248891442474,-77.51985373856748,68Q1,68Q1,,911_calls,,,,,3.0
call_4179,40.112488854245626,-77.5198545037826,52D6,52D6,,911_calls,,,,,3.0
call_4180,40.11248884585395,-77.51985452066934,75M,75M,,911_calls,,,,,3.0
call_4181,40.11248887078459,-77.51985446023157,53I8,53I8,,911_calls,,,,,3.0
call_4182,40.11248855913961,-77.51985426406465,68Q1,68Q1,,911_calls,,,,,3.0
call_4183,40.11248920667935,-77.51985416884312,50G2,50G2,,911_calls,,,,,3.0
call_4184,40.112488931957394,-77.5198544309096,59R4,59R4,,911_calls,,,,,3.0
call_4185,40.112488713984156,-77.5198542011149,75S,75S,,911_calls,,,,,3.0
call_4186,40.11248867237225,-77.51985429537073,68Q1,68Q1,,911_calls,,,,,3.0
call_4187,40.11248878024569,-77.51985456890233,54U2,54U2,,911_calls,,,,,3.0
call_4188,40.11248933674571,-77.5198542112808,54S2,54S2,,911_calls,,,,,3.0
call_4189,40.112488936505336,-77.51985449400269,22V2,22V2,,911_calls,,,,,3.0
call_4190,40.11248914195929,-77.51985435971007,34W1,34W1,,911_calls,,,,,3.0
call_4191,40.11248873398821,-77.51985408188816,10H1,10H1,,911_calls,,,,,3.0
call_4192,40.11248849414065,-77.51985374025803,50P1,50P1,,911_calls,,,,,3.0
call_4193,40.112488824570015,-77.51985450030067,39H1,39H1,,911_calls,,,,,3.0
call_4194,40.11248906589153,-77.51985429303078,34Q6,34Q6,,911_calls,,,,,3.0
call_4195,40.11248893539765,-77.5198538625092,34K1,34K1,,911_calls,,,,,3.0
call_4196,40.112488833252506,-77.51985456644267,75D,75D,,911_calls,,,,,3.0
call_4197,40.112488775686174,-77.51985420771302,54U2,54U2,,911_calls,,,,,3.0
call_4198,40.11248904408797,-77.51985435396072,10V2,10V2,,911_calls,,,,,3.0
call_4199,40.112488697462226,-77.5198544413781,75T,75T,,911_calls,,,,,3.0
call_4200,40.112488746929735,-77.51985448661945,75I,75I,,911_calls,,,,,3.0
call_4201,40.112488924425286,-77.51985396399367,11C4,11C4,,911_calls,,,,,3.0
call_4202,40.112488890066146,-77.51985426119417,10Y3,10Y3,,911_calls,,,,,3.0
call_4203,40.11248925063271,-77.5198541704136,75S,75S,,911_calls,,,,,3.0
call_4204,40.112488729194915,-77.51985431091073,34Q6,34Q6,,911_calls,,,,,3.0
call_4205,40.11248868341573,-77.51985450319002,75S,75S,,911_calls,,,,,3.0
call_4206,40.1124887969614,-77.519854272251,68Q2,68Q2,,911_calls,,,,,3.0
call_4207,40.11248904029822,-77.5198540199581,52D2,52D2,,911_calls,,,,,3.0
call_4208,40.112488237924744,-77.51985525584554,11R4,11R4,,911_calls,,,,,3.0
call_4209,40.1124890914758,-77.51985440236447,52D6,52D6,,911_calls,,,,,3.0
call_4210,40.112488903682234,-77.51985416793912,75M,75M,,911_calls,,,,,3.0
call_4211,40.11248856367535,-77.51985421516638,68Q1,68Q1,,911_calls,,,,,3.0
call_4212,40.11248891930286,-77.5198545154494,75S,75S,,911_calls,,,,,3.0
call_4213,40.11248888233705,-77.51985449871265,68Q1,68Q1,,911_calls,,,,,3.0
call_4214,40.11248926406251,-77.51985409808434,75S,75S,,911_calls,,,,,3.0
call_4215,40.11248904414124,-77.51985436185898,52D1,52D1,,911_calls,,,,,3.0
call_4216,40.11248904805014,-77.51985438374352,39C2,39C2,,911_calls,,,,,3.0
call_4217,40.11248862306617,-77.5198543941015,68Q1,68Q1,,911_calls,,,,,3.0
call_4218,40.112489270354075,-77.51985424566456,54C1,54C1,,911_calls,,,,,3.0
call_4219,40.11248908476394,-77.51985425497091,10Y3,10Y3,,911_calls,,,,,3.0
call_4220,40.1124886308648,-77.51985439648915,68Q1,68Q1,,911_calls,,,,,3.0
call_4221,40.11248843426593,-77.51985437263413,11C4,11C4,,911_calls,,,,,3.0
call_4222,40.11248922543945,-77.51985421378676,24Q1,24Q1,,911_calls,,,,,3.0
call_4223,40.11248862863098,-77.5198544081326,68Q1,68Q1,,911_calls,,,,,3.0
call_4224,40.11248919665717,-77.51985422588955,52D1,52D1,,911_calls,,,,,3.0
call_4225,40.112488522504435,-77.51985453251885,10H1,10H1,,911_calls,,,,,3.0
call_4226,40.112488733385845,-77.51985369441617,10Y3,10Y3,,911_calls,,,,,3.0
call_4227,40.11248871587701,-77.51985420210043,75O,75O,,911_calls,,,,,3.0
call_4228,40.112489052945214,-77.51985435773553,50P2,50P2,,911_calls,,,,,3.0
call_4229,40.112488634684524,-77.51985439560306,68Q1,68Q1,,911_calls,,,,,3.0
call_4230,40.11248853622947,-77.51985500032355,10H1,10H1,,911_calls,,,,,3.0
call_4231,40.1124886567519,-77.5198544380058,10Y3,10Y3,,911_calls,,,,,3.0
call_4232,40.11248891254586,-77.51985410538644,10H2,10H2,,911_calls,,,,,3.0
call_4233,40.11248869528543,-77.51985441990618,10H1,10H1,,911_calls,,,,,3.0
call_4234,40.1124889145241,-77.51985456478981,50G9,50G9,,911_calls,,,,,3.0
call_4235,40.11248917880375,-77.51985433105233,68Q1,68Q1,,911_calls,,,,,3.0
call_4236,40.11248864797432,-77.51985429335271,53I,53I,,911_calls,,,,,3.0
call_4237,40.11248881389354,-77.51985440347522,54U2,54U2,,911_calls,,,,,3.0
call_4238,40.11248874265654,-77.51985427608237,54S1,54S1,,911_calls,,,,,3.0
call_4239,40.11248890332947,-77.5198543336199,75S,75S,,911_calls,,,,,3.0
call_4240,40.11248895016719,-77.51985442890565,68Q1,68Q1,,911_calls,,,,,3.0
call_4241,40.11248864026747,-77.51985416691463,39H1,39H1,,911_calls,,,,,3.0
call_4242,40.11248925877727,-77.51985407291907,34Q2,34Q2,,911_calls,,,,,3.0
call_4243,40.11248910656891,-77.51985417660596,39Q9,39Q9,,911_calls,,,,,3.0
call_4244,40.11248890403378,-77.51985451229025,11C4,11C4,,911_calls,,,,,3.0
call_4245,40.112488420368464,-77.5198544984653,54U1,54U1,,911_calls,,,,,3.0
call_4246,40.1124887372908,-77.5198539100557,53S,53S,,911_calls,,,,,3.0
call_4247,40.11248865143197,-77.51985431675189,10Y3,10Y3,,911_calls,,,,,3.0
call_4248,40.112489139436924,-77.51985417250366,24Q1,24Q1,,911_calls,,,,,3.0
call_4249,40.11248918484409,-77.51985425773906,54C1,54C1,,911_calls,,,,,3.0
call_4250,40.11248872781073,-77.51985370637678,34Q6,34Q6,,911_calls,,,,,3.0
call_4251,40.112488804502014,-77.51985440460426,10Y3,10Y3,,911_calls,,,,,3.0
call_4252,40.11248913644409,-77.51985437120578,75T,75T,,911_calls,,,,,3.0
call_4253,40.11248869730664,-77.51985415888626,34Q6,34Q6,,911_calls,,,,,3.0
call_4254,40.11248891832617,-77.51985430933516,21R,21R,,911_calls,,,,,3.0
call_4255,40.11248918370627,-77.51985435179995,10N9,10N9,,911_calls,,,,,3.0
call_4256,40.11248915870242,-77.51985427297839,39H2,39H2,,911_calls,,,,,3.0
call_4257,40.112488931723156,-77.51985389596734,34Q6,34Q6,,911_calls,,,,,3.0
call_4258,40.112488897726195,-77.51985415066177,24Q6,24Q6,,911_calls,,,,,3.0
call_4259,40.11248891113478,-77.51985435509289,54S1,54S1,,911_calls,,,,,3.0
call_4260,40.11248901403346,-77.5198544457581,54E1,54E1,,911_calls,,,,,3.0
call_4261,40.11248901403346,-77.5198544457581,54E1,54E1,,911_calls,,,,,3.0
call_4262,40.11248908083376,-77.51985423785375,34Q2,34Q2,,911_calls,,,,,3.0
call_4263,40.11248875835451,-77.51985419865835,68Q2,68Q2,,911_calls,,,,,3.0
call_4264,40.112488827317875,-77.51985446511578,39Q1,39Q1,,911_calls,,,,,3.0
call_4265,40.11248920185902,-77.51985421667229,52K6,52K6,,911_calls,,,,,3.0
call_4266,40.11248913644409,-77.51985437120578,75T,75T,,911_calls,,,,,3.0
call_4267,40.112488531415075,-77.51985387902954,75M,75M,,911_calls,,,,,3.0
call_4268,40.11248915920825,-77.51985434170221,68Q1,68Q1,,911_calls,,,,,3.0
call_4269,40.1124891460566,-77.51985436628125,52D1,52D1,,911_calls,,,,,3.0
call_4270,40.11248889125597,-77.51985413141041,34Q2,34Q2,,911_calls,,,,,3.0
call_4271,40.11248914195929,-77.51985435971007,24W1,24W1,,911_calls,,,,,3.0
call_4272,40.11248872150995,-77.51985447026833,75S,75S,,911_calls,,,,,3.0
call_4273,40.1124886308648,-77.51985439648915,68Q1,68Q1,,911_calls,,,,,3.0
call_4274,40.11248870146169,-77.51985409219746,75D,75D,,911_calls,,,,,3.0
call_4275,40.112489172952834,-77.51985427644279,68Q1,68Q1,,911_calls,,,,,3.0
call_4276,40.112489142143566,-77.51985437591986,39H1,39H1,,911_calls,,,,,3.0
call_4277,40.11248854185414,-77.51985442656554,39T1,39T1,,911_calls,,,,,3.0
call_4278,40.112488806023144,-77.51985452106877,11C4,11C4,,911_calls,,,,,3.0
call_4279,40.112488898976025,-77.51985404823735,34Q6,34Q6,,911_calls,,,,,3.0
call_4280,40.11248867075519,-77.51985421319512,75S,75S,,911_calls,,,,,3.0
call_4281,40.11248871587701,-77.51985420210043,75S,75S,,911_calls,,,,,3.0
call_4282,40.112488762102736,-77.51985431846188,75S,75S,,911_calls,,,,,3.0
call_4283,40.11248853303737,-77.51985444458869,75S,75S,,911_calls,,,,,3.0
call_4284,40.11248868957414,-77.51985429302381,22Q1,22Q1,,911_calls,,,,,3.0
call_4285,40.11248881349089,-77.51985450186618,50P1,50P1,,911_calls,,,,,3.0
call_4286,40.11248872000412,-77.51985446455284,75S,75S,,911_calls,,,,,3.0
call_4287,40.112488960462514,-77.51985449537794,54U1,54U1,,911_calls,,,,,3.0
call_4288,40.11248889418119,-77.51985455893313,52D1,52D1,,911_calls,,,,,3.0
call_4289,40.11248852345991,-77.51985440258638,34Q6,34Q6,,911_calls,,,,,3.0
call_4290,40.11248903338379,-77.51985435265014,75D,75D,,911_calls,,,,,3.0
call_4291,40.112489037779056,-77.5198543640397,75D,75D,,911_calls,,,,,3.0
call_4292,40.11248891874194,-77.51985410719341,34Q1,34Q1,,911_calls,,,,,3.0
call_4293,40.112488425421645,-77.51985446461165,75S,75S,,911_calls,,,,,3.0
call_4294,40.11248921650465,-77.51985428827612,10P2,10P2,,911_calls,,,,,3.0
call_4295,40.11248854282311,-77.51985448927451,39H1,39H1,,911_calls,,,,,3.0
call_4296,40.11248883905483,-77.51985399436334,75S,75S,,911_calls,,,,,3.0
call_4297,40.11248870119312,-77.51985432201745,10Y3,10Y3,,911_calls,,,,,3.0
call_4298,40.1124886308648,-77.51985439648915,10Y3,10Y3,,911_calls,,,,,3.0
call_4299,40.11248871832229,-77.51985391179832,24Q2,24Q2,,911_calls,,,,,3.0
call_4300,40.11248890992225,-77.51985453652598,54S1,54S1,,911_calls,,,,,3.0
call_4301,40.11248918808994,-77.51985422920743,32Q9,32Q9,,911_calls,,,,,3.0
call_4302,40.1124890425334,-77.519854344603,10H2,10H2,,911_calls,,,,,3.0
call_4303,40.11248876487509,-77.51985437565877,54U1,54U1,,911_calls,,,,,3.0
call_4304,40.11248917513741,-77.51985422120866,11C4,11C4,,911_calls,,,,,3.0
call_4305,40.112488742935085,-77.51985451229243,75S,75S,,911_calls,,,,,3.0
call_4306,40.112488888014006,-77.51985454914549,52D2,52D2,,911_calls,,,,,3.0
call_4307,40.11248903634759,-77.51985442963549,68Q1,68Q1,,911_calls,,,,,3.0
call_4308,40.112488914535,-77.51985452606138,52D1,52D1,,911_calls,,,,,3.0
call_4309,40.11248879466488,-77.51985376052032,52D6,52D6,,911_calls,,,,,3.0
call_4310,40.112488696570324,-77.51985446208515,22Q1,22Q1,,911_calls,,,,,3.0
call_4311,40.112489157643175,-77.51985435867725,10H1,10H1,,911_calls,,,,,3.0
call_4312,40.11248923436203,-77.51985428045194,10H1,10H1,,911_calls,,,,,3.0
call_4313,40.112488686273494,-77.51985438966061,75S,75S,,911_calls,,,,,3.0
call_4314,40.11248874280701,-77.51985450396413,75S,75S,,911_calls,,,,,3.0
call_4315,40.1124892296882,-77.51985419591809,75S,75S,,911_calls,,,,,3.0
call_4316,40.11248876036561,-77.51985430716118,68Q1,68Q1,,911_calls,,,,,3.0
call_4317,40.112489102290674,-77.51985438499194,53H,53H,,911_calls,,,,,3.0
call_4318,40.11248881365187,-77.51985451745297,39T1,39T1,,911_calls,,,,,3.0
call_4319,40.11248894573141,-77.51985394652198,75S,75S,,911_calls,,,,,3.0
call_4320,40.11248892515214,-77.5198544507301,54E9,54E9,,911_calls,,,,,3.0
call_4321,40.11248892515214,-77.5198544507301,54E9,54E9,,911_calls,,,,,3.0
call_4322,40.11248910110359,-77.5198542202915,30Q2,30Q2,,911_calls,,,,,3.0
call_4323,40.11248915801684,-77.51985403924355,54E1,54E1,,911_calls,,,,,3.0
call_4324,40.11248891317292,-77.51985449413213,75S,75S,,911_calls,,,,,3.0
call_4325,40.11248896417384,-77.51985440286528,50P1,50P1,,911_calls,,,,,3.0
call_4326,40.11248874030039,-77.51985449182219,54U1,54U1,,911_calls,,,,,3.0
call_4327,40.112489157643175,-77.51985435867725,54E1,54E1,,911_calls,,,,,3.0
call_4328,40.112489157643175,-77.51985435867725,54E1,54E1,,911_calls,,,,,3.0
call_4329,40.112488759726844,-77.51985427682183,68Q1,68Q1,,911_calls,,,,,3.0
call_4330,40.112488667671876,-77.51985451910879,75S,75S,,911_calls,,,,,3.0
call_4331,40.11248915639916,-77.51985412745593,53I,53I,,911_calls,,,,,3.0
call_4332,40.11248870213963,-77.51985415062977,56S,56S,,911_calls,,,,,3.0
call_4333,40.11248919788628,-77.5198541944221,10F1,10F1,,911_calls,,,,,3.0
call_4334,40.112489065682055,-77.519854272601,10H2,10H2,,911_calls,,,,,3.0
call_4335,40.112488700260904,-77.51985458085531,11C4,11C4,,911_calls,,,,,3.0
call_4336,40.11248910656891,-77.51985417660596,39Q9,39Q9,,911_calls,,,,,3.0
call_4337,40.11248876397866,-77.51985450349346,34Q1,34Q1,,911_calls,,,,,3.0
call_4338,40.11248892825054,-77.51985448831705,75S,75S,,911_calls,,,,,3.0
call_4339,40.11248870920138,-77.51985418122983,54U1,54U1,,911_calls,,,,,3.0
call_4340,40.11248882722174,-77.51985387981405,67S8,67S8,,911_calls,,,,,3.0
call_4341,40.11248844756745,-77.51985442628381,68Q2,68Q2,,911_calls,,,,,3.0
call_4342,40.11248907609556,-77.5198543028683,75S,75S,,911_calls,,,,,3.0
call_4343,40.11248917199444,-77.51985422067513,10H1,10H1,,911_calls,,,,,3.0
call_4344,40.11248915652547,-77.51985427564786,75M,75M,,911_calls,,,,,3.0
call_4345,40.112488905214995,-77.51985414934589,52D1,52D1,,911_calls,,,,,3.0
call_4346,40.11248852350044,-77.51985364214818,54S1,54S1,,911_calls,,,,,3.0
call_4347,40.11248918819019,-77.51985419343009,10H1,10H1,,911_calls,,,,,3.0
call_4348,40.11248890263286,-77.5198545235032,75Z,75Z,,911_calls,,,,,3.0
call_4349,40.11248877165274,-77.51985433885922,68Q9,68Q9,,911_calls,,,,,3.0
call_4350,40.11248860325316,-77.5198548171477,68Q1,68Q1,,911_calls,,,,,3.0
call_4351,40.112488912109185,-77.5198540877787,75S,75S,,911_calls,,,,,3.0
call_4352,40.11248910469088,-77.51985425324007,54U1,54U1,,911_calls,,,,,3.0
call_4353,40.112488784998774,-77.5198538638243,75S,75S,,911_calls,,,,,3.0
call_4354,40.11248869095436,-77.51985456043823,68Q1,68Q1,,911_calls,,,,,3.0
call_4355,40.11248880196092,-77.5198545801214,54S9,54S9,,911_calls,,,,,3.0
call_4356,40.11248896865369,-77.5198542594218,52D6,52D6,,911_calls,,,,,3.0
call_4357,40.11248875142282,-77.5198543497572,54E1,54E1,,911_calls,,,,,3.0
call_4358,40.11248875142282,-77.5198543497572,54E1,54E1,,911_calls,,,,,3.0
call_4359,40.112488686273494,-77.51985438966061,75S,75S,,911_calls,,,,,3.0
call_4360,40.112489103728144,-77.51985439001669,54E1,54E1,,911_calls,,,,,3.0
call_4361,40.112489103728144,-77.51985439001669,54E1,54E1,,911_calls,,,,,3.0
call_4362,40.11248914915785,-77.51985423984772,75D,75D,,911_calls,,,,,3.0
call_4363,40.11248912659844,-77.51985408791047,10H1,10H1,,911_calls,,,,,3.0
call_4364,40.11248880047122,-77.51985455024312,54U2,54U2,,911_calls,,,,,3.0
call_4365,40.11248913228103,-77.51985422075309,54S1,54S1,,911_calls,,,,,3.0
call_4366,40.11248869551315,-77.51985443978097,75Z,75Z,,911_calls,,,,,3.0
call_4367,40.11248889922371,-77.51985435725842,54S9,54S9,,911_calls,,,,,3.0
call_4368,40.11248852350044,-77.51985364214818,54I1,54I1,,911_calls,,,,,3.0
call_4369,40.11248918605016,-77.51985433821167,68Q1,68Q1,,911_calls,,,,,3.0
call_4370,40.11248851553779,-77.5198548178476,52D6,52D6,,911_calls,,,,,3.0
call_4371,40.112489227153695,-77.51985431697659,52K2,52K2,,911_calls,,,,,3.0
call_4372,40.11248874280701,-77.51985450396413,75S,75S,,911_calls,,,,,3.0
call_4373,40.11248852840742,-77.519853655612,52D2,52D2,,911_calls,,,,,3.0
call_4374,40.112489213867384,-77.5198541892635,75D,75D,,911_calls,,,,,3.0
call_4375,40.112488938080595,-77.51985407805665,52D6,52D6,,911_calls,,,,,3.0
call_4376,40.112488468430094,-77.51985521313537,11C4,11C4,,911_calls,,,,,3.0
call_4377,40.11248913158756,-77.51985417953017,75T,75T,,911_calls,,,,,3.0
call_4378,40.11248857216012,-77.51985433423641,53X,53X,,911_calls,,,,,3.0
call_4379,40.11248857216012,-77.51985433423641,53X,53X,,911_calls,,,,,3.0
call_4380,40.11248894573141,-77.51985394652198,75S,75S,,911_calls,,,,,3.0
call_4381,40.11248891930286,-77.5198545154494,75S,75S,,911_calls,,,,,3.0
call_4382,40.11248856462299,-77.5198544044797,53S,53S,,911_calls,,,,,3.0
call_4383,40.112488682575275,-77.51985424763254,53S,53S,,911_calls,,,,,3.0
call_4384,40.11248850843938,-77.51985510323945,54E1,54E1,,911_calls,,,,,3.0
call_4385,40.11248850843938,-77.51985510323945,54E1,54E1,,911_calls,,,,,3.0
call_4386,40.112489050012435,-77.51985437453993,56S,56S,,911_calls,,,,,3.0
call_4387,40.112488579532034,-77.51985452071858,11C4,11C4,,911_calls,,,,,3.0
call_4388,40.11248889654561,-77.51985411119847,22V2,22V2,,911_calls,,,,,3.0
call_4389,40.11248921930891,-77.5198541930809,10H2,10H2,,911_calls,,,,,3.0
call_4390,40.11248913742185,-77.51985421505255,54S1,54S1,,911_calls,,,,,3.0
call_4391,40.112489081205815,-77.51985431681581,75S,75S,,911_calls,,,,,3.0
call_4392,40.112488429552194,-77.51985444674362,54S1,54S1,,911_calls,,,,,3.0
call_4393,40.112488714208,-77.51985383406051,53S8,53S8,,911_calls,,,,,3.0
call_4394,40.11248923367031,-77.5198541971273,39H1,39H1,,911_calls,,,,,3.0
call_4395,40.11248922856998,-77.51985427951121,54C1,54C1,,911_calls,,,,,3.0
call_4396,40.1124888386225,-77.51985393188933,53D8,53D8,,911_calls,,,,,3.0
call_4397,40.112489183705584,-77.51985423382249,75S,75S,,911_calls,,,,,3.0
call_4398,40.112489002972616,-77.51985434781125,10Y8,10Y8,,911_calls,,,,,3.0
call_4399,40.11248860420795,-77.51985481988095,39T1,39T1,,911_calls,,,,,3.0
call_4400,40.112489142534706,-77.51985391372656,68Q1,68Q1,,911_calls,,,,,3.0
call_4401,40.11248835109361,-77.51985511448484,22Q1,22Q1,,911_calls,,,,,3.0
call_4402,40.11248881981222,-77.5198539508802,10H1,10H1,,911_calls,,,,,3.0
call_4403,40.11248882067187,-77.51985394758005,53D8,53D8,,911_calls,,,,,3.0
call_4404,40.11248874881052,-77.51985448994282,68Q1,68Q1,,911_calls,,,,,3.0
call_4405,40.11248921282478,-77.5198542873002,39Q1,39Q1,,911_calls,,,,,3.0
call_4406,40.112488918900155,-77.51985434893092,10N9,10N9,,911_calls,,,,,3.0
call_4407,40.11248925879839,-77.51985399191456,54C3,54C3,,911_calls,,,,,3.0
call_4408,40.11248925879839,-77.51985399191456,54C3,54C3,,911_calls,,,,,3.0
call_4409,40.11248874787952,-77.51985423636793,22Q2,22Q2,,911_calls,,,,,3.0
call_4410,40.112489013660046,-77.51985447537864,54R1,54R1,,911_calls,,,,,3.0
call_4411,40.112489013660046,-77.51985447537864,54R1,54R1,,911_calls,,,,,3.0
call_4412,40.11248890468374,-77.51985414069433,22Q1,22Q1,,911_calls,,,,,3.0
call_4413,40.112488771734434,-77.51985423241534,75S,75S,,911_calls,,,,,3.0
call_4414,40.11248875412967,-77.51985406921686,56S9,56S9,,911_calls,,,,,3.0
call_4415,40.11248877484259,-77.51985419870309,52D6,52D6,,911_calls,,,,,3.0
call_4416,40.112488425421645,-77.51985446461165,75S,75S,,911_calls,,,,,3.0
call_4417,40.112488598448785,-77.51985433408822,31R,31R,,911_calls,,,,,3.0
call_4418,40.11248910869724,-77.51985403180218,24Q1,24Q1,,911_calls,,,,,3.0
call_4419,40.11248894124918,-77.51985450278669,32Q1,32Q1,,911_calls,,,,,3.0
call_4420,40.11248878233592,-77.51985460564886,53S,53S,,911_calls,,,,,3.0
call_4421,40.112489027440006,-77.51985443736778,53I,53I,,911_calls,,,,,3.0
call_4422,40.112488678939556,-77.51985415689298,21R,21R,,911_calls,,,,,3.0
call_4423,40.11248881443796,-77.51985452864548,75S,75S,,911_calls,,,,,3.0
call_4424,40.11248912755544,-77.5198542416384,39H1,39H1,,911_calls,,,,,3.0
call_4425,40.11248909242584,-77.51985420031089,54U1,54U1,,911_calls,,,,,3.0
call_4426,40.11248882796796,-77.51985449548236,52D1,52D1,,911_calls,,,,,3.0
call_4427,40.1124886936462,-77.51985432744827,24Q1,24Q1,,911_calls,,,,,3.0
call_4428,40.112488696857945,-77.51985410941708,10H1,10H1,,911_calls,,,,,3.0
call_4429,40.11248912721785,-77.51985411777693,34W6,34W6,,911_calls,,,,,3.0
call_4430,40.112489152219,-77.51985416691339,75T,75T,,911_calls,,,,,3.0
call_4431,40.11248866955419,-77.51985417608643,39H1,39H1,,911_calls,,,,,3.0
call_4432,40.11248912826625,-77.51985408483922,52D6,52D6,,911_calls,,,,,3.0
call_4433,40.112489039485276,-77.5198543263435,10H1,10H1,,911_calls,,,,,3.0
call_4434,40.11248895010582,-77.51985449331514,75O,75O,,911_calls,,,,,3.0
call_4435,40.11248890988959,-77.51985447265426,75T,75T,,911_calls,,,,,3.0
call_4436,40.11248872251065,-77.51985446714687,50P1,50P1,,911_calls,,,,,3.0
call_4437,40.11248890988959,-77.51985447265426,75T,75T,,911_calls,,,,,3.0
call_4438,40.112488936028896,-77.51985444124536,75S,75S,,911_calls,,,,,3.0
call_4439,40.11248910656891,-77.51985417660596,75S,75S,,911_calls,,,,,3.0
call_4440,40.11248895103969,-77.51985409922243,39T1,39T1,,911_calls,,,,,3.0
call_4441,40.11248901231295,-77.5198543500853,10H2,10H2,,911_calls,,,,,3.0
call_4442,40.112489251982744,-77.5198540910931,22Q2,22Q2,,911_calls,,,,,3.0
call_4443,40.11248872000412,-77.51985446455284,75S,75S,,911_calls,,,,,3.0
call_4444,40.11248926406251,-77.51985409808434,54S9,54S9,,911_calls,,,,,3.0
call_4445,40.11248875972974,-77.51985435748583,29C,29C,,911_calls,,,,,3.0
call_4446,40.11248899776367,-77.51985445998059,11R4,11R4,,911_calls,,,,,3.0
call_4447,40.11248873569879,-77.5198544798813,75Z,75Z,,911_calls,,,,,3.0
call_4448,40.11248914372426,-77.5198543210515,53S8,53S8,,911_calls,,,,,3.0
call_4449,40.11248872441677,-77.51985446621383,75M,75M,,911_calls,,,,,3.0
call_4450,40.11248924985351,-77.51985423695693,53I8,53I8,,911_calls,,,,,3.0
call_4451,40.11248924985351,-77.51985423695693,53I8,53I8,,911_calls,,,,,3.0
call_4452,40.112488816755395,-77.51985450824446,39C2,39C2,,911_calls,,,,,3.0
call_4453,40.11248849930318,-77.519853652064,52D6,52D6,,911_calls,,,,,3.0
call_4454,40.11248908995852,-77.51985427164897,75S,75S,,911_calls,,,,,3.0
call_4455,40.112488738791996,-77.51985448276432,75S,75S,,911_calls,,,,,3.0
call_4456,40.11248887635925,-77.51985454639234,56S9,56S9,,911_calls,,,,,3.0
call_4457,40.112488708098624,-77.51985451406105,40V,40V,,911_calls,,,,,3.0
call_4458,40.11248859981308,-77.51985480494609,75D,75D,,911_calls,,,,,3.0
call_4459,40.112489087134605,-77.51985429439586,56S,56S,,911_calls,,,,,3.0
call_4460,40.11248890650771,-77.51985406059246,24Q1,24Q1,,911_calls,,,,,3.0
call_4461,40.1124889145241,-77.51985456478981,32P9,32P9,,911_calls,,,,,3.0
call_4462,40.11248879904467,-77.51985387147465,75S,75S,,911_calls,,,,,3.0
call_4463,40.11248872885805,-77.51985423457876,68Q1,68Q1,,911_calls,,,,,3.0
call_4464,40.11248892515214,-77.5198544507301,54S9,54S9,,911_calls,,,,,3.0
call_4465,40.11248924637051,-77.51985426011773,68Q1,68Q1,,911_calls,,,,,3.0
call_4466,40.11248893533919,-77.51985393266075,29H1,29H1,,911_calls,,,,,3.0
call_4467,40.112488936276414,-77.51985447397217,52D1,52D1,,911_calls,,,,,3.0
call_4468,40.11248907050157,-77.51985436379174,54C2,54C2,,911_calls,,,,,3.0
call_4469,40.11248921627381,-77.51985426057252,53I8,53I8,,911_calls,,,,,3.0
call_4470,40.112488522504435,-77.51985453251885,52D6,52D6,,911_calls,,,,,3.0
call_4471,40.11248920231881,-77.51985417118509,52D6,52D6,,911_calls,,,,,3.0
call_4472,40.11248911534992,-77.51985426774095,68Q1,68Q1,,911_calls,,,,,3.0
call_4473,40.112489243176924,-77.51985421738416,52D6,52D6,,911_calls,,,,,3.0
call_4474,40.112489291885375,-77.51985402869468,54U1,54U1,,911_calls,,,,,3.0
call_4475,40.112489088829854,-77.51985437716559,32Q1,32Q1,,911_calls,,,,,3.0
call_4476,40.11248879271697,-77.51985383507875,75S,75S,,911_calls,,,,,3.0
call_4477,40.11248899650194,-77.51985362649857,54C1,54C1,,911_calls,,,,,3.0
call_4478,40.112488808572294,-77.51985416207688,11C4,11C4,,911_calls,,,,,3.0
call_4479,40.11248920190644,-77.51985427689053,53I8,53I8,,911_calls,,,,,3.0
call_4480,40.112488604813365,-77.51985450531883,68Q1,68Q1,,911_calls,,,,,3.0
call_4481,40.11248891431523,-77.5198540682624,10Y7,10Y7,,911_calls,,,,,3.0
call_4482,40.11248869436442,-77.5198542827696,50P1,50P1,,911_calls,,,,,3.0
call_4483,40.11248909234831,-77.51985407878844,54E1,54E1,,911_calls,,,,,3.0
call_4484,40.11248909234831,-77.51985407878844,54E1,54E1,,911_calls,,,,,3.0
call_4485,40.11248858815394,-77.51985446303173,75M,75M,,911_calls,,,,,3.0
call_4486,40.11248871587701,-77.51985420210043,75M,75M,,911_calls,,,,,3.0
call_4487,40.11248877622614,-77.51985430776428,54S1,54S1,,911_calls,,,,,3.0
call_4488,40.11248904869451,-77.51985392785866,21R,21R,,911_calls,,,,,3.0
call_4489,40.11248887747739,-77.51985446277345,68Q9,68Q9,,911_calls,,,,,3.0
call_4490,40.11248865481234,-77.51985446876381,75S,75S,,911_calls,,,,,3.0
call_4491,40.11248842501373,-77.519854425103,34Q2,34Q2,,911_calls,,,,,3.0
call_4492,40.1124892296882,-77.51985419591809,75S,75S,,911_calls,,,,,3.0
call_4493,40.11248924637051,-77.51985426011773,24K1,24K1,,911_calls,,,,,3.0
call_4494,40.11248912951727,-77.51985419792555,75D,75D,,911_calls,,,,,3.0
call_4495,40.11248835949309,-77.51985512087522,22Q1,22Q1,,911_calls,,,,,3.0
call_4496,40.11248921957022,-77.51985420441127,29H2,29H2,,911_calls,,,,,3.0
call_4497,40.11248865481234,-77.51985446876381,68Q9,68Q9,,911_calls,,,,,3.0
call_4498,40.11248892765908,-77.51985450166592,52D6,52D6,,911_calls,,,,,3.0
call_4499,40.112488877365635,-77.5198545716739,11C4,11C4,,911_calls,,,,,3.0
call_4500,40.11248862098732,-77.51985414343582,68Q1,68Q1,,911_calls,,,,,3.0
call_4501,40.11248872150995,-77.51985447026833,75S,75S,,911_calls,,,,,3.0
call_4502,40.11248873598684,-77.51985408412902,10H1,10H1,,911_calls,,,,,3.0
call_4503,40.1124887974581,-77.51985384711443,54C1,54C1,,911_calls,,,,,3.0
call_4504,40.11248844270976,-77.51985448769088,11C4,11C4,,911_calls,,,,,3.0
call_4505,40.11248878870365,-77.51985457262401,11A9,11A9,,911_calls,,,,,3.0
call_4506,40.11248923128017,-77.5198541693655,30R,30R,,911_calls,,,,,3.0
call_4507,40.11248870164806,-77.51985448552766,75T,75T,,911_calls,,,,,3.0
call_4508,40.112488912109185,-77.5198540877787,75S,75S,,911_calls,,,,,3.0
call_4509,40.1124886719429,-77.51985435871957,68Q1,68Q1,,911_calls,,,,,3.0
call_4510,40.112488822791995,-77.51985449118588,10H2,10H2,,911_calls,,,,,3.0
call_4511,40.11248896947866,-77.51985439285642,10H1,10H1,,911_calls,,,,,3.0
call_4512,40.11248867477517,-77.5198544774488,75D,75D,,911_calls,,,,,3.0
call_4513,40.11248889098299,-77.51985455946289,11C4,11C4,,911_calls,,,,,3.0
call_4514,40.11248913387898,-77.5198542979246,53D,53D,,911_calls,,,,,3.0
call_4515,40.112488853446294,-77.51985404388874,50G2,50G2,,911_calls,,,,,3.0
call_4516,40.11248893965027,-77.51985422150628,54E1,54E1,,911_calls,,,,,3.0
call_4517,40.11248893965027,-77.51985422150628,54E1,54E1,,911_calls,,,,,3.0
call_4518,40.112489193107876,-77.51985424178524,75S,75S,,911_calls,,,,,3.0
call_4519,40.11248932935138,-77.51985404703083,54U1,54U1,,911_calls,,,,,3.0
call_4520,40.11248873762315,-77.51985446682212,24S1,24S1,,911_calls,,,,,3.0
call_4521,40.11248891930286,-77.5198545154494,75S,75S,,911_calls,,,,,3.0
call_4522,40.11248878585263,-77.51985386044677,75T,75T,,911_calls,,,,,3.0
call_4523,40.11248885948552,-77.51985451799828,68Q1,68Q1,,911_calls,,,,,3.0
call_4524,40.11248921331844,-77.51985419646574,75D,75D,,911_calls,,,,,3.0
call_4525,40.11248911237102,-77.51985412987175,22Q2,22Q2,,911_calls,,,,,3.0
call_4526,40.11248918830917,-77.5198538046548,52D2,52D2,,911_calls,,,,,3.0
call_4527,40.112488946795544,-77.51985376256003,75D,75D,,911_calls,,,,,3.0
call_4528,40.11248854191171,-77.51985463388017,75D,75D,,911_calls,,,,,3.0
call_4529,40.11248878777432,-77.51985366763407,11R4,11R4,,911_calls,,,,,3.0
call_4530,40.11248891930286,-77.5198545154494,75S,75S,,911_calls,,,,,3.0
call_4531,40.112488796129476,-77.51985418489845,52D6,52D6,,911_calls,,,,,3.0
call_4532,40.11248892531059,-77.51985441577942,75D,75D,,911_calls,,,,,3.0
call_4533,40.1124890941577,-77.5198541746384,10H1,10H1,,911_calls,,,,,3.0
call_4534,40.112488905214995,-77.51985414934589,53S,53S,,911_calls,,,,,3.0
call_4535,40.11248857326197,-77.51985492048067,68Q1,68Q1,,911_calls,,,,,3.0
call_4536,40.11248892515214,-77.5198544507301,54S9,54S9,,911_calls,,,,,3.0
call_4537,40.11248886143354,-77.51985368338373,75D,75D,,911_calls,,,,,3.0
call_4538,40.11248928652054,-77.51985409714436,54C3,54C3,,911_calls,,,,,3.0
call_4539,40.11248928652054,-77.51985409714436,54C3,54C3,,911_calls,,,,,3.0
call_4540,40.112488693697415,-77.51985408536191,39V6,39V6,,911_calls,,,,,3.0
call_4541,40.11248880647753,-77.51985400291247,39H2,39H2,,911_calls,,,,,3.0
call_4542,40.11248843383073,-77.51985487179655,50P1,50P1,,911_calls,,,,,3.0
call_4543,40.11248864080478,-77.51985455289515,75D,75D,,911_calls,,,,,3.0
call_4544,40.112488712923074,-77.5198542239817,22V2,22V2,,911_calls,,,,,3.0
call_4545,40.11248868127283,-77.51985420148843,75D,75D,,911_calls,,,,,3.0
call_4546,40.112488955713445,-77.51985450955887,39T1,39T1,,911_calls,,,,,3.0
call_4547,40.11248868861754,-77.51985419372151,75S,75S,,911_calls,,,,,3.0
call_4548,40.11248862382015,-77.51985422364997,75D,75D,,911_calls,,,,,3.0
call_4549,40.11248918800125,-77.51985423288853,52D6,52D6,,911_calls,,,,,3.0
call_4550,40.11248912872298,-77.51985423694003,54Q1,54Q1,,911_calls,,,,,3.0
call_4551,40.1124891022039,-77.5198542170639,22Q2,22Q2,,911_calls,,,,,3.0
call_4552,40.11248858743813,-77.51985438232622,11R4,11R4,,911_calls,,,,,3.0
call_4553,40.11248854245875,-77.51985509625783,39H1,39H1,,911_calls,,,,,3.0
call_4554,40.112488697015294,-77.51985432526038,68Q1,68Q1,,911_calls,,,,,3.0
call_4555,40.11248912604783,-77.51985402465823,54C1,54C1,,911_calls,,,,,3.0
call_4556,40.11248891317292,-77.51985449413213,75S,75S,,911_calls,,,,,3.0
call_4557,40.112488910673584,-77.51985410069643,54U2,54U2,,911_calls,,,,,3.0
call_4558,40.11248918090997,-77.51985422254732,52D1,52D1,,911_calls,,,,,3.0
call_4559,40.11248892828636,-77.51985403978657,34W6,34W6,,911_calls,,,,,3.0
call_4560,40.11248931461036,-77.51985413314392,29H1,29H1,,911_calls,,,,,3.0
call_4561,40.112488683017816,-77.51985417441726,10Y3,10Y3,,911_calls,,,,,3.0
call_4562,40.11248867881588,-77.51985449634684,75D,75D,,911_calls,,,,,3.0
call_4563,40.11248872025204,-77.51985403755633,75M,75M,,911_calls,,,,,3.0
call_4564,40.11248889760348,-77.51985388361484,21R,21R,,911_calls,,,,,3.0
call_4565,40.112488897081874,-77.51985435752304,75D,75D,,911_calls,,,,,3.0
call_4566,40.11248923605494,-77.51985417805153,54E1,54E1,,911_calls,,,,,3.0
call_4567,40.11248923605494,-77.51985417805153,54E1,54E1,,911_calls,,,,,3.0
call_4568,40.11248877165274,-77.51985433885922,75S,75S,,911_calls,,,,,3.0
call_4569,40.112488425421645,-77.51985446461165,75S,75S,,911_calls,,,,,3.0
call_4570,40.112488804502014,-77.51985440460426,10Y3,10Y3,,911_calls,,,,,3.0
call_4571,40.11248888271675,-77.5198540569326,34Q6,34Q6,,911_calls,,,,,3.0
call_4572,40.112488472638745,-77.51985499207834,54E1,54E1,,911_calls,,,,,3.0
call_4573,40.112488472638745,-77.51985499207834,54E1,54E1,,911_calls,,,,,3.0
call_4574,40.11248872017827,-77.51985359645677,53I8,53I8,,911_calls,,,,,3.0
call_4575,40.11248886498959,-77.51985452876863,54E1,54E1,,911_calls,,,,,3.0
call_4576,40.11248886498959,-77.51985452876863,54E1,54E1,,911_calls,,,,,3.0
call_4577,40.11248864392247,-77.51985423805118,34Q6,34Q6,,911_calls,,,,,3.0
call_4578,40.11248924399064,-77.5198541796658,24Q1,24Q1,,911_calls,,,,,3.0
call_4579,40.11248890988959,-77.51985447265426,54U9,54U9,,911_calls,,,,,3.0
call_4580,40.112488671546615,-77.51985439734898,75D,75D,,911_calls,,,,,3.0
call_4581,40.112488742935085,-77.51985451229243,75S,75S,,911_calls,,,,,3.0
call_4582,40.11248875885356,-77.51985448651726,10H1,10H1,,911_calls,,,,,3.0
call_4583,40.112489178981015,-77.51985434430347,53S,53S,,911_calls,,,,,3.0
call_4584,40.11248868051957,-77.51985449464289,75D,75D,,911_calls,,,,,3.0
call_4585,40.11248853616446,-77.51985465504727,75D,75D,,911_calls,,,,,3.0
call_4586,40.11248861127522,-77.51985449772711,68Q9,68Q9,,911_calls,,,,,3.0
call_4587,40.11248881031856,-77.51985442715424,54U1,54U1,,911_calls,,,,,3.0
call_4588,40.11248893607336,-77.51985453472818,39H1,39H1,,911_calls,,,,,3.0
call_4589,40.112488753835535,-77.51985356890651,53S8,53S8,,911_calls,,,,,3.0
call_4590,40.112488939510115,-77.51985440339016,10H1,10H1,,911_calls,,,,,3.0
call_4591,40.11248862369372,-77.51985439182604,11C4,11C4,,911_calls,,,,,3.0
call_4592,40.11248922810448,-77.51985409514437,75H,75H,,911_calls,,,,,3.0
call_4593,40.11248905851987,-77.51985434131133,52D6,52D6,,911_calls,,,,,3.0
call_4594,40.11248916897718,-77.5198542137344,68Q1,68Q1,,911_calls,,,,,3.0
call_4595,40.11248861505729,-77.5198544828785,52D6,52D6,,911_calls,,,,,3.0
call_4596,40.112488725527584,-77.51985399371831,75S,75S,,911_calls,,,,,3.0
call_4597,40.112488762269884,-77.51985431098713,29C,29C,,911_calls,,,,,3.0
call_4598,40.112489189048205,-77.51985423416996,34Q1,34Q1,,911_calls,,,,,3.0
call_4599,40.112488800351926,-77.51985427555923,54U2,54U2,,911_calls,,,,,3.0
call_4600,40.112489173040906,-77.51985429739563,54S1,54S1,,911_calls,,,,,3.0
call_4601,40.11248891742714,-77.5198545171079,54E1,54E1,,911_calls,,,,,3.0
call_4602,40.11248891742714,-77.5198545171079,54E1,54E1,,911_calls,,,,,3.0
call_4603,40.11248883115677,-77.51985384925261,68Q1,68Q1,,911_calls,,,,,3.0
call_4604,40.11248920467999,-77.51985416313002,10S2,10S2,,911_calls,,,,,3.0
call_4605,40.112488515811,-77.51985443738145,75S,75S,,911_calls,,,,,3.0
call_4606,40.11248890211337,-77.51985418545867,10N9,10N9,,911_calls,,,,,3.0
call_4607,40.11248902048566,-77.51985437457492,34Q2,34Q2,,911_calls,,,,,3.0
call_4608,40.11248853050616,-77.51985453368513,10Y7,10Y7,,911_calls,,,,,3.0
call_4609,40.11248883165929,-77.51985453426944,10H2,10H2,,911_calls,,,,,3.0
call_4610,40.11248880622517,-77.51985390445695,75S,75S,,911_calls,,,,,3.0
call_4611,40.11248876736987,-77.51985407095918,68Q1,68Q1,,911_calls,,,,,3.0
call_4612,40.11248899531591,-77.51985438081458,52D6,52D6,,911_calls,,,,,3.0
call_4613,40.11248900363177,-77.51985437020855,52D1,52D1,,911_calls,,,,,3.0
call_4614,40.1124884618071,-77.51985440966968,53S,53S,,911_calls,,,,,3.0
call_4615,40.11248918191687,-77.51985424983187,52D6,52D6,,911_calls,,,,,3.0
call_4616,40.112489204385525,-77.51985408482129,10H1,10H1,,911_calls,,,,,3.0
call_4617,40.11248892159105,-77.51985420210248,11C4,11C4,,911_calls,,,,,3.0
call_4618,40.112489082794674,-77.51985426049333,68Q1,68Q1,,911_calls,,,,,3.0
call_4619,40.11248866001216,-77.519854338042,52D1,52D1,,911_calls,,,,,3.0
call_4620,40.112488604489634,-77.51985417371259,11C4,11C4,,911_calls,,,,,3.0
call_4621,40.11248916853214,-77.51985428920091,53S8,53S8,,911_calls,,,,,3.0
call_4622,40.11248896755732,-77.51985439454012,10H1,10H1,,911_calls,,,,,3.0
call_4623,40.11248871434003,-77.51985406553509,39Q9,39Q9,,911_calls,,,,,3.0
call_4624,40.11248869249168,-77.51985448267796,75D,75D,,911_calls,,,,,3.0
call_4625,40.11248868158322,-77.51985445341413,68Q9,68Q9,,911_calls,,,,,3.0
call_4626,40.112489167518696,-77.51985426344326,30Q2,30Q2,,911_calls,,,,,3.0
call_4627,40.112489167518696,-77.51985426344326,30Q2,30Q2,,911_calls,,,,,3.0
call_4628,40.11248890216735,-77.5198545178101,11C4,11C4,,911_calls,,,,,3.0
call_4629,40.11248874588582,-77.51985450755652,11C4,11C4,,911_calls,,,,,3.0
call_4630,40.11248915205204,-77.51985427498121,10H1,10H1,,911_calls,,,,,3.0
call_4631,40.11248864726182,-77.51985434695622,56S,56S,,911_calls,,,,,3.0
call_4632,40.112488807360926,-77.51985455567612,68Q1,68Q1,,911_calls,,,,,3.0
call_4633,40.112488712227226,-77.51985434937261,75D,75D,,911_calls,,,,,3.0
call_4634,40.11248841307953,-77.51985453530412,10Y3,10Y3,,911_calls,,,,,3.0
call_4635,40.11248868210502,-77.51985450510789,75T,75T,,911_calls,,,,,3.0
call_4636,40.112488432210846,-77.51985438879494,75S,75S,,911_calls,,,,,3.0
call_4637,40.112488469434425,-77.519854467261,75D,75D,,911_calls,,,,,3.0
call_4638,40.11248900986205,-77.51985448169344,68Q1,68Q1,,911_calls,,,,,3.0
call_4639,40.11248875765528,-77.51985442902567,75D,75D,,911_calls,,,,,3.0
call_4640,40.11248904805014,-77.51985438374352,75D,75D,,911_calls,,,,,3.0
call_4641,40.11248876519044,-77.51985427442902,54U2,54U2,,911_calls,,,,,3.0
call_4642,40.112488425421645,-77.51985446461165,75O,75O,,911_calls,,,,,3.0
call_4643,40.11248912162465,-77.5198543024721,75S,75S,,911_calls,,,,,3.0
call_4644,40.11248905997214,-77.51985435872878,75D,75D,,911_calls,,,,,3.0
call_4645,40.11248894716656,-77.51985411546936,34W6,34W6,,911_calls,,,,,3.0
call_4646,40.112488902725026,-77.51985444568209,75D,75D,,911_calls,,,,,3.0
call_4647,40.11248904178118,-77.51985438953368,59R4,59R4,,911_calls,,,,,3.0
call_4648,40.11248883054253,-77.51985446347604,39H1,39H1,,911_calls,,,,,3.0
call_4649,40.112488737188386,-77.51985445667216,52D2,52D2,,911_calls,,,,,3.0
call_4650,40.112488749158864,-77.51985445455782,34Q6,34Q6,,911_calls,,,,,3.0
call_4651,40.11248890988959,-77.51985447265426,54S9,54S9,,911_calls,,,,,3.0
call_4652,40.11248843383073,-77.51985487179655,75D,75D,,911_calls,,,,,3.0
call_4653,40.112489052945214,-77.51985435773553,68Q1,68Q1,,911_calls,,,,,3.0
call_4654,40.112488884453384,-77.51985411441608,10H1,10H1,,911_calls,,,,,3.0
call_4655,40.112488647459394,-77.51985423055866,68Q1,68Q1,,911_calls,,,,,3.0
call_4656,40.11248867667591,-77.51985423305743,11C4,11C4,,911_calls,,,,,3.0
call_4657,40.112489158036006,-77.51985412943829,10H1,10H1,,911_calls,,,,,3.0
call_4658,40.112489184942284,-77.51985434265546,54S1,54S1,,911_calls,,,,,3.0
call_4659,40.112488701343324,-77.51985448023622,75D,75D,,911_calls,,,,,3.0
call_4660,40.11248896986854,-77.51985451657426,54U1,54U1,,911_calls,,,,,3.0
call_4661,40.11248858426699,-77.51985463599145,75D,75D,,911_calls,,,,,3.0
call_4662,40.112488943346484,-77.51985439751756,68Q1,68Q1,,911_calls,,,,,3.0
call_4663,40.11248880430758,-77.51985384444029,75T,75T,,911_calls,,,,,3.0
call_4664,40.11248865216918,-77.51985446767225,68Q1,68Q1,,911_calls,,,,,3.0
call_4665,40.11248868052371,-77.51985440533073,10H1,10H1,,911_calls,,,,,3.0
call_4666,40.11248856234969,-77.51985462694384,75D,75D,,911_calls,,,,,3.0
call_4667,40.112488850507134,-77.51985416186002,52D2,52D2,,911_calls,,,,,3.0
call_4668,40.112488546310665,-77.51985454172974,34Q6,34Q6,,911_calls,,,,,3.0
call_4669,40.11248915265505,-77.51985424511872,44H1,44H1,,911_calls,,,,,3.0
call_4670,40.112488713984156,-77.5198542011149,75S,75S,,911_calls,,,,,3.0
call_4671,40.112488578408325,-77.51985417250229,75D,75D,,911_calls,,,,,3.0
call_4672,40.11248877622614,-77.51985430776428,68Q1,68Q1,,911_calls,,,,,3.0
call_4673,40.112489027703724,-77.51985433664723,29H1,29H1,,911_calls,,,,,3.0
call_4674,40.11248867216067,-77.51985393757339,75O,75O,,911_calls,,,,,3.0
call_4675,40.112488885434196,-77.5198543952591,54S1,54S1,,911_calls,,,,,3.0
call_4676,40.11248908823603,-77.51985431794986,10H1,10H1,,911_calls,,,,,3.0
call_4677,40.11248889420297,-77.51985392405055,34Q6,34Q6,,911_calls,,,,,3.0
call_4678,40.112489135234675,-77.51985430616439,54S1,54S1,,911_calls,,,,,3.0
call_4679,40.11248879873345,-77.51985451220922,75C,75C,,911_calls,,,,,3.0
call_4680,40.112488425421645,-77.51985446461165,75O,75O,,911_calls,,,,,3.0
call_4681,40.11248881483455,-77.5198545094092,75T,75T,,911_calls,,,,,3.0
call_4682,40.1124888154859,-77.51985446296598,10H1,10H1,,911_calls,,,,,3.0
call_4683,40.11248881443796,-77.51985452864548,75S,75S,,911_calls,,,,,3.0
call_4684,40.11248850278016,-77.51985369171045,10H1,10H1,,911_calls,,,,,3.0
call_4685,40.11248865023619,-77.51985446187221,68Q1,68Q1,,911_calls,,,,,3.0
call_4686,40.112488950963765,-77.51985450072206,10N2,10N2,,911_calls,,,,,3.0
call_4687,40.11248865023619,-77.51985446187221,68Q1,68Q1,,911_calls,,,,,3.0
call_4688,40.11248892906706,-77.51985407541314,52D1,52D1,,911_calls,,,,,3.0
call_4689,40.11248872986295,-77.5198536353982,75D,75D,,911_calls,,,,,3.0
call_4690,40.11248867075519,-77.51985421319512,75O,75O,,911_calls,,,,,3.0
call_4691,40.11248868521221,-77.51985434293148,75H,75H,,911_calls,,,,,3.0
call_4692,40.1124887017907,-77.51985448603813,75D,75D,,911_calls,,,,,3.0
call_4693,40.11248868477576,-77.51985430329,75S,75S,,911_calls,,,,,3.0
call_4694,40.11248889354037,-77.51985394990243,54S1,54S1,,911_calls,,,,,3.0
call_4695,40.11248892687376,-77.51985445285972,10H1,10H1,,911_calls,,,,,3.0
call_4696,40.112488686273494,-77.51985438966061,75S,75S,,911_calls,,,,,3.0
call_4697,40.11248926324477,-77.51985416971355,11C4,11C4,,911_calls,,,,,3.0
call_4698,40.11248892918531,-77.51985439287546,11A9,11A9,,911_calls,,,,,3.0
call_4699,40.11248918898392,-77.51985428831344,53S,53S,,911_calls,,,,,3.0
call_4700,40.11248919354647,-77.51985415152808,52D6,52D6,,911_calls,,,,,3.0
call_4701,40.1124889320406,-77.51985358349285,60H8,60H8,,911_calls,,,,,3.0
call_4702,40.11248874648385,-77.51985451335489,75O,75O,,911_calls,,,,,3.0
call_4703,40.11248880150076,-77.51985459182895,75D,75D,,911_calls,,,,,3.0
call_4704,40.11248855101198,-77.51985437667405,10H1,10H1,,911_calls,,,,,3.0
call_4705,40.112488686273494,-77.51985438966061,75S,75S,,911_calls,,,,,3.0
call_4706,40.11248876200303,-77.51985418195409,54U2,54U2,,911_calls,,,,,3.0
call_4707,40.1124891979198,-77.51985434383609,39H2,39H2,,911_calls,,,,,3.0
call_4708,40.11248885295308,-77.51985438586718,75S,75S,,911_calls,,,,,3.0
call_4709,40.112488771562255,-77.51985422863908,54E2,54E2,,911_calls,,,,,3.0
call_4710,40.112488771562255,-77.51985422863908,54E2,54E2,,911_calls,,,,,3.0
call_4711,40.112488548915394,-77.51985463852964,75D,75D,,911_calls,,,,,3.0
call_4712,40.112489276985706,-77.51985397055691,52D1,52D1,,911_calls,,,,,3.0
call_4713,40.112489114341834,-77.51985418037016,11C4,11C4,,911_calls,,,,,3.0
call_4714,40.112488460273795,-77.51985437131984,11B4,11B4,,911_calls,,,,,3.0
call_4715,40.1124887917471,-77.51985383319963,75T,75T,,911_calls,,,,,3.0
call_4716,40.112488934308146,-77.51985453622456,68Q1,68Q1,,911_calls,,,,,3.0
call_4717,40.11248863777369,-77.51985455728804,75O,75O,,911_calls,,,,,3.0
call_4718,40.11248890579339,-77.51985355450367,75Z,75Z,,911_calls,,,,,3.0
call_4719,40.112488526643894,-77.51985365894211,75S,75S,,911_calls,,,,,3.0
call_4720,40.112488874215686,-77.51985447053153,68Q1,68Q1,,911_calls,,,,,3.0
call_4721,40.112488425421645,-77.51985446461165,75M,75M,,911_calls,,,,,3.0
call_4722,40.11248884051221,-77.51985449481866,68Q1,68Q1,,911_calls,,,,,3.0
call_4723,40.11248908191946,-77.51985434489912,68Q1,68Q1,,911_calls,,,,,3.0
call_4724,40.11248881483455,-77.5198545094092,75T,75T,,911_calls,,,,,3.0
call_4725,40.112488891494166,-77.51985452675687,22Q1,22Q1,,911_calls,,,,,3.0
call_4726,40.11248906643666,-77.51985441246194,75D,75D,,911_calls,,,,,3.0
call_4727,40.11248907635292,-77.51985433457205,50P1,50P1,,911_calls,,,,,3.0
call_4728,40.112488686273494,-77.51985438966061,54S9,54S9,,911_calls,,,,,3.0
call_4729,40.11248886805741,-77.5198544030658,52D6,52D6,,911_calls,,,,,3.0
call_4730,40.112488860389234,-77.51985451852309,75S,75S,,911_calls,,,,,3.0
call_4731,40.11248872000412,-77.51985446455284,75S,75S,,911_calls,,,,,3.0
call_4732,40.1124892296882,-77.51985419591809,75S,75S,,911_calls,,,,,3.0
call_4733,40.11248894403412,-77.51985448504324,50P1,50P1,,911_calls,,,,,3.0
call_4734,40.11248905886201,-77.51985439757141,54S2,54S2,,911_calls,,,,,3.0
call_4735,40.11248886721946,-77.5198545681722,75D,75D,,911_calls,,,,,3.0
call_4736,40.11248870261162,-77.51985448508763,75Z,75Z,,911_calls,,,,,3.0
call_4737,40.11248907609556,-77.5198543028683,75S,75S,,911_calls,,,,,3.0
call_4738,40.112489280859464,-77.5198542071474,53S,53S,,911_calls,,,,,3.0
call_4739,40.11248891913346,-77.51985353670646,50P1,50P1,,911_calls,,,,,3.0
call_4740,40.112488686273494,-77.51985438966061,75S,75S,,911_calls,,,,,3.0
call_4741,40.11248867549682,-77.51985419576773,75D,75D,,911_calls,,,,,3.0
call_4742,40.11248872251065,-77.51985446714687,75S,75S,,911_calls,,,,,3.0
call_4743,40.112488725527584,-77.51985399371831,54S2,54S2,,911_calls,,,,,3.0
call_4744,40.11248867717071,-77.51985422966507,52D2,52D2,,911_calls,,,,,3.0
call_4745,40.11248867075519,-77.51985421319512,75S,75S,,911_calls,,,,,3.0
call_4746,40.11248874533205,-77.51985371976396,31R,31R,,911_calls,,,,,3.0
call_4747,40.1124890945336,-77.51985424182956,39H1,39H1,,911_calls,,,,,3.0
call_4748,40.11248882198178,-77.51985450673568,75C,75C,,911_calls,,,,,3.0
call_4749,40.11248899119252,-77.51985436645684,11C4,11C4,,911_calls,,,,,3.0
call_4750,40.11248867975825,-77.5198542937356,75H,75H,,911_calls,,,,,3.0
call_4751,40.11248900872698,-77.51985445038038,75D,75D,,911_calls,,,,,3.0
call_4752,40.112488955713445,-77.51985450955887,68Q1,68Q1,,911_calls,,,,,3.0
call_4753,40.1124891441279,-77.51985404256433,53S,53S,,911_calls,,,,,3.0
call_4754,40.11248914920511,-77.51985424750421,52D2,52D2,,911_calls,,,,,3.0
call_4755,40.11248902072657,-77.51985446525335,50P1,50P1,,911_calls,,,,,3.0
call_4756,40.11248865321022,-77.51985451274399,50P1,50P1,,911_calls,,,,,3.0
call_4757,40.11248910065622,-77.51985440246209,75D,75D,,911_calls,,,,,3.0
call_4758,40.11248868463021,-77.51985434297903,75H,75H,,911_calls,,,,,3.0
call_4759,40.11248879684504,-77.51985409902004,34Q1,34Q1,,911_calls,,,,,3.0
call_4760,40.11248917841692,-77.51985421397748,54C2,54C2,,911_calls,,,,,3.0
call_4761,40.11248880923801,-77.51985450285784,75D,75D,,911_calls,,,,,3.0
call_4762,40.112488941091044,-77.51985453681141,68Q1,68Q1,,911_calls,,,,,3.0
call_4763,40.112488755979186,-77.51985424899597,22Q2,22Q2,,911_calls,,,,,3.0
call_4764,40.11248907773831,-77.51985423026585,39Q2,39Q2,,911_calls,,,,,3.0
call_4765,40.11248918518551,-77.51985433144277,68Q1,68Q1,,911_calls,,,,,3.0
call_4766,40.11248867116602,-77.51985422553103,10H1,10H1,,911_calls,,,,,3.0
call_4767,40.11248858258189,-77.51985454527984,54E1,54E1,,911_calls,,,,,3.0
call_4768,40.11248858258189,-77.51985454527984,54E1,54E1,,911_calls,,,,,3.0
call_4769,40.11248894150406,-77.51985454591284,68Q1,68Q1,,911_calls,,,,,3.0
call_4770,40.11248917222308,-77.51985428210833,53H,53H,,911_calls,,,,,3.0
call_4771,40.11248909916398,-77.51985408910522,75D,75D,,911_calls,,,,,3.0
call_4772,40.11248843604016,-77.51985443606803,11C4,11C4,,911_calls,,,,,3.0
call_4773,40.11248853251591,-77.5198543507739,22Q1,22Q1,,911_calls,,,,,3.0
call_4774,40.112488523948116,-77.51985442897625,68Q1,68Q1,,911_calls,,,,,3.0
call_4775,40.11248852189472,-77.51985482839721,75D,75D,,911_calls,,,,,3.0
call_4776,40.112488573291685,-77.51985496675066,75D,75D,,911_calls,,,,,3.0
call_4777,40.11248873705085,-77.51985389755801,10H1,10H1,,911_calls,,,,,3.0
call_4778,40.112489270255004,-77.5198539527366,56S,56S,,911_calls,,,,,3.0
call_4779,40.11248849380096,-77.51985509433463,11R4,11R4,,911_calls,,,,,3.0
call_4780,40.11248910656891,-77.51985417660596,75S,75S,,911_calls,,,,,3.0
call_4781,40.11248902038014,-77.51985437803225,65S,65S,,911_calls,,,,,3.0
call_4782,40.112488705015465,-77.5198537706952,68Q2,68Q2,,911_calls,,,,,3.0
call_4783,40.11248895060741,-77.51985449294082,75S,75S,,911_calls,,,,,3.0
call_4784,40.11248914398088,-77.51985437451431,52D6,52D6,,911_calls,,,,,3.0
call_4785,40.11248883905483,-77.51985399436334,75S,75S,,911_calls,,,,,3.0
call_4786,40.112488627395784,-77.51985441178206,11C4,11C4,,911_calls,,,,,3.0
call_4787,40.11248869374491,-77.51985420967573,39H1,39H1,,911_calls,,,,,3.0
call_4788,40.11248871373556,-77.51985445457859,68Q1,68Q1,,911_calls,,,,,3.0
call_4789,40.11248857606825,-77.51985445539192,68Q1,68Q1,,911_calls,,,,,3.0
call_4790,40.11248902776475,-77.51985435246576,54E1,54E1,,911_calls,,,,,3.0
call_4791,40.11248902776475,-77.51985435246576,54E1,54E1,,911_calls,,,,,3.0
call_4792,40.11248921271397,-77.51985409497374,75H,75H,,911_calls,,,,,3.0
call_4793,40.11248888260336,-77.51985358642106,54U1,54U1,,911_calls,,,,,3.0
call_4794,40.112488774414295,-77.51985380788685,75D,75D,,911_calls,,,,,3.0
call_4795,40.11248891930286,-77.5198545154494,75S,75S,,911_calls,,,,,3.0
call_4796,40.112488686273494,-77.51985438966061,75M,75M,,911_calls,,,,,3.0
call_4797,40.1124887145094,-77.51985436872219,75D,75D,,911_calls,,,,,3.0
call_4798,40.11248908014085,-77.51985430050233,34Q6,34Q6,,911_calls,,,,,3.0
call_4799,40.11248913534382,-77.51985431721091,54C1,54C1,,911_calls,,,,,3.0
call_4800,40.11248886379391,-77.51985455726397,39H1,39H1,,911_calls,,,,,3.0
call_4801,40.11248864726182,-77.51985434695622,68Q1,68Q1,,911_calls,,,,,3.0
call_4802,40.11248869945144,-77.51985451377746,39H1,39H1,,911_calls,,,,,3.0
call_4803,40.11248849200994,-77.51985451573226,75S,75S,,911_calls,,,,,3.0
call_4804,40.11248929037969,-77.51985421421263,10V2,10V2,,911_calls,,,,,3.0
call_4805,40.1124890866695,-77.51985436963554,54E1,54E1,,911_calls,,,,,3.0
call_4806,40.11248856367535,-77.51985421516638,68Q2,68Q2,,911_calls,,,,,3.0
call_4807,40.11248871540107,-77.51985436618818,75S,75S,,911_calls,,,,,3.0
call_4808,40.112488512452025,-77.51985365645062,54U1,54U1,,911_calls,,,,,3.0
call_4809,40.11248924536785,-77.51985416397926,54U2,54U2,,911_calls,,,,,3.0
call_4810,40.112489043365485,-77.51985439123042,75D,75D,,911_calls,,,,,3.0
call_4811,40.112488784998774,-77.5198538638243,75S,75S,,911_calls,,,,,3.0
call_4812,40.11248864726182,-77.51985434695622,10Y3,10Y3,,911_calls,,,,,3.0
call_4813,40.11248883203286,-77.51985453486984,52D9,52D9,,911_calls,,,,,3.0
call_4814,40.11248867116602,-77.51985422553103,52K2,52K2,,911_calls,,,,,3.0
call_4815,40.11248892011269,-77.51985442548074,24Q2,24Q2,,911_calls,,,,,3.0
call_4816,40.11248855891896,-77.5198545280062,75M,75M,,911_calls,,,,,3.0
call_4817,40.11248871108185,-77.5198540884469,75S,75S,,911_calls,,,,,3.0
call_4818,40.11248875915531,-77.51985434690236,10Y3,10Y3,,911_calls,,,,,3.0
call_4819,40.11248899201385,-77.51985448787224,68Q1,68Q1,,911_calls,,,,,3.0
call_4820,40.1124885743895,-77.5198543972632,52D6,52D6,,911_calls,,,,,3.0
call_4821,40.11248891877111,-77.51985450945534,54E2,54E2,,911_calls,,,,,3.0
call_4822,40.11248891877111,-77.51985450945534,54E2,54E2,,911_calls,,,,,3.0
call_4823,40.112488623380266,-77.51985457531913,75S,75S,,911_calls,,,,,3.0
call_4824,40.11248863958208,-77.51985431096283,53S,53S,,911_calls,,,,,3.0
call_4825,40.11248894966256,-77.51985448811268,50P1,50P1,,911_calls,,,,,3.0
call_4826,40.112488485937035,-77.5198538078733,75T,75T,,911_calls,,,,,3.0
call_4827,40.11248862371253,-77.51985455578989,75D,75D,,911_calls,,,,,3.0
call_4828,40.11248867075519,-77.51985421319512,75S,75S,,911_calls,,,,,3.0
call_4829,40.11248904395856,-77.5198543653774,10Y3,10Y3,,911_calls,,,,,3.0
call_4830,40.112488931205576,-77.51985434743038,24Q1,24Q1,,911_calls,,,,,3.0
call_4831,40.112488464430605,-77.51985389182329,54E2,54E2,,911_calls,,,,,3.0
call_4832,40.112488464430605,-77.51985389182329,54E2,54E2,,911_calls,,,,,3.0
call_4833,40.11248854499391,-77.5198542789897,50P1,50P1,,911_calls,,,,,3.0
call_4834,40.1124891540889,-77.51985419942093,75D,75D,,911_calls,,,,,3.0
call_4835,40.112488771734434,-77.51985423241534,75S,75S,,911_calls,,,,,3.0
call_4836,40.112488425421645,-77.51985446461165,75S,75S,,911_calls,,,,,3.0
call_4837,40.11248885613544,-77.51985361173551,75H,75H,,911_calls,,,,,3.0
call_4838,40.11248853346096,-77.51985497301423,75H,75H,,911_calls,,,,,3.0
call_4839,40.11248875713235,-77.51985437933776,75D,75D,,911_calls,,,,,3.0
call_4840,40.1124892296882,-77.51985419591809,75S,75S,,911_calls,,,,,3.0
call_4841,40.11248843158509,-77.51985439199538,39H1,39H1,,911_calls,,,,,3.0
call_4842,40.11248870261162,-77.51985448508763,10Y3,10Y3,,911_calls,,,,,3.0
call_4843,40.11248876317803,-77.51985432994833,52D2,52D2,,911_calls,,,,,3.0
call_4844,40.11248882653626,-77.51985368536154,54S1,54S1,,911_calls,,,,,3.0
call_4845,40.11248882653626,-77.51985368536154,54S1,54S1,,911_calls,,,,,3.0
call_4846,40.112488860389234,-77.51985451852309,75S,75S,,911_calls,,,,,3.0
call_4847,40.11248876134625,-77.51985440452088,54S2,54S2,,911_calls,,,,,3.0
call_4848,40.1124890973079,-77.51985418968653,39H1,39H1,,911_calls,,,,,3.0
call_4849,40.11248912554996,-77.51985434842378,39H1,39H1,,911_calls,,,,,3.0
call_4850,40.112488755486766,-77.51985361064688,75D,75D,,911_calls,,,,,3.0
call_4851,40.112489193107876,-77.51985424178524,75S,75S,,911_calls,,,,,3.0
call_4852,40.11248891930286,-77.5198545154494,75S,75S,,911_calls,,,,,3.0
call_4853,40.11248882874683,-77.5198541518748,10Y3,10Y3,,911_calls,,,,,3.0
call_4854,40.11248864726182,-77.51985434695622,68Q1,68Q1,,911_calls,,,,,3.0
call_4855,40.11248880112113,-77.51985434718225,68Q1,68Q1,,911_calls,,,,,3.0
call_4856,40.1124887119089,-77.51985446618357,75D,75D,,911_calls,,,,,3.0
call_4857,40.112488606716624,-77.51985433568495,75D,75D,,911_calls,,,,,3.0
call_4858,40.112488722395575,-77.5198542204107,53S,53S,,911_calls,,,,,3.0
call_4859,40.11248882445476,-77.51985450992363,75D,75D,,911_calls,,,,,3.0
call_4860,40.11248872162923,-77.51985357559452,11C3,11C3,,911_calls,,,,,3.0
call_4861,40.11248872000412,-77.51985446455284,75S,75S,,911_calls,,,,,3.0
call_4862,40.11248886379391,-77.51985455726397,75D,75D,,911_calls,,,,,3.0
call_4863,40.11248865509841,-77.51985426136358,10Y3,10Y3,,911_calls,,,,,3.0
call_4864,40.11248879289517,-77.5198545940995,75D,75D,,911_calls,,,,,3.0
call_4865,40.112488706340514,-77.51985431169116,11C4,11C4,,911_calls,,,,,3.0
call_4866,40.11248855583654,-77.51985439322583,29C,29C,,911_calls,,,,,3.0
call_4867,40.11248871587701,-77.51985420210043,75M,75M,,911_calls,,,,,3.0
call_4868,40.11248889494041,-77.51985426530204,75D,75D,,911_calls,,,,,3.0
call_4869,40.11248868861754,-77.51985419372151,75S,75S,,911_calls,,,,,3.0
call_4870,40.112489115776285,-77.51985405527671,10H1,10H1,,911_calls,,,,,3.0
call_4871,40.11248892041256,-77.51985452740131,10H1,10H1,,911_calls,,,,,3.0
call_4872,40.11248886403147,-77.51985360517756,10H1,10H1,,911_calls,,,,,3.0
call_4873,40.11248875255531,-77.51985420867376,68Q1,68Q1,,911_calls,,,,,3.0
call_4874,40.11248865453574,-77.5198543951566,54U1,54U1,,911_calls,,,,,3.0
call_4875,40.11248873223312,-77.51985447709514,75S,75S,,911_calls,,,,,3.0
call_4876,40.112488944061724,-77.5198544686804,22Q1,22Q1,,911_calls,,,,,3.0
call_4877,40.112489113273135,-77.519854372241,10Y3,10Y3,,911_calls,,,,,3.0
call_4878,40.112488719086805,-77.51985413868528,11C4,11C4,,911_calls,,,,,3.0
call_4879,40.11248875552704,-77.51985429469629,54E2,54E2,,911_calls,,,,,3.0
call_4880,40.11248875552704,-77.51985429469629,54E2,54E2,,911_calls,,,,,3.0
call_4881,40.11248867075519,-77.51985421319512,75O,75O,,911_calls,,,,,3.0
call_4882,40.11248885909552,-77.51985406245934,75D,75D,,911_calls,,,,,3.0
call_4883,40.11248921957925,-77.51985423106888,75D,75D,,911_calls,,,,,3.0
call_4884,40.11248890701956,-77.51985448851762,39Q2,39Q2,,911_calls,,,,,3.0
call_4885,40.11248915724266,-77.5198543535105,50P1,50P1,,911_calls,,,,,3.0
call_4886,40.11248891930286,-77.5198545154494,75S,75S,,911_calls,,,,,3.0
call_4887,40.11248905338676,-77.51985442596624,52D1,52D1,,911_calls,,,,,3.0
call_4888,40.112489176510614,-77.5198543226591,53I,53I,,911_calls,,,,,3.0
call_4889,40.11248878508993,-77.51985433362444,75D,75D,,911_calls,,,,,3.0
call_4890,40.11248894573141,-77.51985394652198,75S,75S,,911_calls,,,,,3.0
call_4891,40.112488918323976,-77.5198544270155,39T1,39T1,,911_calls,,,,,3.0
call_4892,40.112488943346484,-77.51985439751756,68Q1,68Q1,,911_calls,,,,,3.0
call_4893,40.112488762102736,-77.51985431846188,75S,75S,,911_calls,,,,,3.0
call_4894,40.112489263627744,-77.5198541542343,52D1,52D1,,911_calls,,,,,3.0
call_4895,40.11248897046159,-77.51985450318362,11C4,11C4,,911_calls,,,,,3.0
call_4896,40.11248905326985,-77.51985442165679,75D,75D,,911_calls,,,,,3.0
call_4897,40.11248844287197,-77.51985440210915,39H2,39H2,,911_calls,,,,,3.0
call_4898,40.11248860212445,-77.5198543983975,11C4,11C4,,911_calls,,,,,3.0
call_4899,40.11248847546632,-77.51985385602738,75D,75D,,911_calls,,,,,3.0
call_4900,40.1124887135634,-77.51985446485054,75D,75D,,911_calls,,,,,3.0
call_4901,40.11248868092212,-77.51985429860532,10H2,10H2,,911_calls,,,,,3.0
call_4902,40.11248859954171,-77.51985452003684,75M,75M,,911_calls,,,,,3.0
call_4903,40.11248918658857,-77.5198543120773,39Q1,39Q1,,911_calls,,,,,3.0
call_4904,40.11248920238343,-77.51985422826073,39H1,39H1,,911_calls,,,,,3.0
call_4905,40.112488650383895,-77.51985454082428,68Q1,68Q1,,911_calls,,,,,3.0
call_4906,40.11248863643829,-77.51985416088156,75D,75D,,911_calls,,,,,3.0
call_4907,40.11248903392978,-77.51985438146747,75D,75D,,911_calls,,,,,3.0
call_4908,40.112489038784254,-77.5198543698932,54H1,54H1,,911_calls,,,,,3.0
call_4909,40.11248927526085,-77.51985415775344,54C1,54C1,,911_calls,,,,,3.0
call_4910,40.112489001960384,-77.51985376438157,75H,75H,,911_calls,,,,,3.0
call_4911,40.11248909066133,-77.51985433859919,22V2,22V2,,911_calls,,,,,3.0
call_4912,40.112488469101756,-77.51985385377283,59R4,59R4,,911_calls,,,,,3.0
call_4913,40.112488733794066,-77.51985405868572,54U2,54U2,,911_calls,,,,,3.0
call_4914,40.11248890930552,-77.51985453060517,68Q1,68Q1,,911_calls,,,,,3.0
call_4915,40.112489229959166,-77.51985418668342,75D,75D,,911_calls,,,,,3.0
call_4916,40.11248868477576,-77.51985430329,75S,75S,,911_calls,,,,,3.0
call_4917,40.11248914076253,-77.51985418455477,53H,53H,,911_calls,,,,,3.0
call_4918,40.112489015358356,-77.51985449396936,53S8,53S8,,911_calls,,,,,3.0
call_4919,40.11248912512306,-77.51985436366991,10Y3,10Y3,,911_calls,,,,,3.0
call_4920,40.112488710682705,-77.5198543461203,75D,75D,,911_calls,,,,,3.0
call_4921,40.112488742935085,-77.51985451229243,75S,75S,,911_calls,,,,,3.0
call_4922,40.112488956239794,-77.5198535534209,75D,75D,,911_calls,,,,,3.0
call_4923,40.112489195487825,-77.51985418345132,34Q1,34Q1,,911_calls,,,,,3.0
call_4924,40.11248870949508,-77.51985416024681,10V2,10V2,,911_calls,,,,,3.0
call_4925,40.112488515811,-77.51985443738145,75M,75M,,911_calls,,,,,3.0
call_4926,40.112489178496716,-77.51985434881774,52K2,52K2,,911_calls,,,,,3.0
call_4927,40.11248890778958,-77.51985449878497,68Q1,68Q1,,911_calls,,,,,3.0
call_4928,40.11248874280701,-77.51985450396413,75S,75S,,911_calls,,,,,3.0
call_4929,40.11248890778958,-77.51985449878497,68Q1,68Q1,,911_calls,,,,,3.0
call_4930,40.11248870747896,-77.51985405597227,54E1,54E1,,911_calls,,,,,3.0
call_4931,40.11248870747896,-77.51985405597227,54E1,54E1,,911_calls,,,,,3.0
call_4932,40.11248890839317,-77.51985444623372,52D2,52D2,,911_calls,,,,,3.0
call_4933,40.11248899119252,-77.51985436645684,68Q1,68Q1,,911_calls,,,,,3.0
call_4934,40.112488738791996,-77.51985448276432,75S,75S,,911_calls,,,,,3.0
call_4935,40.112488896589,-77.51985445989085,75D,75D,,911_calls,,,,,3.0
call_4936,40.11248863777369,-77.51985455728804,75S,75S,,911_calls,,,,,3.0
call_4937,40.11248898955622,-77.51985436473224,68Q1,68Q1,,911_calls,,,,,3.0
call_4938,40.1124886726623,-77.51985452917106,10Y8,10Y8,,911_calls,,,,,3.0
call_4939,40.11248875733872,-77.51985404766442,32Q1,32Q1,,911_calls,,,,,3.0
call_4940,40.11248882968305,-77.51985364810204,29C,29C,,911_calls,,,,,3.0
call_4941,40.11248891930286,-77.5198545154494,75S,75S,,911_calls,,,,,3.0
call_4942,40.11248878912441,-77.51985385587065,10V2,10V2,,911_calls,,,,,3.0
call_4943,40.11248890193796,-77.51985420250602,68Q2,68Q2,,911_calls,,,,,3.0
call_4944,40.112488790006964,-77.51985433804418,10V2,10V2,,911_calls,,,,,3.0
call_4945,40.112488712016464,-77.519854455315,75D,75D,,911_calls,,,,,3.0
call_4946,40.11248888119504,-77.51985446447686,68Q1,68Q1,,911_calls,,,,,3.0
call_4947,40.11248882796796,-77.51985449548236,68Q1,68Q1,,911_calls,,,,,3.0
call_4948,40.11248890773185,-77.51985433835155,75D,75D,,911_calls,,,,,3.0
call_4949,40.11248875552704,-77.51985429469629,68Q1,68Q1,,911_calls,,,,,3.0
call_4950,40.11248861668795,-77.51985452761132,39H1,39H1,,911_calls,,,,,3.0
call_4951,40.11248892163441,-77.51985445381519,75T,75T,,911_calls,,,,,3.0
call_4952,40.1124890866695,-77.51985436963554,68Q1,68Q1,,911_calls,,,,,3.0
call_4953,40.1124890866695,-77.51985436963554,68Q1,68Q1,,911_calls,,,,,3.0
call_4954,40.11248892163441,-77.51985445381519,75T,75T,,911_calls,,,,,3.0
call_4955,40.11248868064176,-77.5198540195507,53D,53D,,911_calls,,,,,3.0
call_4956,40.1124887339261,-77.51985432317541,75D,75D,,911_calls,,,,,3.0
call_4957,40.1124887800907,-77.5198545858638,75S,75S,,911_calls,,,,,3.0
call_4958,40.112489229598125,-77.519854209896,54E2,54E2,,911_calls,,,,,3.0
call_4959,40.112489229598125,-77.519854209896,54E2,54E2,,911_calls,,,,,3.0
call_4960,40.11248889311495,-77.51985450962933,54C1,54C1,,911_calls,,,,,3.0
call_4961,40.112488903682234,-77.51985416793912,56S9,56S9,,911_calls,,,,,3.0
call_4962,40.112488624987975,-77.51985457331482,68Q1,68Q1,,911_calls,,,,,3.0
call_4963,40.11248864207021,-77.51985436858394,54E1,54E1,,911_calls,,,,,3.0
call_4964,40.11248864207021,-77.51985436858394,54E1,54E1,,911_calls,,,,,3.0
call_4965,40.11248895228371,-77.51985449457797,68Q2,68Q2,,911_calls,,,,,3.0
call_4966,40.11248841680011,-77.51985453251112,54E1,54E1,,911_calls,,,,,3.0
call_4967,40.11248841680011,-77.51985453251112,54E1,54E1,,911_calls,,,,,3.0
call_4968,40.112488709289934,-77.51985406070533,10V2,10V2,,911_calls,,,,,3.0
call_4969,40.11248928539841,-77.5198539830145,22V2,22V2,,911_calls,,,,,3.0
call_4970,40.11248861005424,-77.5198546221417,75D,75D,,911_calls,,,,,3.0
call_4971,40.11248864676812,-77.5198542090556,10H1,10H1,,911_calls,,,,,3.0
call_4972,40.11248916368034,-77.51985411723011,10H1,10H1,,911_calls,,,,,3.0
call_4973,40.11248905501995,-77.51985433739762,75S,75S,,911_calls,,,,,3.0
call_4974,40.11248920788862,-77.51985409849713,75T,75T,,911_calls,,,,,3.0
call_4975,40.11248868127283,-77.51985420148843,75D,75D,,911_calls,,,,,3.0
call_4976,40.11248887280231,-77.51985456831002,50P9,50P9,,911_calls,,,,,3.0
call_4977,40.11248862189563,-77.51985419030426,68Q2,68Q2,,911_calls,,,,,3.0
call_4978,40.11248845883734,-77.5198543689788,75M,75M,,911_calls,,,,,3.0
call_4979,40.112488903682234,-77.51985416793912,75S,75S,,911_calls,,,,,3.0
call_4980,40.112488809033344,-77.51985449431609,68Q1,68Q1,,911_calls,,,,,3.0
call_4981,40.11248881735949,-77.51985451115421,75D,75D,,911_calls,,,,,3.0
call_4982,40.11248880042357,-77.51985443757376,68Q1,68Q1,,911_calls,,,,,3.0
call_4983,40.11248877067303,-77.51985394441763,75F,75F,,911_calls,,,,,3.0
call_4984,40.11248926877318,-77.51985414409027,24Q1,24Q1,,911_calls,,,,,3.0
call_4985,40.11248915557774,-77.51985435495104,50G9,50G9,,911_calls,,,,,3.0
call_4986,40.1124886920298,-77.51985429285237,68Q1,68Q1,,911_calls,,,,,3.0
call_4987,40.11248869381394,-77.51985414568504,22Q1,22Q1,,911_calls,,,,,3.0
call_4988,40.11248891317292,-77.51985449413213,75S,75S,,911_calls,,,,,3.0
call_4989,40.11248919778018,-77.51985432042017,56S9,56S9,,911_calls,,,,,3.0
call_4990,40.11248879000514,-77.51985387935687,52D6,52D6,,911_calls,,,,,3.0
call_4991,40.11248885085495,-77.51985360406557,59R3,59R3,,911_calls,,,,,3.0
call_4992,40.11248919845584,-77.51985415950737,11C4,11C4,,911_calls,,,,,3.0
call_4993,40.112488427830144,-77.51985448901472,10H1,10H1,,911_calls,,,,,3.0
call_4994,40.11248882267459,-77.51985395173045,10V2,10V2,,911_calls,,,,,3.0
call_4995,40.112488600134455,-77.51985422773595,68Q2,68Q2,,911_calls,,,,,3.0
call_4996,40.11248914696794,-77.51985425465715,54S1,54S1,,911_calls,,,,,3.0
call_4997,40.11248867075519,-77.51985421319512,75S,75S,,911_calls,,,,,3.0
call_4998,40.11248855411,-77.51985432704801,68Q2,68Q2,,911_calls,,,,,3.0
call_4999,40.11248868477576,-77.51985430329,39H9,39H9,,911_calls,,,,,3.0
306735347,0.0,0.0,ROBBERY,"ROBBERY,NECKCHAIN/JEWELRY",2025-05-20T00:00:00.000,nypd_complaints,2025-05-20,Tuesday,0.0,5.0,7.0
309112063,0.0,0.0,ROBBERY,"ROBBERY,NECKCHAIN/JEWELRY",2025-04-05T00:00:00.000,nypd_complaints,2025-04-05,Saturday,0.0,4.0,7.0
305684451,40.11248911870696,-77.51985427389135,FELONY ASSAULT,STRANGULATION 1ST,2025-05-01T00:00:00.000,nypd_complaints,2025-05-01,Thursday,0.0,5.0,8.0
298927491,40.11248910343263,-77.51985403361937,ROBBERY,"ROBBERY,DWELLING",2025-01-04T00:00:00.000,nypd_complaints,2025-01-04,Saturday,0.0,1.0,7.0
308875141,40.11248926764944,-77.51985401999005,FELONY ASSAULT,STRANGULATION 1ST,2025-06-28T00:00:00.000,nypd_complaints,2025-06-28,Saturday,0.0,6.0,8.0
300107712,40.11248922912593,-77.51985422515011,ASSAULT 3 & RELATED OFFENSES,ASSAULT 3,2025-01-26T00:00:00.000,nypd_complaints,2025-01-26,Sunday,0.0,1.0,6.0
305960114,0.0,0.0,FELONY ASSAULT,"ASSAULT 2,1,UNCLASSIFIED",2025-05-06T00:00:00.000,nypd_complaints,2025-05-06,Tuesday,0.0,5.0,8.0
308603974,0.0,0.0,GRAND LARCENY,"LARCENY,GRAND FROM VEHICLE/MOTORCYCLE",2025-06-24T00:00:00.000,nypd_complaints,2025-06-24,Tuesday,0.0,6.0,5.0
302254345,40.11248824751134,-77.51985530015273,DANGEROUS WEAPONS,WEAPONS POSSESSION 3,2025-03-08T00:00:00.000,nypd_complaints,2025-03-08,Saturday,0.0,3.0,7.0
303892140,40.11248860758212,-77.51985456976513,DANGEROUS WEAPONS,"WEAPONS, POSSESSION, ETC",2025-03-31T00:00:00.000,nypd_complaints,2025-03-31,Monday,0.0,3.0,7.0
302296242,40.112488488301985,-77.51985495204771,ROBBERY,"ROBBERY,PERSONAL ELECTRONIC DEVICE",2025-03-09T00:00:00.000,nypd_complaints,2025-03-09,Sunday,0.0,3.0,7.0
302080039,40.11248825735139,-77.51985518621339,HARRASSMENT 2,"HARASSMENT,SUBD 3,4,5",2025-03-04T00:00:00.000,nypd_complaints,2025-03-04,Tuesday,0.0,3.0,3.0
303305315,40.11248840137282,-77.51985499045495,GRAND LARCENY,"LARCENY,GRAND BY FALSE PROMISE-NOT IN PERSON CONTACT",2025-03-20T00:00:00.000,nypd_complaints,2025-03-20,Thursday,0.0,3.0,5.0
301371240,40.112488375349315,-77.51985490308824,GRAND LARCENY,"LARCENY,GRAND FROM RESIDENCE, UNATTENDED",2025-01-18T00:00:00.000,nypd_complaints,2025-01-18,Saturday,0.0,1.0,5.0
301664187,40.11248855035534,-77.51985480618517,DANGEROUS DRUGS,"CONTROLLED SUBSTANCE,SALE 3",2025-02-25T00:00:00.000,nypd_complaints,2025-02-25,Tuesday,0.0,2.0,4.0
304099449,40.1124885375896,-77.51985498550528,CRIMINAL TRESPASS,"TRESPASS 3, CRIMINAL",2025-04-03T00:00:00.000,nypd_complaints,2025-04-03,Thursday,0.0,4.0,3.0
304597304,40.11248881528471,-77.51985453230488,ROBBERY,"ROBBERY,PERSONAL ELECTRONIC DEVICE",2025-04-11T00:00:00.000,nypd_complaints,2025-04-11,Friday,0.0,4.0,7.0
299411497,40.112488565112564,-77.51985510029589,GRAND LARCENY,"LARCENY,GRAND BY ACQUIRING LOS",2025-01-07T00:00:00.000,nypd_complaints,2025-01-07,Tuesday,0.0,1.0,5.0
306456347,40.11248843561765,-77.51985484485913,HARRASSMENT 2,"HARASSMENT,SUBD 1,CIVILIAN",2025-05-15T00:00:00.000,nypd_complaints,2025-05-15,Thursday,0.0,5.0,3.0
302306140,40.11248849416472,-77.51985454535006,RAPE,RAPE 3,2025-01-01T00:00:00.000,nypd_complaints,2025-01-01,Wednesday,0.0,1.0,9.0
306277252,40.11248884115241,-77.51985455316932,GRAND LARCENY,"LARCENY,GRAND FROM NIGHT CLUB, UNATTENDED",2025-05-10T00:00:00.000,nypd_complaints,2025-05-10,Saturday,0.0,5.0,5.0
304890752,40.112488520160966,-77.51985455590841,GRAND LARCENY OF MOTOR VEHICLE,"LARCENY,GRAND OF AUTO",2025-04-16T00:00:00.000,nypd_complaints,2025-04-16,Wednesday,0.0,4.0,5.0
307387085,40.11248844104914,-77.51985484857826,GRAND LARCENY,"LARCENY,GRAND BY EXTORTION",2025-06-02T00:00:00.000,nypd_complaints,2025-06-02,Monday,0.0,6.0,5.0
301360766,40.11248856967701,-77.51985484803983,GRAND LARCENY,"LARCENY,GRAND BY EXTORTION",2025-02-19T00:00:00.000,nypd_complaints,2025-02-19,Wednesday,0.0,2.0,5.0
301937000,40.11248847023365,-77.51985485205279,GRAND LARCENY,"LARCENY,GRAND FROM OPEN AREAS, UNATTENDED",2025-02-22T00:00:00.000,nypd_complaints,2025-02-22,Saturday,0.0,2.0,5.0
301320531,40.11248893392481,-77.51985453495946,GRAND LARCENY,"LARCENY,GRAND BY THEFT OF CREDIT CARD",2025-02-19T00:00:00.000,nypd_complaints,2025-02-19,Wednesday,0.0,2.0,5.0
300816147,40.112488407245905,-77.51985492380327,GRAND LARCENY,"LARCENY,GRAND BY THEFT OF CREDIT CARD",2025-01-24T00:00:00.000,nypd_complaints,2025-01-24,Friday,0.0,1.0,5.0
298840061,40.112488336757814,-77.51985519421393,HARRASSMENT 2,"HARASSMENT,SUBD 3,4,5",2025-01-03T00:00:00.000,nypd_complaints,2025-01-03,Friday,0.0,1.0,3.0
299642236,40.11248852022471,-77.5198550518307,HARRASSMENT 2,"HARASSMENT,SUBD 1,CIVILIAN",2025-01-17T00:00:00.000,nypd_complaints,2025-01-17,Friday,0.0,1.0,3.0
303283537,40.11248862780564,-77.51985455682087,DANGEROUS WEAPONS,"WEAPONS, POSSESSION, ETC",2025-03-20T00:00:00.000,nypd_complaints,2025-03-20,Thursday,0.0,3.0,7.0
305477839,40.11248847853617,-77.51985479097378,GRAND LARCENY OF MOTOR VEHICLE,"LARCENY,GRAND OF AUTO",2025-04-28T00:00:00.000,nypd_complaints,2025-04-28,Monday,0.0,4.0,5.0
299239590,40.11248893067887,-77.51985453135971,DANGEROUS WEAPONS,"WEAPONS, POSSESSION, ETC",2025-01-10T00:00:00.000,nypd_complaints,2025-01-10,Friday,0.0,1.0,7.0
307445205,40.112488512442596,-77.51985476508897,CRIMINAL TRESPASS,"TRESPASS 3, CRIMINAL",2025-06-02T00:00:00.000,nypd_complaints,2025-06-02,Monday,0.0,6.0,3.0
304792368,40.11248829500783,-77.51985523996721,GRAND LARCENY,"LARCENY,GRAND BY EXTORTION",2025-04-13T00:00:00.000,nypd_complaints,2025-04-13,Sunday,0.0,4.0,5.0
301069877,40.11248830631099,-77.5198551467339,HARRASSMENT 2,"HARASSMENT,SUBD 3,4,5",2025-01-31T00:00:00.000,nypd_complaints,2025-01-31,Friday,0.0,1.0,3.0
305535870,40.11248846817325,-77.51985481218797,GRAND LARCENY,"LARCENY,GRAND BY EXTORTION",2025-04-16T00:00:00.000,nypd_complaints,2025-04-16,Wednesday,0.0,4.0,5.0
307738022,40.11248840413018,-77.51985486811209,ASSAULT 3 & RELATED OFFENSES,"MENACING,UNCLASSIFIED",2025-06-08T00:00:00.000,nypd_complaints,2025-06-08,Sunday,0.0,6.0,6.0
308184132,40.1124882091201,-77.5198553949448,HARRASSMENT 2,"HARASSMENT,SUBD 3,4,5",2025-06-17T00:00:00.000,nypd_complaints,2025-06-17,Tuesday,0.0,6.0,3.0
307676664,40.11248834548504,-77.5198550177469,FELONY ASSAULT,"ASSAULT 2,1,UNCLASSIFIED",2025-06-06T00:00:00.000,nypd_complaints,2025-06-06,Friday,0.0,6.0,8.0
302873306,40.11248849269682,-77.51985496576627,FELONY ASSAULT,"ASSAULT 2,1,UNCLASSIFIED",2025-03-15T00:00:00.000,nypd_complaints,2025-03-15,Saturday,0.0,3.0,8.0
302299333,40.11248858051382,-77.51985485303305,FELONY ASSAULT,"ASSAULT 2,1,UNCLASSIFIED",2025-03-08T00:00:00.000,nypd_complaints,2025-03-08,Saturday,0.0,3.0,8.0
308316085,40.11248857961565,-77.51985500467198,GRAND LARCENY,"LARCENY,GRAND FROM PERSON,UNCL",2025-06-19T00:00:00.000,nypd_complaints,2025-06-19,Thursday,0.0,6.0,5.0
299411496,40.112488541174415,-77.51985507414425,FELONY ASSAULT,"ASSAULT 2,1,UNCLASSIFIED",2025-01-13T00:00:00.000,nypd_complaints,2025-01-13,Monday,0.0,1.0,8.0
303616605,40.11248856223131,-77.51985512306463,ASSAULT 3 & RELATED OFFENSES,ASSAULT 3,2025-03-25T00:00:00.000,nypd_complaints,2025-03-25,Tuesday,0.0,3.0,6.0
300401446,40.112488574916334,-77.5198546262486,GRAND LARCENY,"LARCENY,GRAND BY THEFT OF CREDIT CARD",2025-01-29T00:00:00.000,nypd_complaints,2025-01-29,Wednesday,0.0,1.0,5.0
299038371,40.112488602570366,-77.51985481607946,SEX CRIMES,"SEXUAL ABUSE 3,2",2025-01-07T00:00:00.000,nypd_complaints,2025-01-07,Tuesday,0.0,1.0,8.0
305539606,40.11248880309309,-77.51985457120159,DANGEROUS WEAPONS,"WEAPONS, POSSESSION, ETC",2025-04-15T00:00:00.000,nypd_complaints,2025-04-15,Tuesday,0.0,4.0,7.0
303469369,40.11248868079077,-77.51985457710883,CRIMINAL TRESPASS,"TRESPASS 2, CRIMINAL",2025-03-22T00:00:00.000,nypd_complaints,2025-03-22,Saturday,0.0,3.0,3.0
303544011,40.11248835564136,-77.5198551263902,CRIMINAL TRESPASS,"TRESPASS 2, CRIMINAL",2025-03-22T00:00:00.000,nypd_complaints,2025-03-22,Saturday,0.0,3.0,3.0
304425620,40.11248884551713,-77.5198545225442,DANGEROUS WEAPONS,"WEAPONS, POSSESSION, ETC",2025-04-09T00:00:00.000,nypd_complaints,2025-04-09,Wednesday,0.0,4.0,7.0
305562022,40.11248855192201,-77.51985504420597,HARRASSMENT 2,"HARASSMENT,SUBD 1,CIVILIAN",2025-04-29T00:00:00.000,nypd_complaints,2025-04-29,Tuesday,0.0,4.0,3.0
305684807,40.112488357619455,-77.51985516642958,FELONY ASSAULT,"ASSAULT 2,1,UNCLASSIFIED",2025-04-18T00:00:00.000,nypd_complaints,2025-04-18,Friday,0.0,4.0,8.0
305752524,40.11248820421244,-77.51985538573607,HARRASSMENT 2,"HARASSMENT,SUBD 3,4,5",2025-05-02T00:00:00.000,nypd_complaints,2025-05-02,Friday,0.0,5.0,3.0
305149796,40.11248857385523,-77.51985511592589,DANGEROUS DRUGS,"CONTROLLED SUBSTANCE, POSSESSI",2025-04-22T00:00:00.000,nypd_complaints,2025-04-22,Tuesday,0.0,4.0,4.0
304760090,40.11248852615617,-77.5198547794064,CRIMINAL TRESPASS,"TRESPASS 2, CRIMINAL",2025-04-14T00:00:00.000,nypd_complaints,2025-04-14,Monday,0.0,4.0,3.0
304183775,40.11248853261792,-77.51985511016868,GRAND LARCENY,"LARCENY,GRAND FROM RESIDENCE, UNATTENDED",2025-03-01T00:00:00.000,nypd_complaints,2025-03-01,Saturday,0.0,3.0,5.0
306041018,40.11248850839289,-77.5198548534884,DANGEROUS WEAPONS,"WEAPONS, POSSESSION, ETC",2025-05-08T00:00:00.000,nypd_complaints,2025-05-08,Thursday,0.0,5.0,7.0
304144687,40.11248856337757,-77.51985513327497,ASSAULT 3 & RELATED OFFENSES,ASSAULT 3,2025-03-06T00:00:00.000,nypd_complaints,2025-03-06,Thursday,0.0,3.0,6.0
304233576,40.112488257651044,-77.51985527991472,ASSAULT 3 & RELATED OFFENSES,"MENACING,UNCLASSIFIED",2025-04-05T00:00:00.000,nypd_complaints,2025-04-05,Saturday,0.0,4.0,6.0
299828289,40.11248856913134,-77.51985504031995,DANGEROUS DRUGS,"CONTROLLED SUBSTANCE,INTENT TO",2025-01-22T00:00:00.000,nypd_complaints,2025-01-22,Wednesday,0.0,1.0,4.0
300325576,40.112488428084454,-77.51985491403211,HARRASSMENT 2,"HARASSMENT,SUBD 1,CIVILIAN",2025-01-30T00:00:00.000,nypd_complaints,2025-01-30,Thursday,0.0,1.0,3.0
304582590,40.112488354539344,-77.51985514197837,ASSAULT 3 & RELATED OFFENSES,ASSAULT 3,2025-04-10T00:00:00.000,nypd_complaints,2025-04-10,Thursday,0.0,4.0,6.0
306429535,40.112488505783865,-77.51985448176038,DANGEROUS WEAPONS,"WEAPONS, POSSESSION, ETC",2025-05-14T00:00:00.000,nypd_complaints,2025-05-14,Wednesday,0.0,5.0,7.0
305364412,40.1124885702207,-77.51985500956825,ROBBERY,"ROBBERY,LICENSED FOR HIRE VEHICLE",2025-04-25T00:00:00.000,nypd_complaints,2025-04-25,Friday,0.0,4.0,7.0
301856048,40.11248853168967,-77.51985510321843,ASSAULT 3 & RELATED OFFENSES,OBSTR BREATH/CIRCUL,2025-02-28T00:00:00.000,nypd_complaints,2025-02-28,Friday,0.0,2.0,6.0
300167802,40.11248884048255,-77.51985453715224,GRAND LARCENY,"LARCENY,GRAND FROM PERSON,UNCL",2025-01-28T00:00:00.000,nypd_complaints,2025-01-28,Tuesday,0.0,1.0,5.0
307893042,40.112488611273456,-77.51985459009757,DANGEROUS DRUGS,"CONTROLLED SUBSTANCE,POSSESS.",2025-06-11T00:00:00.000,nypd_complaints,2025-06-11,Wednesday,0.0,6.0,4.0
301419199,40.112488873576005,-77.5198545029706,DANGEROUS WEAPONS,"WEAPONS, POSSESSION, ETC",2025-02-20T00:00:00.000,nypd_complaints,2025-02-20,Thursday,0.0,2.0,7.0
301238764,40.11248854189343,-77.51985458417576,GRAND LARCENY OF MOTOR VEHICLE,"LARCENY,GRAND OF AUTO",2025-02-16T00:00:00.000,nypd_complaints,2025-02-16,Sunday,0.0,2.0,5.0
301776449,40.11248861209616,-77.51985458909685,GRAND LARCENY,"LARCENY,GRAND FROM BUILDING (NON-RESIDENCE) UNATTENDED",2025-02-20T00:00:00.000,nypd_complaints,2025-02-20,Thursday,0.0,2.0,5.0
298744782,40.11248861491279,-77.5198546160316,FELONY ASSAULT,ASSAULT POLICE/PEACE OFFICER,2025-01-01T00:00:00.000,nypd_complaints,2025-01-01,Wednesday,0.0,1.0,8.0
304039325,40.11248858695894,-77.5198548766873,GRAND LARCENY,"LARCENY,GRAND FROM BUILDING (NON-RESIDENCE) UNATTENDED",2025-04-01T00:00:00.000,nypd_complaints,2025-04-01,Tuesday,0.0,4.0,5.0
304153529,40.112488602570366,-77.51985481607946,RAPE,"RAPE 1,ATTEMPT",2025-04-03T00:00:00.000,nypd_complaints,2025-04-03,Thursday,0.0,4.0,9.0
300289780,40.11248873496728,-77.51985449712949,ROBBERY,"ROBBERY,PERSONAL ELECTRONIC DEVICE",2025-01-30T00:00:00.000,nypd_complaints,2025-01-30,Thursday,0.0,1.0,7.0
307623407,40.11248826491532,-77.51985536279389,GRAND LARCENY,"LARCENY,GRAND FROM OPEN AREAS, UNATTENDED",2025-05-18T00:00:00.000,nypd_complaints,2025-05-18,Sunday,0.0,5.0,5.0
307832541,40.11248840822538,-77.51985497047376,BURGLARY,"BURGLARY,TRUCK NIGHT",2025-06-09T00:00:00.000,nypd_complaints,2025-06-09,Monday,0.0,6.0,6.0
299533862,40.11248848891488,-77.51985504975116,GRAND LARCENY OF MOTOR VEHICLE,"LARCENY,GRAND OF AUTO",2025-01-15T00:00:00.000,nypd_complaints,2025-01-15,Wednesday,0.0,1.0,5.0
300814340,40.112488604390656,-77.51985486639786,GRAND LARCENY,"LARCENY,GRAND FROM BUILDING (NON-RESIDENCE) UNATTENDED",2024-11-07T00:00:00.000,nypd_complaints,2024-11-07,Thursday,0.0,11.0,5.0
307375169,40.11248829640943,-77.51985531932904,ASSAULT 3 & RELATED OFFENSES,ASSAULT 3,2025-06-01T00:00:00.000,nypd_complaints,2025-06-01,Sunday,0.0,6.0,6.0
306730289,40.1124885733768,-77.51985502025593,DANGEROUS DRUGS,"CONTROLLED SUBSTANCE, POSSESSI",2025-05-20T00:00:00.000,nypd_complaints,2025-05-20,Tuesday,0.0,5.0,4.0
307534572,40.11248856027287,-77.51985450585649,SEX CRIMES,"SEXUAL ABUSE 3,2",2025-06-04T00:00:00.000,nypd_complaints,2025-06-04,Wednesday,0.0,6.0,8.0
302115079,40.11248852578975,-77.5198551120938,ASSAULT 3 & RELATED OFFENSES,ASSAULT 3,2025-03-05T00:00:00.000,nypd_complaints,2025-03-05,Wednesday,0.0,3.0,6.0
308483080,40.11248893448023,-77.5198545215824,DANGEROUS WEAPONS,"WEAPONS, POSSESSION, ETC",2025-06-22T00:00:00.000,nypd_complaints,2025-06-22,Sunday,0.0,6.0,7.0
304255766,40.11248849153436,-77.51985483540777,GRAND LARCENY,"LARCENY,GRAND BY THEFT OF CREDIT CARD",2025-04-03T00:00:00.000,nypd_complaints,2025-04-03,Thursday,0.0,4.0,5.0
301156627,40.11248894268142,-77.51985450402367,SEX CRIMES,"SEXUAL ABUSE 3,2",2024-12-07T00:00:00.000,nypd_complaints,2024-12-07,Saturday,0.0,12.0,8.0
308539208,40.11248834869402,-77.51985523674256,HARRASSMENT 2,"HARASSMENT,SUBD 3,4,5",2025-06-24T00:00:00.000,nypd_complaints,2025-06-24,Tuesday,0.0,6.0,3.0
304908041,40.11248882114241,-77.5198545815743,GRAND LARCENY,"LARCENY,GRAND BY BANK ACCT COMPROMISE-REPRODUCED CHECK",2025-04-16T00:00:00.000,nypd_complaints,2025-04-16,Wednesday,0.0,4.0,5.0
300744529,40.11248850881965,-77.51985499627794,GRAND LARCENY,"LARCENY,GRAND FROM STORE-SHOPL",2025-02-07T00:00:00.000,nypd_complaints,2025-02-07,Friday,0.0,2.0,5.0
304361885,40.11248836461754,-77.51985509634842,GRAND LARCENY,"LARCENY,GRAND FROM PERSON,UNCL",2025-04-07T00:00:00.000,nypd_complaints,2025-04-07,Monday,0.0,4.0,5.0
300986076,40.112488557983866,-77.5198551229925,FELONY ASSAULT,"ASSAULT 2,1,UNCLASSIFIED",2025-02-12T00:00:00.000,nypd_complaints,2025-02-12,Wednesday,0.0,2.0,8.0
308732191,40.11248887438704,-77.51985450591108,ROBBERY,"ROBBERY,PERSONAL ELECTRONIC DEVICE",2025-06-27T00:00:00.000,nypd_complaints,2025-06-27,Friday,0.0,6.0,7.0
301642812,40.11248833213022,-77.51985523422228,HARRASSMENT 2,"HARASSMENT,SUBD 3,4,5",2025-02-25T00:00:00.000,nypd_complaints,2025-02-25,Tuesday,0.0,2.0,3.0
299233360,40.11248890840736,-77.51985453136663,DANGEROUS DRUGS,"CONTROLLED SUBSTANCE,SALE 3",2025-01-10T00:00:00.000,nypd_complaints,2025-01-10,Friday,0.0,1.0,4.0
305140908,40.11248847129062,-77.5198545182638,GRAND LARCENY OF MOTOR VEHICLE,"LARCENY,GRAND OF AUTO",2025-04-15T00:00:00.000,nypd_complaints,2025-04-15,Tuesday,0.0,4.0,5.0
303043328,40.112488421264054,-77.51985513587293,HARRASSMENT 2,"HARASSMENT,SUBD 3,4,5",2025-03-17T00:00:00.000,nypd_complaints,2025-03-17,Monday,0.0,3.0,3.0
307801655,40.112488917795666,-77.51985451027747,DANGEROUS WEAPONS,"WEAPONS, POSSESSION, ETC",2025-06-09T00:00:00.000,nypd_complaints,2025-06-09,Monday,0.0,6.0,7.0
301947858,40.11248831526738,-77.51985504257979,ROBBERY,"ROBBERY,DWELLING",2025-03-02T00:00:00.000,nypd_complaints,2025-03-02,Sunday,0.0,3.0,7.0
303023861,40.112488855044184,-77.51985457299465,SEX CRIMES,"SEXUAL ABUSE 3,2",2025-02-26T00:00:00.000,nypd_complaints,2025-02-26,Wednesday,0.0,2.0,8.0
307004874,40.11248864786763,-77.51985454441927,SEX CRIMES,"SEXUAL ABUSE 3,2",2025-05-25T00:00:00.000,nypd_complaints,2025-05-25,Sunday,0.0,5.0,8.0
303322999,40.11248834014849,-77.5198552284489,ASSAULT 3 & RELATED OFFENSES,ASSAULT 3,2025-03-20T00:00:00.000,nypd_complaints,2025-03-20,Thursday,0.0,3.0,6.0
302039444,40.11248885639177,-77.51985455084214,DANGEROUS DRUGS,"CONTROLLED SUBSTANCE,SALE 3",2025-03-04T00:00:00.000,nypd_complaints,2025-03-04,Tuesday,0.0,3.0,4.0
306469147,40.112488691103366,-77.51985456659334,DANGEROUS DRUGS,"CONTROLLED SUBSTANCE,SALE 3",2025-05-15T00:00:00.000,nypd_complaints,2025-05-15,Thursday,0.0,5.0,4.0
306865376,40.11248859629662,-77.51985457774711,DANGEROUS DRUGS,"CONTROLLED SUBSTANCE,POSSESS.",2025-05-22T00:00:00.000,nypd_complaints,2025-05-22,Thursday,0.0,5.0,4.0
306041024,40.11248848741326,-77.51985499908193,HARRASSMENT 2,"HARASSMENT,SUBD 1,CIVILIAN",2025-05-06T00:00:00.000,nypd_complaints,2025-05-06,Tuesday,0.0,5.0,3.0
301586584,40.11248856188543,-77.51985498333917,HARRASSMENT 2,"HARASSMENT,SUBD 1,CIVILIAN",2025-02-24T00:00:00.000,nypd_complaints,2025-02-24,Monday,0.0,2.0,3.0
303577293,40.11248835322798,-77.51985514032114,BURGLARY,"BURGLARY,TRUCK NIGHT",2025-03-25T00:00:00.000,nypd_complaints,2025-03-25,Tuesday,0.0,3.0,6.0
298980156,40.11248830498403,-77.51985521668625,HARRASSMENT 2,"HARASSMENT,SUBD 3,4,5",2025-01-06T00:00:00.000,nypd_complaints,2025-01-06,Monday,0.0,1.0,3.0
304928565,40.1124885764498,-77.51985515181646,ASSAULT 3 & RELATED OFFENSES,ASSAULT 3,2025-04-17T00:00:00.000,nypd_complaints,2025-04-17,Thursday,0.0,4.0,6.0
306583492,40.112488855044184,-77.51985457299465,SEX CRIMES,"SEXUAL ABUSE 3,2",2025-04-22T00:00:00.000,nypd_complaints,2025-04-22,Tuesday,0.0,4.0,8.0
304520734,40.112488404443816,-77.51985494694468,CRIMINAL TRESPASS,"TRESPASS 3, CRIMINAL",2025-03-30T00:00:00.000,nypd_complaints,2025-03-30,Sunday,0.0,3.0,3.0
305695592,40.11248848155906,-77.5198551259925,FELONY ASSAULT,"ASSAULT 2,1,UNCLASSIFIED",2025-05-01T00:00:00.000,nypd_complaints,2025-05-01,Thursday,0.0,5.0,8.0
302998065,40.11248888195401,-77.51985458023259,DANGEROUS DRUGS,"CONTROLLED SUBSTANCE,POSSESS.",2025-03-17T00:00:00.000,nypd_complaints,2025-03-17,Monday,0.0,3.0,4.0
299334147,40.11248856337757,-77.51985513327497,ASSAULT 3 & RELATED OFFENSES,ASSAULT 3,2025-01-12T00:00:00.000,nypd_complaints,2025-01-12,Sunday,0.0,1.0,6.0
306800066,40.11248884829772,-77.51985453999062,DANGEROUS DRUGS,"CONTROLLED SUBSTANCE,SALE 3",2025-05-21T00:00:00.000,nypd_complaints,2025-05-21,Wednesday,0.0,5.0,4.0
300737714,40.11248833905788,-77.5198552132325,HARRASSMENT 2,"HARASSMENT,SUBD 1,CIVILIAN",2025-02-07T00:00:00.000,nypd_complaints,2025-02-07,Friday,0.0,2.0,3.0
304929229,40.11248891009533,-77.51985453702575,RAPE,RAPE 3,2025-04-16T00:00:00.000,nypd_complaints,2025-04-16,Wednesday,0.0,4.0,9.0
305616202,40.112488323524204,-77.51985530192943,HARRASSMENT 2,"HARASSMENT,SUBD 3,4,5",2025-04-24T00:00:00.000,nypd_complaints,2025-04-24,Thursday,0.0,4.0,3.0
305836310,40.112488568506706,-77.5198550702552,FELONY ASSAULT,"ASSAULT 2,1,UNCLASSIFIED",2025-05-04T00:00:00.000,nypd_complaints,2025-05-04,Sunday,0.0,5.0,8.0
305143401,40.112488541078434,-77.51985516393219,GRAND LARCENY,"LARCENY,GRAND FROM STORE-SHOPL",2025-04-22T00:00:00.000,nypd_complaints,2025-04-22,Tuesday,0.0,4.0,5.0
306151449,40.112488814865934,-77.51985450936695,DANGEROUS WEAPONS,"WEAPONS, POSSESSION, ETC",2025-05-09T00:00:00.000,nypd_complaints,2025-05-09,Friday,0.0,5.0,7.0
303405868,40.11248881580233,-77.51985455246805,GRAND LARCENY,"LARCENY,GRAND FROM NIGHT CLUB, UNATTENDED",2025-03-22T00:00:00.000,nypd_complaints,2025-03-22,Saturday,0.0,3.0,5.0
304144568,40.11248891341091,-77.51985453349668,DANGEROUS WEAPONS,"WEAPONS, POSSESSION, ETC",2025-04-03T00:00:00.000,nypd_complaints,2025-04-03,Thursday,0.0,4.0,7.0
300384929,40.11248834434932,-77.519855238397,GRAND LARCENY,"LARCENY,GRAND BY CREDIT CARD ACCT COMPROMISE-EXISTING ACCT",2024-10-10T00:00:00.000,nypd_complaints,2024-10-10,Thursday,0.0,10.0,5.0
305323169,40.112488323985225,-77.51985529046513,GRAND LARCENY,"LARCENY,GRAND FROM VEHICLE/MOTORCYCLE",2025-04-25T00:00:00.000,nypd_complaints,2025-04-25,Friday,0.0,4.0,5.0
299910569,40.11248821962795,-77.51985541399942,SEX CRIMES,"SEXUAL ABUSE 3,2",2025-01-13T00:00:00.000,nypd_complaints,2025-01-13,Monday,0.0,1.0,8.0
299123998,40.112488314034394,-77.51985514650862,FELONY ASSAULT,"ASSAULT 2,1,UNCLASSIFIED",2025-01-08T00:00:00.000,nypd_complaints,2025-01-08,Wednesday,0.0,1.0,8.0
301557745,40.11248852250231,-77.51985450852314,DANGEROUS WEAPONS,"WEAPONS, POSSESSION, ETC",2025-02-23T00:00:00.000,nypd_complaints,2025-02-23,Sunday,0.0,2.0,7.0
303569516,40.11248827891536,-77.51985511307382,CRIMINAL TRESPASS,"TRESPASS 2, CRIMINAL",2025-03-24T00:00:00.000,nypd_complaints,2025-03-24,Monday,0.0,3.0,3.0
306821160,40.11248869488443,-77.51985457128148,CRIMINAL TRESPASS,"TRESPASS 3, CRIMINAL",2025-05-21T00:00:00.000,nypd_complaints,2025-05-21,Wednesday,0.0,5.0,3.0
308587821,40.11248857475775,-77.51985501405271,DANGEROUS DRUGS,"CONTROLLED SUBSTANCE, POSSESSI",2025-06-25T00:00:00.000,nypd_complaints,2025-06-25,Wednesday,0.0,6.0,4.0
306006875,40.112488488679695,-77.51985514502735,GRAND LARCENY,"LARCENY,GRAND BY BANK ACCT COMPROMISE-TELLER",2025-05-01T00:00:00.000,nypd_complaints,2025-05-01,Thursday,0.0,5.0,5.0
299268499,40.11248856100588,-77.51985504600542,GRAND LARCENY,"LARCENY,GRAND BY BANK ACCT COMPROMISE-UNCLASSIFIED",2024-12-26T00:00:00.000,nypd_complaints,2024-12-26,Thursday,0.0,12.0,5.0
300293757,40.11248864786763,-77.51985454441927,SEX CRIMES,"SEXUAL ABUSE 3,2",2025-01-26T00:00:00.000,nypd_complaints,2025-01-26,Sunday,0.0,1.0,8.0
306252821,40.11248855343489,-77.51985511827127,FELONY ASSAULT,"ASSAULT 2,1,UNCLASSIFIED",2025-05-12T00:00:00.000,nypd_complaints,2025-05-12,Monday,0.0,5.0,8.0
301238763,40.11248856641907,-77.5198546250237,GRAND LARCENY,"LARCENY,GRAND FROM RESIDENCE/BUILDING,UNATTENDED, PACKAGE THEFT INSIDE",2025-02-08T00:00:00.000,nypd_complaints,2025-02-08,Saturday,0.0,2.0,5.0
300052641,40.11248857953561,-77.5198546240647,BURGLARY,"BURGLARY,COMMERCIAL,DAY",2025-01-26T00:00:00.000,nypd_complaints,2025-01-26,Sunday,0.0,1.0,6.0
299160777,40.11248857630654,-77.51985496361118,FELONY ASSAULT,"ASSAULT 2,1,UNCLASSIFIED",2025-01-07T00:00:00.000,nypd_complaints,2025-01-07,Tuesday,0.0,1.0,8.0
298756979,40.11248878265232,-77.51985459177465,CRIMINAL TRESPASS,"TRESPASS 3, CRIMINAL",2025-01-02T00:00:00.000,nypd_complaints,2025-01-02,Thursday,0.0,1.0,3.0
305269762,40.112488829820904,-77.51985457372457,DANGEROUS WEAPONS,"WEAPONS, POSSESSION, ETC",2025-04-24T00:00:00.000,nypd_complaints,2025-04-24,Thursday,0.0,4.0,7.0
307089786,40.112488335539354,-77.5198551785114,DANGEROUS DRUGS,"CONTROLLED SUBSTANCE,SALE 2",2025-05-27T00:00:00.000,nypd_complaints,2025-05-27,Tuesday,0.0,5.0,4.0
305159831,40.112488406209046,-77.51985490913138,SEX CRIMES,"SEXUAL ABUSE 3,2",2025-04-09T00:00:00.000,nypd_complaints,2025-04-09,Wednesday,0.0,4.0,8.0
301782846,40.11248875173082,-77.5198545160503,ROBBERY,"ROBBERY,PERSONAL ELECTRONIC DEVICE",2025-02-27T00:00:00.000,nypd_complaints,2025-02-27,Thursday,0.0,2.0,7.0
308445482,40.11248853508368,-77.51985456806239,CRIMINAL TRESPASS,"TRESPASS 2, CRIMINAL",2025-06-21T00:00:00.000,nypd_complaints,2025-06-21,Saturday,0.0,6.0,3.0
304349572,40.11248844506459,-77.51985489407677,FELONY ASSAULT,"ASSAULT 2,1,UNCLASSIFIED",2025-04-07T00:00:00.000,nypd_complaints,2025-04-07,Monday,0.0,4.0,8.0
300412036,40.11248881361978,-77.51985451015318,ROBBERY,"ROBBERY,PERSONAL ELECTRONIC DEVICE",2025-02-02T00:00:00.000,nypd_complaints,2025-02-02,Sunday,0.0,2.0,7.0
308209352,40.112488507334625,-77.51985487022814,GRAND LARCENY,"LARCENY,GRAND BY FALSE PROMISE-IN PERSON CONTACT",2025-06-16T00:00:00.000,nypd_complaints,2025-06-16,Monday,0.0,6.0,5.0
299458169,40.11248854798801,-77.51985504261177,GRAND LARCENY OF MOTOR VEHICLE,"LARCENY,GRAND OF AUTO",2025-01-15T00:00:00.000,nypd_complaints,2025-01-15,Wednesday,0.0,1.0,5.0
300943325,40.11248891836508,-77.51985453560597,DANGEROUS WEAPONS,"WEAPONS, POSSESSION, ETC",2025-02-11T00:00:00.000,nypd_complaints,2025-02-11,Tuesday,0.0,2.0,7.0
307623405,40.11248847564902,-77.5198548556709,ASSAULT 3 & RELATED OFFENSES,"MENACING,UNCLASSIFIED",2024-09-01T00:00:00.000,nypd_complaints,2024-09-01,Sunday,0.0,9.0,6.0
308633071,40.112488855044184,-77.51985457299465,SEX CRIMES,"SEXUAL ABUSE 3,2",2025-06-21T00:00:00.000,nypd_complaints,2025-06-21,Saturday,0.0,6.0,8.0
299674415,40.1124886016711,-77.51985485269188,CRIMINAL TRESPASS,"TRESPASS 2, CRIMINAL",2025-01-18T00:00:00.000,nypd_complaints,2025-01-18,Saturday,0.0,1.0,3.0
308336574,40.112488734083584,-77.5198544978278,DANGEROUS WEAPONS,"WEAPONS, POSSESSION, ETC",2025-06-19T00:00:00.000,nypd_complaints,2025-06-19,Thursday,0.0,6.0,7.0
308405144,40.11248879284734,-77.51985452579187,GRAND LARCENY,"LARCENY,GRAND OF VEHICULAR/MOTORCYCLE ACCESSORIES",2025-06-19T00:00:00.000,nypd_complaints,2025-06-19,Thursday,0.0,6.0,5.0
300339575,40.11248849712562,-77.51985457978864,GRAND LARCENY OF MOTOR VEHICLE,"LARCENY,GRAND OF AUTO",2025-01-30T00:00:00.000,nypd_complaints,2025-01-30,Thursday,0.0,1.0,5.0
304068902,40.11248846716768,-77.51985512028362,BURGLARY,"BURGLARY,RESIDENCE,DAY",2025-04-02T00:00:00.000,nypd_complaints,2025-04-02,Wednesday,0.0,4.0,6.0
301243710,40.112488421264054,-77.51985513587293,ASSAULT 3 & RELATED OFFENSES,OBSTR BREATH/CIRCUL,2025-02-17T00:00:00.000,nypd_complaints,2025-02-17,Monday,0.0,2.0,6.0
301678037,40.112488430557974,-77.51985510559376,HARRASSMENT 2,"HARASSMENT,SUBD 1,CIVILIAN",2024-08-15T00:00:00.000,nypd_complaints,2024-08-15,Thursday,0.0,8.0,3.0
306671381,40.11248892951438,-77.51985453882652,GRAND LARCENY,"LARCENY,GRAND BY THEFT OF CREDIT CARD",2025-05-19T00:00:00.000,nypd_complaints,2025-05-19,Monday,0.0,5.0,5.0
298853839,40.11248879162376,-77.51985455332722,GRAND LARCENY,"LARCENY,GRAND BY THEFT OF CREDIT CARD",2024-12-18T00:00:00.000,nypd_complaints,2024-12-18,Wednesday,0.0,12.0,5.0
308878352,40.112488195062255,-77.51985539489563,FELONY ASSAULT,STRANGULATION 1ST,2025-06-30T00:00:00.000,nypd_complaints,2025-06-30,Monday,0.0,6.0,8.0
300185401,40.11248894268142,-77.51985450402367,SEX CRIMES,"SEXUAL ABUSE 3,2",2025-01-25T00:00:00.000,nypd_complaints,2025-01-25,Saturday,0.0,1.0,8.0
299193908,40.11248857368325,-77.51985494937578,DANGEROUS DRUGS,"CONTROLLED SUBSTANCE, POSSESSI",2025-01-10T00:00:00.000,nypd_complaints,2025-01-10,Friday,0.0,1.0,4.0
302732537,40.11248840990031,-77.5198551373602,ASSAULT 3 & RELATED OFFENSES,ASSAULT 3,2025-03-13T00:00:00.000,nypd_complaints,2025-03-13,Thursday,0.0,3.0,6.0
300962478,40.11248857946926,-77.51985481122858,ROBBERY,"ROBBERY,PERSONAL ELECTRONIC DEVICE",2025-01-17T00:00:00.000,nypd_complaints,2025-01-17,Friday,0.0,1.0,7.0
300250768,40.1124886016711,-77.51985485269188,CRIMINAL TRESPASS,"TRESPASS 2, CRIMINAL",2025-01-29T00:00:00.000,nypd_complaints,2025-01-29,Wednesday,0.0,1.0,3.0
307660030,40.11248891009533,-77.51985453702575,SEX CRIMES,"SEXUAL ABUSE 3,2",2025-06-06T00:00:00.000,nypd_complaints,2025-06-06,Friday,0.0,6.0,8.0
299403377,40.112488623945566,-77.5198545679605,ROBBERY,"ROBBERY,DWELLING",2025-01-14T00:00:00.000,nypd_complaints,2025-01-14,Tuesday,0.0,1.0,7.0
307603963,40.1124887367953,-77.51985450821273,DANGEROUS WEAPONS,"WEAPONS, POSSESSION, ETC",2025-06-05T00:00:00.000,nypd_complaints,2025-06-05,Thursday,0.0,6.0,7.0
304962913,40.112488673226714,-77.51985451370348,GRAND LARCENY OF MOTOR VEHICLE,"LARCENY, GRAND OF MOPED",2025-04-18T00:00:00.000,nypd_complaints,2025-04-18,Friday,0.0,4.0,5.0
305344689,40.1124885479051,-77.51985453973181,BURGLARY,"BURGLARY,UNCLASSIFIED,NIGHT",2025-04-25T00:00:00.000,nypd_complaints,2025-04-25,Friday,0.0,4.0,6.0
299934522,40.112488239064064,-77.51985536082383,ROBBERY,"ROBBERY,BEGIN AS SHOPLIFTING",2025-01-23T00:00:00.000,nypd_complaints,2025-01-23,Thursday,0.0,1.0,7.0
307878608,40.112488539917905,-77.51985512713061,HARRASSMENT 2,"HARASSMENT,SUBD 3,4,5",2025-06-07T00:00:00.000,nypd_complaints,2025-06-07,Saturday,0.0,6.0,3.0
299580039,40.112488739747555,-77.51985451758384,DANGEROUS WEAPONS,"WEAPONS, POSSESSION, ETC",2025-01-16T00:00:00.000,nypd_complaints,2025-01-16,Thursday,0.0,1.0,7.0
306344562,40.112488788172755,-77.51985457321041,ROBBERY,"ROBBERY,PERSONAL ELECTRONIC DEVICE",2025-05-13T00:00:00.000,nypd_complaints,2025-05-13,Tuesday,0.0,5.0,7.0
301642768,40.112488601665596,-77.51985460208442,DANGEROUS WEAPONS,"WEAPONS, POSSESSION, ETC",2025-02-25T00:00:00.000,nypd_complaints,2025-02-25,Tuesday,0.0,2.0,7.0
308874397,40.112488794452574,-77.51985457399424,GRAND LARCENY,"LARCENY,GRAND BY THEFT OF CREDIT CARD",2025-06-30T00:00:00.000,nypd_complaints,2025-06-30,Monday,0.0,6.0,5.0
308312899,40.11248826284867,-77.51985524270906,BURGLARY,"BURGLARY,COMMERCIAL,NIGHT",2025-06-19T00:00:00.000,nypd_complaints,2025-06-19,Thursday,0.0,6.0,6.0
298799220,40.11248856027287,-77.51985450585649,SEX CRIMES,"SEXUAL ABUSE 3,2",2025-01-01T00:00:00.000,nypd_complaints,2025-01-01,Wednesday,0.0,1.0,8.0
303561372,40.11248846559893,-77.51985513061298,HARRASSMENT 2,"HARASSMENT,SUBD 3,4,5",2025-03-23T00:00:00.000,nypd_complaints,2025-03-23,Sunday,0.0,3.0,3.0
303801116,40.112488528935124,-77.51985512188287,ASSAULT 3 & RELATED OFFENSES,ASSAULT 3,2025-03-27T00:00:00.000,nypd_complaints,2025-03-27,Thursday,0.0,3.0,6.0
300941144,40.112488918039254,-77.51985452300912,DANGEROUS WEAPONS,"WEAPONS, POSSESSION, ETC",2025-02-11T00:00:00.000,nypd_complaints,2025-02-11,Tuesday,0.0,2.0,7.0
306578698,40.11248847072143,-77.51985501672678,ASSAULT 3 & RELATED OFFENSES,"MENACING,UNCLASSIFIED",2025-05-17T00:00:00.000,nypd_complaints,2025-05-17,Saturday,0.0,5.0,6.0
299411459,40.11248869679843,-77.51985457646582,GRAND LARCENY,"LARCENY,GRAND BY THEFT OF CREDIT CARD",2025-01-08T00:00:00.000,nypd_complaints,2025-01-08,Wednesday,0.0,1.0,5.0
306214782,40.11248890355535,-77.51985452268096,ROBBERY,"ROBBERY,PERSONAL ELECTRONIC DEVICE",2025-05-11T00:00:00.000,nypd_complaints,2025-05-11,Sunday,0.0,5.0,7.0
299312180,40.112488544054365,-77.5198551221665,GRAND LARCENY,"LARCENY,GRAND FROM STORE-SHOPL",2025-01-11T00:00:00.000,nypd_complaints,2025-01-11,Saturday,0.0,1.0,5.0
306971042,40.11248853976648,-77.51985483257732,ROBBERY,"ROBBERY,PERSONAL ELECTRONIC DEVICE",2025-05-24T00:00:00.000,nypd_complaints,2025-05-24,Saturday,0.0,5.0,7.0
306032040,40.11248869873633,-77.51985458301097,BURGLARY,"BURGLARY,UNCLASSIFIED,NIGHT",2025-05-07T00:00:00.000,nypd_complaints,2025-05-07,Wednesday,0.0,5.0,6.0
300444189,40.112488346552446,-77.51985528316018,HARRASSMENT 2,"HARASSMENT,SUBD 3,4,5",2025-02-02T00:00:00.000,nypd_complaints,2025-02-02,Sunday,0.0,2.0,3.0
299243962,40.112488555422786,-77.51985511670094,ASSAULT 3 & RELATED OFFENSES,ASSAULT 3,2025-01-11T00:00:00.000,nypd_complaints,2025-01-11,Saturday,0.0,1.0,6.0
299238832,40.11248834633307,-77.51985509688654,ASSAULT 3 & RELATED OFFENSES,ASSAULT 3,2025-01-10T00:00:00.000,nypd_complaints,2025-01-10,Friday,0.0,1.0,6.0
306970961,40.11248891341091,-77.51985453349668,DANGEROUS DRUGS,"CONTROLLED SUBSTANCE,SALE 3",2025-05-24T00:00:00.000,nypd_complaints,2025-05-24,Saturday,0.0,5.0,4.0
300558900,40.11248879206874,-77.51985460458872,GRAND LARCENY,"LARCENY,GRAND FROM BUILDING (NON-RESIDENCE) UNATTENDED",2025-02-04T00:00:00.000,nypd_complaints,2025-02-04,Tuesday,0.0,2.0,5.0
307365844,40.11248821640973,-77.51985534629941,HARRASSMENT 2,"HARASSMENT,SUBD 3,4,5",2024-11-26T00:00:00.000,nypd_complaints,2024-11-26,Tuesday,0.0,11.0,3.0
307541396,40.1124885693041,-77.51985504202106,ROBBERY,"ROBBERY,OPEN AREA UNCLASSIFIED",2025-06-04T00:00:00.000,nypd_complaints,2025-06-04,Wednesday,0.0,6.0,7.0
304993418,40.112488304809084,-77.51985515899165,ASSAULT 3 & RELATED OFFENSES,ASSAULT 3,2025-04-19T00:00:00.000,nypd_complaints,2025-04-19,Saturday,0.0,4.0,6.0
299010770,40.11248857709883,-77.51985501705903,BURGLARY,"BURGLARY,COMMERCIAL,NIGHT",2025-01-07T00:00:00.000,nypd_complaints,2025-01-07,Tuesday,0.0,1.0,6.0
303087447,40.11248888706153,-77.51985454995558,GRAND LARCENY,"LARCENY,GRAND BY THEFT OF CREDIT CARD",2025-03-18T00:00:00.000,nypd_complaints,2025-03-18,Tuesday,0.0,3.0,5.0
305276025,40.112488312254186,-77.51985516493428,HARRASSMENT 2,"HARASSMENT,SUBD 3,4,5",2025-04-24T00:00:00.000,nypd_complaints,2025-04-24,Thursday,0.0,4.0,3.0
304985557,40.1124889201093,-77.51985453405695,GRAND LARCENY,"LARCENY,GRAND BY THEFT OF CREDIT CARD",2025-04-19T00:00:00.000,nypd_complaints,2025-04-19,Saturday,0.0,4.0,5.0
302077828,40.11248829693298,-77.51985523633633,BURGLARY,"BURGLARY,RESIDENCE,NIGHT",2025-03-05T00:00:00.000,nypd_complaints,2025-03-05,Wednesday,0.0,3.0,6.0
302291288,40.11248891009533,-77.51985453702575,SEX CRIMES,"SEXUAL ABUSE 3,2",2025-03-09T00:00:00.000,nypd_complaints,2025-03-09,Sunday,0.0,3.0,8.0
298778847,40.11248847192227,-77.51985522308769,GRAND LARCENY,"LARCENY,GRAND FROM BUILDING (NON-RESIDENCE) UNATTENDED",2025-01-02T00:00:00.000,nypd_complaints,2025-01-02,Thursday,0.0,1.0,5.0
308050800,40.11248822071916,-77.51985541545926,HARRASSMENT 2,"HARASSMENT,SUBD 3,4,5",2025-06-11T00:00:00.000,nypd_complaints,2025-06-11,Wednesday,0.0,6.0,3.0
308853156,40.112488486402356,-77.51985495173714,GRAND LARCENY,"LARCENY,GRAND BY BANK ACCT COMPROMISE-UNCLASSIFIED",2025-06-02T00:00:00.000,nypd_complaints,2025-06-02,Monday,0.0,6.0,5.0
301592382,40.1124887982514,-77.51985456523445,ROBBERY,"ROBBERY,PERSONAL ELECTRONIC DEVICE",2025-02-24T00:00:00.000,nypd_complaints,2025-02-24,Monday,0.0,2.0,7.0
303759016,40.1124886179892,-77.5198546060004,ROBBERY,"ROBBERY,PERSONAL ELECTRONIC DEVICE",2025-03-27T00:00:00.000,nypd_complaints,2025-03-27,Thursday,0.0,3.0,7.0
307092335,40.112488535332865,-77.51985513345586,GRAND LARCENY,"LARCENY,GRAND BY BANK ACCT COMPROMISE-UNCLASSIFIED",2025-04-29T00:00:00.000,nypd_complaints,2025-04-29,Tuesday,0.0,4.0,5.0
305504048,40.11248853571347,-77.51985507084576,DANGEROUS DRUGS,"CONTROLLED SUBSTANCE, SALE 5",2025-04-29T00:00:00.000,nypd_complaints,2025-04-29,Tuesday,0.0,4.0,4.0
301565686,40.112488876683635,-77.51985456550932,ROBBERY,"ROBBERY,PERSONAL ELECTRONIC DEVICE",2025-02-24T00:00:00.000,nypd_complaints,2025-02-24,Monday,0.0,2.0,7.0
308045638,40.11248882874659,-77.51985453279512,GRAND LARCENY,"LARCENY,GRAND BY THEFT OF CREDIT CARD",2025-06-10T00:00:00.000,nypd_complaints,2025-06-10,Tuesday,0.0,6.0,5.0
300347683,40.112488636848674,-77.51985456377028,GRAND LARCENY OF MOTOR VEHICLE,"LARCENY,GRAND OF AUTO",2025-01-30T00:00:00.000,nypd_complaints,2025-01-30,Thursday,0.0,1.0,5.0
303708750,40.1124883588837,-77.51985519106121,HARRASSMENT 2,"HARASSMENT,SUBD 3,4,5",2025-01-26T00:00:00.000,nypd_complaints,2025-01-26,Sunday,0.0,1.0,3.0
304204183,40.11248881641579,-77.51985456650024,GRAND LARCENY,"LARCENY,GRAND FROM PERSON,UNCL",2025-03-30T00:00:00.000,nypd_complaints,2025-03-30,Sunday,0.0,3.0,5.0
304620029,40.11248885801116,-77.5198545524528,GRAND LARCENY,"LARCENY,GRAND FROM NIGHT CLUB, UNATTENDED",2025-04-12T00:00:00.000,nypd_complaints,2025-04-12,Saturday,0.0,4.0,5.0
299749393,40.11248891009533,-77.51985453702575,SEX CRIMES,"SEXUAL ABUSE 3,2",2025-01-16T00:00:00.000,nypd_complaints,2025-01-16,Thursday,0.0,1.0,8.0
308300049,40.112488584161326,-77.51985454906996,ROBBERY,"ROBBERY,PERSONAL ELECTRONIC DEVICE",2025-05-23T00:00:00.000,nypd_complaints,2025-05-23,Friday,0.0,5.0,7.0
302363534,40.11248854196022,-77.51985509014078,DANGEROUS DRUGS,"CONTROLLED SUBSTANCE,POSSESS.",2025-03-10T00:00:00.000,nypd_complaints,2025-03-10,Monday,0.0,3.0,4.0
300492314,40.11248857449128,-77.51985513330236,HARRASSMENT 2,"HARASSMENT,SUBD 3,4,5",2025-02-03T00:00:00.000,nypd_complaints,2025-02-03,Monday,0.0,2.0,3.0
303653520,40.112488306657504,-77.5198551793819,DANGEROUS DRUGS,"CONTROLLED SUBSTANCE,INTENT TO",2025-03-26T00:00:00.000,nypd_complaints,2025-03-26,Wednesday,0.0,3.0,4.0
305870502,40.112488494904994,-77.51985484350558,FELONY ASSAULT,"ASSAULT 2,1,UNCLASSIFIED",2025-05-05T00:00:00.000,nypd_complaints,2025-05-05,Monday,0.0,5.0,8.0
300533167,40.11248844745635,-77.51985521510173,ASSAULT 3 & RELATED OFFENSES,ASSAULT 3,2025-01-27T00:00:00.000,nypd_complaints,2025-01-27,Monday,0.0,1.0,6.0
299506651,40.1124887802453,-77.51985456890682,DANGEROUS DRUGS,"CONTROLLED SUBSTANCE,SALE 1",2024-09-18T00:00:00.000,nypd_complaints,2024-09-18,Wednesday,0.0,9.0,4.0
307387504,40.11248857833634,-77.51985495997147,HARRASSMENT 2,"HARASSMENT,SUBD 1,CIVILIAN",2025-06-01T00:00:00.000,nypd_complaints,2025-06-01,Sunday,0.0,6.0,3.0
305024262,40.11248855295576,-77.51985509392405,ASSAULT 3 & RELATED OFFENSES,"MENACING,UNCLASSIFIED",2025-04-19T00:00:00.000,nypd_complaints,2025-04-19,Saturday,0.0,4.0,6.0
307274031,40.1124883562054,-77.51985499990387,HARRASSMENT 2,"HARASSMENT,SUBD 1,CIVILIAN",2025-05-30T00:00:00.000,nypd_complaints,2025-05-30,Friday,0.0,5.0,3.0
308755071,40.112488357897846,-77.51985515331708,ASSAULT 3 & RELATED OFFENSES,ASSAULT 3,2025-06-27T00:00:00.000,nypd_complaints,2025-06-27,Friday,0.0,6.0,6.0
306238782,40.11248853088801,-77.51985513096908,HARRASSMENT 2,"HARASSMENT,SUBD 3,4,5",2025-04-17T00:00:00.000,nypd_complaints,2025-04-17,Thursday,0.0,4.0,3.0
304341391,40.112488793155194,-77.51985458788745,GRAND LARCENY,"LARCENY,GRAND BY THEFT OF CREDIT CARD",2025-04-07T00:00:00.000,nypd_complaints,2025-04-07,Monday,0.0,4.0,5.0
305570330,40.112488557983866,-77.5198551229925,HARRASSMENT 2,"HARASSMENT,SUBD 3,4,5",2025-04-30T00:00:00.000,nypd_complaints,2025-04-30,Wednesday,0.0,4.0,3.0
307734474,40.11248877392773,-77.51985460172466,GRAND LARCENY,"LARCENY,GRAND BY THEFT OF CREDIT CARD",2025-06-07T00:00:00.000,nypd_complaints,2025-06-07,Saturday,0.0,6.0,5.0
307721991,40.112488292851495,-77.51985509099127,HARRASSMENT 2,"HARASSMENT,SUBD 1,CIVILIAN",2025-06-07T00:00:00.000,nypd_complaints,2025-06-07,Saturday,0.0,6.0,3.0
306671278,40.112488781790205,-77.51985455614685,GRAND LARCENY,"LARCENY,GRAND FROM NIGHT CLUB, UNATTENDED",2025-05-17T00:00:00.000,nypd_complaints,2025-05-17,Saturday,0.0,5.0,5.0
307233202,40.112488544054365,-77.5198551221665,ROBBERY,"ROBBERY,BODEGA/CONVENIENCE STORE",2025-05-04T00:00:00.000,nypd_complaints,2025-05-04,Sunday,0.0,5.0,7.0
301794161,40.112488506431,-77.51985454124612,DANGEROUS WEAPONS,"WEAPONS, POSSESSION, ETC",2025-02-27T00:00:00.000,nypd_complaints,2025-02-27,Thursday,0.0,2.0,7.0
302219420,40.11248891168653,-77.51985453498422,GRAND LARCENY,"LARCENY,GRAND BY THEFT OF CREDIT CARD",2025-03-06T00:00:00.000,nypd_complaints,2025-03-06,Thursday,0.0,3.0,5.0
308288133,40.112488543476275,-77.51985511162262,DANGEROUS WEAPONS,WEAPONS POSSESSION 3,2025-06-18T00:00:00.000,nypd_complaints,2025-06-18,Wednesday,0.0,6.0,7.0
303881067,40.112488340333535,-77.51985511005725,HARRASSMENT 2,"HARASSMENT,SUBD 1,CIVILIAN",2025-03-30T00:00:00.000,nypd_complaints,2025-03-30,Sunday,0.0,3.0,3.0
304928569,40.112488283576596,-77.51985525209501,HARRASSMENT 2,"HARASSMENT,SUBD 3,4,5",2025-04-17T00:00:00.000,nypd_complaints,2025-04-17,Thursday,0.0,4.0,3.0
305015638,40.11248856343882,-77.51985510414744,ASSAULT 3 & RELATED OFFENSES,ASSAULT 3,2025-04-19T00:00:00.000,nypd_complaints,2025-04-19,Saturday,0.0,4.0,6.0
305315355,40.11248860248759,-77.5198546010911,CRIMINAL TRESPASS,"TRESPASS 3, CRIMINAL",2025-04-25T00:00:00.000,nypd_complaints,2025-04-25,Friday,0.0,4.0,3.0
300905481,40.11248851917878,-77.51985483920593,FELONY ASSAULT,"ASSAULT 2,1,UNCLASSIFIED",2025-02-11T00:00:00.000,nypd_complaints,2025-02-11,Tuesday,0.0,2.0,8.0
299284545,40.11248890561013,-77.51985453382525,ROBBERY,"ROBBERY,PERSONAL ELECTRONIC DEVICE",2025-01-12T00:00:00.000,nypd_complaints,2025-01-12,Sunday,0.0,1.0,7.0
308403510,40.11248858198009,-77.51985484077345,HARRASSMENT 2,"HARASSMENT,SUBD 1,CIVILIAN",2025-06-20T00:00:00.000,nypd_complaints,2025-06-20,Friday,0.0,6.0,3.0
306362584,40.11248835568218,-77.51985514117595,GRAND LARCENY,"LARCENY,GRAND FROM RESIDENCE, UNATTENDED",2025-05-10T00:00:00.000,nypd_complaints,2025-05-10,Saturday,0.0,5.0,5.0
308122516,40.11248844655352,-77.51985520430306,FELONY ASSAULT,"ASSAULT 2,1,UNCLASSIFIED",2025-06-15T00:00:00.000,nypd_complaints,2025-06-15,Sunday,0.0,6.0,8.0
298887461,40.11248880029337,-77.5198545847438,DANGEROUS DRUGS,"CONTROLLED SUBSTANCE,POSSESS.",2025-01-04T00:00:00.000,nypd_complaints,2025-01-04,Saturday,0.0,1.0,4.0
305413716,40.11248887324987,-77.51985458223838,GRAND LARCENY,"LARCENY,GRAND BY THEFT OF CREDIT CARD",2025-04-27T00:00:00.000,nypd_complaints,2025-04-27,Sunday,0.0,4.0,5.0
301990076,40.112488284828075,-77.51985514569843,HARRASSMENT 2,"HARASSMENT,SUBD 1,CIVILIAN",2025-02-28T00:00:00.000,nypd_complaints,2025-02-28,Friday,0.0,2.0,3.0
305300850,40.112488421264054,-77.51985513587293,ASSAULT 3 & RELATED OFFENSES,ASSAULT 3,2025-04-24T00:00:00.000,nypd_complaints,2025-04-24,Thursday,0.0,4.0,6.0
303700016,40.11248847569715,-77.51985482358738,DANGEROUS DRUGS,"DRUG PARAPHERNALIA,   POSSESSE",2025-03-27T00:00:00.000,nypd_complaints,2025-03-27,Thursday,0.0,3.0,4.0
306546634,40.11248825420008,-77.51985531758038,GRAND LARCENY,"LARCENY,GRAND BY EXTORTION",2025-05-15T00:00:00.000,nypd_complaints,2025-05-15,Thursday,0.0,5.0,5.0
308163574,40.11248887324987,-77.51985458223838,GRAND LARCENY,"LARCENY,GRAND BY ACQUIRING LOS",2025-06-11T00:00:00.000,nypd_complaints,2025-06-11,Wednesday,0.0,6.0,5.0
302337683,40.11248829139961,-77.5198551803862,ASSAULT 3 & RELATED OFFENSES,ASSAULT 3,2025-03-10T00:00:00.000,nypd_complaints,2025-03-10,Monday,0.0,3.0,6.0
304274491,40.1124885764498,-77.51985515181646,HARRASSMENT 2,"HARASSMENT,SUBD 3,4,5",2025-04-05T00:00:00.000,nypd_complaints,2025-04-05,Saturday,0.0,4.0,3.0
303620833,40.11248861250497,-77.51985456980152,DANGEROUS DRUGS,"CONTROLLED SUBSTANCE,SALE 3",2025-03-25T00:00:00.000,nypd_complaints,2025-03-25,Tuesday,0.0,3.0,4.0
306274447,40.11248839196001,-77.51985501132532,GRAND LARCENY,"LARCENY,GRAND BY BANK ACCT COMPROMISE-REPRODUCED CHECK",2025-05-03T00:00:00.000,nypd_complaints,2025-05-03,Saturday,0.0,5.0,5.0
307795267,40.11248823106101,-77.51985537642632,ASSAULT 3 & RELATED OFFENSES,ASSAULT 3,2025-06-05T00:00:00.000,nypd_complaints,2025-06-05,Thursday,0.0,6.0,6.0
304617798,40.11248849578673,-77.5198551346016,FELONY ASSAULT,"ASSAULT 2,1,UNCLASSIFIED",2025-04-10T00:00:00.000,nypd_complaints,2025-04-10,Thursday,0.0,4.0,8.0
308506870,40.11248891009533,-77.51985453702575,SEX CRIMES,"SEXUAL ABUSE 3,2",2025-06-18T00:00:00.000,nypd_complaints,2025-06-18,Wednesday,0.0,6.0,8.0
300469375,40.11248843541862,-77.51985511178749,HARRASSMENT 2,"HARASSMENT,SUBD 3,4,5",2025-02-01T00:00:00.000,nypd_complaints,2025-02-01,Saturday,0.0,2.0,3.0
308594278,40.11248891009533,-77.51985453702575,SEX CRIMES,"SEXUAL ABUSE 3,2",2025-06-24T00:00:00.000,nypd_complaints,2025-06-24,Tuesday,0.0,6.0,8.0
308582910,40.1124885002402,-77.51985454865998,BURGLARY,"BURGLARY,UNCLASSIFIED,NIGHT",2025-06-14T00:00:00.000,nypd_complaints,2025-06-14,Saturday,0.0,6.0,6.0
299812067,40.11248859606428,-77.51985484281684,HARRASSMENT 2,"HARASSMENT,SUBD 1,CIVILIAN",2025-01-13T00:00:00.000,nypd_complaints,2025-01-13,Monday,0.0,1.0,3.0
300851652,40.11248855343489,-77.51985511827127,HARRASSMENT 2,"HARASSMENT,SUBD 3,4,5",2025-02-09T00:00:00.000,nypd_complaints,2025-02-09,Sunday,0.0,2.0,3.0
302446873,40.11248857639089,-77.51985502192717,HARRASSMENT 2,"HARASSMENT,SUBD 1,CIVILIAN",2025-03-12T00:00:00.000,nypd_complaints,2025-03-12,Wednesday,0.0,3.0,3.0
308102682,40.112488807363384,-77.51985455567198,DANGEROUS WEAPONS,"WEAPONS, POSSESSION, ETC",2025-06-15T00:00:00.000,nypd_complaints,2025-06-15,Sunday,0.0,6.0,7.0
307376482,40.11248856848573,-77.51985484311517,FELONY ASSAULT,"ASSAULT 2,1,UNCLASSIFIED",2025-06-01T00:00:00.000,nypd_complaints,2025-06-01,Sunday,0.0,6.0,8.0
303616546,40.112488481056,-77.51985454808836,GRAND LARCENY OF MOTOR VEHICLE,"LARCENY,GRAND OF AUTO",2025-03-25T00:00:00.000,nypd_complaints,2025-03-25,Tuesday,0.0,3.0,5.0
306986026,40.112488265596404,-77.51985533577293,HARRASSMENT 2,"HARASSMENT,SUBD 3,4,5",2025-05-24T00:00:00.000,nypd_complaints,2025-05-24,Saturday,0.0,5.0,3.0
305559790,40.11248874954145,-77.5198545305547,GRAND LARCENY,"LARCENY,GRAND BY THEFT OF CREDIT CARD",2025-03-13T00:00:00.000,nypd_complaints,2025-03-13,Thursday,0.0,3.0,5.0
303761427,40.11248859338511,-77.51985455059274,GRAND LARCENY,"LARCENY,GRAND BY THEFT OF CREDIT CARD",2025-03-27T00:00:00.000,nypd_complaints,2025-03-27,Thursday,0.0,3.0,5.0
307700585,40.112488449446445,-77.51985521906641,HARRASSMENT 2,"HARASSMENT,SUBD 3,4,5",2025-05-19T00:00:00.000,nypd_complaints,2025-05-19,Monday,0.0,5.0,3.0
303562942,40.112488365487344,-77.51985519721025,HARRASSMENT 2,"HARASSMENT,SUBD 3,4,5",2025-03-24T00:00:00.000,nypd_complaints,2025-03-24,Monday,0.0,3.0,3.0
306273799,40.11248891009533,-77.51985453702575,SEX CRIMES,"SEXUAL ABUSE 3,2",2025-05-12T00:00:00.000,nypd_complaints,2025-05-12,Monday,0.0,5.0,8.0
304228030,40.11248853976648,-77.51985483257732,HARRASSMENT 2,"HARASSMENT,SUBD 1,CIVILIAN",2025-04-05T00:00:00.000,nypd_complaints,2025-04-05,Saturday,0.0,4.0,3.0
306296176,40.11248821962795,-77.51985541399942,SEX CRIMES,"SEXUAL ABUSE 3,2",2025-05-12T00:00:00.000,nypd_complaints,2025-05-12,Monday,0.0,5.0,8.0
301303361,40.11248883870838,-77.51985453498759,GRAND LARCENY,"LARCENY,GRAND FROM PERSON,UNCL",2025-02-18T00:00:00.000,nypd_complaints,2025-02-18,Tuesday,0.0,2.0,5.0
307838242,40.1124885678214,-77.51985498459813,FELONY ASSAULT,"ASSAULT 2,1,UNCLASSIFIED",2025-06-10T00:00:00.000,nypd_complaints,2025-06-10,Tuesday,0.0,6.0,8.0
306859686,40.112488789944614,-77.51985458442783,FELONY ASSAULT,ASSAULT POLICE/PEACE OFFICER,2025-02-08T00:00:00.000,nypd_complaints,2025-02-08,Saturday,0.0,2.0,8.0
305818230,40.11248856123919,-77.51985501192802,ASSAULT 3 & RELATED OFFENSES,OBSTR BREATH/CIRCUL,2025-05-04T00:00:00.000,nypd_complaints,2025-05-04,Sunday,0.0,5.0,6.0
302287672,40.11248830391366,-77.51985519965696,HARRASSMENT 2,"HARASSMENT,SUBD 3,4,5",2025-03-01T00:00:00.000,nypd_complaints,2025-03-01,Saturday,0.0,3.0,3.0
300469085,40.11248859463483,-77.51985453039688,FELONY ASSAULT,ASSAULT OTHER PUBLIC SERVICE EMPLOYEE,2025-02-03T00:00:00.000,nypd_complaints,2025-02-03,Monday,0.0,2.0,8.0
300698734,40.11248882906261,-77.519854538665,GRAND LARCENY,"LARCENY,GRAND BY THEFT OF CREDIT CARD",2025-02-06T00:00:00.000,nypd_complaints,2025-02-06,Thursday,0.0,2.0,5.0
305870504,40.11248821914764,-77.51985536688652,GRAND LARCENY,"LARCENY,GRAND FROM VEHICLE/MOTORCYCLE",2025-05-04T00:00:00.000,nypd_complaints,2025-05-04,Sunday,0.0,5.0,5.0
305960181,40.11248873177159,-77.51985452207498,DANGEROUS WEAPONS,"WEAPONS, POSSESSION, ETC",2025-05-06T00:00:00.000,nypd_complaints,2025-05-06,Tuesday,0.0,5.0,7.0
304174652,40.11248860194242,-77.51985487229118,ASSAULT 3 & RELATED OFFENSES,"MENACING,UNCLASSIFIED",2025-04-03T00:00:00.000,nypd_complaints,2025-04-03,Thursday,0.0,4.0,6.0
303491873,40.112488806882375,-77.51985454162178,SEX CRIMES,"SEXUAL ABUSE 3,2",2025-03-22T00:00:00.000,nypd_complaints,2025-03-22,Saturday,0.0,3.0,8.0
308382187,40.11248845690028,-77.51985510316273,GRAND LARCENY,"LARCENY,GRAND BY BANK ACCT COMPROMISE-ATM TRANSACTION",2025-06-19T00:00:00.000,nypd_complaints,2025-06-19,Thursday,0.0,6.0,5.0
302280080,40.112488587217534,-77.51985485202451,HARRASSMENT 2,"HARASSMENT,SUBD 1,CIVILIAN",2025-03-08T00:00:00.000,nypd_complaints,2025-03-08,Saturday,0.0,3.0,3.0
299846694,40.1124885235815,-77.51985513530923,ASSAULT 3 & RELATED OFFENSES,ASSAULT 3,2025-01-22T00:00:00.000,nypd_complaints,2025-01-22,Wednesday,0.0,1.0,6.0
302371741,40.1124885452017,-77.51985482923399,DANGEROUS WEAPONS,"WEAPONS, POSSESSION, ETC",2025-03-10T00:00:00.000,nypd_complaints,2025-03-10,Monday,0.0,3.0,7.0
308872638,40.112488326048684,-77.51985528261964,HARRASSMENT 2,"HARASSMENT,SUBD 3,4,5",2025-06-30T00:00:00.000,nypd_complaints,2025-06-30,Monday,0.0,6.0,3.0
307335599,40.11248833250992,-77.51985523758385,GRAND LARCENY,"LARCENY,GRAND BY BANK ACCT COMPROMISE-UNCLASSIFIED",2024-10-24T00:00:00.000,nypd_complaints,2024-10-24,Thursday,0.0,10.0,5.0
308445518,40.11248836530515,-77.51985497867362,GRAND LARCENY,"LARCENY,GRAND BY FALSE PROMISE-NOT IN PERSON CONTACT",2025-06-21T00:00:00.000,nypd_complaints,2025-06-21,Saturday,0.0,6.0,5.0
300245179,40.112488228005525,-77.51985540715378,BURGLARY,"BURGLARY,COMMERCIAL,NIGHT",2025-01-27T00:00:00.000,nypd_complaints,2025-01-27,Monday,0.0,1.0,6.0
307408774,40.11248821962795,-77.51985541399942,RAPE,RAPE 1,2025-05-31T00:00:00.000,nypd_complaints,2025-05-31,Saturday,0.0,5.0,9.0
306885698,40.11248881799402,-77.519854575878,SEX CRIMES,"SEXUAL ABUSE 3,2",2025-05-18T00:00:00.000,nypd_complaints,2025-05-18,Sunday,0.0,5.0,8.0
301639214,40.11248842076,-77.51985509693756,ASSAULT 3 & RELATED OFFENSES,ASSAULT 3,2025-02-24T00:00:00.000,nypd_complaints,2025-02-24,Monday,0.0,2.0,6.0
299610348,40.11248836858684,-77.5198549136537,GRAND LARCENY,"LARCENY,GRAND FROM OPEN AREAS, UNATTENDED",2024-12-10T00:00:00.000,nypd_complaints,2024-12-10,Tuesday,0.0,12.0,5.0
301154695,40.11248821843741,-77.51985541232006,CRIMINAL TRESPASS,"TRESPASS 2, CRIMINAL",2025-02-15T00:00:00.000,nypd_complaints,2025-02-15,Saturday,0.0,2.0,3.0
307965338,40.11248821843741,-77.51985541232006,DANGEROUS DRUGS,"CONTROLLED SUBSTANCE, POSSESSI",2025-06-12T00:00:00.000,nypd_complaints,2025-06-12,Thursday,0.0,6.0,4.0
306315990,40.112488482922515,-77.51985452704466,GRAND LARCENY OF MOTOR VEHICLE,"LARCENY,GRAND OF AUTO",2025-05-13T00:00:00.000,nypd_complaints,2025-05-13,Tuesday,0.0,5.0,5.0
308405257,40.11248840664935,-77.5198548576071,GRAND LARCENY,"LARCENY,GRAND BY FALSE PROMISE-NOT IN PERSON CONTACT",2025-05-12T00:00:00.000,nypd_complaints,2025-05-12,Monday,0.0,5.0,5.0
308169236,40.11248849361225,-77.51985513251634,HARRASSMENT 2,"HARASSMENT,SUBD 3,4,5",2025-06-16T00:00:00.000,nypd_complaints,2025-06-16,Monday,0.0,6.0,3.0
299305467,40.11248891009533,-77.51985453702575,SEX CRIMES,"SEXUAL ABUSE 3,2",2024-12-29T00:00:00.000,nypd_complaints,2024-12-29,Sunday,0.0,12.0,8.0
302932853,40.112488331884805,-77.51985529877149,HARRASSMENT 2,"HARASSMENT,SUBD 1,CIVILIAN",2025-03-14T00:00:00.000,nypd_complaints,2025-03-14,Friday,0.0,3.0,3.0
306031963,40.112488806882375,-77.51985454162178,SEX CRIMES,"SEXUAL ABUSE 3,2",2025-05-07T00:00:00.000,nypd_complaints,2025-05-07,Wednesday,0.0,5.0,8.0
307810595,40.11248828293101,-77.51985525894854,HARRASSMENT 2,"HARASSMENT,SUBD 3,4,5",2025-06-09T00:00:00.000,nypd_complaints,2025-06-09,Monday,0.0,6.0,3.0
304238513,40.112488392832645,-77.51985486371728,HARRASSMENT 2,"HARASSMENT,SUBD 1,CIVILIAN",2025-04-05T00:00:00.000,nypd_complaints,2025-04-05,Saturday,0.0,4.0,3.0
308078328,40.112488806882375,-77.51985454162178,SEX CRIMES,"SEXUAL ABUSE 3,2",2025-06-14T00:00:00.000,nypd_complaints,2025-06-14,Saturday,0.0,6.0,8.0
301375079,40.11248891779569,-77.5198545102775,DANGEROUS WEAPONS,"WEAPONS, POSSESSION, ETC",2025-02-19T00:00:00.000,nypd_complaints,2025-02-19,Wednesday,0.0,2.0,7.0
301248045,40.11248859734487,-77.51985452011657,GRAND LARCENY,"LARCENY,GRAND OF VEHICULAR/MOTORCYCLE ACCESSORIES",2025-02-04T00:00:00.000,nypd_complaints,2025-02-04,Tuesday,0.0,2.0,5.0
308685543,40.112488555229994,-77.51985481022768,DANGEROUS DRUGS,"CONTROLLED SUBSTANCE,POSSESS.",2025-06-26T00:00:00.000,nypd_complaints,2025-06-26,Thursday,0.0,6.0,4.0
306156070,40.112488239953095,-77.51985525006121,ROBBERY,"ROBBERY,DWELLING",2025-05-09T00:00:00.000,nypd_complaints,2025-05-09,Friday,0.0,5.0,7.0
307315540,40.11248879206874,-77.51985460458872,CRIMINAL TRESPASS,"TRESPASS 2, CRIMINAL",2025-05-30T00:00:00.000,nypd_complaints,2025-05-30,Friday,0.0,5.0,3.0
301423757,40.11248860319656,-77.51985460571143,DANGEROUS DRUGS,"CONTROLLED SUBSTANCE,POSSESS.",2025-02-20T00:00:00.000,nypd_complaints,2025-02-20,Thursday,0.0,2.0,4.0
301941822,40.11248831526738,-77.51985504257979,ASSAULT 3 & RELATED OFFENSES,OBSTR BREATH/CIRCUL,2025-03-02T00:00:00.000,nypd_complaints,2025-03-02,Sunday,0.0,3.0,6.0
306744391,40.11248892076497,-77.51985452060867,DANGEROUS WEAPONS,"WEAPONS, POSSESSION, ETC",2025-05-20T00:00:00.000,nypd_complaints,2025-05-20,Tuesday,0.0,5.0,7.0
308355640,40.11248849712562,-77.51985457978864,GRAND LARCENY,"LARCENY,GRAND OF VEHICULAR/MOTORCYCLE ACCESSORIES",2025-06-19T00:00:00.000,nypd_complaints,2025-06-19,Thursday,0.0,6.0,5.0
299734523,40.1124888491529,-77.51985454254978,GRAND LARCENY,"LARCENY,GRAND FROM PERSON,UNCL",2025-01-20T00:00:00.000,nypd_complaints,2025-01-20,Monday,0.0,1.0,5.0
305474649,40.11248892444082,-77.51985453330144,GRAND LARCENY,"LARCENY,GRAND BY THEFT OF CREDIT CARD",2025-04-25T00:00:00.000,nypd_complaints,2025-04-25,Friday,0.0,4.0,5.0
304666002,40.11248859249984,-77.51985462120182,RAPE,RAPE 3,2024-12-01T00:00:00.000,nypd_complaints,2024-12-01,Sunday,0.0,12.0,9.0
300580410,40.11248857588941,-77.51985512173687,HARRASSMENT 2,"HARASSMENT,SUBD 3,4,5",2025-02-04T00:00:00.000,nypd_complaints,2025-02-04,Tuesday,0.0,2.0,3.0
308587822,40.1124883864624,-77.51985493303705,ASSAULT 3 & RELATED OFFENSES,"MENACING,UNCLASSIFIED",2025-06-24T00:00:00.000,nypd_complaints,2025-06-24,Tuesday,0.0,6.0,6.0
302246585,40.11248837622568,-77.5198550193995,FELONY ASSAULT,STRANGULATION 1ST,2025-03-07T00:00:00.000,nypd_complaints,2025-03-07,Friday,0.0,3.0,8.0
300851075,40.112488813514325,-77.51985453118891,GRAND LARCENY OF MOTOR VEHICLE,"LARCENY,GRAND OF AUTO",2025-02-10T00:00:00.000,nypd_complaints,2025-02-10,Monday,0.0,2.0,5.0
307408756,40.11248853976648,-77.51985483257732,FELONY ASSAULT,ASSAULT POLICE/PEACE OFFICER,2025-06-02T00:00:00.000,nypd_complaints,2025-06-02,Monday,0.0,6.0,8.0
301268241,40.11248883836453,-77.51985454496963,ROBBERY,"ROBBERY,PERSONAL ELECTRONIC DEVICE",2025-02-12T00:00:00.000,nypd_complaints,2025-02-12,Wednesday,0.0,2.0,7.0
308557711,40.11248881996839,-77.51985451506685,ROBBERY,"ROBBERY,PERSONAL ELECTRONIC DEVICE",2025-06-23T00:00:00.000,nypd_complaints,2025-06-23,Monday,0.0,6.0,7.0
298970750,40.11248854321201,-77.51985510620462,GRAND LARCENY,"LARCENY,GRAND FROM RESIDENCE, UNATTENDED",2025-01-03T00:00:00.000,nypd_complaints,2025-01-03,Friday,0.0,1.0,5.0
307544906,40.11248849305067,-77.51985511493407,ROBBERY,"ROBBERY,OPEN AREA UNCLASSIFIED",2025-06-03T00:00:00.000,nypd_complaints,2025-06-03,Tuesday,0.0,6.0,7.0
307484111,40.11248843067674,-77.51985507086636,GRAND LARCENY,"LARCENY,GRAND BY CREDIT CARD ACCT COMPROMISE-EXISTING ACCT",2025-05-28T00:00:00.000,nypd_complaints,2025-05-28,Wednesday,0.0,5.0,5.0
304296911,40.11248834888861,-77.51985522999422,HARRASSMENT 2,"HARASSMENT,SUBD 3,4,5",2025-04-06T00:00:00.000,nypd_complaints,2025-04-06,Sunday,0.0,4.0,3.0
298862037,40.11248837190747,-77.5198549336953,HARRASSMENT 2,"HARASSMENT,SUBD 1,CIVILIAN",2025-01-03T00:00:00.000,nypd_complaints,2025-01-03,Friday,0.0,1.0,3.0
301871337,40.11248819741367,-77.51985538226019,HARRASSMENT 2,"HARASSMENT,SUBD 3,4,5",2025-02-28T00:00:00.000,nypd_complaints,2025-02-28,Friday,0.0,2.0,3.0
300794146,40.11248856967627,-77.51985496437672,DANGEROUS DRUGS,"CONTROLLED SUBSTANCE, POSSESSI",2025-02-08T00:00:00.000,nypd_complaints,2025-02-08,Saturday,0.0,2.0,4.0
307881971,40.11248825626348,-77.51985535752594,DANGEROUS WEAPONS,"WEAPONS, POSSESSION, ETC",2025-06-10T00:00:00.000,nypd_complaints,2025-06-10,Tuesday,0.0,6.0,7.0
299280573,40.1124883037966,-77.51985526004827,FELONY ASSAULT,"ASSAULT 2,1,UNCLASSIFIED",2025-01-11T00:00:00.000,nypd_complaints,2025-01-11,Saturday,0.0,1.0,8.0
306903905,40.11248829924519,-77.51985505686433,HARRASSMENT 2,"HARASSMENT,SUBD 1,CIVILIAN",2025-05-22T00:00:00.000,nypd_complaints,2025-05-22,Thursday,0.0,5.0,3.0
300218898,40.11248884182319,-77.51985457815987,GRAND LARCENY,"LARCENY,GRAND BY BANK ACCT COMPROMISE-UNCLASSIFIED",2024-11-01T00:00:00.000,nypd_complaints,2024-11-01,Friday,0.0,11.0,5.0
299882421,40.11248856100588,-77.51985504600542,GRAND LARCENY,"LARCENY,GRAND BY OPEN/COMPROMISE CELL PHONE ACCT",2025-01-14T00:00:00.000,nypd_complaints,2025-01-14,Tuesday,0.0,1.0,5.0
306680029,40.112488312631285,-77.5198553035594,GRAND LARCENY,"LARCENY,GRAND BY FALSE PROMISE-NOT IN PERSON CONTACT",2025-05-19T00:00:00.000,nypd_complaints,2025-05-19,Monday,0.0,5.0,5.0
300990124,40.11248852792056,-77.51985511150053,GRAND LARCENY,"LARCENY,GRAND BY CREDIT CARD ACCT COMPROMISE-EXISTING ACCT",2025-02-12T00:00:00.000,nypd_complaints,2025-02-12,Wednesday,0.0,2.0,5.0
306643813,40.11248825871163,-77.51985523888239,HARRASSMENT 2,"HARASSMENT,SUBD 3,4,5",2025-05-18T00:00:00.000,nypd_complaints,2025-05-18,Sunday,0.0,5.0,3.0
304983370,40.112488296762315,-77.5198552458695,ASSAULT 3 & RELATED OFFENSES,ASSAULT 3,2025-04-18T00:00:00.000,nypd_complaints,2025-04-18,Friday,0.0,4.0,6.0
306456346,40.11248838737414,-77.51985489940661,DANGEROUS DRUGS,"CONTROLLED SUBSTANCE,INTENT TO",2025-05-15T00:00:00.000,nypd_complaints,2025-05-15,Thursday,0.0,5.0,4.0
305887596,40.112488805562805,-77.51985460991293,GRAND LARCENY,"LARCENY,GRAND BY FALSE PROMISE-IN PERSON CONTACT",2025-05-01T00:00:00.000,nypd_complaints,2025-05-01,Thursday,0.0,5.0,5.0
302170608,40.11248878464299,-77.5198545898313,GRAND LARCENY,"LARCENY,GRAND BY BANK ACCT COMPROMISE-REPRODUCED CHECK",2025-02-26T00:00:00.000,nypd_complaints,2025-02-26,Wednesday,0.0,2.0,5.0
300084696,40.11248821858538,-77.51985542372321,DANGEROUS DRUGS,"CONTROLLED SUBSTANCE, POSSESSI",2025-01-24T00:00:00.000,nypd_complaints,2025-01-24,Friday,0.0,1.0,4.0
307681664,40.11248882422255,-77.51985451801075,ROBBERY,"ROBBERY,PERSONAL ELECTRONIC DEVICE",2025-06-06T00:00:00.000,nypd_complaints,2025-06-06,Friday,0.0,6.0,7.0
301080438,40.11248844885964,-77.51985510672382,GRAND LARCENY OF MOTOR VEHICLE,"LARCENY,GRAND OF MOTORCYCLE",2025-02-13T00:00:00.000,nypd_complaints,2025-02-13,Thursday,0.0,2.0,5.0
307324758,40.112488499569665,-77.51985452490737,GRAND LARCENY OF MOTOR VEHICLE,"LARCENY, GRAND OF MOPED",2025-05-31T00:00:00.000,nypd_complaints,2025-05-31,Saturday,0.0,5.0,5.0
305436628,40.112488486402356,-77.51985495173714,HARRASSMENT 2,"HARASSMENT,SUBD 1,CIVILIAN",2025-04-27T00:00:00.000,nypd_complaints,2025-04-27,Sunday,0.0,4.0,3.0
305893709,40.112488359247486,-77.51985504515055,DANGEROUS WEAPONS,"WEAPONS, POSSESSION, ETC",2025-05-06T00:00:00.000,nypd_complaints,2025-05-06,Tuesday,0.0,5.0,7.0
299241785,40.112488195062255,-77.51985539489563,HARRASSMENT 2,"HARASSMENT,SUBD 3,4,5",2025-01-10T00:00:00.000,nypd_complaints,2025-01-10,Friday,0.0,1.0,3.0
304594594,40.11248863559043,-77.5198545840017,GRAND LARCENY,"LARCENY,GRAND OF VEHICULAR/MOTORCYCLE ACCESSORIES",2025-04-11T00:00:00.000,nypd_complaints,2025-04-11,Friday,0.0,4.0,5.0
301705071,40.112488495922584,-77.5198549679674,GRAND LARCENY,"LARCENY,GRAND FROM STORE-SHOPL",2025-02-26T00:00:00.000,nypd_complaints,2025-02-26,Wednesday,0.0,2.0,5.0
301446409,40.11248854274382,-77.51985483374932,HARRASSMENT 2,"HARASSMENT,SUBD 1,CIVILIAN",2025-02-20T00:00:00.000,nypd_complaints,2025-02-20,Thursday,0.0,2.0,3.0
305397383,40.11248856514744,-77.51985495652836,FELONY ASSAULT,"ASSAULT 2,1,UNCLASSIFIED",2025-04-26T00:00:00.000,nypd_complaints,2025-04-26,Saturday,0.0,4.0,8.0
307314324,40.11248858695894,-77.5198548766873,FELONY ASSAULT,"ASSAULT 2,1,UNCLASSIFIED",2025-05-31T00:00:00.000,nypd_complaints,2025-05-31,Saturday,0.0,5.0,8.0
300280090,40.11248890590655,-77.51985454647054,GRAND LARCENY,"LARCENY,GRAND BY THEFT OF CREDIT CARD",2025-01-29T00:00:00.000,nypd_complaints,2025-01-29,Wednesday,0.0,1.0,5.0
301320579,40.11248854056198,-77.51985506209203,DANGEROUS DRUGS,"CONTROLLED SUBSTANCE, POSSESSI",2025-02-19T00:00:00.000,nypd_complaints,2025-02-19,Wednesday,0.0,2.0,4.0
300826081,40.112488284828075,-77.51985514569843,ASSAULT 3 & RELATED OFFENSES,ASSAULT 3,2025-02-09T00:00:00.000,nypd_complaints,2025-02-09,Sunday,0.0,2.0,6.0
301391605,40.112488545340824,-77.51985483682986,CRIMINAL TRESPASS,"TRESPASS 2, CRIMINAL",2025-02-19T00:00:00.000,nypd_complaints,2025-02-19,Wednesday,0.0,2.0,3.0
306161747,40.11248881799402,-77.519854575878,SEX CRIMES,"SEXUAL ABUSE 3,2",2024-11-21T00:00:00.000,nypd_complaints,2024-11-21,Thursday,0.0,11.0,8.0
303424195,40.11248835414364,-77.51985514483066,HARRASSMENT 2,"HARASSMENT,SUBD 3,4,5",2025-03-21T00:00:00.000,nypd_complaints,2025-03-21,Friday,0.0,3.0,3.0
306362579,40.11248840990031,-77.5198551373602,GRAND LARCENY,"LARCENY,GRAND BY FALSE PROMISE-NOT IN PERSON CONTACT",2025-05-08T00:00:00.000,nypd_complaints,2025-05-08,Thursday,0.0,5.0,5.0
305973072,40.11248884952678,-77.5198545568213,DANGEROUS WEAPONS,"WEAPONS, POSSESSION, ETC",2025-05-07T00:00:00.000,nypd_complaints,2025-05-07,Wednesday,0.0,5.0,7.0
303269829,40.11248828869201,-77.51985538370165,GRAND LARCENY,"LARCENY,GRAND FROM OPEN AREAS, UNATTENDED",2025-01-22T00:00:00.000,nypd_complaints,2025-01-22,Wednesday,0.0,1.0,5.0
300226243,40.11248874063754,-77.51985450242671,ROBBERY,"ROBBERY,PERSONAL ELECTRONIC DEVICE",2025-01-29T00:00:00.000,nypd_complaints,2025-01-29,Wednesday,0.0,1.0,7.0
300427511,40.11248855289649,-77.51985481204827,BURGLARY,"BURGLARY,UNCLASSIFIED,NIGHT",2025-01-31T00:00:00.000,nypd_complaints,2025-01-31,Friday,0.0,1.0,6.0
306812779,40.11248833124367,-77.51985522022586,GRAND LARCENY,"LARCENY,GRAND BY ACQUIRING LOS",2025-05-21T00:00:00.000,nypd_complaints,2025-05-21,Wednesday,0.0,5.0,5.0
304821440,40.112488322245866,-77.51985530302886,FELONY ASSAULT,"ASSAULT 2,1,UNCLASSIFIED",2025-04-16T00:00:00.000,nypd_complaints,2025-04-16,Wednesday,0.0,4.0,8.0
298872912,40.11248831735749,-77.51985516833926,HARRASSMENT 2,"HARASSMENT,SUBD 3,4,5",2025-01-02T00:00:00.000,nypd_complaints,2025-01-02,Thursday,0.0,1.0,3.0
308392339,40.11248884829772,-77.51985453999062,DANGEROUS WEAPONS,"WEAPONS, POSSESSION, ETC",2025-06-20T00:00:00.000,nypd_complaints,2025-06-20,Friday,0.0,6.0,7.0
300726054,40.11248827476604,-77.51985531254633,ASSAULT 3 & RELATED OFFENSES,ASSAULT 3,2025-02-07T00:00:00.000,nypd_complaints,2025-02-07,Friday,0.0,2.0,6.0
302795847,40.11248844060819,-77.5198548931207,FELONY ASSAULT,ASSAULT POLICE/PEACE OFFICER,2024-09-08T00:00:00.000,nypd_complaints,2024-09-08,Sunday,0.0,9.0,8.0
302223943,40.11248858129065,-77.51985501928928,DANGEROUS DRUGS,"CONTROLLED SUBSTANCE, SALE 5",2025-01-23T00:00:00.000,nypd_complaints,2025-01-23,Thursday,0.0,1.0,4.0
304492938,40.112488228316415,-77.51985538907336,HARRASSMENT 2,"HARASSMENT,SUBD 3,4,5",2025-04-09T00:00:00.000,nypd_complaints,2025-04-09,Wednesday,0.0,4.0,3.0
304325797,40.11248856824359,-77.51985514490015,ASSAULT 3 & RELATED OFFENSES,"MENACING,UNCLASSIFIED",2025-01-17T00:00:00.000,nypd_complaints,2025-01-17,Friday,0.0,1.0,6.0
306060556,40.11248852377152,-77.51985489083131,CRIMINAL TRESPASS,"TRESPASS 2, CRIMINAL",2025-05-08T00:00:00.000,nypd_complaints,2025-05-08,Thursday,0.0,5.0,3.0
301835630,40.11248881667425,-77.51985450829164,ROBBERY,"ROBBERY,PERSONAL ELECTRONIC DEVICE",2025-02-28T00:00:00.000,nypd_complaints,2025-02-28,Friday,0.0,2.0,7.0
300960220,40.112488602570366,-77.51985481607946,SEX CRIMES,"SEXUAL ABUSE 3,2",2025-02-12T00:00:00.000,nypd_complaints,2025-02-12,Wednesday,0.0,2.0,8.0
300824823,40.11248877985966,-77.51985458887599,GRAND LARCENY,"LARCENY,GRAND BY BANK ACCT COMPROMISE-UNCLASSIFIED",2024-10-01T00:00:00.000,nypd_complaints,2024-10-01,Tuesday,0.0,10.0,5.0
303309985,40.11248839131219,-77.51985492721224,GRAND LARCENY,"LARCENY,GRAND BY BANK ACCT COMPROMISE-REPRODUCED CHECK",2025-02-19T00:00:00.000,nypd_complaints,2025-02-19,Wednesday,0.0,2.0,5.0
299631371,40.11248857595006,-77.51985501805434,DANGEROUS DRUGS,"CONTROLLED SUBSTANCE, POSSESSI",2025-01-17T00:00:00.000,nypd_complaints,2025-01-17,Friday,0.0,1.0,4.0
300710577,40.112488503721615,-77.51985456963308,GRAND LARCENY OF MOTOR VEHICLE,"LARCENY,GRAND OF AUTO",2025-02-06T00:00:00.000,nypd_complaints,2025-02-06,Thursday,0.0,2.0,5.0
300748839,40.11248869739655,-77.51985456305162,DANGEROUS DRUGS,"CONTROLLED SUBSTANCE,SALE 3",2025-02-07T00:00:00.000,nypd_complaints,2025-02-07,Friday,0.0,2.0,4.0
302808081,40.11248836423497,-77.51985519061512,FELONY ASSAULT,"ASSAULT 2,1,UNCLASSIFIED",2025-03-14T00:00:00.000,nypd_complaints,2025-03-14,Friday,0.0,3.0,8.0
304335841,40.11248853491183,-77.51985482885976,BURGLARY,"BURGLARY,RESIDENCE,UNKNOWN TIM",2025-04-01T00:00:00.000,nypd_complaints,2025-04-01,Tuesday,0.0,4.0,6.0
305552101,40.112488589396925,-77.51985488162714,HARRASSMENT 2,"HARASSMENT,SUBD 1,CIVILIAN",2025-04-29T00:00:00.000,nypd_complaints,2025-04-29,Tuesday,0.0,4.0,3.0
303437489,40.11248892076498,-77.51985452060867,DANGEROUS WEAPONS,"WEAPONS, POSSESSION, ETC",2025-03-22T00:00:00.000,nypd_complaints,2025-03-22,Saturday,0.0,3.0,7.0
304794435,40.11248842165077,-77.51985489650373,GRAND LARCENY,"LARCENY,GRAND BY CREDIT CARD ACCT COMPROMISE-EXISTING ACCT",2025-04-14T00:00:00.000,nypd_complaints,2025-04-14,Monday,0.0,4.0,5.0
300737668,40.11248863687473,-77.51985455807387,ROBBERY,"ROBBERY,NECKCHAIN/JEWELRY",2025-02-07T00:00:00.000,nypd_complaints,2025-02-07,Friday,0.0,2.0,7.0
305305216,40.11248837188675,-77.51985492867094,GRAND LARCENY,"LARCENY,GRAND BY FALSE PROMISE-NOT IN PERSON CONTACT",2025-04-23T00:00:00.000,nypd_complaints,2025-04-23,Wednesday,0.0,4.0,5.0
301737646,40.11248857092436,-77.51985488033786,GRAND LARCENY,"LARCENY,GRAND BY FALSE PROMISE-NOT IN PERSON CONTACT",2025-02-17T00:00:00.000,nypd_complaints,2025-02-17,Monday,0.0,2.0,5.0
304703950,40.11248854056196,-77.519855062092,FELONY ASSAULT,"ASSAULT 2,1,UNCLASSIFIED",2025-04-14T00:00:00.000,nypd_complaints,2025-04-14,Monday,0.0,4.0,8.0
300784342,40.112488375914815,-77.5198549250822,GRAND LARCENY,"LARCENY,GRAND FROM RESIDENCE, UNATTENDED",2025-02-03T00:00:00.000,nypd_complaints,2025-02-03,Monday,0.0,2.0,5.0
307097837,40.11248826735537,-77.51985538033037,HARRASSMENT 2,"HARASSMENT,SUBD 3,4,5",2025-05-26T00:00:00.000,nypd_complaints,2025-05-26,Monday,0.0,5.0,3.0
301856046,40.11248857033595,-77.51985514599718,FELONY ASSAULT,"ASSAULT 2,1,UNCLASSIFIED",2025-02-28T00:00:00.000,nypd_complaints,2025-02-28,Friday,0.0,2.0,8.0
308360840,40.11248869234301,-77.51985456284068,DANGEROUS WEAPONS,"WEAPONS, POSSESSION, ETC",2025-06-19T00:00:00.000,nypd_complaints,2025-06-19,Thursday,0.0,6.0,7.0
307095243,40.11248838445054,-77.51985507047445,GRAND LARCENY,"LARCENY,GRAND BY CREDIT CARD ACCT COMPROMISE-EXISTING ACCT",2025-03-27T00:00:00.000,nypd_complaints,2025-03-27,Thursday,0.0,3.0,5.0
299862562,40.11248863251375,-77.51985459403004,GRAND LARCENY,"LARCENY,GRAND BY BANK ACCT COMPROMISE-REPRODUCED CHECK",2024-12-19T00:00:00.000,nypd_complaints,2024-12-19,Thursday,0.0,12.0,5.0
308293698,40.11248861466749,-77.5198544876424,GRAND LARCENY OF MOTOR VEHICLE,"LARCENY, GRAND OF MOPED",2025-06-16T00:00:00.000,nypd_complaints,2025-06-16,Monday,0.0,6.0,5.0
308827344,40.11248845942585,-77.51985509111601,BURGLARY,"BURGLARY,RESIDENCE,NIGHT",2025-06-29T00:00:00.000,nypd_complaints,2025-06-29,Sunday,0.0,6.0,6.0
299996356,40.11248840990031,-77.5198551373602,HARRASSMENT 2,"HARASSMENT,SUBD 3,4,5",2025-01-24T00:00:00.000,nypd_complaints,2025-01-24,Friday,0.0,1.0,3.0
303708749,40.112488268472944,-77.51985512618361,HARRASSMENT 2,"HARASSMENT,SUBD 3,4,5",2025-03-26T00:00:00.000,nypd_complaints,2025-03-26,Wednesday,0.0,3.0,3.0
306941931,40.1124885764498,-77.51985515181646,CRIMINAL TRESPASS,"TRESPASS 2, CRIMINAL",2025-05-23T00:00:00.000,nypd_complaints,2025-05-23,Friday,0.0,5.0,3.0
304822675,40.11248843286993,-77.51985483731629,HARRASSMENT 2,"HARASSMENT,SUBD 1,CIVILIAN",2025-04-15T00:00:00.000,nypd_complaints,2025-04-15,Tuesday,0.0,4.0,3.0
299857643,40.112488576740496,-77.51985513803912,HARRASSMENT 2,"HARASSMENT,SUBD 3,4,5",2025-01-06T00:00:00.000,nypd_complaints,2025-01-06,Monday,0.0,1.0,3.0
300286534,40.11248839589637,-77.5198548554776,DANGEROUS DRUGS,"CONTROLLED SUBSTANCE, POSSESSI",2025-01-30T00:00:00.000,nypd_complaints,2025-01-30,Thursday,0.0,1.0,4.0
304550626,40.112488829636284,-77.51985455185074,GRAND LARCENY,"LARCENY,GRAND BY THEFT OF CREDIT CARD",2025-03-26T00:00:00.000,nypd_complaints,2025-03-26,Wednesday,0.0,3.0,5.0
300998901,40.1124885741854,-77.51985461611011,GRAND LARCENY,"LARCENY,GRAND BY BANK ACCT COMPROMISE-UNAUTHORIZED PURCHASE",2025-01-28T00:00:00.000,nypd_complaints,2025-01-28,Tuesday,0.0,1.0,5.0
299576825,40.11248883401121,-77.51985458490289,GRAND LARCENY,"LARCENY,GRAND BY THEFT OF CREDIT CARD",2025-01-11T00:00:00.000,nypd_complaints,2025-01-11,Saturday,0.0,1.0,5.0
300340926,40.11248849269682,-77.51985496576627,HARRASSMENT 2,"HARASSMENT,SUBD 1,CIVILIAN",2025-01-31T00:00:00.000,nypd_complaints,2025-01-31,Friday,0.0,1.0,3.0
305386156,40.112488558191856,-77.51985511669923,HARRASSMENT 2,"HARASSMENT,SUBD 3,4,5",2025-04-24T00:00:00.000,nypd_complaints,2025-04-24,Thursday,0.0,4.0,3.0
305041810,40.11248894008537,-77.5198545102493,DANGEROUS WEAPONS,"WEAPONS, POSSESSION, ETC",2025-04-20T00:00:00.000,nypd_complaints,2025-04-20,Sunday,0.0,4.0,7.0
303882978,40.11248826970319,-77.51985535428501,GRAND LARCENY,"LARCENY,GRAND FROM STORE-SHOPL",2025-03-22T00:00:00.000,nypd_complaints,2025-03-22,Saturday,0.0,3.0,5.0
299362849,40.11248858129065,-77.51985501928928,DANGEROUS DRUGS,"CONTROLLED SUBSTANCE, POSSESSI",2025-01-13T00:00:00.000,nypd_complaints,2025-01-13,Monday,0.0,1.0,4.0
305240180,40.11248856967701,-77.51985484803983,DANGEROUS DRUGS,"CONTROLLED SUBSTANCE,INTENT TO",2025-04-23T00:00:00.000,nypd_complaints,2025-04-23,Wednesday,0.0,4.0,4.0
302240155,40.112488427445804,-77.51985452008081,DANGEROUS WEAPONS,"WEAPONS, POSSESSION, ETC",2025-03-07T00:00:00.000,nypd_complaints,2025-03-07,Friday,0.0,3.0,7.0
302411359,40.11248894131697,-77.51985454145527,GRAND LARCENY OF MOTOR VEHICLE,"LARCENY,GRAND OF AUTO",2024-08-23T00:00:00.000,nypd_complaints,2024-08-23,Friday,0.0,8.0,5.0
305580721,40.11248848950736,-77.51985456820202,GRAND LARCENY,"LARCENY,GRAND OF VEHICULAR/MOTORCYCLE ACCESSORIES",2025-04-30T00:00:00.000,nypd_complaints,2025-04-30,Wednesday,0.0,4.0,5.0
306782741,40.11248858289673,-77.51985495328715,ASSAULT 3 & RELATED OFFENSES,"MENACING,UNCLASSIFIED",2025-05-21T00:00:00.000,nypd_complaints,2025-05-21,Wednesday,0.0,5.0,6.0
298902892,40.112488802301584,-77.51985451582311,DANGEROUS WEAPONS,"WEAPONS, POSSESSION, ETC",2025-01-05T00:00:00.000,nypd_complaints,2025-01-05,Sunday,0.0,1.0,7.0
301476206,40.11248863687473,-77.51985455807387,DANGEROUS WEAPONS,"WEAPONS, POSSESSION, ETC",2025-02-21T00:00:00.000,nypd_complaints,2025-02-21,Friday,0.0,2.0,7.0
300566090,40.11248891009533,-77.51985453702575,SEX CRIMES,"SEXUAL ABUSE 3,2",2025-02-04T00:00:00.000,nypd_complaints,2025-02-04,Tuesday,0.0,2.0,8.0
301156120,40.112488420280926,-77.51985452575927,DANGEROUS WEAPONS,"WEAPONS, POSSESSION, ETC",2025-02-15T00:00:00.000,nypd_complaints,2025-02-15,Saturday,0.0,2.0,7.0
306070912,40.112488850206205,-77.51985458459885,CRIMINAL TRESPASS,"TRESPASS 3, CRIMINAL",2025-05-08T00:00:00.000,nypd_complaints,2025-05-08,Thursday,0.0,5.0,3.0
300101383,40.11248860658703,-77.51985485886524,FELONY ASSAULT,"ASSAULT 2,1,UNCLASSIFIED",2025-01-27T00:00:00.000,nypd_complaints,2025-01-27,Monday,0.0,1.0,8.0
301239155,40.11248832639157,-77.51985523386811,ASSAULT 3 & RELATED OFFENSES,ASSAULT 3,2025-02-17T00:00:00.000,nypd_complaints,2025-02-17,Monday,0.0,2.0,6.0
298728055,40.112488449970506,-77.51985510953693,ASSAULT 3 & RELATED OFFENSES,ASSAULT 3,2025-01-01T00:00:00.000,nypd_complaints,2025-01-01,Wednesday,0.0,1.0,6.0
305033498,40.112488573258986,-77.51985492048537,FELONY ASSAULT,ASSAULT OTHER PUBLIC SERVICE EMPLOYEE,2025-04-19T00:00:00.000,nypd_complaints,2025-04-19,Saturday,0.0,4.0,8.0
304605428,40.11248845744162,-77.5198547971256,GRAND LARCENY OF MOTOR VEHICLE,"LARCENY,GRAND OF AUTO",2025-04-11T00:00:00.000,nypd_complaints,2025-04-11,Friday,0.0,4.0,5.0
308209235,40.11248892076497,-77.51985452060867,DANGEROUS WEAPONS,"WEAPONS, POSSESSION, ETC",2025-06-17T00:00:00.000,nypd_complaints,2025-06-17,Tuesday,0.0,6.0,7.0
305587943,40.11248858877138,-77.51985484787328,FELONY ASSAULT,ASSAULT POLICE/PEACE OFFICER,2025-04-30T00:00:00.000,nypd_complaints,2025-04-30,Wednesday,0.0,4.0,8.0
301555246,40.11248857353524,-77.51985505089766,FELONY ASSAULT,STRANGULATION 1ST,2025-02-07T00:00:00.000,nypd_complaints,2025-02-07,Friday,0.0,2.0,8.0
302062029,40.11248890887874,-77.51985455679795,GRAND LARCENY,"LARCENY,GRAND BY THEFT OF CREDIT CARD",2025-03-04T00:00:00.000,nypd_complaints,2025-03-04,Tuesday,0.0,3.0,5.0
306941856,40.11248887007255,-77.5198545389555,ROBBERY,"ROBBERY,PERSONAL ELECTRONIC DEVICE",2025-05-23T00:00:00.000,nypd_complaints,2025-05-23,Friday,0.0,5.0,7.0
306284353,40.11248838121192,-77.51985492941684,ASSAULT 3 & RELATED OFFENSES,"MENACING,UNCLASSIFIED",2025-05-12T00:00:00.000,nypd_complaints,2025-05-12,Monday,0.0,5.0,6.0
301890974,40.11248891009533,-77.51985453702575,SEX CRIMES,"SEXUAL ABUSE 3,2",2025-02-21T00:00:00.000,nypd_complaints,2025-02-21,Friday,0.0,2.0,8.0
304415710,40.112488553386214,-77.51985511982994,DANGEROUS WEAPONS,WEAPONS POSSESSION 3,2025-04-08T00:00:00.000,nypd_complaints,2025-04-08,Tuesday,0.0,4.0,7.0
298932425,40.11248849416472,-77.51985454535006,SEX CRIMES,"SEXUAL ABUSE 3,2",2025-01-04T00:00:00.000,nypd_complaints,2025-01-04,Saturday,0.0,1.0,8.0
299987717,40.11248882869424,-77.51985454908584,GRAND LARCENY,"LARCENY,GRAND BY THEFT OF CREDIT CARD",2025-01-14T00:00:00.000,nypd_complaints,2025-01-14,Tuesday,0.0,1.0,5.0
306803093,40.112488551902054,-77.51985482860094,HARRASSMENT 2,"HARASSMENT,SUBD 1,CIVILIAN",2025-05-21T00:00:00.000,nypd_complaints,2025-05-21,Wednesday,0.0,5.0,3.0
302246588,40.11248825282055,-77.51985515465219,CRIMINAL TRESPASS,"TRESPASS 2, CRIMINAL",2025-03-07T00:00:00.000,nypd_complaints,2025-03-07,Friday,0.0,3.0,3.0
303931414,40.11248857413655,-77.51985503675733,CRIMINAL TRESPASS,"TRESPASS 2, CRIMINAL",2025-03-31T00:00:00.000,nypd_complaints,2025-03-31,Monday,0.0,3.0,3.0
301754836,40.11248844807994,-77.51985485913251,HARRASSMENT 2,"HARASSMENT,SUBD 1,CIVILIAN",2025-02-27T00:00:00.000,nypd_complaints,2025-02-27,Thursday,0.0,2.0,3.0
307476370,40.11248845178983,-77.51985510621896,ASSAULT 3 & RELATED OFFENSES,ASSAULT 3,2025-06-02T00:00:00.000,nypd_complaints,2025-06-02,Monday,0.0,6.0,6.0
306354343,40.112488319768694,-77.51985515430087,HARRASSMENT 2,"HARASSMENT,SUBD 3,4,5",2025-04-18T00:00:00.000,nypd_complaints,2025-04-18,Friday,0.0,4.0,3.0
308823416,40.11248838926091,-77.51985491250367,FELONY ASSAULT,"ASSAULT 2,1,UNCLASSIFIED",2025-06-29T00:00:00.000,nypd_complaints,2025-06-29,Sunday,0.0,6.0,8.0
304533448,40.11248838577799,-77.51985491097962,GRAND LARCENY,"LARCENY,GRAND BY OPEN/COMPROMISE CELL PHONE ACCT",2025-03-30T00:00:00.000,nypd_complaints,2025-03-30,Sunday,0.0,3.0,5.0
308707573,40.1124885452017,-77.51985482923399,DANGEROUS DRUGS,"CONTROLLED SUBSTANCE,POSSESS.",2025-06-26T00:00:00.000,nypd_complaints,2025-06-26,Thursday,0.0,6.0,4.0
306367361,40.1124885365267,-77.5198546799994,GRAND LARCENY OF MOTOR VEHICLE,"LARCENY,GRAND OF AUTO",2025-05-13T00:00:00.000,nypd_complaints,2025-05-13,Tuesday,0.0,5.0,5.0
305431188,40.112488362388426,-77.51985518422502,ASSAULT 3 & RELATED OFFENSES,OBSTR BREATH/CIRCUL,2025-04-27T00:00:00.000,nypd_complaints,2025-04-27,Sunday,0.0,4.0,6.0
302805176,40.11248882462461,-77.51985454334141,GRAND LARCENY,"LARCENY,GRAND BY THEFT OF CREDIT CARD",2025-03-14T00:00:00.000,nypd_complaints,2025-03-14,Friday,0.0,3.0,5.0
302998398,40.11248859501858,-77.51985460410968,DANGEROUS DRUGS,"CONTROLLED SUBSTANCE, SALE 5",2025-03-17T00:00:00.000,nypd_complaints,2025-03-17,Monday,0.0,3.0,4.0
298756466,40.1124885785232,-77.51985501577734,DANGEROUS DRUGS,"CONTROLLED SUBSTANCE, POSSESSI",2025-01-02T00:00:00.000,nypd_complaints,2025-01-02,Thursday,0.0,1.0,4.0
299382133,40.112488847062785,-77.51985455881695,FELONY ASSAULT,ASSAULT OTHER PUBLIC SERVICE EMPLOYEE,2025-01-13T00:00:00.000,nypd_complaints,2025-01-13,Monday,0.0,1.0,8.0
306469084,40.11248880202139,-77.51985455253897,DANGEROUS WEAPONS,"WEAPONS, POSSESSION, ETC",2025-05-15T00:00:00.000,nypd_complaints,2025-05-15,Thursday,0.0,5.0,7.0
300119703,40.11248834583367,-77.51985517010944,HARRASSMENT 2,"HARASSMENT,SUBD 1,CIVILIAN",2025-01-26T00:00:00.000,nypd_complaints,2025-01-26,Sunday,0.0,1.0,3.0
299715417,40.1124885714429,-77.51985495849424,BURGLARY,"BURGLARY,COMMERCIAL,NIGHT",2025-01-20T00:00:00.000,nypd_complaints,2025-01-20,Monday,0.0,1.0,6.0
298869097,40.11248887481328,-77.51985458374064,FELONY ASSAULT,ASSAULT POLICE/PEACE OFFICER,2025-01-04T00:00:00.000,nypd_complaints,2025-01-04,Saturday,0.0,1.0,8.0
302088072,40.1124884156785,-77.5198548979334,HARRASSMENT 2,"HARASSMENT,SUBD 1,CIVILIAN",2025-03-04T00:00:00.000,nypd_complaints,2025-03-04,Tuesday,0.0,3.0,3.0
299268500,40.112488339851005,-77.51985528440368,ASSAULT 3 & RELATED OFFENSES,ASSAULT 3,2025-01-11T00:00:00.000,nypd_complaints,2025-01-11,Saturday,0.0,1.0,6.0
307297276,40.11248843606044,-77.51985520695219,HARRASSMENT 2,"HARASSMENT,SUBD 3,4,5",2025-05-30T00:00:00.000,nypd_complaints,2025-05-30,Friday,0.0,5.0,3.0
306011377,40.11248821363575,-77.51985531673718,HARRASSMENT 2,"HARASSMENT,SUBD 3,4,5",2025-05-06T00:00:00.000,nypd_complaints,2025-05-06,Tuesday,0.0,5.0,3.0
308718596,40.11248859888316,-77.51985453756035,GRAND LARCENY OF MOTOR VEHICLE,"LARCENY,GRAND OF AUTO",2025-06-27T00:00:00.000,nypd_complaints,2025-06-27,Friday,0.0,6.0,5.0
305848316,40.11248846484376,-77.51985481735176,DANGEROUS DRUGS,"DRUG PARAPHERNALIA,   POSSESSE",2025-05-05T00:00:00.000,nypd_complaints,2025-05-05,Monday,0.0,5.0,4.0
301796907,40.112488574671225,-77.51985500323953,ROBBERY,"ROBBERY,DWELLING",2025-02-27T00:00:00.000,nypd_complaints,2025-02-27,Thursday,0.0,2.0,7.0
304062758,40.11248833578022,-77.51985506516385,GRAND LARCENY OF MOTOR VEHICLE,"LARCENY,GRAND OF AUTO",2025-02-25T00:00:00.000,nypd_complaints,2025-02-25,Tuesday,0.0,2.0,5.0
302466147,40.112488587217534,-77.51985485202451,GRAND LARCENY,"LARCENY,GRAND FROM RESIDENCE, UNATTENDED",2025-03-11T00:00:00.000,nypd_complaints,2025-03-11,Tuesday,0.0,3.0,5.0
301529505,40.1124888212614,-77.51985453135485,ROBBERY,"ROBBERY,PERSONAL ELECTRONIC DEVICE",2025-02-23T00:00:00.000,nypd_complaints,2025-02-23,Sunday,0.0,2.0,7.0
301804595,40.1124883375117,-77.51985519132674,ASSAULT 3 & RELATED OFFENSES,ASSAULT 3,2025-02-27T00:00:00.000,nypd_complaints,2025-02-27,Thursday,0.0,2.0,6.0
305197753,40.11248849916014,-77.5198545986001,BURGLARY,"BURGLARY,UNCLASSIFIED,NIGHT",2025-04-22T00:00:00.000,nypd_complaints,2025-04-22,Tuesday,0.0,4.0,6.0
306752000,40.112488536970304,-77.51985464176799,GRAND LARCENY OF MOTOR VEHICLE,"LARCENY,GRAND OF AUTO",2025-05-19T00:00:00.000,nypd_complaints,2025-05-19,Monday,0.0,5.0,5.0
304926063,40.112488602570366,-77.51985481607946,SEX CRIMES,"SEXUAL ABUSE 3,2",2025-04-17T00:00:00.000,nypd_complaints,2025-04-17,Thursday,0.0,4.0,8.0
307668646,40.11248826970319,-77.51985535428501,GRAND LARCENY,"LARCENY,GRAND FROM STORE-SHOPL",2025-06-04T00:00:00.000,nypd_complaints,2025-06-04,Wednesday,0.0,6.0,5.0
303825586,40.11248885499998,-77.51985456083185,GRAND LARCENY,"LARCENY,GRAND FROM NIGHT CLUB, UNATTENDED",2025-03-29T00:00:00.000,nypd_complaints,2025-03-29,Saturday,0.0,3.0,5.0
305523073,40.112488793794306,-77.51985456648485,GRAND LARCENY,"LARCENY,GRAND BY THEFT OF CREDIT CARD",2025-04-25T00:00:00.000,nypd_complaints,2025-04-25,Friday,0.0,4.0,5.0
308585834,40.112488301422076,-77.51985531250024,HARRASSMENT 2,"HARASSMENT,SUBD 3,4,5",2025-06-24T00:00:00.000,nypd_complaints,2025-06-24,Tuesday,0.0,6.0,3.0
304910623,40.11248847788095,-77.51985502008559,GRAND LARCENY,"LARCENY,GRAND FROM RESIDENCE, UNATTENDED",2025-03-29T00:00:00.000,nypd_complaints,2025-03-29,Saturday,0.0,3.0,5.0
308379389,40.112488475698676,-77.51985482276845,FELONY ASSAULT,ASSAULT POLICE/PEACE OFFICER,2025-06-19T00:00:00.000,nypd_complaints,2025-06-19,Thursday,0.0,6.0,8.0
308036975,40.112488316706205,-77.51985529996595,ROBBERY,"ROBBERY,DWELLING",2025-06-13T00:00:00.000,nypd_complaints,2025-06-13,Friday,0.0,6.0,7.0
307957044,40.112488579723376,-77.51985462919443,GRAND LARCENY,"LARCENY,GRAND BY EXTORTION",2025-05-13T00:00:00.000,nypd_complaints,2025-05-13,Tuesday,0.0,5.0,5.0
299118507,40.11248827845703,-77.51985517731133,GRAND LARCENY,"LARCENY,GRAND BY FALSE PROMISE-NOT IN PERSON CONTACT",2025-01-07T00:00:00.000,nypd_complaints,2025-01-07,Tuesday,0.0,1.0,5.0
306297102,40.11248836029497,-77.51985517826921,HARRASSMENT 2,"HARASSMENT,SUBD 3,4,5",2025-05-12T00:00:00.000,nypd_complaints,2025-05-12,Monday,0.0,5.0,3.0
304599842,40.11248857090144,-77.51985488882329,FELONY ASSAULT,ASSAULT OTHER PUBLIC SERVICE EMPLOYEE,2025-04-11T00:00:00.000,nypd_complaints,2025-04-11,Friday,0.0,4.0,8.0
305161096,40.11248853484427,-77.5198551256127,HARRASSMENT 2,"HARASSMENT,SUBD 3,4,5",2025-04-22T00:00:00.000,nypd_complaints,2025-04-22,Tuesday,0.0,4.0,3.0
301117166,40.11248837981727,-77.51985490954405,HARRASSMENT 2,"HARASSMENT,SUBD 1,CIVILIAN",2025-02-14T00:00:00.000,nypd_complaints,2025-02-14,Friday,0.0,2.0,3.0
307668645,40.11248837957792,-77.51985488410385,FELONY ASSAULT,"ASSAULT 2,1,UNCLASSIFIED",2025-06-06T00:00:00.000,nypd_complaints,2025-06-06,Friday,0.0,6.0,8.0
307335565,40.11248855153175,-77.51985466332486,DANGEROUS WEAPONS,"WEAPONS, POSSESSION, ETC",2025-05-31T00:00:00.000,nypd_complaints,2025-05-31,Saturday,0.0,5.0,7.0
300941179,40.11248858129561,-77.51985456567752,DANGEROUS WEAPONS,"WEAPONS, POSSESSION, ETC",2025-02-12T00:00:00.000,nypd_complaints,2025-02-12,Wednesday,0.0,2.0,7.0
308811850,40.11248823791482,-77.51985522576473,ROBBERY,"ROBBERY,NECKCHAIN/JEWELRY",2025-06-29T00:00:00.000,nypd_complaints,2025-06-29,Sunday,0.0,6.0,7.0
300558915,40.11248894268142,-77.51985450402367,SEX CRIMES,"SEXUAL ABUSE 3,2",2025-01-29T00:00:00.000,nypd_complaints,2025-01-29,Wednesday,0.0,1.0,8.0
305011583,40.11248847976406,-77.51985487685248,GRAND LARCENY,"LARCENY,GRAND BY FALSE PROMISE-NOT IN PERSON CONTACT",2024-10-14T00:00:00.000,nypd_complaints,2024-10-14,Monday,0.0,10.0,5.0
301072765,40.112488551684,-77.51985511679139,ROBBERY,"ROBBERY,DWELLING",2025-02-13T00:00:00.000,nypd_complaints,2025-02-13,Thursday,0.0,2.0,7.0
305752505,40.112488734083584,-77.5198544978278,DANGEROUS WEAPONS,"WEAPONS, POSSESSION, ETC",2025-05-02T00:00:00.000,nypd_complaints,2025-05-02,Friday,0.0,5.0,7.0
306493146,40.1124885583085,-77.51985493172685,HARRASSMENT 2,"HARASSMENT,SUBD 1,CIVILIAN",2025-05-15T00:00:00.000,nypd_complaints,2025-05-15,Thursday,0.0,5.0,3.0
307297277,40.11248855401858,-77.51985505397592,ASSAULT 3 & RELATED OFFENSES,"MENACING,UNCLASSIFIED",2025-05-30T00:00:00.000,nypd_complaints,2025-05-30,Friday,0.0,5.0,6.0
307424746,40.112488421264054,-77.51985513587293,GRAND LARCENY,"LARCENY,GRAND FROM STORE-SHOPL",2025-06-02T00:00:00.000,nypd_complaints,2025-06-02,Monday,0.0,6.0,5.0
308737736,40.112488946021365,-77.51985453090728,GRAND LARCENY,"LARCENY,GRAND BY BANK ACCT COMPROMISE-UNCLASSIFIED",2025-06-20T00:00:00.000,nypd_complaints,2025-06-20,Friday,0.0,6.0,5.0
302712129,40.112488528935124,-77.51985512188287,HARRASSMENT 2,"HARASSMENT,SUBD 3,4,5",2025-03-12T00:00:00.000,nypd_complaints,2025-03-12,Wednesday,0.0,3.0,3.0
307411425,40.11248882551878,-77.5198545464115,GRAND LARCENY,"LARCENY,GRAND FROM NIGHT CLUB, UNATTENDED",2025-05-30T00:00:00.000,nypd_complaints,2025-05-30,Friday,0.0,5.0,5.0
308027567,40.11248822000758,-77.5198554063951,HARRASSMENT 2,"HARASSMENT,SUBD 1,CIVILIAN",2025-06-12T00:00:00.000,nypd_complaints,2025-06-12,Thursday,0.0,6.0,3.0
304575042,40.11248853872486,-77.51985463716575,DANGEROUS WEAPONS,"WEAPONS, POSSESSION, ETC",2025-04-11T00:00:00.000,nypd_complaints,2025-04-11,Friday,0.0,4.0,7.0
299832507,40.11248853555325,-77.51985507090785,RAPE,RAPE 1,2025-01-22T00:00:00.000,nypd_complaints,2025-01-22,Wednesday,0.0,1.0,9.0
306859775,40.11248859172472,-77.51985481449287,FELONY ASSAULT,ASSAULT POLICE/PEACE OFFICER,2025-05-22T00:00:00.000,nypd_complaints,2025-05-22,Thursday,0.0,5.0,8.0
300404690,40.112488855044184,-77.51985457299465,SEX CRIMES,"SEXUAL ABUSE 3,2",2025-01-31T00:00:00.000,nypd_complaints,2025-01-31,Friday,0.0,1.0,8.0
303278575,40.112488319149506,-77.51985509319837,GRAND LARCENY,"LARCENY,GRAND BY OPEN CREDIT CARD (NEW ACCT)",2024-11-14T00:00:00.000,nypd_complaints,2024-11-14,Thursday,0.0,11.0,5.0
298792130,40.112488780089855,-77.51985458586836,CRIMINAL TRESPASS,"TRESPASS 2, CRIMINAL",2025-01-02T00:00:00.000,nypd_complaints,2025-01-02,Thursday,0.0,1.0,3.0
302735470,40.11248860409048,-77.51985459908914,DANGEROUS DRUGS,"CONTROLLED SUBSTANCE,SALE 1",2025-03-13T00:00:00.000,nypd_complaints,2025-03-13,Thursday,0.0,3.0,4.0
307297280,40.11248844807994,-77.51985485913251,FELONY ASSAULT,"ASSAULT 2,1,UNCLASSIFIED",2025-05-19T00:00:00.000,nypd_complaints,2025-05-19,Monday,0.0,5.0,8.0
303507850,40.11248887989834,-77.51985454801068,SEX CRIMES,"SEXUAL ABUSE 3,2",2025-03-23T00:00:00.000,nypd_complaints,2025-03-23,Sunday,0.0,3.0,8.0
305482345,40.11248828798254,-77.51985527764606,HARRASSMENT 2,"HARASSMENT,SUBD 3,4,5",2025-04-27T00:00:00.000,nypd_complaints,2025-04-27,Sunday,0.0,4.0,3.0
305329918,40.11248891009533,-77.51985453702575,SEX CRIMES,"SEXUAL ABUSE 3,2",2025-04-25T00:00:00.000,nypd_complaints,2025-04-25,Friday,0.0,4.0,8.0
301385732,40.11248834777731,-77.51985516801442,BURGLARY,"BURGLARY,RESIDENCE,NIGHT",2025-02-20T00:00:00.000,nypd_complaints,2025-02-20,Thursday,0.0,2.0,6.0
299579798,40.11248857833634,-77.51985495997147,FELONY ASSAULT,ASSAULT POLICE/PEACE OFFICER,2025-01-16T00:00:00.000,nypd_complaints,2025-01-16,Thursday,0.0,1.0,8.0
301452104,40.11248866397054,-77.51985451793081,GRAND LARCENY,"LARCENY,GRAND FROM RESIDENCE/BUILDING,UNATTENDED, PACKAGE THEFT OUTSIDE",2025-02-18T00:00:00.000,nypd_complaints,2025-02-18,Tuesday,0.0,2.0,5.0
304072211,40.11248885230463,-77.51985457846898,GRAND LARCENY,"LARCENY,GRAND FROM NIGHT CLUB, UNATTENDED",2025-04-01T00:00:00.000,nypd_complaints,2025-04-01,Tuesday,0.0,4.0,5.0
306730185,40.11248887989834,-77.51985454801068,SEX CRIMES,"SEXUAL ABUSE 3,2",2025-05-19T00:00:00.000,nypd_complaints,2025-05-19,Monday,0.0,5.0,8.0
302369399,40.11248841043098,-77.51985512871173,ASSAULT 3 & RELATED OFFENSES,ASSAULT 3,2025-03-10T00:00:00.000,nypd_complaints,2025-03-10,Monday,0.0,3.0,6.0
307868955,40.112488210252224,-77.51985535524358,HARRASSMENT 2,"HARASSMENT,SUBD 3,4,5",2025-06-10T00:00:00.000,nypd_complaints,2025-06-10,Tuesday,0.0,6.0,3.0
300444188,40.112488567766135,-77.51985512183387,ASSAULT 3 & RELATED OFFENSES,"MENACING,UNCLASSIFIED",2025-02-02T00:00:00.000,nypd_complaints,2025-02-02,Sunday,0.0,2.0,6.0
304068772,40.112488775523495,-77.51985459897458,GRAND LARCENY,"LARCENY,GRAND FROM BUILDING (NON-RESIDENCE) UNATTENDED",2025-04-02T00:00:00.000,nypd_complaints,2025-04-02,Wednesday,0.0,4.0,5.0
304181722,40.11248881799402,-77.519854575878,SEX CRIMES,"SEXUAL ABUSE 3,2",2025-03-31T00:00:00.000,nypd_complaints,2025-03-31,Monday,0.0,3.0,8.0
305336540,40.11248864798947,-77.51985455544482,GRAND LARCENY,"LARCENY,GRAND BY THEFT OF CREDIT CARD",2025-04-14T00:00:00.000,nypd_complaints,2025-04-14,Monday,0.0,4.0,5.0
306782746,40.11248831992934,-77.51985524947973,HARRASSMENT 2,"HARASSMENT,SUBD 3,4,5",2025-05-07T00:00:00.000,nypd_complaints,2025-05-07,Wednesday,0.0,5.0,3.0
304445090,40.11248834361064,-77.51985522592892,HARRASSMENT 2,"HARASSMENT,SUBD 1,CIVILIAN",2025-03-26T00:00:00.000,nypd_complaints,2025-03-26,Wednesday,0.0,3.0,3.0
303027581,40.11248856998225,-77.51985496149469,ASSAULT 3 & RELATED OFFENSES,"MENACING,UNCLASSIFIED",2025-03-17T00:00:00.000,nypd_complaints,2025-03-17,Monday,0.0,3.0,6.0
305549379,40.11248852252198,-77.51985512593707,GRAND LARCENY,"LARCENY,GRAND BY FALSE PROMISE-NOT IN PERSON CONTACT",2025-04-28T00:00:00.000,nypd_complaints,2025-04-28,Monday,0.0,4.0,5.0
308455348,40.11248850309392,-77.5198551035422,ASSAULT 3 & RELATED OFFENSES,ASSAULT 3,2025-06-22T00:00:00.000,nypd_complaints,2025-06-22,Sunday,0.0,6.0,6.0
305240489,40.11248853555325,-77.51985507090785,RAPE,RAPE 3,2025-04-23T00:00:00.000,nypd_complaints,2025-04-23,Wednesday,0.0,4.0,9.0
299183524,40.11248820920991,-77.51985539870981,FELONY ASSAULT,"ASSAULT 2,1,UNCLASSIFIED",2025-01-09T00:00:00.000,nypd_complaints,2025-01-09,Thursday,0.0,1.0,8.0
308621717,40.11248819549403,-77.51985537031703,GRAND LARCENY,"LARCENY,GRAND BY EXTORTION",2025-06-25T00:00:00.000,nypd_complaints,2025-06-25,Wednesday,0.0,6.0,5.0
306868352,40.11248879183954,-77.51985457517048,GRAND LARCENY,"LARCENY,GRAND FROM BUILDING (NON-RESIDENCE) UNATTENDED",2025-05-21T00:00:00.000,nypd_complaints,2025-05-21,Wednesday,0.0,5.0,5.0
307216617,40.11248890749017,-77.51985453218845,DANGEROUS DRUGS,"CONTROLLED SUBSTANCE,SALE 3",2025-05-29T00:00:00.000,nypd_complaints,2025-05-29,Thursday,0.0,5.0,4.0
300562481,40.112488542262206,-77.51985463790554,CRIMINAL TRESPASS,"TRESPASS 3, CRIMINAL",2025-02-04T00:00:00.000,nypd_complaints,2025-02-04,Tuesday,0.0,2.0,3.0
307732813,40.11248819210295,-77.51985541084808,HARRASSMENT 2,"HARASSMENT,SUBD 3,4,5",2025-06-07T00:00:00.000,nypd_complaints,2025-06-07,Saturday,0.0,6.0,3.0
304773865,40.112488539793,-77.51985515760725,GRAND LARCENY,"LARCENY,GRAND BY FALSE PROMISE-IN PERSON CONTACT",2025-04-14T00:00:00.000,nypd_complaints,2025-04-14,Monday,0.0,4.0,5.0
304928122,40.11248858010399,-77.51985484788814,FELONY ASSAULT,"ASSAULT 2,1,UNCLASSIFIED",2025-04-17T00:00:00.000,nypd_complaints,2025-04-17,Thursday,0.0,4.0,8.0
304206482,40.11248888195401,-77.51985458023259,DANGEROUS DRUGS,"CONTROLLED SUBSTANCE,POSSESS.",2025-04-04T00:00:00.000,nypd_complaints,2025-04-04,Friday,0.0,4.0,4.0
299689506,40.11248852744519,-77.51985484337048,GRAND LARCENY OF MOTOR VEHICLE,"LARCENY,GRAND OF AUTO",2025-01-18T00:00:00.000,nypd_complaints,2025-01-18,Saturday,0.0,1.0,5.0
300402992,40.11248842825206,-77.5198551121278,FELONY ASSAULT,STRANGULATION 1ST,2025-02-01T00:00:00.000,nypd_complaints,2025-02-01,Saturday,0.0,2.0,8.0
308084272,40.112488524952376,-77.51985510220017,ASSAULT 3 & RELATED OFFENSES,ASSAULT 3,2025-06-14T00:00:00.000,nypd_complaints,2025-06-14,Saturday,0.0,6.0,6.0
303742508,40.11248830826619,-77.5198550651507,ROBBERY,"ROBBERY,PERSONAL ELECTRONIC DEVICE",2025-03-27T00:00:00.000,nypd_complaints,2025-03-27,Thursday,0.0,3.0,7.0
305695528,40.11248891009533,-77.51985453702575,SEX CRIMES,"SEXUAL ABUSE 3,2",2025-04-29T00:00:00.000,nypd_complaints,2025-04-29,Tuesday,0.0,4.0,8.0
300201223,40.112488574671225,-77.51985500323953,DANGEROUS DRUGS,"CONTROLLED SUBSTANCE, POSSESSI",2025-01-29T00:00:00.000,nypd_complaints,2025-01-29,Wednesday,0.0,1.0,4.0
303995375,40.112488317457554,-77.51985531131126,HARRASSMENT 2,"HARASSMENT,SUBD 3,4,5",2025-03-31T00:00:00.000,nypd_complaints,2025-03-31,Monday,0.0,3.0,3.0
299917948,40.11248880915048,-77.51985455784785,GRAND LARCENY,"LARCENY,GRAND BY BANK ACCT COMPROMISE-UNCLASSIFIED",2024-10-09T00:00:00.000,nypd_complaints,2024-10-09,Wednesday,0.0,10.0,5.0
299400279,40.1124885452017,-77.51985482923399,HARRASSMENT 2,"HARASSMENT,SUBD 1,CIVILIAN",2025-01-14T00:00:00.000,nypd_complaints,2025-01-14,Tuesday,0.0,1.0,3.0
308750153,40.11248821962795,-77.51985541399942,SEX CRIMES,"CHILD, ENDANGERING WELFARE",2025-06-24T00:00:00.000,nypd_complaints,2025-06-24,Tuesday,0.0,6.0,8.0
303891972,40.11248848176828,-77.51985499604929,ASSAULT 3 & RELATED OFFENSES,"MENACING,UNCLASSIFIED",2025-03-30T00:00:00.000,nypd_complaints,2025-03-30,Sunday,0.0,3.0,6.0
307326959,40.112488806882375,-77.51985454162178,SEX CRIMES,"SEXUAL ABUSE 3,2",2025-05-16T00:00:00.000,nypd_complaints,2025-05-16,Friday,0.0,5.0,8.0
302115050,40.11248871882326,-77.51985450539331,DANGEROUS WEAPONS,"WEAPONS, POSSESSION, ETC",2025-03-05T00:00:00.000,nypd_complaints,2025-03-05,Wednesday,0.0,3.0,7.0
303821889,40.11248854489096,-77.51985513137315,ROBBERY,"ROBBERY,POCKETBOOK/CARRIED BAG",2025-03-29T00:00:00.000,nypd_complaints,2025-03-29,Saturday,0.0,3.0,7.0
307702342,40.11248883668675,-77.51985451083237,SEX CRIMES,"SEXUAL ABUSE 3,2",2025-06-04T00:00:00.000,nypd_complaints,2025-06-04,Wednesday,0.0,6.0,8.0
303927731,40.11248834361064,-77.51985522592892,HARRASSMENT 2,"HARASSMENT,SUBD 3,4,5",2025-03-26T00:00:00.000,nypd_complaints,2025-03-26,Wednesday,0.0,3.0,3.0
307375167,40.112488607940115,-77.51985485624377,HARRASSMENT 2,"HARASSMENT,SUBD 1,CIVILIAN",2025-06-01T00:00:00.000,nypd_complaints,2025-06-01,Sunday,0.0,6.0,3.0
301866059,40.112488480261455,-77.5198549940491,ASSAULT 3 & RELATED OFFENSES,"MENACING,UNCLASSIFIED",2025-02-28T00:00:00.000,nypd_complaints,2025-02-28,Friday,0.0,2.0,6.0
300943386,40.112488421264054,-77.51985513587293,GRAND LARCENY,"LARCENY,GRAND FROM RETAIL STORE, UNATTENDED",2025-02-11T00:00:00.000,nypd_complaints,2025-02-11,Tuesday,0.0,2.0,5.0
304263348,40.11248883668675,-77.51985451083237,SEX CRIMES,"SEXUAL ABUSE 3,2",2025-04-06T00:00:00.000,nypd_complaints,2025-04-06,Sunday,0.0,4.0,8.0
307493880,40.112488459959486,-77.51985480483634,FELONY ASSAULT,ASSAULT POLICE/PEACE OFFICER,2025-06-03T00:00:00.000,nypd_complaints,2025-06-03,Tuesday,0.0,6.0,8.0
306077966,40.11248820304813,-77.51985537170104,HARRASSMENT 2,"HARASSMENT,SUBD 3,4,5",2025-05-08T00:00:00.000,nypd_complaints,2025-05-08,Thursday,0.0,5.0,3.0
303023866,40.11248891009533,-77.51985453702575,RAPE,RAPE 3,2025-03-15T00:00:00.000,nypd_complaints,2025-03-15,Saturday,0.0,3.0,9.0
301061306,40.11248832096123,-77.51985530424245,ASSAULT 3 & RELATED OFFENSES,ASSAULT 3,2025-01-15T00:00:00.000,nypd_complaints,2025-01-15,Wednesday,0.0,1.0,6.0
307658417,40.1124885764498,-77.51985515181646,HARRASSMENT 2,"HARASSMENT,SUBD 3,4,5",2025-05-28T00:00:00.000,nypd_complaints,2025-05-28,Wednesday,0.0,5.0,3.0
307629770,40.1124883864624,-77.51985493303705,ROBBERY,"ROBBERY,PUBLIC PLACE INSIDE",2025-06-05T00:00:00.000,nypd_complaints,2025-06-05,Thursday,0.0,6.0,7.0
300985957,40.11248884829772,-77.51985453999062,DANGEROUS DRUGS,"CONTROLLED SUBSTANCE,SALE 3",2025-01-15T00:00:00.000,nypd_complaints,2025-01-15,Wednesday,0.0,1.0,4.0
307158801,40.11248859629662,-77.51985457774711,GRAND LARCENY,"LARCENY,GRAND BY BANK ACCT COMPROMISE-UNCLASSIFIED",2025-05-02T00:00:00.000,nypd_complaints,2025-05-02,Friday,0.0,5.0,5.0
304512445,40.112488806882375,-77.51985454162178,SEX CRIMES,"SEXUAL ABUSE 3,2",2025-02-05T00:00:00.000,nypd_complaints,2025-02-05,Wednesday,0.0,2.0,8.0
306755400,40.11248854684414,-77.51985463951219,GRAND LARCENY,"LARCENY,GRAND FROM PERSON,UNCL",2025-05-20T00:00:00.000,nypd_complaints,2025-05-20,Tuesday,0.0,5.0,5.0
306207326,40.112488247887576,-77.51985519440841,HARRASSMENT 2,"HARASSMENT,SUBD 3,4,5",2025-05-10T00:00:00.000,nypd_complaints,2025-05-10,Saturday,0.0,5.0,3.0
300152018,40.112488570702936,-77.5198551219161,DANGEROUS DRUGS,"CONTROLLED SUBSTANCE, POSSESSI",2025-01-28T00:00:00.000,nypd_complaints,2025-01-28,Tuesday,0.0,1.0,4.0
303503439,40.112488400169696,-77.51985486679796,DANGEROUS DRUGS,"CONTROLLED SUBSTANCE, POSSESSI",2025-03-23T00:00:00.000,nypd_complaints,2025-03-23,Sunday,0.0,3.0,4.0
301165160,40.11248834920925,-77.51985526780537,GRAND LARCENY OF MOTOR VEHICLE,"LARCENY,GRAND OF AUTO",2025-02-15T00:00:00.000,nypd_complaints,2025-02-15,Saturday,0.0,2.0,5.0
308219737,40.112488528273694,-77.51985455195616,GRAND LARCENY,"LARCENY,GRAND BY THEFT OF CREDIT CARD",2025-03-15T00:00:00.000,nypd_complaints,2025-03-15,Saturday,0.0,3.0,5.0
300115704,40.11248839969576,-77.51985486546486,BURGLARY,"BURGLARY,TRUCK DAY",2025-01-27T00:00:00.000,nypd_complaints,2025-01-27,Monday,0.0,1.0,6.0
308853144,40.112488568993854,-77.5198551197944,HARRASSMENT 2,"HARASSMENT,SUBD 3,4,5",2025-06-29T00:00:00.000,nypd_complaints,2025-06-29,Sunday,0.0,6.0,3.0
307706812,40.112488884510526,-77.51985453283132,GRAND LARCENY,"LARCENY,GRAND BY THEFT OF CREDIT CARD",2025-06-07T00:00:00.000,nypd_complaints,2025-06-07,Saturday,0.0,6.0,5.0
301556527,40.112488573258986,-77.51985492048537,HARRASSMENT 2,"HARASSMENT,SUBD 1,CIVILIAN",2025-01-14T00:00:00.000,nypd_complaints,2025-01-14,Tuesday,0.0,1.0,3.0
306067800,40.11248825011155,-77.51985536264023,HARRASSMENT 2,"HARASSMENT,SUBD 3,4,5",2025-05-08T00:00:00.000,nypd_complaints,2025-05-08,Thursday,0.0,5.0,3.0
301367990,40.11248826939234,-77.51985523104449,GRAND LARCENY,"LARCENY,GRAND BY OPEN BANK ACCT",2025-01-31T00:00:00.000,nypd_complaints,2025-01-31,Friday,0.0,1.0,5.0
308568418,40.11248855641349,-77.51985505280939,ASSAULT 3 & RELATED OFFENSES,OBSTR BREATH/CIRCUL,2025-06-24T00:00:00.000,nypd_complaints,2025-06-24,Tuesday,0.0,6.0,6.0
301041887,40.11248836183589,-77.51985513546953,HARRASSMENT 2,"HARASSMENT,SUBD 3,4,5",2025-02-13T00:00:00.000,nypd_complaints,2025-02-13,Thursday,0.0,2.0,3.0
305716862,40.112488286433326,-77.51985512582175,GRAND LARCENY OF MOTOR VEHICLE,"LARCENY,GRAND OF AUTO",2025-05-02T00:00:00.000,nypd_complaints,2025-05-02,Friday,0.0,5.0,5.0
303620879,40.112488552774415,-77.51985495643262,HARRASSMENT 2,"HARASSMENT,SUBD 1,CIVILIAN",2025-03-25T00:00:00.000,nypd_complaints,2025-03-25,Tuesday,0.0,3.0,3.0
302283088,40.11248857833368,-77.51985463514674,FELONY ASSAULT,ASSAULT OTHER PUBLIC SERVICE EMPLOYEE,2025-03-08T00:00:00.000,nypd_complaints,2025-03-08,Saturday,0.0,3.0,8.0
307288093,40.11248879277303,-77.51985459414253,CRIMINAL TRESPASS,"TRESPASS 2, CRIMINAL",2025-05-30T00:00:00.000,nypd_complaints,2025-05-30,Friday,0.0,5.0,3.0
306296780,40.112488575204225,-77.51985495945327,ASSAULT 3 & RELATED OFFENSES,"MENACING,UNCLASSIFIED",2025-05-11T00:00:00.000,nypd_complaints,2025-05-11,Sunday,0.0,5.0,6.0
298765044,40.11248857726799,-77.5198548449847,ASSAULT 3 & RELATED OFFENSES,"MENACING,UNCLASSIFIED",2025-01-02T00:00:00.000,nypd_complaints,2025-01-02,Thursday,0.0,1.0,6.0
303156319,40.11248858101302,-77.51985465976658,CRIMINAL TRESPASS,"TRESPASS 2, CRIMINAL",2025-03-19T00:00:00.000,nypd_complaints,2025-03-19,Wednesday,0.0,3.0,3.0
301979917,40.11248830658551,-77.51985515958816,DANGEROUS DRUGS,"CONTROLLED SUBSTANCE, POSSESSI",2025-03-03T00:00:00.000,nypd_complaints,2025-03-03,Monday,0.0,3.0,4.0
307812781,40.112488818162355,-77.51985457888873,FELONY ASSAULT,ASSAULT POLICE/PEACE OFFICER,2025-06-09T00:00:00.000,nypd_complaints,2025-06-09,Monday,0.0,6.0,8.0
306742193,40.11248855914598,-77.5198549769524,CRIMINAL TRESPASS,"TRESPASS 3, CRIMINAL",2025-05-19T00:00:00.000,nypd_complaints,2025-05-19,Monday,0.0,5.0,3.0
301969970,40.11248858038459,-77.51985514421924,HARRASSMENT 2,"HARASSMENT,SUBD 3,4,5",2025-01-01T00:00:00.000,nypd_complaints,2025-01-01,Wednesday,0.0,1.0,3.0
307451515,40.112488855470446,-77.51985456401214,GRAND LARCENY,"LARCENY,GRAND FROM NIGHT CLUB, UNATTENDED",2025-06-02T00:00:00.000,nypd_complaints,2025-06-02,Monday,0.0,6.0,5.0
308526802,40.112488775523495,-77.51985459897458,GRAND LARCENY,"LARCENY,GRAND BY THEFT OF CREDIT CARD",2025-05-13T00:00:00.000,nypd_complaints,2025-05-13,Tuesday,0.0,5.0,5.0
308204776,40.112488565158955,-77.51985493122051,GRAND LARCENY,"LARCENY,GRAND FROM RESIDENCE/BUILDING,UNATTENDED, PACKAGE THEFT OUTSIDE",2025-06-17T00:00:00.000,nypd_complaints,2025-06-17,Tuesday,0.0,6.0,5.0
301556531,40.11248821962795,-77.51985541399942,SEX CRIMES,"CHILD, ENDANGERING WELFARE",2025-02-23T00:00:00.000,nypd_complaints,2025-02-23,Sunday,0.0,2.0,8.0
308828085,40.112488320559905,-77.51985527773115,FELONY ASSAULT,STRANGULATION 1ST,2025-06-29T00:00:00.000,nypd_complaints,2025-06-29,Sunday,0.0,6.0,8.0
302244026,40.112488791415984,-77.51985456949174,GRAND LARCENY OF MOTOR VEHICLE,"LARCENY,GRAND OF AUTO",2025-03-07T00:00:00.000,nypd_complaints,2025-03-07,Friday,0.0,3.0,5.0
308758341,40.1124888743942,-77.51985457388852,GRAND LARCENY,"LARCENY,GRAND FROM PERSON,UNCL",2025-06-28T00:00:00.000,nypd_complaints,2025-06-28,Saturday,0.0,6.0,5.0
302862872,40.11248826479145,-77.51985535428543,GRAND LARCENY,"LARCENY,GRAND FROM STORE-SHOPL",2025-03-12T00:00:00.000,nypd_complaints,2025-03-12,Wednesday,0.0,3.0,5.0
301045323,40.1124887367953,-77.51985450821273,DANGEROUS WEAPONS,"WEAPONS, POSSESSION, ETC",2025-02-13T00:00:00.000,nypd_complaints,2025-02-13,Thursday,0.0,2.0,7.0
301586605,40.11248853555325,-77.51985507090785,SEX CRIMES,"SEXUAL ABUSE 3,2",2025-02-08T00:00:00.000,nypd_complaints,2025-02-08,Saturday,0.0,2.0,8.0
305960117,40.11248891009533,-77.51985453702575,SEX CRIMES,"SEXUAL ABUSE 3,2",2025-05-06T00:00:00.000,nypd_complaints,2025-05-06,Tuesday,0.0,5.0,8.0
305882084,40.11248835249703,-77.51985523279141,HARRASSMENT 2,"HARASSMENT,SUBD 3,4,5",2025-05-04T00:00:00.000,nypd_complaints,2025-05-04,Sunday,0.0,5.0,3.0
304081963,40.11248856027287,-77.51985450585649,SEX CRIMES,"SEXUAL ABUSE 3,2",2025-04-02T00:00:00.000,nypd_complaints,2025-04-02,Wednesday,0.0,4.0,8.0
304634312,40.112488806882375,-77.51985454162178,SEX CRIMES,"SEXUAL ABUSE 3,2",2025-04-11T00:00:00.000,nypd_complaints,2025-04-11,Friday,0.0,4.0,8.0
308317572,40.1124885764498,-77.51985515181646,DANGEROUS DRUGS,"CONTROLLED SUBSTANCE, POSSESSI",2025-06-19T00:00:00.000,nypd_complaints,2025-06-19,Thursday,0.0,6.0,4.0
300314308,40.11248857177076,-77.51985501915573,FELONY ASSAULT,"ASSAULT 2,1,UNCLASSIFIED",2025-01-30T00:00:00.000,nypd_complaints,2025-01-30,Thursday,0.0,1.0,8.0
308226354,40.112488506281494,-77.51985452879731,GRAND LARCENY OF MOTOR VEHICLE,"LARCENY,GRAND OF AUTO",2025-06-15T00:00:00.000,nypd_complaints,2025-06-15,Sunday,0.0,6.0,5.0
299937403,40.112488557983866,-77.5198551229925,ASSAULT 3 & RELATED OFFENSES,ASSAULT 3,2025-01-23T00:00:00.000,nypd_complaints,2025-01-23,Thursday,0.0,1.0,6.0
306358664,40.112488571880775,-77.51985501158721,ROBBERY,"ROBBERY,NECKCHAIN/JEWELRY",2025-05-13T00:00:00.000,nypd_complaints,2025-05-13,Tuesday,0.0,5.0,7.0
300293933,40.11248850407896,-77.51985453563015,DANGEROUS WEAPONS,"WEAPONS, POSSESSION, ETC",2025-01-30T00:00:00.000,nypd_complaints,2025-01-30,Thursday,0.0,1.0,7.0
307213653,40.11248853555325,-77.51985507090785,SEX CRIMES,"SEXUAL ABUSE 3,2",2025-05-24T00:00:00.000,nypd_complaints,2025-05-24,Saturday,0.0,5.0,8.0
300159344,40.11248845046731,-77.51985510287597,ASSAULT 3 & RELATED OFFENSES,ASSAULT 3,2025-01-17T00:00:00.000,nypd_complaints,2025-01-17,Friday,0.0,1.0,6.0
302085497,40.11248890840736,-77.51985453136663,DANGEROUS DRUGS,"CONTROLLED SUBSTANCE,SALE 3",2025-03-05T00:00:00.000,nypd_complaints,2025-03-05,Wednesday,0.0,3.0,4.0
307645932,40.11248843566165,-77.51985489175613,GRAND LARCENY,"LARCENY,GRAND FROM RESIDENCE, UNATTENDED",2025-05-29T00:00:00.000,nypd_complaints,2025-05-29,Thursday,0.0,5.0,5.0
306161839,40.11248853555325,-77.51985507090785,SEX CRIMES,SEXUAL ABUSE,2025-05-08T00:00:00.000,nypd_complaints,2025-05-08,Thursday,0.0,5.0,8.0
299191385,40.11248852468741,-77.51985482031361,CRIMINAL TRESPASS,"TRESPASS 2, CRIMINAL",2025-01-09T00:00:00.000,nypd_complaints,2025-01-09,Thursday,0.0,1.0,3.0
308353209,40.11248848037113,-77.51985501746104,GRAND LARCENY,"LARCENY,GRAND FROM OPEN AREAS, UNATTENDED",2025-05-25T00:00:00.000,nypd_complaints,2025-05-25,Sunday,0.0,5.0,5.0
306510293,40.11248832960648,-77.51985508166356,GRAND LARCENY,"LARCENY,GRAND BY FALSE PROMISE-NOT IN PERSON CONTACT",2025-05-15T00:00:00.000,nypd_complaints,2025-05-15,Thursday,0.0,5.0,5.0
305838443,40.112488567954784,-77.51985455160104,ROBBERY,"ROBBERY,PERSONAL ELECTRONIC DEVICE",2025-05-04T00:00:00.000,nypd_complaints,2025-05-04,Sunday,0.0,5.0,7.0
299352723,40.11248854636418,-77.51985518972609,HARRASSMENT 2,"HARASSMENT,SUBD 3,4,5",2024-12-22T00:00:00.000,nypd_complaints,2024-12-22,Sunday,0.0,12.0,3.0
308823326,40.11248887673558,-77.51985458198082,GRAND LARCENY,"LARCENY,GRAND FROM NIGHT CLUB, UNATTENDED",2025-06-28T00:00:00.000,nypd_complaints,2025-06-28,Saturday,0.0,6.0,5.0
306920294,40.11248839739363,-77.51985497190302,GRAND LARCENY,"LARCENY,GRAND BY FALSE PROMISE-NOT IN PERSON CONTACT",2025-05-15T00:00:00.000,nypd_complaints,2025-05-15,Thursday,0.0,5.0,5.0
306877749,40.112488786629555,-77.51985459675825,CRIMINAL TRESPASS,"TRESPASS 2, CRIMINAL",2025-05-17T00:00:00.000,nypd_complaints,2025-05-17,Saturday,0.0,5.0,3.0
306354344,40.11248836267009,-77.5198551811521,HARRASSMENT 2,"HARASSMENT,SUBD 3,4,5",2025-05-11T00:00:00.000,nypd_complaints,2025-05-11,Sunday,0.0,5.0,3.0
302654709,40.112488872385875,-77.51985454339508,DANGEROUS WEAPONS,"WEAPONS, POSSESSION, ETC",2025-03-12T00:00:00.000,nypd_complaints,2025-03-12,Wednesday,0.0,3.0,7.0
307426955,40.11248872098366,-77.51985455385373,ROBBERY,"ROBBERY,CAR JACKING",2025-06-02T00:00:00.000,nypd_complaints,2025-06-02,Monday,0.0,6.0,7.0
308814722,40.11248853555325,-77.51985507090785,SEX CRIMES,"SEXUAL ABUSE 3,2",2025-06-29T00:00:00.000,nypd_complaints,2025-06-29,Sunday,0.0,6.0,8.0
305621696,40.11248831320359,-77.5198552714926,GRAND LARCENY,"LARCENY,GRAND BY OPEN CREDIT CARD (NEW ACCT)",2025-04-30T00:00:00.000,nypd_complaints,2025-04-30,Wednesday,0.0,4.0,5.0
299366923,40.112488590681444,-77.51985484793396,GRAND LARCENY,"LARCENY,GRAND BY CREDIT CARD ACCT COMPROMISE-EXISTING ACCT",2025-01-08T00:00:00.000,nypd_complaints,2025-01-08,Wednesday,0.0,1.0,5.0
303765459,40.112488421264054,-77.51985513587293,BURGLARY,"BURGLARY,COMMERCIAL,DAY",2025-03-07T00:00:00.000,nypd_complaints,2025-03-07,Friday,0.0,3.0,6.0
306544239,40.11248853571347,-77.51985507084576,GRAND LARCENY,"LARCENY,GRAND FROM OPEN AREAS, UNATTENDED",2025-05-01T00:00:00.000,nypd_complaints,2025-05-01,Thursday,0.0,5.0,5.0
299795364,40.112488567591555,-77.51985495235336,ASSAULT 3 & RELATED OFFENSES,OBSTR BREATH/CIRCUL,2025-01-21T00:00:00.000,nypd_complaints,2025-01-21,Tuesday,0.0,1.0,6.0
303506457,40.112488435625224,-77.51985513339413,ASSAULT 3 & RELATED OFFENSES,ASSAULT 3,2025-03-23T00:00:00.000,nypd_complaints,2025-03-23,Sunday,0.0,3.0,6.0
299650020,40.1124885446738,-77.51985506854929,HARRASSMENT 2,"HARASSMENT,SUBD 1,CIVILIAN",2025-01-18T00:00:00.000,nypd_complaints,2025-01-18,Saturday,0.0,1.0,3.0
300905373,40.1124888438327,-77.51985457784647,GRAND LARCENY,"LARCENY,GRAND BY OPEN/COMPROMISE CELL PHONE ACCT",2024-11-08T00:00:00.000,nypd_complaints,2024-11-08,Friday,0.0,11.0,5.0
299996585,40.11248891779569,-77.5198545102775,DANGEROUS WEAPONS,"WEAPONS, POSSESSION, ETC",2025-01-25T00:00:00.000,nypd_complaints,2025-01-25,Saturday,0.0,1.0,7.0
303592901,40.11248830615212,-77.51985515944479,DANGEROUS WEAPONS,"WEAPONS, POSSESSION, ETC",2025-03-25T00:00:00.000,nypd_complaints,2025-03-25,Tuesday,0.0,3.0,7.0
300734500,40.11248879384141,-77.51985458035584,GRAND LARCENY,"LARCENY,GRAND BY BANK ACCT COMPROMISE-REPRODUCED CHECK",2024-11-15T00:00:00.000,nypd_complaints,2024-11-15,Friday,0.0,11.0,5.0
304153532,40.1124883897522,-77.51985494526662,HARRASSMENT 2,"HARASSMENT,SUBD 1,CIVILIAN",2025-04-03T00:00:00.000,nypd_complaints,2025-04-03,Thursday,0.0,4.0,3.0
299352734,40.112488308218275,-77.51985527058397,DANGEROUS DRUGS,"CONTROLLED SUBSTANCE, POSSESSI",2025-01-13T00:00:00.000,nypd_complaints,2025-01-13,Monday,0.0,1.0,4.0
302698821,40.11248833360926,-77.51985519493995,ASSAULT 3 & RELATED OFFENSES,ASSAULT 3,2025-03-12T00:00:00.000,nypd_complaints,2025-03-12,Wednesday,0.0,3.0,6.0
302076260,40.11248854789588,-77.51985504657478,DANGEROUS DRUGS,"CONTROLLED SUBSTANCE,INTENT TO",2025-03-05T00:00:00.000,nypd_complaints,2025-03-05,Wednesday,0.0,3.0,4.0
304325784,40.112488528935124,-77.51985512188287,FELONY ASSAULT,"ASSAULT 2,1,UNCLASSIFIED",2025-04-07T00:00:00.000,nypd_complaints,2025-04-07,Monday,0.0,4.0,8.0
307104840,40.11248847617455,-77.51985514175358,FELONY ASSAULT,STRANGULATION 1ST,2025-05-27T00:00:00.000,nypd_complaints,2025-05-27,Tuesday,0.0,5.0,8.0
308455595,40.1124885192408,-77.51985457146539,GRAND LARCENY OF MOTOR VEHICLE,"LARCENY,GRAND OF AUTO",2025-06-21T00:00:00.000,nypd_complaints,2025-06-21,Saturday,0.0,6.0,5.0
300242406,40.11248852298103,-77.51985507867283,GRAND LARCENY,"LARCENY,GRAND BY FALSE PROMISE-NOT IN PERSON CONTACT",2025-01-06T00:00:00.000,nypd_complaints,2025-01-06,Monday,0.0,1.0,5.0
306462271,40.11248880149748,-77.5198545918337,BURGLARY,"BURGLARY,COMMERCIAL,DAY",2025-05-15T00:00:00.000,nypd_complaints,2025-05-15,Thursday,0.0,5.0,6.0
305982556,40.11248849269682,-77.51985496576627,FELONY ASSAULT,"ASSAULT 2,1,UNCLASSIFIED",2025-05-06T00:00:00.000,nypd_complaints,2025-05-06,Tuesday,0.0,5.0,8.0
301107464,40.1124882484258,-77.51985522662997,FELONY ASSAULT,"ASSAULT 2,1,UNCLASSIFIED",2025-02-11T00:00:00.000,nypd_complaints,2025-02-11,Tuesday,0.0,2.0,8.0
308638167,40.11248833972719,-77.51985513174655,HARRASSMENT 2,"HARASSMENT,SUBD 3,4,5",2025-06-25T00:00:00.000,nypd_complaints,2025-06-25,Wednesday,0.0,6.0,3.0
303985290,40.112488551194346,-77.51985513327746,GRAND LARCENY,"LARCENY,GRAND BY OPEN/COMPROMISE CELL PHONE ACCT",2025-02-26T00:00:00.000,nypd_complaints,2025-02-26,Wednesday,0.0,2.0,5.0
307348033,40.11248858649868,-77.51985497026656,DANGEROUS DRUGS,"CONTROLLED SUBSTANCE, POSSESSI",2025-06-01T00:00:00.000,nypd_complaints,2025-06-01,Sunday,0.0,6.0,4.0
308122514,40.11248854397699,-77.5198548335405,FELONY ASSAULT,ASSAULT POLICE/PEACE OFFICER,2025-06-16T00:00:00.000,nypd_complaints,2025-06-16,Monday,0.0,6.0,8.0
303626683,40.11248856027287,-77.51985450585649,SEX CRIMES,"SEXUAL ABUSE 3,2",2025-03-25T00:00:00.000,nypd_complaints,2025-03-25,Tuesday,0.0,3.0,8.0
303989275,40.11248893778255,-77.51985454453677,GRAND LARCENY,"LARCENY,GRAND BY BANK ACCT COMPROMISE-UNCLASSIFIED",2025-03-17T00:00:00.000,nypd_complaints,2025-03-17,Monday,0.0,3.0,5.0
302321930,40.11248856842201,-77.51985513327364,DANGEROUS DRUGS,"CONTROLLED SUBSTANCE, POSSESSI",2025-03-09T00:00:00.000,nypd_complaints,2025-03-09,Sunday,0.0,3.0,4.0
308012266,40.112488316706205,-77.51985529996595,HARRASSMENT 2,"HARASSMENT,SUBD 1,CIVILIAN",2025-06-12T00:00:00.000,nypd_complaints,2025-06-12,Thursday,0.0,6.0,3.0
301885013,40.11248827491171,-77.51985511533647,ASSAULT 3 & RELATED OFFENSES,ASSAULT 3,2025-03-01T00:00:00.000,nypd_complaints,2025-03-01,Saturday,0.0,3.0,6.0
300864747,40.11248857306388,-77.51985497343786,ASSAULT 3 & RELATED OFFENSES,"MENACING,UNCLASSIFIED",2025-02-10T00:00:00.000,nypd_complaints,2025-02-10,Monday,0.0,2.0,6.0
301433228,40.1124883864624,-77.51985493303705,CRIMINAL TRESPASS,"TRESPASS 2, CRIMINAL",2025-02-20T00:00:00.000,nypd_complaints,2025-02-20,Thursday,0.0,2.0,3.0
305154477,40.112488551902715,-77.51985505043756,ROBBERY,"ROBBERY,BICYCLE",2025-04-22T00:00:00.000,nypd_complaints,2025-04-22,Tuesday,0.0,4.0,7.0
301426456,40.11248879807497,-77.51985459769746,CRIMINAL TRESPASS,"TRESPASS 3, CRIMINAL",2025-02-20T00:00:00.000,nypd_complaints,2025-02-20,Thursday,0.0,2.0,3.0
306558999,40.11248853708528,-77.51985463884377,ROBBERY,"ROBBERY,PERSONAL ELECTRONIC DEVICE",2025-05-16T00:00:00.000,nypd_complaints,2025-05-16,Friday,0.0,5.0,7.0
306290452,40.11248840990031,-77.5198551373602,HARRASSMENT 2,"HARASSMENT,SUBD 3,4,5",2025-05-13T00:00:00.000,nypd_complaints,2025-05-13,Tuesday,0.0,5.0,3.0
303506458,40.11248846559893,-77.51985513061298,ASSAULT 3 & RELATED OFFENSES,ASSAULT 3,2025-03-23T00:00:00.000,nypd_complaints,2025-03-23,Sunday,0.0,3.0,6.0
303407686,40.11248855480229,-77.51985495872843,BURGLARY,"BURGLARY,COMMERCIAL,NIGHT",2025-03-22T00:00:00.000,nypd_complaints,2025-03-22,Saturday,0.0,3.0,6.0
307705152,40.11248836505984,-77.5198549282419,GRAND LARCENY,"LARCENY,GRAND BY FALSE PROMISE-NOT IN PERSON CONTACT",2025-06-04T00:00:00.000,nypd_complaints,2025-06-04,Wednesday,0.0,6.0,5.0
303843280,40.112488573258986,-77.51985492048537,FELONY ASSAULT,"ASSAULT 2,1,UNCLASSIFIED",2025-03-29T00:00:00.000,nypd_complaints,2025-03-29,Saturday,0.0,3.0,8.0
308122517,40.11248823575141,-77.51985537345186,FELONY ASSAULT,STRANGULATION 1ST,2025-06-16T00:00:00.000,nypd_complaints,2025-06-16,Monday,0.0,6.0,8.0
300344620,40.112488876683635,-77.51985456550932,GRAND LARCENY,"LARCENY,GRAND FROM NIGHT CLUB, UNATTENDED",2025-01-30T00:00:00.000,nypd_complaints,2025-01-30,Thursday,0.0,1.0,5.0
301864287,40.1124889385847,-77.51985450508383,DANGEROUS WEAPONS,"WEAPONS, POSSESSION, ETC",2025-03-01T00:00:00.000,nypd_complaints,2025-03-01,Saturday,0.0,3.0,7.0
301326305,40.11248858129065,-77.51985501928928,DANGEROUS WEAPONS,WEAPONS POSSESSION 3,2025-02-19T00:00:00.000,nypd_complaints,2025-02-19,Wednesday,0.0,2.0,7.0
306749358,40.11248891416153,-77.5198545134586,DANGEROUS WEAPONS,"WEAPONS, POSSESSION, ETC",2025-05-20T00:00:00.000,nypd_complaints,2025-05-20,Tuesday,0.0,5.0,7.0
307905098,40.11248892076497,-77.51985452060867,DANGEROUS WEAPONS,"WEAPONS, POSSESSION, ETC",2025-06-11T00:00:00.000,nypd_complaints,2025-06-11,Wednesday,0.0,6.0,7.0
306753180,40.11248849780206,-77.51985516809548,HARRASSMENT 2,"HARASSMENT,SUBD 3,4,5",2025-05-15T00:00:00.000,nypd_complaints,2025-05-15,Thursday,0.0,5.0,3.0
306167079,40.11248857449128,-77.51985513330236,HARRASSMENT 2,"HARASSMENT,SUBD 3,4,5",2025-05-09T00:00:00.000,nypd_complaints,2025-05-09,Friday,0.0,5.0,3.0
301326303,40.112488571402345,-77.51985493853851,GRAND LARCENY,"LARCENY,GRAND FROM PERSON,PERSONAL ELECTRONIC DEVICE(SNATCH)",2025-02-18T00:00:00.000,nypd_complaints,2025-02-18,Tuesday,0.0,2.0,5.0
301879791,40.112488807363384,-77.51985455567198,DANGEROUS WEAPONS,"WEAPONS, POSSESSION, ETC",2025-03-01T00:00:00.000,nypd_complaints,2025-03-01,Saturday,0.0,3.0,7.0
301069879,40.11248831232141,-77.51985517352462,HARRASSMENT 2,"HARASSMENT,SUBD 3,4,5",2025-02-11T00:00:00.000,nypd_complaints,2025-02-11,Tuesday,0.0,2.0,3.0
302241954,40.11248869110339,-77.51985456659338,CRIMINAL TRESPASS,"TRESPASS 3, CRIMINAL",2025-03-07T00:00:00.000,nypd_complaints,2025-03-07,Friday,0.0,3.0,3.0
303203595,40.11248863001679,-77.51985459100123,GRAND LARCENY,"LARCENY,GRAND FROM BUILDING (NON-RESIDENCE) UNATTENDED",2025-03-16T00:00:00.000,nypd_complaints,2025-03-16,Sunday,0.0,3.0,5.0
305323168,40.112488420710626,-77.51985491459055,GRAND LARCENY,"LARCENY,GRAND BY EXTORTION",2025-04-24T00:00:00.000,nypd_complaints,2025-04-24,Thursday,0.0,4.0,5.0
305845418,40.11248829120418,-77.51985524242637,HARRASSMENT 2,"HARASSMENT,SUBD 3,4,5",2025-05-05T00:00:00.000,nypd_complaints,2025-05-05,Monday,0.0,5.0,3.0
302289148,40.11248821816138,-77.51985538361852,ASSAULT 3 & RELATED OFFENSES,ASSAULT 3,2025-03-08T00:00:00.000,nypd_complaints,2025-03-08,Saturday,0.0,3.0,6.0
307216619,40.11248891514996,-77.51985453197771,DANGEROUS DRUGS,"CONTROLLED SUBSTANCE,SALE 3",2025-05-29T00:00:00.000,nypd_complaints,2025-05-29,Thursday,0.0,5.0,4.0
302411447,40.112488499151276,-77.51985485384964,DANGEROUS DRUGS,"CONTROLLED SUBSTANCE,INTENT TO",2025-03-11T00:00:00.000,nypd_complaints,2025-03-11,Tuesday,0.0,3.0,4.0
306679086,40.112488416642066,-77.51985489680061,FELONY ASSAULT,"ASSAULT 2,1,UNCLASSIFIED",2025-05-19T00:00:00.000,nypd_complaints,2025-05-19,Monday,0.0,5.0,8.0
299918040,40.11248854636418,-77.51985518972609,ASSAULT 3 & RELATED OFFENSES,"MENACING,UNCLASSIFIED",2025-01-23T00:00:00.000,nypd_complaints,2025-01-23,Thursday,0.0,1.0,6.0
301969968,40.11248845700367,-77.51985513238476,HARRASSMENT 2,"HARASSMENT,SUBD 3,4,5",2025-03-01T00:00:00.000,nypd_complaints,2025-03-01,Saturday,0.0,3.0,3.0
300364344,40.11248859793391,-77.51985487649274,FELONY ASSAULT,"ASSAULT 2,1,UNCLASSIFIED",2025-01-31T00:00:00.000,nypd_complaints,2025-01-31,Friday,0.0,1.0,8.0
305806259,40.11248856848573,-77.51985484311517,HARRASSMENT 2,"HARASSMENT,SUBD 1,CIVILIAN",2025-05-03T00:00:00.000,nypd_complaints,2025-05-03,Saturday,0.0,5.0,3.0
300107770,40.11248857449128,-77.51985513330236,ASSAULT 3 & RELATED OFFENSES,ASSAULT 3,2025-01-26T00:00:00.000,nypd_complaints,2025-01-26,Sunday,0.0,1.0,6.0
305474739,40.11248853725103,-77.51985493925116,ROBBERY,"ROBBERY,NECKCHAIN/JEWELRY",2025-04-24T00:00:00.000,nypd_complaints,2025-04-24,Thursday,0.0,4.0,7.0
299547340,40.11248842656699,-77.51985513512376,HARRASSMENT 2,"HARASSMENT,SUBD 3,4,5",2025-01-17T00:00:00.000,nypd_complaints,2025-01-17,Friday,0.0,1.0,3.0
303918421,40.11248871651651,-77.5198545633909,GRAND LARCENY OF MOTOR VEHICLE,"LARCENY, GRAND OF MOPED",2025-03-30T00:00:00.000,nypd_complaints,2025-03-30,Sunday,0.0,3.0,5.0
303265724,40.11248853754673,-77.51985507793285,ASSAULT 3 & RELATED OFFENSES,OBSTR BREATH/CIRCUL,2025-03-19T00:00:00.000,nypd_complaints,2025-03-19,Wednesday,0.0,3.0,6.0
306274452,40.11248826870271,-77.51985520871129,ASSAULT 3 & RELATED OFFENSES,ASSAULT 3,2025-05-12T00:00:00.000,nypd_complaints,2025-05-12,Monday,0.0,5.0,6.0
304559219,40.11248864786763,-77.51985454441927,RAPE,RAPE 3,2025-04-06T00:00:00.000,nypd_complaints,2025-04-06,Sunday,0.0,4.0,9.0
308096773,40.112488495922584,-77.5198549679674,HARRASSMENT 2,"HARASSMENT,SUBD 1,CIVILIAN",2025-06-15T00:00:00.000,nypd_complaints,2025-06-15,Sunday,0.0,6.0,3.0
303596394,40.112488565112564,-77.51985510029589,ASSAULT 3 & RELATED OFFENSES,ASSAULT 3,2025-03-23T00:00:00.000,nypd_complaints,2025-03-23,Sunday,0.0,3.0,6.0
306006874,40.11248860211336,-77.51985483142333,GRAND LARCENY,"LARCENY,GRAND FROM BUILDING (NON-RESIDENCE) UNATTENDED",2025-05-06T00:00:00.000,nypd_complaints,2025-05-06,Tuesday,0.0,5.0,5.0
308311899,40.11248856998757,-77.51985509872645,ASSAULT 3 & RELATED OFFENSES,ASSAULT 3,2025-06-15T00:00:00.000,nypd_complaints,2025-06-15,Sunday,0.0,6.0,6.0
304398199,40.11248880309309,-77.51985457120159,CRIMINAL TRESPASS,"TRESPASS 3, CRIMINAL",2025-04-05T00:00:00.000,nypd_complaints,2025-04-05,Saturday,0.0,4.0,3.0
308928518,40.11248829034436,-77.51985526316143,ASSAULT 3 & RELATED OFFENSES,OBSTR BREATH/CIRCUL,2025-06-27T00:00:00.000,nypd_complaints,2025-06-27,Friday,0.0,6.0,6.0
305468280,40.11248854291144,-77.51985504777353,ROBBERY,"ROBBERY,OPEN AREA UNCLASSIFIED",2025-04-25T00:00:00.000,nypd_complaints,2025-04-25,Friday,0.0,4.0,7.0
300737713,40.11248827476604,-77.51985531254633,HARRASSMENT 2,"HARASSMENT,SUBD 3,4,5",2025-02-07T00:00:00.000,nypd_complaints,2025-02-07,Friday,0.0,2.0,3.0
308003250,40.11248859311374,-77.51985483739578,DANGEROUS WEAPONS,"WEAPONS, POSSESSION, ETC",2025-06-12T00:00:00.000,nypd_complaints,2025-06-12,Thursday,0.0,6.0,7.0
308544955,40.1124884906928,-77.5198551121165,HARRASSMENT 2,"HARASSMENT,SUBD 3,4,5",2025-06-24T00:00:00.000,nypd_complaints,2025-06-24,Tuesday,0.0,6.0,3.0
303537058,40.112488348385035,-77.5198549464923,HARRASSMENT 2,"HARASSMENT,SUBD 1,CIVILIAN",2025-03-20T00:00:00.000,nypd_complaints,2025-03-20,Thursday,0.0,3.0,3.0
305397613,40.112488515879754,-77.51985509362845,FELONY ASSAULT,"ASSAULT 2,1,UNCLASSIFIED",2025-02-26T00:00:00.000,nypd_complaints,2025-02-26,Wednesday,0.0,2.0,8.0
308155501,40.112488407656464,-77.51985511723186,ASSAULT 3 & RELATED OFFENSES,ASSAULT 3,2025-06-16T00:00:00.000,nypd_complaints,2025-06-16,Monday,0.0,6.0,6.0
302687174,40.112488854750616,-77.51985455529461,DANGEROUS DRUGS,"CONTROLLED SUBSTANCE,SALE 3",2025-03-12T00:00:00.000,nypd_complaints,2025-03-12,Wednesday,0.0,3.0,4.0
305157011,40.11248894041143,-77.51985454222114,DANGEROUS WEAPONS,"WEAPONS, POSSESSION, ETC",2025-04-22T00:00:00.000,nypd_complaints,2025-04-22,Tuesday,0.0,4.0,7.0
303543881,40.11248888706153,-77.51985454995558,DANGEROUS WEAPONS,"WEAPONS, POSSESSION, ETC",2025-03-24T00:00:00.000,nypd_complaints,2025-03-24,Monday,0.0,3.0,7.0
299201460,40.1124885090836,-77.51985479763955,GRAND LARCENY OF MOTOR VEHICLE,"LARCENY,GRAND OF AUTO",2025-01-10T00:00:00.000,nypd_complaints,2025-01-10,Friday,0.0,1.0,5.0
301168863,40.11248881867526,-77.51985457042298,DANGEROUS WEAPONS,"WEAPONS, POSSESSION, ETC",2025-02-16T00:00:00.000,nypd_complaints,2025-02-16,Sunday,0.0,2.0,7.0
299374484,40.112488532174766,-77.51985450255509,DANGEROUS WEAPONS,"WEAPONS, POSSESSION, ETC",2025-01-13T00:00:00.000,nypd_complaints,2025-01-13,Monday,0.0,1.0,7.0
303947282,40.11248861435775,-77.51985459738977,DANGEROUS WEAPONS,"WEAPONS, POSSESSION, ETC",2025-04-01T00:00:00.000,nypd_complaints,2025-04-01,Tuesday,0.0,4.0,7.0
308430501,40.11248874867141,-77.51985454379006,ROBBERY,"ROBBERY,PERSONAL ELECTRONIC DEVICE",2025-06-18T00:00:00.000,nypd_complaints,2025-06-18,Wednesday,0.0,6.0,7.0
302717989,40.1124884683201,-77.51985485815655,GRAND LARCENY,"LARCENY,GRAND BY FALSE PROMISE-NOT IN PERSON CONTACT",2025-03-08T00:00:00.000,nypd_complaints,2025-03-08,Saturday,0.0,3.0,5.0
305413791,40.112488515765065,-77.51985498734997,GRAND LARCENY,"LARCENY,GRAND BY OPEN CREDIT CARD (NEW ACCT)",2025-03-27T00:00:00.000,nypd_complaints,2025-03-27,Thursday,0.0,3.0,5.0
304981810,40.112488398793616,-77.51985487982914,CRIMINAL TRESPASS,"TRESPASS 2, CRIMINAL",2025-04-18T00:00:00.000,nypd_complaints,2025-04-18,Friday,0.0,4.0,3.0
306637901,40.11248842892133,-77.51985510957965,HARRASSMENT 2,"HARASSMENT,SUBD 3,4,5",2025-05-17T00:00:00.000,nypd_complaints,2025-05-17,Saturday,0.0,5.0,3.0
305344748,40.11248844565852,-77.51985485694846,GRAND LARCENY,"LARCENY,GRAND BY THEFT OF CREDIT CARD",2025-04-03T00:00:00.000,nypd_complaints,2025-04-03,Thursday,0.0,4.0,5.0
301914620,40.112488793155215,-77.51985458788748,GRAND LARCENY,"LARCENY,GRAND FROM PERSON,LUSH WORKER(SLEEPING/UNCON VICTIM)",2025-03-02T00:00:00.000,nypd_complaints,2025-03-02,Sunday,0.0,3.0,5.0
307561504,40.112488619394824,-77.51985459773667,ROBBERY,"ROBBERY,DWELLING",2025-05-18T00:00:00.000,nypd_complaints,2025-05-18,Sunday,0.0,5.0,7.0
306680416,40.11248825282055,-77.51985515465219,CRIMINAL TRESPASS,"TRESPASS 2, CRIMINAL",2025-05-19T00:00:00.000,nypd_complaints,2025-05-19,Monday,0.0,5.0,3.0
304594535,40.112488793155194,-77.51985458788745,GRAND LARCENY,"LARCENY,GRAND FROM PERSON,LUSH WORKER(SLEEPING/UNCON VICTIM)",2025-04-11T00:00:00.000,nypd_complaints,2025-04-11,Friday,0.0,4.0,5.0
303029277,40.11248857429327,-77.51985482014544,FELONY ASSAULT,ASSAULT POLICE/PEACE OFFICER,2025-03-17T00:00:00.000,nypd_complaints,2025-03-17,Monday,0.0,3.0,8.0
301969986,40.112488495922584,-77.5198549679674,GRAND LARCENY,"LARCENY,GRAND BY THEFT OF CREDIT CARD",2025-02-15T00:00:00.000,nypd_complaints,2025-02-15,Saturday,0.0,2.0,5.0
304704325,40.11248860033483,-77.51985451206914,GRAND LARCENY OF MOTOR VEHICLE,"LARCENY, GRAND OF MOPED",2025-04-14T00:00:00.000,nypd_complaints,2025-04-14,Monday,0.0,4.0,5.0
304849939,40.1124884756968,-77.51985482083958,DANGEROUS WEAPONS,"WEAPONS, POSSESSION, ETC",2025-04-16T00:00:00.000,nypd_complaints,2025-04-16,Wednesday,0.0,4.0,7.0
306782745,40.11248853277538,-77.51985506288509,GRAND LARCENY OF MOTOR VEHICLE,"LARCENY,GRAND OF AUTO",2025-05-20T00:00:00.000,nypd_complaints,2025-05-20,Tuesday,0.0,5.0,5.0
303104410,40.11248843544938,-77.51985486935492,GRAND LARCENY,"LARCENY,GRAND FROM OPEN AREAS, UNATTENDED",2025-03-12T00:00:00.000,nypd_complaints,2025-03-12,Wednesday,0.0,3.0,5.0
301806264,40.11248884952678,-77.51985455682131,DANGEROUS WEAPONS,"WEAPONS, POSSESSION, ETC",2025-02-28T00:00:00.000,nypd_complaints,2025-02-28,Friday,0.0,2.0,7.0
306749355,40.11248891932593,-77.51985450734821,DANGEROUS WEAPONS,"WEAPONS, POSSESSION, ETC",2025-05-20T00:00:00.000,nypd_complaints,2025-05-20,Tuesday,0.0,5.0,7.0
307617303,40.11248848110913,-77.51985448139028,DANGEROUS WEAPONS,"WEAPONS, POSSESSION, ETC",2025-06-05T00:00:00.000,nypd_complaints,2025-06-05,Thursday,0.0,6.0,7.0
307137993,40.11248836231569,-77.51985513024954,HARRASSMENT 2,"HARASSMENT,SUBD 3,4,5",2025-05-28T00:00:00.000,nypd_complaints,2025-05-28,Wednesday,0.0,5.0,3.0
298970732,40.11248854274382,-77.51985483374932,FELONY ASSAULT,STRANGULATION 1ST,2025-01-04T00:00:00.000,nypd_complaints,2025-01-04,Saturday,0.0,1.0,8.0
307681716,40.11248858616614,-77.51985455959088,DANGEROUS WEAPONS,"WEAPONS, POSSESSION, ETC",2025-06-06T00:00:00.000,nypd_complaints,2025-06-06,Friday,0.0,6.0,7.0
308383779,40.11248821360927,-77.51985536671818,HARRASSMENT 2,"HARASSMENT,SUBD 3,4,5",2025-06-12T00:00:00.000,nypd_complaints,2025-06-12,Thursday,0.0,6.0,3.0
307881762,40.11248836402748,-77.51985509962346,HARRASSMENT 2,"HARASSMENT,SUBD 1,CIVILIAN",2025-06-01T00:00:00.000,nypd_complaints,2025-06-01,Sunday,0.0,6.0,3.0
298970751,40.112488433471874,-77.51985522424428,HARRASSMENT 2,"HARASSMENT,SUBD 3,4,5",2025-01-05T00:00:00.000,nypd_complaints,2025-01-05,Sunday,0.0,1.0,3.0
305440167,40.11248851529402,-77.51985484792074,DANGEROUS DRUGS,"CONTROLLED SUBSTANCE,POSSESS.",2025-04-28T00:00:00.000,nypd_complaints,2025-04-28,Monday,0.0,4.0,4.0
300752973,40.11248852424805,-77.51985480900612,GRAND LARCENY OF MOTOR VEHICLE,"LARCENY,GRAND OF AUTO",2025-02-07T00:00:00.000,nypd_complaints,2025-02-07,Friday,0.0,2.0,5.0
304925954,40.11248878485374,-77.5198546008907,GRAND LARCENY,"LARCENY,GRAND FROM BUILDING (NON-RESIDENCE) UNATTENDED",2025-04-17T00:00:00.000,nypd_complaints,2025-04-17,Thursday,0.0,4.0,5.0
306456343,40.1124885452017,-77.51985482923399,DANGEROUS DRUGS,"CONTROLLED SUBSTANCE,POSSESS.",2025-05-15T00:00:00.000,nypd_complaints,2025-05-15,Thursday,0.0,5.0,4.0
307340556,40.11248844391539,-77.51985490069283,HARRASSMENT 2,"HARASSMENT,SUBD 1,CIVILIAN",2025-05-31T00:00:00.000,nypd_complaints,2025-05-31,Saturday,0.0,5.0,3.0
302003172,40.11248847884929,-77.51985511704198,BURGLARY,"BURGLARY,COMMERCIAL,NIGHT",2025-03-03T00:00:00.000,nypd_complaints,2025-03-03,Monday,0.0,3.0,6.0
306645605,40.1124885538232,-77.51985497683111,HARRASSMENT 2,"HARASSMENT,SUBD 1,CIVILIAN",2025-05-18T00:00:00.000,nypd_complaints,2025-05-18,Sunday,0.0,5.0,3.0
298902960,40.1124883588837,-77.51985519106121,HARRASSMENT 2,"HARASSMENT,SUBD 3,4,5",2025-01-04T00:00:00.000,nypd_complaints,2025-01-04,Saturday,0.0,1.0,3.0
304562241,40.11248845217197,-77.51985484564008,FELONY ASSAULT,STRANGULATION 1ST,2025-03-28T00:00:00.000,nypd_complaints,2025-03-28,Friday,0.0,3.0,8.0
299279054,40.112488824222545,-77.51985454969247,GRAND LARCENY,"LARCENY,GRAND FROM PERSON,UNCL",2025-01-11T00:00:00.000,nypd_complaints,2025-01-11,Saturday,0.0,1.0,5.0
305432979,40.112488274609476,-77.51985531904263,HARRASSMENT 2,"HARASSMENT,SUBD 3,4,5",2025-04-27T00:00:00.000,nypd_complaints,2025-04-27,Sunday,0.0,4.0,3.0
303035416,40.11248827300326,-77.51985520394898,GRAND LARCENY,"LARCENY,GRAND BY ACQUIRING LOST CREDIT CARD",2025-03-16T00:00:00.000,nypd_complaints,2025-03-16,Sunday,0.0,3.0,5.0
306818291,40.112488584366865,-77.51985501530007,FELONY ASSAULT,STRANGULATION 1ST,2025-05-21T00:00:00.000,nypd_complaints,2025-05-21,Wednesday,0.0,5.0,8.0
302104189,40.112488231633115,-77.51985522146798,ARSON,"ARSON, MOTOR VEHICLE 1 2 3 & 4",2025-03-04T00:00:00.000,nypd_complaints,2025-03-04,Tuesday,0.0,3.0,8.0
299631273,40.112488855044184,-77.51985457299465,SEX CRIMES,"SEXUAL ABUSE 3,2",2024-12-29T00:00:00.000,nypd_complaints,2024-12-29,Sunday,0.0,12.0,8.0
298918783,40.11248835827299,-77.5198550147063,GRAND LARCENY,"LARCENY,GRAND FROM PERSON,UNCL",2025-01-05T00:00:00.000,nypd_complaints,2025-01-05,Sunday,0.0,1.0,5.0
308164238,40.11248832773572,-77.51985520838916,HARRASSMENT 2,"HARASSMENT,SUBD 3,4,5",2025-06-16T00:00:00.000,nypd_complaints,2025-06-16,Monday,0.0,6.0,3.0
301796808,40.11248891009533,-77.51985453702575,SEX CRIMES,"SEXUAL ABUSE 3,2",2025-02-26T00:00:00.000,nypd_complaints,2025-02-26,Wednesday,0.0,2.0,8.0
301247010,40.11248891009533,-77.51985453702575,SEX CRIMES,"SEXUAL ABUSE 3,2",2025-02-17T00:00:00.000,nypd_complaints,2025-02-17,Monday,0.0,2.0,8.0
302360394,40.112488421264054,-77.51985513587293,ASSAULT 3 & RELATED OFFENSES,ASSAULT 3,2025-03-10T00:00:00.000,nypd_complaints,2025-03-10,Monday,0.0,3.0,6.0
302814189,40.112488192150956,-77.51985536773411,ASSAULT 3 & RELATED OFFENSES,OBSTR BREATH/CIRCUL,2025-03-14T00:00:00.000,nypd_complaints,2025-03-14,Friday,0.0,3.0,6.0
299612715,40.11248887989834,-77.51985454801068,SEX CRIMES,"SEXUAL ABUSE 3,2",2025-01-09T00:00:00.000,nypd_complaints,2025-01-09,Thursday,0.0,1.0,8.0
305353854,40.11248846869897,-77.51985482051965,FELONY ASSAULT,ASSAULT POLICE/PEACE OFFICER,2025-04-25T00:00:00.000,nypd_complaints,2025-04-25,Friday,0.0,4.0,8.0
308542403,40.11248849838648,-77.51985502608599,GRAND LARCENY,"LARCENY,GRAND OF VEHICULAR/MOTORCYCLE ACCESSORIES",2025-06-19T00:00:00.000,nypd_complaints,2025-06-19,Thursday,0.0,6.0,5.0
303999115,40.11248857007872,-77.51985499983984,DANGEROUS DRUGS,"CONTROLLED SUBSTANCE, POSSESSI",2025-04-01T00:00:00.000,nypd_complaints,2025-04-01,Tuesday,0.0,4.0,4.0
305097881,40.11248881799402,-77.519854575878,SEX CRIMES,"SEXUAL ABUSE 3,2",2025-04-21T00:00:00.000,nypd_complaints,2025-04-21,Monday,0.0,4.0,8.0
300968342,40.11248825735139,-77.51985518621339,FELONY ASSAULT,"ASSAULT 2,1,UNCLASSIFIED",2025-02-11T00:00:00.000,nypd_complaints,2025-02-11,Tuesday,0.0,2.0,8.0
306284263,40.1124888752523,-77.51985457681546,GRAND LARCENY,"LARCENY,GRAND BY THEFT OF CREDIT CARD",2025-05-11T00:00:00.000,nypd_complaints,2025-05-11,Sunday,0.0,5.0,5.0
304109581,40.11248890749017,-77.51985453218845,DANGEROUS DRUGS,"CONTROLLED SUBSTANCE,SALE 3",2025-04-03T00:00:00.000,nypd_complaints,2025-04-03,Thursday,0.0,4.0,4.0
301871333,40.112488416716616,-77.51985521964956,ASSAULT 3 & RELATED OFFENSES,ASSAULT 3,2025-02-27T00:00:00.000,nypd_complaints,2025-02-27,Thursday,0.0,2.0,6.0
302998648,40.11248852142289,-77.51985479783129,GRAND LARCENY,"LARCENY,GRAND FROM BUILDING (NON-RESIDENCE) UNATTENDED",2025-03-04T00:00:00.000,nypd_complaints,2025-03-04,Tuesday,0.0,3.0,5.0
304328915,40.11248836951991,-77.51985519071654,HARRASSMENT 2,"HARASSMENT,SUBD 1,CIVILIAN",2025-03-30T00:00:00.000,nypd_complaints,2025-03-30,Sunday,0.0,3.0,3.0
300395387,40.11248868649896,-77.51985458681386,CRIMINAL TRESPASS,"TRESPASS 3, CRIMINAL",2025-02-01T00:00:00.000,nypd_complaints,2025-02-01,Saturday,0.0,2.0,3.0
300957976,40.112488464440496,-77.51985478004602,GRAND LARCENY,"LARCENY,GRAND FROM RESIDENCE/BUILDING,UNATTENDED, PACKAGE THEFT INSIDE",2025-02-11T00:00:00.000,nypd_complaints,2025-02-11,Tuesday,0.0,2.0,5.0
306405018,40.112488602570366,-77.51985481607946,SEX CRIMES,"SEXUAL ABUSE 3,2",2025-05-11T00:00:00.000,nypd_complaints,2025-05-11,Sunday,0.0,5.0,8.0
301762250,40.11248847321325,-77.51985512164134,HARRASSMENT 2,"HARASSMENT,SUBD 3,4,5",2025-02-26T00:00:00.000,nypd_complaints,2025-02-26,Wednesday,0.0,2.0,3.0
308665850,40.11248854056196,-77.519855062092,FELONY ASSAULT,"ASSAULT 2,1,UNCLASSIFIED",2025-06-26T00:00:00.000,nypd_complaints,2025-06-26,Thursday,0.0,6.0,8.0
300107773,40.112488413836516,-77.51985496410207,GRAND LARCENY,"LARCENY,GRAND BY BANK ACCT COMPROMISE-REPRODUCED CHECK",2025-01-17T00:00:00.000,nypd_complaints,2025-01-17,Friday,0.0,1.0,5.0
304204189,40.112488852132934,-77.51985455457437,DANGEROUS DRUGS,"CONTROLLED SUBSTANCE,SALE 3",2025-04-04T00:00:00.000,nypd_complaints,2025-04-04,Friday,0.0,4.0,4.0
301842740,40.11248884829772,-77.51985453999062,DANGEROUS DRUGS,"CONTROLLED SUBSTANCE,SALE 3",2025-02-28T00:00:00.000,nypd_complaints,2025-02-28,Friday,0.0,2.0,4.0
308366784,40.11248823614905,-77.51985526694976,HARRASSMENT 2,"HARASSMENT,SUBD 3,4,5",2025-06-17T00:00:00.000,nypd_complaints,2025-06-17,Tuesday,0.0,6.0,3.0
305036837,40.11248877865937,-77.51985458971926,GRAND LARCENY,"LARCENY,GRAND FROM PERSON,LUSH WORKER(SLEEPING/UNCON VICTIM)",2025-04-20T00:00:00.000,nypd_complaints,2025-04-20,Sunday,0.0,4.0,5.0
307722367,40.112488569428315,-77.51985488662092,HARRASSMENT 2,"HARASSMENT,SUBD 1,CIVILIAN",2025-06-08T00:00:00.000,nypd_complaints,2025-06-08,Sunday,0.0,6.0,3.0
305684794,40.112488594059776,-77.51985493534207,FELONY ASSAULT,STRANGULATION 1ST,2025-05-01T00:00:00.000,nypd_complaints,2025-05-01,Thursday,0.0,5.0,8.0
305690065,40.11248891009533,-77.51985453702575,SEX CRIMES,"SEXUAL ABUSE 3,2",2025-05-01T00:00:00.000,nypd_complaints,2025-05-01,Thursday,0.0,5.0,8.0
308107905,40.11248839400767,-77.51985513765861,GRAND LARCENY,"LARCENY,GRAND PERSON,NECK CHAI",2025-06-15T00:00:00.000,nypd_complaints,2025-06-15,Sunday,0.0,6.0,5.0
299608074,40.11248845952618,-77.51985490819008,GRAND LARCENY,"LARCENY,GRAND BY THEFT OF CREDIT CARD",2025-01-15T00:00:00.000,nypd_complaints,2025-01-15,Wednesday,0.0,1.0,5.0
301976494,40.11248850942423,-77.51985498995178,BURGLARY,"BURGLARY,COMMERCIAL,DAY",2025-03-03T00:00:00.000,nypd_complaints,2025-03-03,Monday,0.0,3.0,6.0
300251939,40.11248845340484,-77.51985490964415,HARRASSMENT 2,"HARASSMENT,SUBD 1,CIVILIAN",2025-01-29T00:00:00.000,nypd_complaints,2025-01-29,Wednesday,0.0,1.0,3.0
298762828,40.11248840990031,-77.5198551373602,GRAND LARCENY,"LARCENY,GRAND BY ACQUIRING LOS",2025-01-01T00:00:00.000,nypd_complaints,2025-01-01,Wednesday,0.0,1.0,5.0
304958954,40.11248892032234,-77.51985450689244,DANGEROUS WEAPONS,"WEAPONS, POSSESSION, ETC",2025-04-18T00:00:00.000,nypd_complaints,2025-04-18,Friday,0.0,4.0,7.0
308299377,40.11248884952678,-77.5198545568213,GRAND LARCENY,"LARCENY,GRAND BY THEFT OF CREDIT CARD",2025-06-18T00:00:00.000,nypd_complaints,2025-06-18,Wednesday,0.0,6.0,5.0
302130060,40.112488291807615,-77.51985528419344,HARRASSMENT 2,"HARASSMENT,SUBD 1,CIVILIAN",2025-03-05T00:00:00.000,nypd_complaints,2025-03-05,Wednesday,0.0,3.0,3.0
308083913,40.11248881298584,-77.51985453709688,GRAND LARCENY,"LARCENY,GRAND BY THEFT OF CREDIT CARD",2025-06-13T00:00:00.000,nypd_complaints,2025-06-13,Friday,0.0,6.0,5.0
302296534,40.11248837515633,-77.5198550835303,DANGEROUS DRUGS,"CONTROLLED SUBSTANCE, INTENT T",2025-03-09T00:00:00.000,nypd_complaints,2025-03-09,Sunday,0.0,3.0,4.0
300985972,40.11248894268142,-77.51985450402367,SEX CRIMES,"SEXUAL ABUSE 3,2",2024-12-01T00:00:00.000,nypd_complaints,2024-12-01,Sunday,0.0,12.0,8.0
301156364,40.112488515571144,-77.51985496390857,CRIMINAL TRESPASS,"TRESPASS 2, CRIMINAL",2025-02-14T00:00:00.000,nypd_complaints,2025-02-14,Friday,0.0,2.0,3.0
299742614,40.11248819307632,-77.51985537121728,HARRASSMENT 2,"HARASSMENT,SUBD 3,4,5",2025-01-20T00:00:00.000,nypd_complaints,2025-01-20,Monday,0.0,1.0,3.0
305125465,40.11248849305067,-77.51985511493407,DANGEROUS DRUGS,"CONTROLLED SUBSTANCE,POSSESS.",2025-03-12T00:00:00.000,nypd_complaints,2025-03-12,Wednesday,0.0,3.0,4.0
303854896,40.112488587965586,-77.51985456967589,DANGEROUS WEAPONS,"WEAPONS, POSSESSION, ETC",2025-03-29T00:00:00.000,nypd_complaints,2025-03-29,Saturday,0.0,3.0,7.0
299260875,40.112488546148,-77.51985482162698,GRAND LARCENY,"LARCENY,GRAND FROM PERSON,UNCL",2025-01-11T00:00:00.000,nypd_complaints,2025-01-11,Saturday,0.0,1.0,5.0
308776019,40.11248852399124,-77.51985506436789,GRAND LARCENY,"LARCENY,GRAND BY BANK ACCT COMPROMISE-REPRODUCED CHECK",2025-03-31T00:00:00.000,nypd_complaints,2025-03-31,Monday,0.0,3.0,5.0
304402465,40.11248858592343,-77.51985460917193,GRAND LARCENY OF MOTOR VEHICLE,"LARCENY,GRAND OF AUTO",2025-04-07T00:00:00.000,nypd_complaints,2025-04-07,Monday,0.0,4.0,5.0
303087437,40.112488767864214,-77.51985459501002,GRAND LARCENY,"LARCENY,GRAND FROM PERSON,LUSH WORKER(SLEEPING/UNCON VICTIM)",2025-03-14T00:00:00.000,nypd_complaints,2025-03-14,Friday,0.0,3.0,5.0
301412388,40.11248858165461,-77.51985485033785,FELONY ASSAULT,"ASSAULT 2,1,UNCLASSIFIED",2025-02-20T00:00:00.000,nypd_complaints,2025-02-20,Thursday,0.0,2.0,8.0
306148615,40.11248853777818,-77.51985467602158,CRIMINAL TRESPASS,"TRESPASS 2, CRIMINAL",2025-05-09T00:00:00.000,nypd_complaints,2025-05-09,Friday,0.0,5.0,3.0
307893348,40.11248856588053,-77.51985503759516,BURGLARY,"BURGLARY,TRUCK NIGHT",2025-06-10T00:00:00.000,nypd_complaints,2025-06-10,Tuesday,0.0,6.0,6.0
306824608,40.11248834391166,-77.51985511873124,HARRASSMENT 2,"HARASSMENT,SUBD 3,4,5",2025-05-20T00:00:00.000,nypd_complaints,2025-05-20,Tuesday,0.0,5.0,3.0
307656240,40.112488603323825,-77.51985481694997,FELONY ASSAULT,ASSAULT POLICE/PEACE OFFICER,2025-06-06T00:00:00.000,nypd_complaints,2025-06-06,Friday,0.0,6.0,8.0
298862031,40.112488567766135,-77.51985512183387,HARRASSMENT 2,"HARASSMENT,SUBD 3,4,5",2025-01-03T00:00:00.000,nypd_complaints,2025-01-03,Friday,0.0,1.0,3.0
308039376,40.112488802738504,-77.51985457935683,FELONY ASSAULT,ASSAULT POLICE/PEACE OFFICER,2025-06-10T00:00:00.000,nypd_complaints,2025-06-10,Tuesday,0.0,6.0,8.0
300913020,40.11248852190022,-77.51985488915908,GRAND LARCENY,"LARCENY,GRAND BY FALSE PROMISE-NOT IN PERSON CONTACT",2025-01-20T00:00:00.000,nypd_complaints,2025-01-20,Monday,0.0,1.0,5.0
304722042,40.11248844391539,-77.51985490069283,GRAND LARCENY,"LARCENY,GRAND BY BANK ACCT COMPROMISE-ATM TRANSACTION",2025-03-21T00:00:00.000,nypd_complaints,2025-03-21,Friday,0.0,3.0,5.0
306942546,40.112488806882375,-77.51985454162178,SEX CRIMES,"SEXUAL ABUSE 3,2",2025-05-21T00:00:00.000,nypd_complaints,2025-05-21,Wednesday,0.0,5.0,8.0
306749463,40.11248844599631,-77.5198550994617,ASSAULT 3 & RELATED OFFENSES,ASSAULT 3,2025-05-20T00:00:00.000,nypd_complaints,2025-05-20,Tuesday,0.0,5.0,6.0
307184454,40.112488302495684,-77.5198551009811,ROBBERY,"ROBBERY,CAR JACKING",2025-05-28T00:00:00.000,nypd_complaints,2025-05-28,Wednesday,0.0,5.0,7.0
308233850,40.112488465465056,-77.51985484732721,HARRASSMENT 2,"HARASSMENT,SUBD 1,CIVILIAN",2025-06-17T00:00:00.000,nypd_complaints,2025-06-17,Tuesday,0.0,6.0,3.0
308801114,40.112488274535636,-77.51985530559325,HARRASSMENT 2,"HARASSMENT,SUBD 3,4,5",2025-06-28T00:00:00.000,nypd_complaints,2025-06-28,Saturday,0.0,6.0,3.0
298768098,40.11248836057743,-77.51985509009391,GRAND LARCENY,"LARCENY,GRAND FROM VEHICLE/MOTORCYCLE",2025-01-01T00:00:00.000,nypd_complaints,2025-01-01,Wednesday,0.0,1.0,5.0
308322116,40.11248881799402,-77.519854575878,SEX CRIMES,"SEXUAL ABUSE 3,2",2025-06-19T00:00:00.000,nypd_complaints,2025-06-19,Thursday,0.0,6.0,8.0
304188584,40.11248841190592,-77.51985482943854,HARRASSMENT 2,"HARASSMENT,SUBD 1,CIVILIAN",2025-04-03T00:00:00.000,nypd_complaints,2025-04-03,Thursday,0.0,4.0,3.0
300107769,40.11248857896737,-77.51985485463008,FELONY ASSAULT,"ASSAULT 2,1,UNCLASSIFIED",2024-11-18T00:00:00.000,nypd_complaints,2024-11-18,Monday,0.0,11.0,8.0
302419249,40.11248843512666,-77.51985512035543,GRAND LARCENY,"LARCENY,GRAND FROM STORE-SHOPL",2025-03-11T00:00:00.000,nypd_complaints,2025-03-11,Tuesday,0.0,3.0,5.0
305279216,40.11248830116959,-77.51985521931658,GRAND LARCENY,"LARCENY,GRAND BY FALSE PROMISE-NOT IN PERSON CONTACT",2024-12-23T00:00:00.000,nypd_complaints,2024-12-23,Monday,0.0,12.0,5.0
307901870,40.11248884461433,-77.51985454229151,DANGEROUS DRUGS,"CONTROLLED SUBSTANCE,SALE 3",2025-06-11T00:00:00.000,nypd_complaints,2025-06-11,Wednesday,0.0,6.0,4.0
304382821,40.11248874869641,-77.51985450230994,DANGEROUS WEAPONS,"WEAPONS, POSSESSION, ETC",2025-04-08T00:00:00.000,nypd_complaints,2025-04-08,Tuesday,0.0,4.0,7.0
300293995,40.11248856374244,-77.51985481265197,GRAND LARCENY OF MOTOR VEHICLE,"LARCENY,GRAND OF AUTO",2025-01-23T00:00:00.000,nypd_complaints,2025-01-23,Thursday,0.0,1.0,5.0
300226284,40.11248838529982,-77.51985493955222,GRAND LARCENY,"LARCENY,GRAND FROM OPEN AREAS, UNATTENDED",2024-11-18T00:00:00.000,nypd_complaints,2024-11-18,Monday,0.0,11.0,5.0
307338700,40.11248849971477,-77.51985454728509,GRAND LARCENY OF MOTOR VEHICLE,"LARCENY, GRAND OF MOPED",2025-05-31T00:00:00.000,nypd_complaints,2025-05-31,Saturday,0.0,5.0,5.0
300699387,40.11248855521763,-77.51985504441075,ASSAULT 3 & RELATED OFFENSES,"MENACING,UNCLASSIFIED",2025-02-06T00:00:00.000,nypd_complaints,2025-02-06,Thursday,0.0,2.0,6.0
304540987,40.11248857708788,-77.51985462522457,CRIMINAL TRESPASS,"TRESPASS 2, CRIMINAL",2025-04-10T00:00:00.000,nypd_complaints,2025-04-10,Thursday,0.0,4.0,3.0
300824116,40.112488275060066,-77.51985531103041,HARRASSMENT 2,"HARASSMENT,SUBD 3,4,5",2025-02-09T00:00:00.000,nypd_complaints,2025-02-09,Sunday,0.0,2.0,3.0
301935738,40.112488539993606,-77.51985503728795,GRAND LARCENY,"LARCENY,GRAND FROM OPEN AREAS, UNATTENDED",2025-02-26T00:00:00.000,nypd_complaints,2025-02-26,Wednesday,0.0,2.0,5.0
307555311,40.11248830475043,-77.51985522185115,HARRASSMENT 2,"HARASSMENT,SUBD 3,4,5",2025-05-21T00:00:00.000,nypd_complaints,2025-05-21,Wednesday,0.0,5.0,3.0
301513759,40.11248821962795,-77.51985541399942,SEX CRIMES,"CHILD, ENDANGERING WELFARE",2025-02-22T00:00:00.000,nypd_complaints,2025-02-22,Saturday,0.0,2.0,8.0
305467938,40.112488567974296,-77.51985461904785,GRAND LARCENY,"LARCENY,GRAND BY ACQUIRING LOS",2025-03-11T00:00:00.000,nypd_complaints,2025-03-11,Tuesday,0.0,3.0,5.0
306325797,40.11248883668675,-77.51985451083237,SEX CRIMES,"SEXUAL ABUSE 3,2",2025-05-02T00:00:00.000,nypd_complaints,2025-05-02,Friday,0.0,5.0,8.0
305652944,40.1124885764498,-77.51985515181646,HARRASSMENT 2,"HARASSMENT,SUBD 3,4,5",2025-05-01T00:00:00.000,nypd_complaints,2025-05-01,Thursday,0.0,5.0,3.0
306566701,40.11248853555325,-77.51985507090785,SEX CRIMES,"SEXUAL ABUSE 3,2",2025-05-17T00:00:00.000,nypd_complaints,2025-05-17,Saturday,0.0,5.0,8.0
303082496,40.112488433554645,-77.5198548988766,ROBBERY,"ROBBERY,PERSONAL ELECTRONIC DEVICE",2025-03-11T00:00:00.000,nypd_complaints,2025-03-11,Tuesday,0.0,3.0,7.0
308609146,40.112488787968914,-77.51985459198971,ROBBERY,"ROBBERY,PERSONAL ELECTRONIC DEVICE",2025-06-25T00:00:00.000,nypd_complaints,2025-06-25,Wednesday,0.0,6.0,7.0
308047102,40.112488806882375,-77.51985454162178,SEX CRIMES,"SEXUAL ABUSE 3,2",2025-06-13T00:00:00.000,nypd_complaints,2025-06-13,Friday,0.0,6.0,8.0
302735463,40.11248857010279,-77.51985460767814,GRAND LARCENY,"LARCENY,GRAND OF VEHICULAR/MOTORCYCLE ACCESSORIES",2025-03-12T00:00:00.000,nypd_complaints,2025-03-12,Wednesday,0.0,3.0,5.0
299558300,40.11248879183954,-77.51985457517048,GRAND LARCENY,"LARCENY,GRAND FROM BUILDING (NON-RESIDENCE) UNATTENDED",2025-01-16T00:00:00.000,nypd_complaints,2025-01-16,Thursday,0.0,1.0,5.0
304119517,40.1124885252968,-77.519854666105,GRAND LARCENY OF MOTOR VEHICLE,"LARCENY,GRAND OF AUTO",2025-01-23T00:00:00.000,nypd_complaints,2025-01-23,Thursday,0.0,1.0,5.0
303999000,40.1124888529933,-77.51985456612573,GRAND LARCENY,"LARCENY,GRAND FROM NIGHT CLUB, UNATTENDED",2025-04-01T00:00:00.000,nypd_complaints,2025-04-01,Tuesday,0.0,4.0,5.0
303269830,40.11248832139895,-77.5198552462927,HARRASSMENT 2,"HARASSMENT,SUBD 3,4,5",2025-03-19T00:00:00.000,nypd_complaints,2025-03-19,Wednesday,0.0,3.0,3.0
306871000,40.11248859149176,-77.51985467112446,DANGEROUS DRUGS,"CONTROLLED SUBSTANCE,POSSESS.",2025-05-22T00:00:00.000,nypd_complaints,2025-05-22,Thursday,0.0,5.0,4.0
306456319,40.112488592732355,-77.519854637593,GRAND LARCENY,"LARCENY,GRAND OF VEHICULAR/MOTORCYCLE ACCESSORIES",2025-05-14T00:00:00.000,nypd_complaints,2025-05-14,Wednesday,0.0,5.0,5.0
302277837,40.112488310135106,-77.51985535799427,GRAND LARCENY,"LARCENY,GRAND BY EXTORTION",2025-03-08T00:00:00.000,nypd_complaints,2025-03-08,Saturday,0.0,3.0,5.0
306637822,40.11248891009533,-77.51985453702575,SEX CRIMES,"SEXUAL ABUSE 3,2",2025-05-18T00:00:00.000,nypd_complaints,2025-05-18,Sunday,0.0,5.0,8.0
302376012,40.11248859249984,-77.51985462120182,FELONY ASSAULT,ASSAULT POLICE/PEACE OFFICER,2025-03-10T00:00:00.000,nypd_complaints,2025-03-10,Monday,0.0,3.0,8.0
304722040,40.11248831952175,-77.51985510303186,ASSAULT 3 & RELATED OFFENSES,ASSAULT 3,2025-04-14T00:00:00.000,nypd_complaints,2025-04-14,Monday,0.0,4.0,6.0
305769820,40.11248839938722,-77.51985493321651,FELONY ASSAULT,"ASSAULT 2,1,UNCLASSIFIED",2025-05-02T00:00:00.000,nypd_complaints,2025-05-02,Friday,0.0,5.0,8.0
307738388,40.11248847444849,-77.5198548298655,FELONY ASSAULT,STRANGULATION 1ST,2025-06-08T00:00:00.000,nypd_complaints,2025-06-08,Sunday,0.0,6.0,8.0
300696177,40.11248881799402,-77.519854575878,SEX CRIMES,"SEXUAL ABUSE 3,2",2025-02-02T00:00:00.000,nypd_complaints,2025-02-02,Sunday,0.0,2.0,8.0
303518645,40.112488573258986,-77.51985492048537,HARRASSMENT 2,"HARASSMENT,SUBD 1,CIVILIAN",2025-03-23T00:00:00.000,nypd_complaints,2025-03-23,Sunday,0.0,3.0,3.0
306074051,40.11248849416472,-77.51985454535006,SEX CRIMES,"SEXUAL ABUSE 3,2",2025-05-04T00:00:00.000,nypd_complaints,2025-05-04,Sunday,0.0,5.0,8.0
298970109,40.112488807089086,-77.51985458395829,GRAND LARCENY,"LARCENY,GRAND BY THEFT OF CREDIT CARD",2025-01-04T00:00:00.000,nypd_complaints,2025-01-04,Saturday,0.0,1.0,5.0
306284354,40.11248821962795,-77.51985541399942,SEX CRIMES,"CHILD, ENDANGERING WELFARE",2025-05-08T00:00:00.000,nypd_complaints,2025-05-08,Thursday,0.0,5.0,8.0
304264027,40.112488306128405,-77.51985515683172,ASSAULT 3 & RELATED OFFENSES,ASSAULT 3,2025-04-06T00:00:00.000,nypd_complaints,2025-04-06,Sunday,0.0,4.0,6.0
301969972,40.1124885764498,-77.51985515181646,HARRASSMENT 2,"HARASSMENT,SUBD 3,4,5",2025-03-02T00:00:00.000,nypd_complaints,2025-03-02,Sunday,0.0,3.0,3.0
298762831,40.1124883864624,-77.51985493303705,BURGLARY,"BURGLARY,COMMERCIAL,NIGHT",2025-01-02T00:00:00.000,nypd_complaints,2025-01-02,Thursday,0.0,1.0,6.0
301481885,40.112488896211175,-77.51985453555851,GRAND LARCENY OF MOTOR VEHICLE,"LARCENY,GRAND OF AUTO",2025-02-21T00:00:00.000,nypd_complaints,2025-02-21,Friday,0.0,2.0,5.0
303552251,40.11248857291116,-77.51985506257166,FELONY ASSAULT,STRANGULATION 1ST,2025-03-24T00:00:00.000,nypd_complaints,2025-03-24,Monday,0.0,3.0,8.0
307431762,40.11248882010311,-77.51985456718707,GRAND LARCENY,"LARCENY,GRAND BY THEFT OF CREDIT CARD",2025-05-30T00:00:00.000,nypd_complaints,2025-05-30,Friday,0.0,5.0,5.0
307116063,40.11248853728898,-77.51985483060858,HARRASSMENT 2,"HARASSMENT,SUBD 1,CIVILIAN",2025-05-27T00:00:00.000,nypd_complaints,2025-05-27,Tuesday,0.0,5.0,3.0
304211253,40.112488602570366,-77.51985481607946,SEX CRIMES,"SEXUAL ABUSE 3,2",2025-04-04T00:00:00.000,nypd_complaints,2025-04-04,Friday,0.0,4.0,8.0
301772995,40.11248848025076,-77.51985452211403,GRAND LARCENY OF MOTOR VEHICLE,"LARCENY,GRAND OF AUTO",2025-02-26T00:00:00.000,nypd_complaints,2025-02-26,Wednesday,0.0,2.0,5.0
300995800,40.112488592889,-77.5198545696903,CRIMINAL TRESPASS,"TRESPASS 3, CRIMINAL",2025-02-12T00:00:00.000,nypd_complaints,2025-02-12,Wednesday,0.0,2.0,3.0
300748838,40.11248869125722,-77.51985455663352,DANGEROUS DRUGS,"CONTROLLED SUBSTANCE,SALE 3",2025-02-07T00:00:00.000,nypd_complaints,2025-02-07,Friday,0.0,2.0,4.0
308226404,40.11248857079293,-77.51985495338683,GRAND LARCENY,"LARCENY,GRAND BY BANK ACCT COMPROMISE-REPRODUCED CHECK",2025-05-08T00:00:00.000,nypd_complaints,2025-05-08,Thursday,0.0,5.0,5.0
305740314,40.11248891009533,-77.51985453702575,SEX CRIMES,"SEXUAL ABUSE 3,2",2025-03-09T00:00:00.000,nypd_complaints,2025-03-09,Sunday,0.0,3.0,8.0
298792223,40.112488568371596,-77.51985484547772,FELONY ASSAULT,"ASSAULT 2,1,UNCLASSIFIED",2024-12-23T00:00:00.000,nypd_complaints,2024-12-23,Monday,0.0,12.0,8.0
304550633,40.112488931178675,-77.51985455672771,GRAND LARCENY,"LARCENY,GRAND BY THEFT OF CREDIT CARD",2025-04-09T00:00:00.000,nypd_complaints,2025-04-09,Wednesday,0.0,4.0,5.0
305748793,40.112488527443276,-77.51985452644206,GRAND LARCENY OF MOTOR VEHICLE,"LARCENY, GRAND OF MOPED",2025-05-02T00:00:00.000,nypd_complaints,2025-05-02,Friday,0.0,5.0,5.0
303980523,40.11248891009533,-77.51985453702575,SEX CRIMES,"SEXUAL ABUSE 3,2",2025-03-31T00:00:00.000,nypd_complaints,2025-03-31,Monday,0.0,3.0,8.0
307718523,40.112488548898604,-77.51985484020044,FELONY ASSAULT,"ASSAULT 2,1,UNCLASSIFIED",2025-06-07T00:00:00.000,nypd_complaints,2025-06-07,Saturday,0.0,6.0,8.0
307708799,40.112488573708085,-77.51985512405558,HARRASSMENT 2,"HARASSMENT,SUBD 3,4,5",2025-06-07T00:00:00.000,nypd_complaints,2025-06-07,Saturday,0.0,6.0,3.0
300867157,40.11248854781395,-77.51985463903327,ROBBERY,"ROBBERY,NECKCHAIN/JEWELRY",2025-02-10T00:00:00.000,nypd_complaints,2025-02-10,Monday,0.0,2.0,7.0
303745850,40.11248826479145,-77.51985535428543,GRAND LARCENY,"LARCENY,GRAND BY FALSE PROMISE-NOT IN PERSON CONTACT",2025-03-27T00:00:00.000,nypd_complaints,2025-03-27,Thursday,0.0,3.0,5.0
299850014,40.11248883668675,-77.51985451083237,SEX CRIMES,"SEXUAL ABUSE 3,2",2025-01-22T00:00:00.000,nypd_complaints,2025-01-22,Wednesday,0.0,1.0,8.0
303765414,40.11248858706542,-77.51985451539939,GRAND LARCENY OF MOTOR VEHICLE,"LARCENY, GRAND OF MOPED",2025-03-26T00:00:00.000,nypd_complaints,2025-03-26,Wednesday,0.0,3.0,5.0
300101390,40.11248842825206,-77.5198551121278,HARRASSMENT 2,"HARASSMENT,SUBD 3,4,5",2025-01-26T00:00:00.000,nypd_complaints,2025-01-26,Sunday,0.0,1.0,3.0
303342745,40.11248825702758,-77.51985524075486,FELONY ASSAULT,STRANGULATION 1ST,2024-12-15T00:00:00.000,nypd_complaints,2024-12-15,Sunday,0.0,12.0,8.0
305083216,40.11248857227188,-77.51985503184393,ROBBERY,"ROBBERY,PERSONAL ELECTRONIC DEVICE",2025-04-21T00:00:00.000,nypd_complaints,2025-04-21,Monday,0.0,4.0,7.0
303245069,40.11248825128796,-77.51985537801497,FELONY ASSAULT,"ASSAULT 2,1,UNCLASSIFIED",2025-03-20T00:00:00.000,nypd_complaints,2025-03-20,Thursday,0.0,3.0,8.0
302433944,40.11248840990031,-77.5198551373602,GRAND LARCENY OF MOTOR VEHICLE,"LARCENY,GRAND OF AUTO",2025-03-07T00:00:00.000,nypd_complaints,2025-03-07,Friday,0.0,3.0,5.0
307739764,40.11248854418756,-77.51985508483517,ASSAULT 3 & RELATED OFFENSES,"MENACING,UNCLASSIFIED",2025-06-08T00:00:00.000,nypd_complaints,2025-06-08,Sunday,0.0,6.0,6.0
300310957,40.112488572624834,-77.51985463783171,GRAND LARCENY OF MOTOR VEHICLE,"LARCENY,GRAND OF AUTO",2025-01-30T00:00:00.000,nypd_complaints,2025-01-30,Thursday,0.0,1.0,5.0
299707508,40.1124884810669,-77.51985499127193,CRIMINAL TRESPASS,"TRESPASS 2, CRIMINAL",2025-01-19T00:00:00.000,nypd_complaints,2025-01-19,Sunday,0.0,1.0,3.0
300940944,40.112488603323825,-77.51985481694997,CRIMINAL TRESPASS,"TRESPASS 3, CRIMINAL",2025-02-11T00:00:00.000,nypd_complaints,2025-02-11,Tuesday,0.0,2.0,3.0
307863041,40.11248847203982,-77.51985448714008,GRAND LARCENY OF MOTOR VEHICLE,"LARCENY, GRAND OF MOPED",2025-06-10T00:00:00.000,nypd_complaints,2025-06-10,Tuesday,0.0,6.0,5.0
305240181,40.11248840200816,-77.51985513762315,HARRASSMENT 2,"HARASSMENT,SUBD 3,4,5",2025-04-03T00:00:00.000,nypd_complaints,2025-04-03,Thursday,0.0,4.0,3.0
305621587,40.11248882139061,-77.51985454469981,GRAND LARCENY,"LARCENY,GRAND BY THEFT OF CREDIT CARD",2025-04-27T00:00:00.000,nypd_complaints,2025-04-27,Sunday,0.0,4.0,5.0
300402902,40.112488883428746,-77.5198545530838,DANGEROUS WEAPONS,"WEAPONS, POSSESSION, ETC",2025-02-01T00:00:00.000,nypd_complaints,2025-02-01,Saturday,0.0,2.0,7.0
301806335,40.11248829718366,-77.51985508434764,HARRASSMENT 2,"HARASSMENT,SUBD 1,CIVILIAN",2025-02-27T00:00:00.000,nypd_complaints,2025-02-27,Thursday,0.0,2.0,3.0
299057507,40.112488406209046,-77.51985490913138,SEX CRIMES,"SEXUAL ABUSE 3,2",2024-12-20T00:00:00.000,nypd_complaints,2024-12-20,Friday,0.0,12.0,8.0
301150259,40.11248860066237,-77.51985481408788,DANGEROUS DRUGS,"CONTROLLED SUBSTANCE,POSSESS.",2025-02-15T00:00:00.000,nypd_complaints,2025-02-15,Saturday,0.0,2.0,4.0
298923291,40.11248841843555,-77.51985454609024,DANGEROUS WEAPONS,"WEAPONS, POSSESSION, ETC",2025-01-05T00:00:00.000,nypd_complaints,2025-01-05,Sunday,0.0,1.0,7.0
303020411,40.11248862875149,-77.5198545619545,DANGEROUS DRUGS,"CONTROLLED SUBSTANCE,SALE 1",2025-03-17T00:00:00.000,nypd_complaints,2025-03-17,Monday,0.0,3.0,4.0
305431187,40.112488317640796,-77.51985532157137,GRAND LARCENY,"LARCENY,GRAND BY ACQUIRING LOST CREDIT CARD",2025-04-27T00:00:00.000,nypd_complaints,2025-04-27,Sunday,0.0,4.0,5.0
307379732,40.11248846994856,-77.5198548195511,CRIMINAL TRESPASS,"TRESPASS 2, CRIMINAL",2025-06-01T00:00:00.000,nypd_complaints,2025-06-01,Sunday,0.0,6.0,3.0
303229889,40.11248856223131,-77.51985512306463,HARRASSMENT 2,"HARASSMENT,SUBD 3,4,5",2025-03-19T00:00:00.000,nypd_complaints,2025-03-19,Wednesday,0.0,3.0,3.0
305026400,40.1124885547679,-77.51985508336415,FELONY ASSAULT,"ASSAULT 2,1,UNCLASSIFIED",2025-04-19T00:00:00.000,nypd_complaints,2025-04-19,Saturday,0.0,4.0,8.0
301125564,40.112488861300434,-77.51985457511174,GRAND LARCENY,"LARCENY,GRAND FROM NIGHT CLUB, UNATTENDED",2025-02-15T00:00:00.000,nypd_complaints,2025-02-15,Saturday,0.0,2.0,5.0
299372899,40.11248858628373,-77.51985456564137,DANGEROUS WEAPONS,"WEAPONS, POSSESSION, ETC",2025-01-13T00:00:00.000,nypd_complaints,2025-01-13,Monday,0.0,1.0,7.0
300721426,40.11248844807994,-77.51985485913251,GRAND LARCENY OF MOTOR VEHICLE,"LARCENY,GRAND OF MOTORCYCLE",2025-02-07T00:00:00.000,nypd_complaints,2025-02-07,Friday,0.0,2.0,5.0
307819461,40.112488449476224,-77.51985502214029,HARRASSMENT 2,"HARASSMENT,SUBD 1,CIVILIAN",2025-06-04T00:00:00.000,nypd_complaints,2025-06-04,Wednesday,0.0,6.0,3.0
308862136,40.11248850789286,-77.51985455339702,GRAND LARCENY,"LARCENY,GRAND OF VEHICULAR/MOTORCYCLE ACCESSORIES",2025-06-28T00:00:00.000,nypd_complaints,2025-06-28,Saturday,0.0,6.0,5.0
306735437,40.11248852185761,-77.51985482842308,HARRASSMENT 2,"HARASSMENT,SUBD 1,CIVILIAN",2025-04-26T00:00:00.000,nypd_complaints,2025-04-26,Saturday,0.0,4.0,3.0
307980090,40.11248858356241,-77.51985481309588,DANGEROUS DRUGS,"CONTROLLED SUBSTANCE, SALE 5",2025-06-12T00:00:00.000,nypd_complaints,2025-06-12,Thursday,0.0,6.0,4.0
306843067,40.112488830621665,-77.51985456178167,GRAND LARCENY OF MOTOR VEHICLE,"LARCENY,GRAND OF AUTO",2025-05-22T00:00:00.000,nypd_complaints,2025-05-22,Thursday,0.0,5.0,5.0
303596395,40.11248830567462,-77.5198551593056,ASSAULT 3 & RELATED OFFENSES,OBSTR BREATH/CIRCUL,2025-03-25T00:00:00.000,nypd_complaints,2025-03-25,Tuesday,0.0,3.0,6.0
303404126,40.11248821962795,-77.51985541399942,SEX CRIMES,"CHILD, ENDANGERING WELFARE",2025-03-21T00:00:00.000,nypd_complaints,2025-03-21,Friday,0.0,3.0,8.0
306041022,40.112488557983866,-77.5198551229925,ASSAULT 3 & RELATED OFFENSES,ASSAULT 3,2025-05-08T00:00:00.000,nypd_complaints,2025-05-08,Thursday,0.0,5.0,6.0
304696937,40.1124885128499,-77.51985499760167,ASSAULT 3 & RELATED OFFENSES,"MENACING,UNCLASSIFIED",2025-04-13T00:00:00.000,nypd_complaints,2025-04-13,Sunday,0.0,4.0,6.0
301007409,40.11248854510328,-77.51985513338191,HARRASSMENT 2,"HARASSMENT,SUBD 3,4,5",2025-02-12T00:00:00.000,nypd_complaints,2025-02-12,Wednesday,0.0,2.0,3.0
304474040,40.11248852185761,-77.51985482842308,ROBBERY,"ROBBERY,DWELLING",2025-04-09T00:00:00.000,nypd_complaints,2025-04-09,Wednesday,0.0,4.0,7.0
299870962,40.11248853555325,-77.51985507090785,SEX CRIMES,"SEXUAL ABUSE 3,2",2025-01-22T00:00:00.000,nypd_complaints,2025-01-22,Wednesday,0.0,1.0,8.0
301555176,40.11248893364293,-77.51985454168315,GRAND LARCENY,"LARCENY,GRAND BY THEFT OF CREDIT CARD",2025-02-23T00:00:00.000,nypd_complaints,2025-02-23,Sunday,0.0,2.0,5.0
304553510,40.11248853251057,-77.51985481845848,KIDNAPPING & RELATED OFFENSES,"IMPRISONMENT 1,UNLAWFUL",2025-04-10T00:00:00.000,nypd_complaints,2025-04-10,Thursday,0.0,4.0,9.0
307348385,40.1124884156785,-77.5198548979334,FELONY ASSAULT,"ASSAULT 2,1,UNCLASSIFIED",2025-05-31T00:00:00.000,nypd_complaints,2025-05-31,Saturday,0.0,5.0,8.0
298756467,40.11248826712608,-77.51985526797431,ASSAULT 3 & RELATED OFFENSES,ASSAULT 3,2025-01-01T00:00:00.000,nypd_complaints,2025-01-01,Wednesday,0.0,1.0,6.0
305669319,40.11248853991055,-77.5198547944487,CRIMINAL TRESPASS,"TRESPASS 3, CRIMINAL",2025-05-01T00:00:00.000,nypd_complaints,2025-05-01,Thursday,0.0,5.0,3.0
298725765,40.11248836267745,-77.51985496555206,FELONY ASSAULT,"ASSAULT 2,1,UNCLASSIFIED",2025-01-01T00:00:00.000,nypd_complaints,2025-01-01,Wednesday,0.0,1.0,8.0
308859044,40.112488420710626,-77.51985491459055,GRAND LARCENY,"LARCENY,GRAND BY OPEN/COMPROMISE CELL PHONE ACCT",2025-05-29T00:00:00.000,nypd_complaints,2025-05-29,Thursday,0.0,5.0,5.0
301585925,40.11248880404632,-77.51985452839618,GRAND LARCENY,"LARCENY,GRAND BY THEFT OF CREDIT CARD",2025-02-23T00:00:00.000,nypd_complaints,2025-02-23,Sunday,0.0,2.0,5.0
300386499,40.112488308218275,-77.51985527058397,GRAND LARCENY,"LARCENY,GRAND FROM STORE-SHOPL",2025-01-31T00:00:00.000,nypd_complaints,2025-01-31,Friday,0.0,1.0,5.0
308706838,40.112488817255425,-77.51985453315942,ROBBERY,"ROBBERY,PERSONAL ELECTRONIC DEVICE",2025-06-26T00:00:00.000,nypd_complaints,2025-06-26,Thursday,0.0,6.0,7.0
300061370,40.11248826963616,-77.51985527493942,ASSAULT 3 & RELATED OFFENSES,ASSAULT 3,2025-01-26T00:00:00.000,nypd_complaints,2025-01-26,Sunday,0.0,1.0,6.0
307708776,40.1124887647792,-77.51985450026548,GRAND LARCENY OF MOTOR VEHICLE,"LARCENY, GRAND OF MOPED",2025-06-06T00:00:00.000,nypd_complaints,2025-06-06,Friday,0.0,6.0,5.0
300314875,40.11248828686639,-77.5198550756617,GRAND LARCENY,"LARCENY,GRAND BY EXTORTION",2025-01-27T00:00:00.000,nypd_complaints,2025-01-27,Monday,0.0,1.0,5.0
308858980,40.11248856764316,-77.51985460378894,GRAND LARCENY OF MOTOR VEHICLE,"LARCENY, GRAND OF MOPED",2025-06-30T00:00:00.000,nypd_complaints,2025-06-30,Monday,0.0,6.0,5.0
302316320,40.112488591874516,-77.51985485413599,FELONY ASSAULT,"ASSAULT 2,1,UNCLASSIFIED",2025-03-09T00:00:00.000,nypd_complaints,2025-03-09,Sunday,0.0,3.0,8.0
300492838,40.11248857936147,-77.5198548458413,HARRASSMENT 2,"HARASSMENT,SUBD 1,CIVILIAN",2025-02-03T00:00:00.000,nypd_complaints,2025-02-03,Monday,0.0,2.0,3.0
307658330,40.11248878421512,-77.5198545779734,GRAND LARCENY,"LARCENY,GRAND FROM PERSON,UNCL",2025-04-16T00:00:00.000,nypd_complaints,2025-04-16,Wednesday,0.0,4.0,5.0
308658097,40.11248852528974,-77.51985456799677,CRIMINAL TRESPASS,"TRESPASS 3, CRIMINAL",2025-06-26T00:00:00.000,nypd_complaints,2025-06-26,Thursday,0.0,6.0,3.0
301673410,40.11248848603104,-77.51985504982197,GRAND LARCENY,"LARCENY,GRAND BY OPEN CREDIT CARD (NEW ACCT)",2025-01-30T00:00:00.000,nypd_complaints,2025-01-30,Thursday,0.0,1.0,5.0
303761851,40.112488539993606,-77.51985503728795,GRAND LARCENY,"LARCENY,GRAND FROM STORE-SHOPL",2025-03-27T00:00:00.000,nypd_complaints,2025-03-27,Thursday,0.0,3.0,5.0
305652945,40.11248848886361,-77.51985513631065,GRAND LARCENY,"LARCENY,GRAND FROM OPEN AREAS, UNATTENDED",2025-03-03T00:00:00.000,nypd_complaints,2025-03-03,Monday,0.0,3.0,5.0
308488686,40.112488602570366,-77.51985481607946,RAPE,RAPE 3,2025-06-22T00:00:00.000,nypd_complaints,2025-06-22,Sunday,0.0,6.0,9.0
307335597,40.112488566334676,-77.51985496984399,FELONY ASSAULT,"ASSAULT 2,1,UNCLASSIFIED",2025-05-31T00:00:00.000,nypd_complaints,2025-05-31,Saturday,0.0,5.0,8.0
302742535,40.11248892583898,-77.51985454202585,GRAND LARCENY,"LARCENY,GRAND BY THEFT OF CREDIT CARD",2025-03-05T00:00:00.000,nypd_complaints,2025-03-05,Wednesday,0.0,3.0,5.0
301555245,40.11248857449128,-77.51985513330236,HARRASSMENT 2,"HARASSMENT,SUBD 3,4,5",2025-02-23T00:00:00.000,nypd_complaints,2025-02-23,Sunday,0.0,2.0,3.0
302856137,40.11248869672118,-77.51985457024706,ROBBERY,"ROBBERY,DELIVERY PERSON",2025-03-15T00:00:00.000,nypd_complaints,2025-03-15,Saturday,0.0,3.0,7.0
308702344,40.11248840797121,-77.51985510810339,GRAND LARCENY,"LARCENY,GRAND BY FALSE PROMISE-NOT IN PERSON CONTACT",2025-05-22T00:00:00.000,nypd_complaints,2025-05-22,Thursday,0.0,5.0,5.0
300562537,40.1124885805153,-77.5198551333273,DANGEROUS DRUGS,"CONTROLLED SUBSTANCE, POSSESSI",2025-02-05T00:00:00.000,nypd_complaints,2025-02-05,Wednesday,0.0,2.0,4.0
305731860,40.11248844394308,-77.51985512361138,ASSAULT 3 & RELATED OFFENSES,ASSAULT 3,2025-05-02T00:00:00.000,nypd_complaints,2025-05-02,Friday,0.0,5.0,6.0
303033299,40.11248849269682,-77.51985496576627,FELONY ASSAULT,"ASSAULT 2,1,UNCLASSIFIED",2025-03-17T00:00:00.000,nypd_complaints,2025-03-17,Monday,0.0,3.0,8.0
301027973,40.112488544823876,-77.51985499560864,HARRASSMENT 2,"HARASSMENT,SUBD 1,CIVILIAN",2025-02-12T00:00:00.000,nypd_complaints,2025-02-12,Wednesday,0.0,2.0,3.0
300425551,40.11248890317557,-77.51985452948665,DANGEROUS WEAPONS,"WEAPONS, POSSESSION, ETC",2025-02-02T00:00:00.000,nypd_complaints,2025-02-02,Sunday,0.0,2.0,7.0
305305494,40.112488559481996,-77.5198546440202,FELONY ASSAULT,ASSAULT POLICE/PEACE OFFICER,2025-04-24T00:00:00.000,nypd_complaints,2025-04-24,Thursday,0.0,4.0,8.0
303087554,40.11248846061471,-77.51985498167501,CRIMINAL TRESPASS,"TRESPASS 3, CRIMINAL",2025-03-18T00:00:00.000,nypd_complaints,2025-03-18,Tuesday,0.0,3.0,3.0
302437567,40.11248885639177,-77.51985455084214,DANGEROUS DRUGS,"CONTROLLED SUBSTANCE,SALE 3",2025-03-11T00:00:00.000,nypd_complaints,2025-03-11,Tuesday,0.0,3.0,4.0
305218270,40.11248885338298,-77.51985457174546,GRAND LARCENY,"LARCENY,GRAND BY THEFT OF CREDIT CARD",2025-03-18T00:00:00.000,nypd_complaints,2025-03-18,Tuesday,0.0,3.0,5.0
307460501,40.11248857449128,-77.51985513330236,FELONY ASSAULT,"ASSAULT 2,1,UNCLASSIFIED",2025-06-03T00:00:00.000,nypd_complaints,2025-06-03,Tuesday,0.0,6.0,8.0
307187263,40.11248887989834,-77.51985454801068,SEX CRIMES,"SEXUAL ABUSE 3,2",2025-04-02T00:00:00.000,nypd_complaints,2025-04-02,Wednesday,0.0,4.0,8.0
306574731,40.11248838684547,-77.51985491840229,FELONY ASSAULT,"ASSAULT 2,1,UNCLASSIFIED",2025-05-17T00:00:00.000,nypd_complaints,2025-05-17,Saturday,0.0,5.0,8.0
302778775,40.11248882679716,-77.51985452119386,ROBBERY,"ROBBERY,PERSONAL ELECTRONIC DEVICE",2025-03-14T00:00:00.000,nypd_complaints,2025-03-14,Friday,0.0,3.0,7.0
299226790,40.11248872603013,-77.5198545292878,GRAND LARCENY,"LARCENY,GRAND BY THEFT OF CREDIT CARD",2024-09-26T00:00:00.000,nypd_complaints,2024-09-26,Thursday,0.0,9.0,5.0
305546289,40.11248854859775,-77.51985464392962,GRAND LARCENY,"LARCENY,GRAND FROM BUILDING (NON-RESIDENCE) UNATTENDED",2025-04-29T00:00:00.000,nypd_complaints,2025-04-29,Tuesday,0.0,4.0,5.0
306164613,40.1124888437231,-77.51985455612326,DANGEROUS DRUGS,"CONTROLLED SUBSTANCE,SALE 3",2025-05-09T00:00:00.000,nypd_complaints,2025-05-09,Friday,0.0,5.0,4.0
300746807,40.11248840200816,-77.51985513762315,GRAND LARCENY,"LARCENY,GRAND FROM PERSON, BAG OPEN/DIP",2025-02-06T00:00:00.000,nypd_complaints,2025-02-06,Thursday,0.0,2.0,5.0
308364589,40.112488340021535,-77.51985506566945,ASSAULT 3 & RELATED OFFENSES,"MENACING,UNCLASSIFIED",2025-06-19T00:00:00.000,nypd_complaints,2025-06-19,Thursday,0.0,6.0,6.0
301298007,40.112488793155215,-77.51985458788748,GRAND LARCENY,"LARCENY,GRAND BY THEFT OF CREDIT CARD",2025-01-25T00:00:00.000,nypd_complaints,2025-01-25,Saturday,0.0,1.0,5.0
299707511,40.11248833246144,-77.51985524387115,ASSAULT 3 & RELATED OFFENSES,OBSTR BREATH/CIRCUL,2025-01-19T00:00:00.000,nypd_complaints,2025-01-19,Sunday,0.0,1.0,6.0
308302761,40.11248857653568,-77.51985499481118,BURGLARY,"BURGLARY,COMMERCIAL,NIGHT",2025-06-18T00:00:00.000,nypd_complaints,2025-06-18,Wednesday,0.0,6.0,6.0
301490772,40.112488539993606,-77.51985503728795,DANGEROUS DRUGS,"CONTROLLED SUBSTANCE, POSSESSI",2025-02-22T00:00:00.000,nypd_complaints,2025-02-22,Saturday,0.0,2.0,4.0
308467547,40.11248821601714,-77.51985541623986,HARRASSMENT 2,"HARASSMENT,SUBD 3,4,5",2025-06-21T00:00:00.000,nypd_complaints,2025-06-21,Saturday,0.0,6.0,3.0
299233458,40.112488294540505,-77.5198552545725,FELONY ASSAULT,STRANGULATION 1ST,2025-01-08T00:00:00.000,nypd_complaints,2025-01-08,Wednesday,0.0,1.0,8.0
305404781,40.11248834018419,-77.51985506950898,ASSAULT 3 & RELATED OFFENSES,OBSTR BREATH/CIRCUL,2025-04-26T00:00:00.000,nypd_complaints,2025-04-26,Saturday,0.0,4.0,6.0
301061261,40.112488542779744,-77.51985464668044,ROBBERY,"ROBBERY,PERSONAL ELECTRONIC DEVICE",2025-02-13T00:00:00.000,nypd_complaints,2025-02-13,Thursday,0.0,2.0,7.0
304776365,40.112488335508466,-77.51985515352575,HARRASSMENT 2,"HARASSMENT,SUBD 3,4,5",2025-04-15T00:00:00.000,nypd_complaints,2025-04-15,Tuesday,0.0,4.0,3.0
308484936,40.11248881123665,-77.51985454517347,GRAND LARCENY,"LARCENY,GRAND FROM PERSON,UNCL",2025-06-22T00:00:00.000,nypd_complaints,2025-06-22,Sunday,0.0,6.0,5.0
300239357,40.11248878464299,-77.5198545898313,GRAND LARCENY,"LARCENY,GRAND BY THEFT OF CREDIT CARD",2025-01-28T00:00:00.000,nypd_complaints,2025-01-28,Tuesday,0.0,1.0,5.0
303855188,40.112488778198305,-77.51985460096073,ROBBERY,"ROBBERY,PERSONAL ELECTRONIC DEVICE",2025-03-29T00:00:00.000,nypd_complaints,2025-03-29,Saturday,0.0,3.0,7.0
308182037,40.11248855343489,-77.51985511827127,FELONY ASSAULT,"ASSAULT 2,1,UNCLASSIFIED",2025-06-17T00:00:00.000,nypd_complaints,2025-06-17,Tuesday,0.0,6.0,8.0
302791589,40.11248847025602,-77.5198547565742,FELONY ASSAULT,ASSAULT POLICE/PEACE OFFICER,2024-08-14T00:00:00.000,nypd_complaints,2024-08-14,Wednesday,0.0,8.0,8.0
301629894,40.112488807363384,-77.51985455567198,DANGEROUS DRUGS,"CONTROLLED SUBSTANCE,SALE 3",2025-02-25T00:00:00.000,nypd_complaints,2025-02-25,Tuesday,0.0,2.0,4.0
302874977,40.11248857062569,-77.51985462303645,GRAND LARCENY,"LARCENY,GRAND BY THEFT OF CREDIT CARD",2024-12-27T00:00:00.000,nypd_complaints,2024-12-27,Friday,0.0,12.0,5.0
306631032,40.112488573841546,-77.51985499194022,FELONY ASSAULT,"ASSAULT 2,1,UNCLASSIFIED",2025-05-18T00:00:00.000,nypd_complaints,2025-05-18,Sunday,0.0,5.0,8.0
300442941,40.11248854904299,-77.51985504082802,FELONY ASSAULT,ASSAULT POLICE/PEACE OFFICER,2025-02-02T00:00:00.000,nypd_complaints,2025-02-02,Sunday,0.0,2.0,8.0
299312182,40.11248832702968,-77.51985508611543,ASSAULT 3 & RELATED OFFENSES,ASSAULT 3,2025-01-11T00:00:00.000,nypd_complaints,2025-01-11,Saturday,0.0,1.0,6.0
301740329,40.112488806882375,-77.51985454162178,SEX CRIMES,"SEXUAL ABUSE 3,2",2025-02-16T00:00:00.000,nypd_complaints,2025-02-16,Sunday,0.0,2.0,8.0
305491235,40.11248851420424,-77.51985515244621,ASSAULT 3 & RELATED OFFENSES,ASSAULT 3,2025-04-29T00:00:00.000,nypd_complaints,2025-04-29,Tuesday,0.0,4.0,6.0
308744774,40.11248857135332,-77.51985498907288,FELONY ASSAULT,"ASSAULT 2,1,UNCLASSIFIED",2025-06-27T00:00:00.000,nypd_complaints,2025-06-27,Friday,0.0,6.0,8.0
300562254,40.11248836078218,-77.51985519149693,ASSAULT 3 & RELATED OFFENSES,ASSAULT 3,2025-01-31T00:00:00.000,nypd_complaints,2025-01-31,Friday,0.0,1.0,6.0
300775385,40.11248856055768,-77.51985495017466,ASSAULT 3 & RELATED OFFENSES,OBSTR BREATH/CIRCUL,2025-02-07T00:00:00.000,nypd_complaints,2025-02-07,Friday,0.0,2.0,6.0
304422252,40.11248858129065,-77.51985501928928,DANGEROUS DRUGS,"CONTROLLED SUBSTANCE, POSSESSI",2025-04-08T00:00:00.000,nypd_complaints,2025-04-08,Tuesday,0.0,4.0,4.0
308233551,40.11248846944528,-77.51985513157648,GRAND LARCENY OF MOTOR VEHICLE,"LARCENY,GRAND OF AUTO",2025-06-16T00:00:00.000,nypd_complaints,2025-06-16,Monday,0.0,6.0,5.0
303662137,40.11248854495321,-77.51985491141461,GRAND LARCENY,"LARCENY,GRAND BY OPEN/COMPROMISE CELL PHONE ACCT",2025-03-25T00:00:00.000,nypd_complaints,2025-03-25,Tuesday,0.0,3.0,5.0
304039327,40.11248828654214,-77.51985519251116,HARRASSMENT 2,"HARASSMENT,SUBD 3,4,5",2025-04-01T00:00:00.000,nypd_complaints,2025-04-01,Tuesday,0.0,4.0,3.0
299672336,40.11248857119171,-77.5198549461626,DANGEROUS DRUGS,"CONTROLLED SUBSTANCE,INTENT TO",2025-01-18T00:00:00.000,nypd_complaints,2025-01-18,Saturday,0.0,1.0,4.0
302156785,40.11248880940092,-77.51985460771446,GRAND LARCENY,"LARCENY,GRAND OF VEHICULAR/MOTORCYCLE ACCESSORIES",2025-03-03T00:00:00.000,nypd_complaints,2025-03-03,Monday,0.0,3.0,5.0
304444980,40.11248878748755,-77.51985460945441,GRAND LARCENY,"LARCENY,GRAND BY BANK ACCT COMPROMISE-UNCLASSIFIED",2025-03-12T00:00:00.000,nypd_complaints,2025-03-12,Wednesday,0.0,3.0,5.0
304131569,40.1124885330478,-77.51985478272256,FELONY ASSAULT,ASSAULT POLICE/PEACE OFFICER,2025-04-03T00:00:00.000,nypd_complaints,2025-04-03,Thursday,0.0,4.0,8.0
303999119,40.11248834888861,-77.51985522999422,GRAND LARCENY,"LARCENY,GRAND BY EXTORTION",2025-03-31T00:00:00.000,nypd_complaints,2025-03-31,Monday,0.0,3.0,5.0
306624727,40.11248856777838,-77.51985505691825,GRAND LARCENY,"LARCENY,GRAND BY EXTORTION",2025-05-18T00:00:00.000,nypd_complaints,2025-05-18,Sunday,0.0,5.0,5.0
304461818,40.11248859673987,-77.51985460823207,DANGEROUS WEAPONS,"WEAPONS, POSSESSION, ETC",2025-04-09T00:00:00.000,nypd_complaints,2025-04-09,Wednesday,0.0,4.0,7.0
307690271,40.112488410795095,-77.51985510703837,HARRASSMENT 2,"HARASSMENT,SUBD 1,CIVILIAN",2025-06-06T00:00:00.000,nypd_complaints,2025-06-06,Friday,0.0,6.0,3.0
299890621,40.11248848114316,-77.51985513377042,HARRASSMENT 2,"HARASSMENT,SUBD 3,4,5",2025-01-22T00:00:00.000,nypd_complaints,2025-01-22,Wednesday,0.0,1.0,3.0
307609413,40.11248858872479,-77.51985481681166,DANGEROUS DRUGS,"CONTROLLED SUBSTANCE, SALE 5",2025-06-05T00:00:00.000,nypd_complaints,2025-06-05,Thursday,0.0,6.0,4.0
302672062,40.11248889018702,-77.51985458400115,ROBBERY,"ROBBERY,PERSONAL ELECTRONIC DEVICE",2025-03-11T00:00:00.000,nypd_complaints,2025-03-11,Tuesday,0.0,3.0,7.0
298970745,40.112488544054365,-77.5198551221665,FELONY ASSAULT,"ASSAULT 2,1,UNCLASSIFIED",2025-01-05T00:00:00.000,nypd_complaints,2025-01-05,Sunday,0.0,1.0,8.0
306156068,40.11248856664059,-77.51985501564201,FELONY ASSAULT,"ASSAULT 2,1,UNCLASSIFIED",2025-05-09T00:00:00.000,nypd_complaints,2025-05-09,Friday,0.0,5.0,8.0
302800109,40.11248885822687,-77.5198545177338,DANGEROUS WEAPONS,"WEAPONS, POSSESSION, ETC",2025-03-14T00:00:00.000,nypd_complaints,2025-03-14,Friday,0.0,3.0,7.0
304562238,40.112488562251166,-77.51985495885373,FELONY ASSAULT,STRANGULATION 1ST,2025-03-30T00:00:00.000,nypd_complaints,2025-03-30,Sunday,0.0,3.0,8.0
302112307,40.11248851318596,-77.51985486897817,GRAND LARCENY,"LARCENY,GRAND FROM OPEN AREAS, UNATTENDED",2024-12-02T00:00:00.000,nypd_complaints,2024-12-02,Monday,0.0,12.0,5.0
304676637,40.1124885035164,-77.51985456302123,GRAND LARCENY,"LARCENY,GRAND BY BANK ACCT COMPROMISE-UNAUTHORIZED PURCHASE",2025-04-12T00:00:00.000,nypd_complaints,2025-04-12,Saturday,0.0,4.0,5.0
305908925,40.11248881799402,-77.519854575878,SEX CRIMES,"SEXUAL ABUSE 3,2",2025-05-06T00:00:00.000,nypd_complaints,2025-05-06,Tuesday,0.0,5.0,8.0
300361338,40.112488395189274,-77.5198548647636,GRAND LARCENY OF MOTOR VEHICLE,"LARCENY,GRAND OF AUTO",2025-01-28T00:00:00.000,nypd_complaints,2025-01-28,Tuesday,0.0,1.0,5.0
300004008,40.11248894217829,-77.51985454067321,ROBBERY,"ROBBERY,PERSONAL ELECTRONIC DEVICE",2025-01-25T00:00:00.000,nypd_complaints,2025-01-25,Saturday,0.0,1.0,7.0
308679040,40.112488405161145,-77.51985492121466,HARRASSMENT 2,"HARASSMENT,SUBD 1,CIVILIAN",2025-06-25T00:00:00.000,nypd_complaints,2025-06-25,Wednesday,0.0,6.0,3.0
307244202,40.11248849190007,-77.51985501391444,ASSAULT 3 & RELATED OFFENSES,"MENACING,UNCLASSIFIED",2025-05-25T00:00:00.000,nypd_complaints,2025-05-25,Sunday,0.0,5.0,6.0
304085752,40.112488348636504,-77.51985522721536,HARRASSMENT 2,"HARASSMENT,SUBD 3,4,5",2025-04-02T00:00:00.000,nypd_complaints,2025-04-02,Wednesday,0.0,4.0,3.0
299229867,40.11248831952175,-77.51985510303186,GRAND LARCENY,"LARCENY,GRAND BY FALSE PROMISE-NOT IN PERSON CONTACT",2024-12-23T00:00:00.000,nypd_complaints,2024-12-23,Monday,0.0,12.0,5.0
300441713,40.11248858775835,-77.519854557599,DANGEROUS WEAPONS,"WEAPONS, POSSESSION, ETC",2025-02-02T00:00:00.000,nypd_complaints,2025-02-02,Sunday,0.0,2.0,7.0
308868470,40.11248856027287,-77.51985450585649,SEX CRIMES,"SEXUAL ABUSE 3,2",2025-06-30T00:00:00.000,nypd_complaints,2025-06-30,Monday,0.0,6.0,8.0
306613927,40.11248857413926,-77.51985514292619,DANGEROUS WEAPONS,WEAPONS POSSESSION 3,2025-05-18T00:00:00.000,nypd_complaints,2025-05-18,Sunday,0.0,5.0,7.0
307370380,40.112488200736166,-77.51985537687779,ASSAULT 3 & RELATED OFFENSES,OBSTR BREATH/CIRCUL,2025-06-01T00:00:00.000,nypd_complaints,2025-06-01,Sunday,0.0,6.0,6.0
300602811,40.11248853131302,-77.51985484445639,DANGEROUS WEAPONS,"WEAPONS, POSSESSION, ETC",2025-02-05T00:00:00.000,nypd_complaints,2025-02-05,Wednesday,0.0,2.0,7.0
304738517,40.112488559365524,-77.51985496138599,FELONY ASSAULT,"ASSAULT 2,1,UNCLASSIFIED",2025-04-14T00:00:00.000,nypd_complaints,2025-04-14,Monday,0.0,4.0,8.0
301676696,40.11248892587172,-77.51985450314363,DANGEROUS WEAPONS,"WEAPONS, POSSESSION, ETC",2025-02-25T00:00:00.000,nypd_complaints,2025-02-25,Tuesday,0.0,2.0,7.0
300037127,40.11248876854364,-77.51985457973959,GRAND LARCENY,"LARCENY,GRAND BY ACQUIRING LOS",2025-01-25T00:00:00.000,nypd_complaints,2025-01-25,Saturday,0.0,1.0,5.0
308234453,40.11248891009533,-77.51985453702575,RAPE,RAPE 2,2025-06-17T00:00:00.000,nypd_complaints,2025-06-17,Tuesday,0.0,6.0,9.0
303163857,40.112488923580614,-77.51985451435826,ROBBERY,"ROBBERY,PERSONAL ELECTRONIC DEVICE",2025-03-19T00:00:00.000,nypd_complaints,2025-03-19,Wednesday,0.0,3.0,7.0
306937819,40.11248877357393,-77.51985460054954,FELONY ASSAULT,ASSAULT POLICE/PEACE OFFICER,2025-05-23T00:00:00.000,nypd_complaints,2025-05-23,Friday,0.0,5.0,8.0
302221499,40.11248829444154,-77.51985529889315,GRAND LARCENY,"LARCENY,GRAND BY BANK ACCT COMPROMISE-UNCLASSIFIED",2025-02-26T00:00:00.000,nypd_complaints,2025-02-26,Wednesday,0.0,2.0,5.0
307370381,40.112488265596404,-77.51985533577293,GRAND LARCENY,"LARCENY,GRAND PERSON,NECK CHAI",2025-06-01T00:00:00.000,nypd_complaints,2025-06-01,Sunday,0.0,6.0,5.0
299316265,40.112488855044184,-77.51985457299465,SEX CRIMES,"SEXUAL ABUSE 3,2",2025-01-12T00:00:00.000,nypd_complaints,2025-01-12,Sunday,0.0,1.0,8.0
307414888,40.11248881660607,-77.51985458525449,GRAND LARCENY,"LARCENY,GRAND BY THEFT OF CREDIT CARD",2025-06-01T00:00:00.000,nypd_complaints,2025-06-01,Sunday,0.0,6.0,5.0
307149737,40.11248844239724,-77.51985511984884,FELONY ASSAULT,"ASSAULT 2,1,UNCLASSIFIED",2025-05-27T00:00:00.000,nypd_complaints,2025-05-27,Tuesday,0.0,5.0,8.0
305315379,40.11248830186814,-77.51985525907072,DANGEROUS WEAPONS,CRIMINAL POSSESSION WEAPON,2025-04-25T00:00:00.000,nypd_complaints,2025-04-25,Friday,0.0,4.0,7.0
298848381,40.11248890840736,-77.51985453136663,DANGEROUS DRUGS,"CONTROLLED SUBSTANCE,SALE 3",2025-01-03T00:00:00.000,nypd_complaints,2025-01-03,Friday,0.0,1.0,4.0
304240829,40.11248842261661,-77.51985507203285,GRAND LARCENY,"LARCENY,GRAND FROM RESIDENCE, UNATTENDED",2025-04-04T00:00:00.000,nypd_complaints,2025-04-04,Friday,0.0,4.0,5.0
299795366,40.112488555422786,-77.51985511670094,ASSAULT 3 & RELATED OFFENSES,"MENACING,UNCLASSIFIED",2025-01-21T00:00:00.000,nypd_complaints,2025-01-21,Tuesday,0.0,1.0,6.0
306942617,40.1124885452017,-77.51985482923399,DANGEROUS WEAPONS,"WEAPONS, POSSESSION, ETC",2025-05-24T00:00:00.000,nypd_complaints,2025-05-24,Saturday,0.0,5.0,7.0
306530886,40.112488311582815,-77.51985510863766,BURGLARY,"BURGLARY,COMMERCIAL,NIGHT",2025-05-16T00:00:00.000,nypd_complaints,2025-05-16,Friday,0.0,5.0,6.0
299879347,40.11248853089833,-77.5198551379321,HARRASSMENT 2,"HARASSMENT,SUBD 3,4,5",2025-01-22T00:00:00.000,nypd_complaints,2025-01-22,Wednesday,0.0,1.0,3.0
299809665,40.11248820362842,-77.51985538890408,GRAND LARCENY,"LARCENY,GRAND BY FALSE PROMISE-IN PERSON CONTACT",2025-01-21T00:00:00.000,nypd_complaints,2025-01-21,Tuesday,0.0,1.0,5.0
308050801,40.11248824559772,-77.51985536296803,HARRASSMENT 2,"HARASSMENT,SUBD 3,4,5",2025-06-13T00:00:00.000,nypd_complaints,2025-06-13,Friday,0.0,6.0,3.0
307992826,40.11248860154436,-77.51985459596119,GRAND LARCENY,"LARCENY,GRAND BY OPEN CREDIT CARD (NEW ACCT)",2025-05-31T00:00:00.000,nypd_complaints,2025-05-31,Saturday,0.0,5.0,5.0
299160781,40.11248858068355,-77.51985500188191,DANGEROUS DRUGS,"CONTROLLED SUBSTANCE, POSSESSI",2025-01-09T00:00:00.000,nypd_complaints,2025-01-09,Thursday,0.0,1.0,4.0
304062659,40.11248890317557,-77.51985452948665,DANGEROUS WEAPONS,"WEAPONS, POSSESSION, ETC",2025-04-02T00:00:00.000,nypd_complaints,2025-04-02,Wednesday,0.0,4.0,7.0
308023464,40.11248854121792,-77.519855005724,HARRASSMENT 2,"HARASSMENT,SUBD 1,CIVILIAN",2025-06-12T00:00:00.000,nypd_complaints,2025-06-12,Thursday,0.0,6.0,3.0
299352726,40.11248856827415,-77.51985505331629,GRAND LARCENY OF MOTOR VEHICLE,"LARCENY,GRAND OF AUTO",2025-01-13T00:00:00.000,nypd_complaints,2025-01-13,Monday,0.0,1.0,5.0
302998393,40.11248864786763,-77.51985454441927,SEX CRIMES,"SEXUAL ABUSE 3,2",2025-03-16T00:00:00.000,nypd_complaints,2025-03-16,Sunday,0.0,3.0,8.0
308184131,40.1124882091201,-77.5198553949448,GRAND LARCENY,"LARCENY,GRAND FROM RESIDENCE, UNATTENDED",2025-06-17T00:00:00.000,nypd_complaints,2025-06-17,Tuesday,0.0,6.0,5.0
300851661,40.11248840698489,-77.51985490820239,ASSAULT 3 & RELATED OFFENSES,"MENACING,UNCLASSIFIED",2025-02-09T00:00:00.000,nypd_complaints,2025-02-09,Sunday,0.0,2.0,6.0
301374731,40.112488421264054,-77.51985513587293,ASSAULT 3 & RELATED OFFENSES,ASSAULT 3,2025-02-19T00:00:00.000,nypd_complaints,2025-02-19,Wednesday,0.0,2.0,6.0
304049517,40.11248830662181,-77.51985525931363,ASSAULT 3 & RELATED OFFENSES,ASSAULT 3,2025-04-02T00:00:00.000,nypd_complaints,2025-04-02,Wednesday,0.0,4.0,6.0
306025942,40.112488606314386,-77.51985460730593,DANGEROUS DRUGS,"CONTROLLED SUBSTANCE,SALE 3",2025-05-07T00:00:00.000,nypd_complaints,2025-05-07,Wednesday,0.0,5.0,4.0
305100582,40.1124886253033,-77.51985455378822,GRAND LARCENY,"LARCENY,GRAND BY THEFT OF CREDIT CARD",2025-04-02T00:00:00.000,nypd_complaints,2025-04-02,Wednesday,0.0,4.0,5.0
307329227,40.112488433471874,-77.51985522424428,FELONY ASSAULT,STRANGULATION 1ST,2025-05-31T00:00:00.000,nypd_complaints,2025-05-31,Saturday,0.0,5.0,8.0
301758609,40.112488887466135,-77.51985454316146,DANGEROUS DRUGS,"CONTROLLED SUBSTANCE,SALE 3",2025-02-04T00:00:00.000,nypd_complaints,2025-02-04,Tuesday,0.0,2.0,4.0
301947856,40.11248856681716,-77.51985494308916,GRAND LARCENY OF MOTOR VEHICLE,"LARCENY,GRAND OF AUTO",2025-03-02T00:00:00.000,nypd_complaints,2025-03-02,Sunday,0.0,3.0,5.0
301023859,40.112488406209046,-77.51985490913138,SEX CRIMES,"SEXUAL ABUSE 3,2",2024-11-12T00:00:00.000,nypd_complaints,2024-11-12,Tuesday,0.0,11.0,8.0
307032299,40.112488421264054,-77.51985513587293,HARRASSMENT 2,"HARASSMENT,SUBD 3,4,5",2025-05-25T00:00:00.000,nypd_complaints,2025-05-25,Sunday,0.0,5.0,3.0
307331104,40.11248860066237,-77.51985481408788,CRIMINAL TRESPASS,"TRESPASS 2, CRIMINAL",2025-05-31T00:00:00.000,nypd_complaints,2025-05-31,Saturday,0.0,5.0,3.0
301375884,40.11248890653237,-77.5198545329991,DANGEROUS WEAPONS,"WEAPONS, POSSESSION, ETC",2025-02-19T00:00:00.000,nypd_complaints,2025-02-19,Wednesday,0.0,2.0,7.0
308763639,40.11248825128796,-77.51985537801497,HARRASSMENT 2,"HARASSMENT,SUBD 3,4,5",2025-06-28T00:00:00.000,nypd_complaints,2025-06-28,Saturday,0.0,6.0,3.0
305391130,40.1124888058524,-77.51985452906678,GRAND LARCENY,"LARCENY,GRAND FROM NIGHT CLUB, UNATTENDED",2025-04-25T00:00:00.000,nypd_complaints,2025-04-25,Friday,0.0,4.0,5.0
299504094,40.11248828664759,-77.5198553082561,ASSAULT 3 & RELATED OFFENSES,ASSAULT 3,2025-01-15T00:00:00.000,nypd_complaints,2025-01-15,Wednesday,0.0,1.0,6.0
306305259,40.11248856913134,-77.51985504031995,FELONY ASSAULT,"ASSAULT 2,1,UNCLASSIFIED",2025-05-13T00:00:00.000,nypd_complaints,2025-05-13,Tuesday,0.0,5.0,8.0
300750984,40.112488214530096,-77.51985540701347,ASSAULT 3 & RELATED OFFENSES,ASSAULT 3,2025-02-07T00:00:00.000,nypd_complaints,2025-02-07,Friday,0.0,2.0,6.0
300620635,40.11248860610447,-77.5198545778063,DANGEROUS DRUGS,"CONTROLLED SUBSTANCE,SALE 1",2025-02-05T00:00:00.000,nypd_complaints,2025-02-05,Wednesday,0.0,2.0,4.0
307314328,40.11248831594878,-77.51985513379304,HARRASSMENT 2,"HARASSMENT,SUBD 3,4,5",2025-05-30T00:00:00.000,nypd_complaints,2025-05-30,Friday,0.0,5.0,3.0
305355959,40.11248854871402,-77.5198548166343,FELONY ASSAULT,ASSAULT POLICE/PEACE OFFICER,2025-04-25T00:00:00.000,nypd_complaints,2025-04-25,Friday,0.0,4.0,8.0
305348784,40.112488559466314,-77.51985511670514,ASSAULT 3 & RELATED OFFENSES,ASSAULT 3,2025-04-25T00:00:00.000,nypd_complaints,2025-04-25,Friday,0.0,4.0,6.0
306412990,40.11248851096947,-77.51985497210774,HARRASSMENT 2,"HARASSMENT,SUBD 1,CIVILIAN",2025-05-15T00:00:00.000,nypd_complaints,2025-05-15,Thursday,0.0,5.0,3.0
306379629,40.11248858332961,-77.51985485240768,HARRASSMENT 2,"HARASSMENT,SUBD 1,CIVILIAN",2025-05-14T00:00:00.000,nypd_complaints,2025-05-14,Wednesday,0.0,5.0,3.0
306421421,40.11248850563685,-77.51985458225221,GRAND LARCENY OF MOTOR VEHICLE,"LARCENY,GRAND OF AUTO",2025-05-14T00:00:00.000,nypd_complaints,2025-05-14,Wednesday,0.0,5.0,5.0
303196576,40.11248850172089,-77.5198548953726,GRAND LARCENY OF MOTOR VEHICLE,"LARCENY,GRAND OF AUTO",2025-03-19T00:00:00.000,nypd_complaints,2025-03-19,Wednesday,0.0,3.0,5.0
301259096,40.112488402990316,-77.51985494828897,BURGLARY,"BURGLARY,COMMERCIAL,NIGHT",2025-02-18T00:00:00.000,nypd_complaints,2025-02-18,Tuesday,0.0,2.0,6.0
299483914,40.11248882852689,-77.5198545201859,DANGEROUS WEAPONS,"WEAPONS, POSSESSION, ETC",2025-01-15T00:00:00.000,nypd_complaints,2025-01-15,Wednesday,0.0,1.0,7.0
307032300,40.11248853089833,-77.5198551379321,HARRASSMENT 2,"HARASSMENT,SUBD 3,4,5",2025-05-25T00:00:00.000,nypd_complaints,2025-05-25,Sunday,0.0,5.0,3.0
300867102,40.11248878412515,-77.51985457243379,GRAND LARCENY,"LARCENY,GRAND FROM PERSON,UNCL",2025-02-10T00:00:00.000,nypd_complaints,2025-02-10,Monday,0.0,2.0,5.0
302289147,40.112488456862636,-77.51985485200022,GRAND LARCENY,"LARCENY,GRAND BY BANK ACCT COMPROMISE-UNCLASSIFIED",2025-02-03T00:00:00.000,nypd_complaints,2025-02-03,Monday,0.0,2.0,5.0
303892177,40.11248853955241,-77.51985480249081,CRIMINAL TRESPASS,"TRESPASS 2, CRIMINAL",2025-03-30T00:00:00.000,nypd_complaints,2025-03-30,Sunday,0.0,3.0,3.0
300752953,40.112488734083584,-77.5198544978278,DANGEROUS WEAPONS,"WEAPONS, POSSESSION, ETC",2025-02-07T00:00:00.000,nypd_complaints,2025-02-07,Friday,0.0,2.0,7.0
304776361,40.11248854516606,-77.51985510777742,ASSAULT 3 & RELATED OFFENSES,"MENACING,UNCLASSIFIED",2025-04-15T00:00:00.000,nypd_complaints,2025-04-15,Tuesday,0.0,4.0,6.0
303759069,40.11248830390992,-77.51985516249019,HARRASSMENT 2,"HARASSMENT,SUBD 3,4,5",2025-03-27T00:00:00.000,nypd_complaints,2025-03-27,Thursday,0.0,3.0,3.0
299290123,40.11248879277303,-77.51985459414253,DANGEROUS WEAPONS,"WEAPONS, POSSESSION, ETC",2025-01-12T00:00:00.000,nypd_complaints,2025-01-12,Sunday,0.0,1.0,7.0
307470289,40.11248880699563,-77.51985460362792,CRIMINAL TRESPASS,"TRESPASS 2, CRIMINAL",2025-06-01T00:00:00.000,nypd_complaints,2025-06-01,Sunday,0.0,6.0,3.0
298983963,40.11248886992728,-77.51985458041501,GRAND LARCENY,"LARCENY,GRAND FROM NIGHT CLUB, UNATTENDED",2025-01-05T00:00:00.000,nypd_complaints,2025-01-05,Sunday,0.0,1.0,5.0
305305215,40.112488542767366,-77.51985509996304,FELONY ASSAULT,"ASSAULT 2,1,UNCLASSIFIED",2025-04-24T00:00:00.000,nypd_complaints,2025-04-24,Thursday,0.0,4.0,8.0
302866149,40.112488602570366,-77.51985481607946,RAPE,RAPE 3,2025-03-12T00:00:00.000,nypd_complaints,2025-03-12,Wednesday,0.0,3.0,9.0
303536459,40.112488855044184,-77.51985457299465,SEX CRIMES,"SEXUAL ABUSE 3,2",2025-03-22T00:00:00.000,nypd_complaints,2025-03-22,Saturday,0.0,3.0,8.0
303847854,40.11248883668675,-77.51985451083237,SEX CRIMES,"SEXUAL ABUSE 3,2",2025-03-29T00:00:00.000,nypd_complaints,2025-03-29,Saturday,0.0,3.0,8.0
301270936,40.11248860729571,-77.51985459510313,BURGLARY,"BURGLARY,UNCLASSIFIED,NIGHT",2025-02-15T00:00:00.000,nypd_complaints,2025-02-15,Saturday,0.0,2.0,6.0
308685544,40.11248826970319,-77.51985535428501,GRAND LARCENY,"LARCENY,GRAND FROM VEHICLE/MOTORCYCLE",2025-06-26T00:00:00.000,nypd_complaints,2025-06-26,Thursday,0.0,6.0,5.0
305665254,40.11248891836508,-77.51985453560594,DANGEROUS WEAPONS,"WEAPONS, POSSESSION, ETC",2025-05-01T00:00:00.000,nypd_complaints,2025-05-01,Thursday,0.0,5.0,7.0
302898561,40.11248853093374,-77.51985483127402,CRIMINAL TRESPASS,"TRESPASS 2, CRIMINAL",2025-03-15T00:00:00.000,nypd_complaints,2025-03-15,Saturday,0.0,3.0,3.0
299234199,40.11248844216443,-77.51985512845923,GRAND LARCENY,"LARCENY,GRAND FROM BUILDING (NON-RESIDENCE) UNATTENDED",2025-01-10T00:00:00.000,nypd_complaints,2025-01-10,Friday,0.0,1.0,5.0
308461898,40.1124885726253,-77.51985511193831,ASSAULT 3 & RELATED OFFENSES,ASSAULT 3,2025-06-22T00:00:00.000,nypd_complaints,2025-06-22,Sunday,0.0,6.0,6.0
305160116,40.11248891009533,-77.51985453702575,SEX CRIMES,"SEXUAL ABUSE 3,2",2025-04-22T00:00:00.000,nypd_complaints,2025-04-22,Tuesday,0.0,4.0,8.0
302800102,40.11248888923273,-77.51985454164036,GRAND LARCENY OF MOTOR VEHICLE,"LARCENY,GRAND OF AUTO",2025-03-14T00:00:00.000,nypd_complaints,2025-03-14,Friday,0.0,3.0,5.0
302735523,40.11248847192227,-77.51985522308769,GRAND LARCENY,"LARCENY,GRAND FROM BUILDING (NON-RESIDENCE) UNATTENDED",2025-03-07T00:00:00.000,nypd_complaints,2025-03-07,Friday,0.0,3.0,5.0
299634182,40.11248821962795,-77.51985541399942,SEX CRIMES,"CHILD, ENDANGERING WELFARE",2025-01-17T00:00:00.000,nypd_complaints,2025-01-17,Friday,0.0,1.0,8.0
298744747,40.11248894268142,-77.51985450402367,SEX CRIMES,"SEXUAL ABUSE 3,2",2025-01-01T00:00:00.000,nypd_complaints,2025-01-01,Wednesday,0.0,1.0,8.0
308667936,40.112488592889,-77.5198545696903,CRIMINAL TRESPASS,"TRESPASS 2, CRIMINAL",2025-06-26T00:00:00.000,nypd_complaints,2025-06-26,Thursday,0.0,6.0,3.0
301676780,40.11248857852077,-77.51985494614618,DANGEROUS DRUGS,"CONTROLLED SUBSTANCE, POSSESSI",2025-02-26T00:00:00.000,nypd_complaints,2025-02-26,Wednesday,0.0,2.0,4.0
306130577,40.112488510225575,-77.51985510958292,GRAND LARCENY,"LARCENY,GRAND BY FALSE PROMISE-NOT IN PERSON CONTACT",2025-05-07T00:00:00.000,nypd_complaints,2025-05-07,Wednesday,0.0,5.0,5.0
304796447,40.112488557983866,-77.5198551229925,HARRASSMENT 2,"HARASSMENT,SUBD 3,4,5",2025-04-15T00:00:00.000,nypd_complaints,2025-04-15,Tuesday,0.0,4.0,3.0
299687350,40.112488796197034,-77.51985457803248,CRIMINAL TRESPASS,"TRESPASS 3, CRIMINAL",2025-01-19T00:00:00.000,nypd_complaints,2025-01-19,Sunday,0.0,1.0,3.0
299242036,40.112488578323266,-77.51985502088462,DANGEROUS DRUGS,"CONTROLLED SUBSTANCE, POSSESSI",2025-01-11T00:00:00.000,nypd_complaints,2025-01-11,Saturday,0.0,1.0,4.0
298876846,40.112488254943365,-77.5198552949251,ASSAULT 3 & RELATED OFFENSES,ASSAULT 3,2025-01-04T00:00:00.000,nypd_complaints,2025-01-04,Saturday,0.0,1.0,6.0
307645930,40.11248857622499,-77.51985485234336,DANGEROUS DRUGS,"CONTROLLED SUBSTANCE,INTENT TO",2025-06-06T00:00:00.000,nypd_complaints,2025-06-06,Friday,0.0,6.0,4.0
304008701,40.11248878889015,-77.51985457914486,ROBBERY,"ROBBERY, CHAIN STORE",2025-04-01T00:00:00.000,nypd_complaints,2025-04-01,Tuesday,0.0,4.0,7.0
308604022,40.11248840200816,-77.51985513762315,ASSAULT 3 & RELATED OFFENSES,ASSAULT 3,2025-06-25T00:00:00.000,nypd_complaints,2025-06-25,Wednesday,0.0,6.0,6.0
305915753,40.112488435625224,-77.51985513339413,GRAND LARCENY,"LARCENY,GRAND FROM STORE-SHOPL",2025-05-06T00:00:00.000,nypd_complaints,2025-05-06,Tuesday,0.0,5.0,5.0
306821186,40.112488263119296,-77.51985524711323,ASSAULT 3 & RELATED OFFENSES,OBSTR BREATH/CIRCUL,2025-05-21T00:00:00.000,nypd_complaints,2025-05-21,Wednesday,0.0,5.0,6.0
308862196,40.11248852072132,-77.5198547845172,GRAND LARCENY,"LARCENY,GRAND BY FALSE PROMISE-IN PERSON CONTACT",2025-05-11T00:00:00.000,nypd_complaints,2025-05-11,Sunday,0.0,5.0,5.0
300061338,40.11248861491279,-77.5198546160316,FELONY ASSAULT,ASSAULT OTHER PUBLIC SERVICE EMPLOYEE,2025-01-26T00:00:00.000,nypd_complaints,2025-01-26,Sunday,0.0,1.0,8.0
303027587,40.112488512352094,-77.51985512167508,GRAND LARCENY,"LARCENY,GRAND FROM VEHICLE/MOTORCYCLE",2025-03-17T00:00:00.000,nypd_complaints,2025-03-17,Monday,0.0,3.0,5.0
308003514,40.112488477465696,-77.51985512546689,HARRASSMENT 2,"HARASSMENT,SUBD 3,4,5",2025-06-08T00:00:00.000,nypd_complaints,2025-06-08,Sunday,0.0,6.0,3.0
307187318,40.11248859255863,-77.51985455158561,DANGEROUS WEAPONS,"WEAPONS, POSSESSION, ETC",2025-05-28T00:00:00.000,nypd_complaints,2025-05-28,Wednesday,0.0,5.0,7.0
305956834,40.112488675782295,-77.51985451111833,GRAND LARCENY OF MOTOR VEHICLE,"LARCENY, GRAND OF MOPED",2025-05-06T00:00:00.000,nypd_complaints,2025-05-06,Tuesday,0.0,5.0,5.0
303653472,40.11248849659658,-77.51985457165355,GRAND LARCENY,"LARCENY,GRAND OF VEHICULAR/MOTORCYCLE ACCESSORIES",2025-03-25T00:00:00.000,nypd_complaints,2025-03-25,Tuesday,0.0,3.0,5.0
303369177,40.11248884829772,-77.51985453999062,DANGEROUS DRUGS,"CONTROLLED SUBSTANCE,SALE 3",2025-03-21T00:00:00.000,nypd_complaints,2025-03-21,Friday,0.0,3.0,4.0
308480092,40.11248823449029,-77.51985527966083,HARRASSMENT 2,"HARASSMENT,SUBD 3,4,5",2025-06-21T00:00:00.000,nypd_complaints,2025-06-21,Saturday,0.0,6.0,3.0
300740674,40.112488331884805,-77.51985529877149,HARRASSMENT 2,"HARASSMENT,SUBD 3,4,5",2025-02-07T00:00:00.000,nypd_complaints,2025-02-07,Friday,0.0,2.0,3.0
305161097,40.112488561973294,-77.51985509778444,CRIMINAL TRESPASS,"TRESPASS 2, CRIMINAL",2025-04-22T00:00:00.000,nypd_complaints,2025-04-22,Tuesday,0.0,4.0,3.0
304661543,40.11248857807691,-77.5198550060835,DANGEROUS WEAPONS,"WEAPONS, POSSESSION, ETC",2025-04-13T00:00:00.000,nypd_complaints,2025-04-13,Sunday,0.0,4.0,7.0
308290767,40.11248876854364,-77.51985457973959,ROBBERY,"ROBBERY,PERSONAL ELECTRONIC DEVICE",2025-06-18T00:00:00.000,nypd_complaints,2025-06-18,Wednesday,0.0,6.0,7.0
305207112,40.112488552774415,-77.51985495643262,HARRASSMENT 2,"HARASSMENT,SUBD 1,CIVILIAN",2025-01-31T00:00:00.000,nypd_complaints,2025-01-31,Friday,0.0,1.0,3.0
300723802,40.11248881150148,-77.51985453045383,GRAND LARCENY OF MOTOR VEHICLE,"LARCENY,GRAND OF AUTO",2025-02-07T00:00:00.000,nypd_complaints,2025-02-07,Friday,0.0,2.0,5.0
298730371,40.11248856673123,-77.51985501217267,GRAND LARCENY,"LARCENY,GRAND FROM OPEN AREAS, UNATTENDED",2024-12-30T00:00:00.000,nypd_complaints,2024-12-30,Monday,0.0,12.0,5.0
300483562,40.11248879657462,-77.51985451432687,DANGEROUS WEAPONS,"WEAPONS, POSSESSION, ETC",2025-02-03T00:00:00.000,nypd_complaints,2025-02-03,Monday,0.0,2.0,7.0
307627082,40.112488332007935,-77.51985512160347,ASSAULT 3 & RELATED OFFENSES,OBSTR BREATH/CIRCUL,2025-06-05T00:00:00.000,nypd_complaints,2025-06-05,Thursday,0.0,6.0,6.0
304796446,40.1124884514809,-77.51985519329446,HARRASSMENT 2,"HARASSMENT,SUBD 3,4,5",2025-04-15T00:00:00.000,nypd_complaints,2025-04-15,Tuesday,0.0,4.0,3.0
299591515,40.11248854510328,-77.51985513338191,DANGEROUS DRUGS,"CONTROLLED SUBSTANCE, POSSESSI",2025-01-17T00:00:00.000,nypd_complaints,2025-01-17,Friday,0.0,1.0,4.0
303191306,40.112488404546525,-77.51985495233828,HARRASSMENT 2,"HARASSMENT,SUBD 1,CIVILIAN",2025-03-19T00:00:00.000,nypd_complaints,2025-03-19,Wednesday,0.0,3.0,3.0
305558657,40.11248838322273,-77.51985493698191,HARRASSMENT 2,"HARASSMENT,SUBD 1,CIVILIAN",2025-04-29T00:00:00.000,nypd_complaints,2025-04-29,Tuesday,0.0,4.0,3.0
302692738,40.11248865917888,-77.51985454145105,GRAND LARCENY OF MOTOR VEHICLE,"LARCENY,GRAND OF AUTO",2025-03-11T00:00:00.000,nypd_complaints,2025-03-11,Tuesday,0.0,3.0,5.0
305709144,40.11248858877138,-77.51985484787328,FELONY ASSAULT,"ASSAULT 2,1,UNCLASSIFIED",2025-05-01T00:00:00.000,nypd_complaints,2025-05-01,Thursday,0.0,5.0,8.0
304255729,40.11248860008828,-77.5198546040769,DANGEROUS WEAPONS,"WEAPONS, POSSESSION, ETC",2025-04-05T00:00:00.000,nypd_complaints,2025-04-05,Saturday,0.0,4.0,7.0
302738892,40.11248886311494,-77.51985453039077,ROBBERY,"ROBBERY,NECKCHAIN/JEWELRY",2025-03-13T00:00:00.000,nypd_complaints,2025-03-13,Thursday,0.0,3.0,7.0
307594869,40.11248878236115,-77.5198545909569,GRAND LARCENY,"LARCENY,GRAND FROM BUILDING (NON-RESIDENCE) UNATTENDED",2025-06-04T00:00:00.000,nypd_complaints,2025-06-04,Wednesday,0.0,6.0,5.0
301566493,40.11248856854291,-77.5198545769696,GRAND LARCENY,"LARCENY,GRAND OF VEHICULAR/MOTORCYCLE ACCESSORIES",2025-02-24T00:00:00.000,nypd_complaints,2025-02-24,Monday,0.0,2.0,5.0
306156027,40.11248862247416,-77.5198545760915,CRIMINAL TRESPASS,"TRESPASS 2, CRIMINAL",2025-05-09T00:00:00.000,nypd_complaints,2025-05-09,Friday,0.0,5.0,3.0
305332079,40.11248856967701,-77.51985484803983,ASSAULT 3 & RELATED OFFENSES,"MENACING,UNCLASSIFIED",2025-04-25T00:00:00.000,nypd_complaints,2025-04-25,Friday,0.0,4.0,6.0
300956077,40.11248856337757,-77.51985513327497,DANGEROUS WEAPONS,WEAPONS POSSESSION 3,2025-02-12T00:00:00.000,nypd_complaints,2025-02-12,Wednesday,0.0,2.0,7.0
302187158,40.11248850307389,-77.5198545681418,DANGEROUS DRUGS,"CONTROLLED SUBSTANCE,POSSESS.",2025-03-06T00:00:00.000,nypd_complaints,2025-03-06,Thursday,0.0,3.0,4.0
303647348,40.11248843512666,-77.51985512035543,HARRASSMENT 2,"HARASSMENT,SUBD 1,CIVILIAN",2025-03-25T00:00:00.000,nypd_complaints,2025-03-25,Tuesday,0.0,3.0,3.0
299940186,40.112488603323825,-77.51985481694997,DANGEROUS DRUGS,"CONTROLLED SUBSTANCE,SALE 3",2025-01-23T00:00:00.000,nypd_complaints,2025-01-23,Thursday,0.0,1.0,4.0
300399854,40.11248868079077,-77.51985457710883,CRIMINAL TRESPASS,"TRESPASS 3, CRIMINAL",2025-02-01T00:00:00.000,nypd_complaints,2025-02-01,Saturday,0.0,2.0,3.0
306022902,40.11248847692891,-77.51985500331651,GRAND LARCENY,"LARCENY,GRAND BY FALSE PROMISE-NOT IN PERSON CONTACT",2025-04-18T00:00:00.000,nypd_complaints,2025-04-18,Friday,0.0,4.0,5.0
300044216,40.112488496033016,-77.5198550256762,DANGEROUS WEAPONS,WEAPONS POSSESSION 3,2025-01-26T00:00:00.000,nypd_complaints,2025-01-26,Sunday,0.0,1.0,7.0
300049470,40.11248851384462,-77.51985483322356,HARRASSMENT 2,"HARASSMENT,SUBD 1,CIVILIAN",2025-01-25T00:00:00.000,nypd_complaints,2025-01-25,Saturday,0.0,1.0,3.0
302325369,40.11248834790333,-77.51985504975234,DANGEROUS WEAPONS,WEAPONS POSSESSION 3,2025-03-10T00:00:00.000,nypd_complaints,2025-03-10,Monday,0.0,3.0,7.0
306416996,40.11248890355535,-77.51985452268096,DANGEROUS WEAPONS,"WEAPONS, POSSESSION, ETC",2025-05-14T00:00:00.000,nypd_complaints,2025-05-14,Wednesday,0.0,5.0,7.0
301658218,40.11248852185761,-77.51985482842308,HARRASSMENT 2,"HARASSMENT,SUBD 1,CIVILIAN",2025-02-25T00:00:00.000,nypd_complaints,2025-02-25,Tuesday,0.0,2.0,3.0
302183962,40.11248881799402,-77.519854575878,SEX CRIMES,"SEXUAL ABUSE 3,2",2025-02-28T00:00:00.000,nypd_complaints,2025-02-28,Friday,0.0,2.0,8.0
307995318,40.11248858872479,-77.51985481681166,GRAND LARCENY OF MOTOR VEHICLE,"LARCENY, GRAND OF MOPED",2025-06-12T00:00:00.000,nypd_complaints,2025-06-12,Thursday,0.0,6.0,5.0
301513716,40.11248856027287,-77.51985450585649,SEX CRIMES,"SEXUAL ABUSE 3,2",2025-02-22T00:00:00.000,nypd_complaints,2025-02-22,Saturday,0.0,2.0,8.0
299089578,40.11248819387926,-77.5198554014491,HARRASSMENT 2,"HARASSMENT,SUBD 3,4,5",2025-01-07T00:00:00.000,nypd_complaints,2025-01-07,Tuesday,0.0,1.0,3.0
303583471,40.112488593589454,-77.51985456266074,GRAND LARCENY,"LARCENY,GRAND BY THEFT OF CREDIT CARD",2025-03-23T00:00:00.000,nypd_complaints,2025-03-23,Sunday,0.0,3.0,5.0
303792687,40.11248822610787,-77.51985536752053,GRAND LARCENY,"LARCENY,GRAND BY FALSE PROMISE-IN PERSON CONTACT",2025-03-28T00:00:00.000,nypd_complaints,2025-03-28,Friday,0.0,3.0,5.0
299710462,40.11248858242445,-77.51985497527698,DANGEROUS DRUGS,"CONTROLLED SUBSTANCE,SALE 1",2025-01-20T00:00:00.000,nypd_complaints,2025-01-20,Monday,0.0,1.0,4.0
299488239,40.11248883668675,-77.51985451083237,SEX CRIMES,"SEXUAL ABUSE 3,2",2025-01-15T00:00:00.000,nypd_complaints,2025-01-15,Wednesday,0.0,1.0,8.0
301806121,40.11248835866154,-77.51985515678821,ASSAULT 3 & RELATED OFFENSES,ASSAULT 3,2025-02-28T00:00:00.000,nypd_complaints,2025-02-28,Friday,0.0,2.0,6.0
306797479,40.1124886003386,-77.51985480081504,FELONY ASSAULT,ASSAULT POLICE/PEACE OFFICER,2025-03-06T00:00:00.000,nypd_complaints,2025-03-06,Thursday,0.0,3.0,8.0
303453788,40.11248826479145,-77.51985535428543,BURGLARY,"BURGLARY,COMMERCIAL,NIGHT",2025-03-22T00:00:00.000,nypd_complaints,2025-03-22,Saturday,0.0,3.0,6.0
304526766,40.11248880672917,-77.51985454168879,DANGEROUS DRUGS,"CONTROLLED SUBSTANCE,SALE 3",2025-04-10T00:00:00.000,nypd_complaints,2025-04-10,Thursday,0.0,4.0,4.0
307814862,40.11248853494669,-77.51985465561918,GRAND LARCENY,"LARCENY,GRAND BY THEFT OF CREDIT CARD",2025-06-04T00:00:00.000,nypd_complaints,2025-06-04,Wednesday,0.0,6.0,5.0
307682505,40.112488603323825,-77.51985481694997,ROBBERY,"ROBBERY,PERSONAL ELECTRONIC DEVICE",2025-06-06T00:00:00.000,nypd_complaints,2025-06-06,Friday,0.0,6.0,7.0
301553796,40.112488220962106,-77.51985534610486,HARRASSMENT 2,"HARASSMENT,SUBD 3,4,5",2025-02-22T00:00:00.000,nypd_complaints,2025-02-22,Saturday,0.0,2.0,3.0
299480091,40.11248883668675,-77.51985451083237,SEX CRIMES,"SEXUAL ABUSE 3,2",2025-01-15T00:00:00.000,nypd_complaints,2025-01-15,Wednesday,0.0,1.0,8.0
303658368,40.11248851670191,-77.51985483944118,GRAND LARCENY,"LARCENY,GRAND FROM OPEN AREAS, UNATTENDED",2025-03-20T00:00:00.000,nypd_complaints,2025-03-20,Thursday,0.0,3.0,5.0
304194347,40.11248826479145,-77.51985535428543,BURGLARY,"BURGLARY,COMMERCIAL,DAY",2025-04-04T00:00:00.000,nypd_complaints,2025-04-04,Friday,0.0,4.0,6.0
300412082,40.1124885657499,-77.51985495176676,HARRASSMENT 2,"HARASSMENT,SUBD 1,CIVILIAN",2025-01-30T00:00:00.000,nypd_complaints,2025-01-30,Thursday,0.0,1.0,3.0
308223068,40.112488703868,-77.51985452702894,GRAND LARCENY,"LARCENY,GRAND BY THEFT OF CREDIT CARD",2025-06-17T00:00:00.000,nypd_complaints,2025-06-17,Tuesday,0.0,6.0,5.0
299543385,40.112488421264054,-77.51985513587293,BURGLARY,"BURGLARY,COMMERCIAL,NIGHT",2025-01-15T00:00:00.000,nypd_complaints,2025-01-15,Wednesday,0.0,1.0,6.0
304736679,40.11248862800173,-77.51985458045918,FELONY ASSAULT,ASSAULT POLICE/PEACE OFFICER,2024-08-11T00:00:00.000,nypd_complaints,2024-08-11,Sunday,0.0,8.0,8.0
304844626,40.11248857619853,-77.51985500777238,DANGEROUS DRUGS,"CONTROLLED SUBSTANCE, POSSESSI",2025-04-16T00:00:00.000,nypd_complaints,2025-04-16,Wednesday,0.0,4.0,4.0
303989406,40.11248853304672,-77.51985507242706,GRAND LARCENY,"LARCENY,GRAND BY FALSE PROMISE-NOT IN PERSON CONTACT",2025-03-30T00:00:00.000,nypd_complaints,2025-03-30,Sunday,0.0,3.0,5.0
307878556,40.112488527376506,-77.5198545142775,GRAND LARCENY,"LARCENY,GRAND FROM RESIDENCE/BUILDING,UNATTENDED, PACKAGE THEFT OUTSIDE",2025-06-10T00:00:00.000,nypd_complaints,2025-06-10,Tuesday,0.0,6.0,5.0
308101405,40.11248853984786,-77.51985467278108,GRAND LARCENY OF MOTOR VEHICLE,"LARCENY,GRAND OF AUTO",2025-06-14T00:00:00.000,nypd_complaints,2025-06-14,Saturday,0.0,6.0,5.0
306967174,40.11248871009288,-77.51985453432452,GRAND LARCENY,"LARCENY,GRAND FROM PERSON,UNCL",2025-05-24T00:00:00.000,nypd_complaints,2025-05-24,Saturday,0.0,5.0,5.0
299890604,40.112488742773074,-77.5198545023703,DANGEROUS WEAPONS,"WEAPONS, POSSESSION, ETC",2025-01-23T00:00:00.000,nypd_complaints,2025-01-23,Thursday,0.0,1.0,7.0
299234480,40.11248840990031,-77.5198551373602,GRAND LARCENY,"LARCENY,GRAND FROM STORE-SHOPL",2025-01-10T00:00:00.000,nypd_complaints,2025-01-10,Friday,0.0,1.0,5.0
307565191,40.11248849416472,-77.51985454535006,SEX CRIMES,"SEXUAL ABUSE 3,2",2025-03-04T00:00:00.000,nypd_complaints,2025-03-04,Tuesday,0.0,3.0,8.0
307075179,40.11248885359277,-77.51985457633964,GRAND LARCENY,"LARCENY,GRAND BY ACQUIRING LOS",2025-05-26T00:00:00.000,nypd_complaints,2025-05-26,Monday,0.0,5.0,5.0
308233111,40.11248883438333,-77.51985453346433,GRAND LARCENY,"LARCENY,GRAND BY THEFT OF CREDIT CARD",2025-06-17T00:00:00.000,nypd_complaints,2025-06-17,Tuesday,0.0,6.0,5.0
305468282,40.1124882329691,-77.51985537245824,ASSAULT 3 & RELATED OFFENSES,ASSAULT 3,2025-04-25T00:00:00.000,nypd_complaints,2025-04-25,Friday,0.0,4.0,6.0
307189424,40.11248842076,-77.51985509693756,ASSAULT 3 & RELATED OFFENSES,ASSAULT 3,2025-05-28T00:00:00.000,nypd_complaints,2025-05-28,Wednesday,0.0,5.0,6.0
308417512,40.11248853093374,-77.51985483127402,ROBBERY,"ROBBERY,PERSONAL ELECTRONIC DEVICE",2025-06-21T00:00:00.000,nypd_complaints,2025-06-21,Saturday,0.0,6.0,7.0
299419870,40.11248882333053,-77.51985458962452,GRAND LARCENY OF MOTOR VEHICLE,"LARCENY,GRAND OF AUTO",2025-01-14T00:00:00.000,nypd_complaints,2025-01-14,Tuesday,0.0,1.0,5.0
308069903,40.11248833925896,-77.51985504759993,ASSAULT 3 & RELATED OFFENSES,OBSTR BREATH/CIRCUL,2025-06-14T00:00:00.000,nypd_complaints,2025-06-14,Saturday,0.0,6.0,6.0
301705067,40.112488580204165,-77.51985484010443,ASSAULT 3 & RELATED OFFENSES,"MENACING,UNCLASSIFIED",2025-02-26T00:00:00.000,nypd_complaints,2025-02-26,Wednesday,0.0,2.0,6.0
300222695,40.11248859215694,-77.51985452747078,DANGEROUS WEAPONS,"WEAPONS, POSSESSION, ETC",2025-01-29T00:00:00.000,nypd_complaints,2025-01-29,Wednesday,0.0,1.0,7.0
307343432,40.112488301614206,-77.51985520891763,HARRASSMENT 2,"HARASSMENT,SUBD 3,4,5",2025-05-31T00:00:00.000,nypd_complaints,2025-05-31,Saturday,0.0,5.0,3.0
301238266,40.11248886992728,-77.51985458041501,GRAND LARCENY,"LARCENY,GRAND FROM NIGHT CLUB, UNATTENDED",2025-02-15T00:00:00.000,nypd_complaints,2025-02-15,Saturday,0.0,2.0,5.0
300383372,40.11248821962795,-77.51985541399942,SEX CRIMES,"SEXUAL ABUSE 3,2",2025-01-31T00:00:00.000,nypd_complaints,2025-01-31,Friday,0.0,1.0,8.0
308201033,40.112488509260274,-77.51985499161404,GRAND LARCENY,"LARCENY,GRAND BY FALSE PROMISE-NOT IN PERSON CONTACT",2025-06-17T00:00:00.000,nypd_complaints,2025-06-17,Tuesday,0.0,6.0,5.0
304211261,40.11248855112844,-77.51985501865445,HARRASSMENT 2,"HARASSMENT,SUBD 1,CIVILIAN",2025-04-04T00:00:00.000,nypd_complaints,2025-04-04,Friday,0.0,4.0,3.0
302440935,40.11248845167587,-77.51985508303575,GRAND LARCENY,"LARCENY,GRAND BY FALSE PROMISE-NOT IN PERSON CONTACT",2024-12-25T00:00:00.000,nypd_complaints,2024-12-25,Wednesday,0.0,12.0,5.0
305320594,40.112488594356066,-77.51985486887781,HARRASSMENT 2,"HARASSMENT,SUBD 1,CIVILIAN",2025-04-24T00:00:00.000,nypd_complaints,2025-04-24,Thursday,0.0,4.0,3.0
306323050,40.112488375914815,-77.5198549250822,FELONY ASSAULT,STRANGULATION 1ST,2025-05-13T00:00:00.000,nypd_complaints,2025-05-13,Tuesday,0.0,5.0,8.0
303498775,40.11248856913134,-77.51985504031995,FELONY ASSAULT,"ASSAULT 2,1,UNCLASSIFIED",2025-03-23T00:00:00.000,nypd_complaints,2025-03-23,Sunday,0.0,3.0,8.0
305058635,40.11248826506606,-77.51985537101905,GRAND LARCENY,"LARCENY,GRAND FROM VEHICLE/MOTORCYCLE",2025-04-20T00:00:00.000,nypd_complaints,2025-04-20,Sunday,0.0,4.0,5.0
306128718,40.1124886988629,-77.51985456565077,DANGEROUS DRUGS,"CONTROLLED SUBSTANCE,SALE 3",2025-05-09T00:00:00.000,nypd_complaints,2025-05-09,Friday,0.0,5.0,4.0
308609214,40.11248864786763,-77.51985454441927,SEX CRIMES,"SEXUAL ABUSE 3,2",2025-06-25T00:00:00.000,nypd_complaints,2025-06-25,Wednesday,0.0,6.0,8.0
304402475,40.112488596092035,-77.51985456568626,GRAND LARCENY OF MOTOR VEHICLE,"LARCENY, GRAND OF MOPED",2025-04-08T00:00:00.000,nypd_complaints,2025-04-08,Tuesday,0.0,4.0,5.0
301309097,40.112488889078286,-77.51985451834413,ROBBERY,"ROBBERY,CAR JACKING",2025-02-18T00:00:00.000,nypd_complaints,2025-02-18,Tuesday,0.0,2.0,7.0
302767000,40.11248881316175,-77.51985455339346,DANGEROUS WEAPONS,"WEAPONS, POSSESSION, ETC",2025-03-13T00:00:00.000,nypd_complaints,2025-03-13,Thursday,0.0,3.0,7.0
301886969,40.11248847444849,-77.5198548298655,GRAND LARCENY OF MOTOR VEHICLE,"LARCENY,GRAND OF AUTO",2025-01-07T00:00:00.000,nypd_complaints,2025-01-07,Tuesday,0.0,1.0,5.0
307568652,40.11248851614382,-77.51985491750182,DANGEROUS DRUGS,"CONTROLLED SUBSTANCE, POSSESSI",2025-06-04T00:00:00.000,nypd_complaints,2025-06-04,Wednesday,0.0,6.0,4.0
304638583,40.11248884247375,-77.51985454996479,ROBBERY,"ROBBERY,PERSONAL ELECTRONIC DEVICE",2025-04-12T00:00:00.000,nypd_complaints,2025-04-12,Saturday,0.0,4.0,7.0
304045551,40.11248832549717,-77.51985523650109,ASSAULT 3 & RELATED OFFENSES,ASSAULT 3,2025-04-02T00:00:00.000,nypd_complaints,2025-04-02,Wednesday,0.0,4.0,6.0
307603884,40.11248884493527,-77.51985456793635,GRAND LARCENY,"LARCENY,GRAND FROM PERSON,UNCL",2025-06-04T00:00:00.000,nypd_complaints,2025-06-04,Wednesday,0.0,6.0,5.0
308685452,40.11248887989834,-77.51985454801068,SEX CRIMES,"SEXUAL ABUSE 3,2",2025-06-15T00:00:00.000,nypd_complaints,2025-06-15,Sunday,0.0,6.0,8.0
300222757,40.11248859172472,-77.51985481449287,DANGEROUS DRUGS,"CONTROLLED SUBSTANCE, SALE 5",2025-01-29T00:00:00.000,nypd_complaints,2025-01-29,Wednesday,0.0,1.0,4.0
306983396,40.11248891009533,-77.51985453702575,SEX CRIMES,"SEXUAL ABUSE 3,2",2025-05-24T00:00:00.000,nypd_complaints,2025-05-24,Saturday,0.0,5.0,8.0
305026403,40.1124883864624,-77.51985493303705,FELONY ASSAULT,"ASSAULT 2,1,UNCLASSIFIED",2025-04-19T00:00:00.000,nypd_complaints,2025-04-19,Saturday,0.0,4.0,8.0
308870365,40.112488806882375,-77.51985454162178,RAPE,RAPE 3,2025-06-26T00:00:00.000,nypd_complaints,2025-06-26,Thursday,0.0,6.0,9.0
303805315,40.112488532106966,-77.51985504368315,DANGEROUS WEAPONS,WEAPONS POSSESSION 3,2025-03-28T00:00:00.000,nypd_complaints,2025-03-28,Friday,0.0,3.0,7.0
299571355,40.11248857449128,-77.51985513330236,HARRASSMENT 2,"HARASSMENT,SUBD 3,4,5",2025-01-16T00:00:00.000,nypd_complaints,2025-01-16,Thursday,0.0,1.0,3.0
304185919,40.1124886826206,-77.51985450427837,ROBBERY,"ROBBERY,PERSONAL ELECTRONIC DEVICE",2025-04-04T00:00:00.000,nypd_complaints,2025-04-04,Friday,0.0,4.0,7.0
300744441,40.11248881254759,-77.51985449905584,DANGEROUS WEAPONS,"WEAPONS, POSSESSION, ETC",2025-02-07T00:00:00.000,nypd_complaints,2025-02-07,Friday,0.0,2.0,7.0
301824231,40.11248879277303,-77.51985459414253,CRIMINAL TRESPASS,"TRESPASS 3, CRIMINAL",2025-02-28T00:00:00.000,nypd_complaints,2025-02-28,Friday,0.0,2.0,3.0
307868956,40.112488306242554,-77.51985526241607,GRAND LARCENY,"LARCENY,GRAND FROM RESIDENCE/BUILDING,UNATTENDED, PACKAGE THEFT INSIDE",2025-06-09T00:00:00.000,nypd_complaints,2025-06-09,Monday,0.0,6.0,5.0
308446709,40.11248869488443,-77.51985457128148,DANGEROUS DRUGS,"CONTROLLED SUBSTANCE,POSSESS.",2025-06-21T00:00:00.000,nypd_complaints,2025-06-21,Saturday,0.0,6.0,4.0
308255721,40.11248836363089,-77.51985515020402,GRAND LARCENY OF MOTOR VEHICLE,"LARCENY,GRAND OF AUTO",2025-06-17T00:00:00.000,nypd_complaints,2025-06-17,Tuesday,0.0,6.0,5.0
307373690,40.11248892076497,-77.51985452060867,DANGEROUS WEAPONS,"WEAPONS, POSSESSION, ETC",2025-06-01T00:00:00.000,nypd_complaints,2025-06-01,Sunday,0.0,6.0,7.0
305604672,40.112488577557386,-77.51985459778464,FELONY ASSAULT,ASSAULT POLICE/PEACE OFFICER,2025-04-30T00:00:00.000,nypd_complaints,2025-04-30,Wednesday,0.0,4.0,8.0
307871681,40.11248864345442,-77.51985456771548,GRAND LARCENY,"LARCENY,GRAND BY BANK ACCT COMPROMISE-UNCLASSIFIED",2025-05-20T00:00:00.000,nypd_complaints,2025-05-20,Tuesday,0.0,5.0,5.0
300114801,40.112488272255554,-77.51985510402737,BURGLARY,"BURGLARY,RESIDENCE,UNKNOWN TIM",2025-01-22T00:00:00.000,nypd_complaints,2025-01-22,Wednesday,0.0,1.0,6.0
307594938,40.11248874869641,-77.51985450230994,DANGEROUS WEAPONS,"WEAPONS, POSSESSION, ETC",2025-06-05T00:00:00.000,nypd_complaints,2025-06-05,Thursday,0.0,6.0,7.0
306506920,40.11248859249984,-77.51985462120182,SEX CRIMES,"SEXUAL ABUSE 3,2",2025-05-15T00:00:00.000,nypd_complaints,2025-05-15,Thursday,0.0,5.0,8.0
299320926,40.112488270318096,-77.51985515557915,HARRASSMENT 2,"HARASSMENT,SUBD 1,CIVILIAN",2025-01-12T00:00:00.000,nypd_complaints,2025-01-12,Sunday,0.0,1.0,3.0
300934793,40.11248819808394,-77.51985542034916,FELONY ASSAULT,"ASSAULT 2,1,UNCLASSIFIED",2025-02-11T00:00:00.000,nypd_complaints,2025-02-11,Tuesday,0.0,2.0,8.0
300070944,40.11248862501498,-77.51985453558427,GRAND LARCENY OF MOTOR VEHICLE,"LARCENY,GRAND OF AUTO",2025-01-24T00:00:00.000,nypd_complaints,2025-01-24,Friday,0.0,1.0,5.0
308159651,40.11248819269115,-77.51985540772324,HARRASSMENT 2,"HARASSMENT,SUBD 3,4,5",2025-06-15T00:00:00.000,nypd_complaints,2025-06-15,Sunday,0.0,6.0,3.0
303847851,40.11248877656354,-77.51985457702892,GRAND LARCENY,"LARCENY,GRAND BY ACQUIRING LOS",2025-03-29T00:00:00.000,nypd_complaints,2025-03-29,Saturday,0.0,3.0,5.0
306885982,40.11248886016545,-77.51985452431576,DANGEROUS WEAPONS,"WEAPONS, POSSESSION, ETC",2025-05-22T00:00:00.000,nypd_complaints,2025-05-22,Thursday,0.0,5.0,7.0
300971087,40.11248850846873,-77.51985510135492,GRAND LARCENY,"LARCENY,GRAND FROM RESIDENCE, UNATTENDED",2025-02-05T00:00:00.000,nypd_complaints,2025-02-05,Wednesday,0.0,2.0,5.0
305523197,40.11248856337757,-77.51985513327497,HARRASSMENT 2,"HARASSMENT,SUBD 3,4,5",2025-04-29T00:00:00.000,nypd_complaints,2025-04-29,Tuesday,0.0,4.0,3.0
301268350,40.11248859302669,-77.51985485036089,HARRASSMENT 2,"HARASSMENT,SUBD 1,CIVILIAN",2025-02-13T00:00:00.000,nypd_complaints,2025-02-13,Thursday,0.0,2.0,3.0
301864348,40.11248843561765,-77.51985484485913,FELONY ASSAULT,"ASSAULT 2,1,UNCLASSIFIED",2025-02-28T00:00:00.000,nypd_complaints,2025-02-28,Friday,0.0,2.0,8.0
307613247,40.11248891230336,-77.51985454089848,GRAND LARCENY,"LARCENY,GRAND FROM NIGHT CLUB, UNATTENDED",2025-06-05T00:00:00.000,nypd_complaints,2025-06-05,Thursday,0.0,6.0,5.0
300875131,40.11248830955717,-77.51985510804857,HARRASSMENT 2,"HARASSMENT,SUBD 1,CIVILIAN",2025-01-15T00:00:00.000,nypd_complaints,2025-01-15,Wednesday,0.0,1.0,3.0
299608006,40.11248891009533,-77.51985453702575,SEX CRIMES,"SEXUAL ABUSE 3,2",2025-01-15T00:00:00.000,nypd_complaints,2025-01-15,Wednesday,0.0,1.0,8.0
300905483,40.112488364973935,-77.51985517050345,HARRASSMENT 2,"HARASSMENT,SUBD 3,4,5",2025-02-10T00:00:00.000,nypd_complaints,2025-02-10,Monday,0.0,2.0,3.0
308601887,40.112488567766135,-77.51985512183387,HARRASSMENT 2,"HARASSMENT,SUBD 3,4,5",2025-06-22T00:00:00.000,nypd_complaints,2025-06-22,Sunday,0.0,6.0,3.0
307470394,40.1124885733768,-77.51985502025593,DANGEROUS WEAPONS,WEAPONS POSSESSION 3,2025-06-03T00:00:00.000,nypd_complaints,2025-06-03,Tuesday,0.0,6.0,7.0
308595148,40.11248895349585,-77.51985451791143,ROBBERY,"ROBBERY,PERSONAL ELECTRONIC DEVICE",2025-06-25T00:00:00.000,nypd_complaints,2025-06-25,Wednesday,0.0,6.0,7.0
298807804,40.11248856885721,-77.51985455662864,GRAND LARCENY OF MOTOR VEHICLE,"LARCENY, GRAND OF MOPED",2025-01-01T00:00:00.000,nypd_complaints,2025-01-01,Wednesday,0.0,1.0,5.0
307739765,40.112488421264054,-77.51985513587293,ROBBERY,"ROBBERY,BEGIN AS SHOPLIFTING",2025-06-08T00:00:00.000,nypd_complaints,2025-06-08,Sunday,0.0,6.0,7.0
302726351,40.112488355180965,-77.51985512964697,DANGEROUS DRUGS,"CONTROLLED SUBSTANCE,SALE 2",2025-03-13T00:00:00.000,nypd_complaints,2025-03-13,Thursday,0.0,3.0,4.0
306613931,40.112488306128405,-77.51985515683172,ASSAULT 3 & RELATED OFFENSES,ASSAULT 3,2025-05-18T00:00:00.000,nypd_complaints,2025-05-18,Sunday,0.0,5.0,6.0
300122576,40.11248832549717,-77.51985523650109,HARRASSMENT 2,"HARASSMENT,SUBD 3,4,5",2025-01-16T00:00:00.000,nypd_complaints,2025-01-16,Thursday,0.0,1.0,3.0
306559056,40.11248819307632,-77.51985537121728,ASSAULT 3 & RELATED OFFENSES,ASSAULT 3,2025-05-16T00:00:00.000,nypd_complaints,2025-05-16,Friday,0.0,5.0,6.0
306238766,40.112488692232446,-77.51985457275359,DANGEROUS DRUGS,"CONTROLLED SUBSTANCE,SALE 3",2025-05-11T00:00:00.000,nypd_complaints,2025-05-11,Sunday,0.0,5.0,4.0
300598999,40.112488433471874,-77.51985522424428,GRAND LARCENY OF MOTOR VEHICLE,"LARCENY,GRAND OF AUTO",2025-02-03T00:00:00.000,nypd_complaints,2025-02-03,Monday,0.0,2.0,5.0
299188561,40.11248890840736,-77.51985453136663,DANGEROUS DRUGS,"CONTROLLED SUBSTANCE,SALE 3",2025-01-09T00:00:00.000,nypd_complaints,2025-01-09,Thursday,0.0,1.0,4.0
299707509,40.1124884810669,-77.51985499127193,CRIMINAL TRESPASS,"TRESPASS 3, CRIMINAL",2025-01-19T00:00:00.000,nypd_complaints,2025-01-19,Sunday,0.0,1.0,3.0
305468005,40.1124886840242,-77.51985450849067,ROBBERY,"ROBBERY,CAR JACKING",2025-04-28T00:00:00.000,nypd_complaints,2025-04-28,Monday,0.0,4.0,7.0
305570297,40.11248859658114,-77.51985459583464,DANGEROUS DRUGS,"CONTROLLED SUBSTANCE, POSSESSI",2025-04-30T00:00:00.000,nypd_complaints,2025-04-30,Wednesday,0.0,4.0,4.0
303801114,40.11248860211336,-77.51985483142333,HARRASSMENT 2,"HARASSMENT,SUBD 1,CIVILIAN",2025-03-26T00:00:00.000,nypd_complaints,2025-03-26,Wednesday,0.0,3.0,3.0
302430329,40.11248849711187,-77.51985486429746,FELONY ASSAULT,"ASSAULT 2,1,UNCLASSIFIED",2024-12-09T00:00:00.000,nypd_complaints,2024-12-09,Monday,0.0,12.0,8.0
301667581,40.112488695985114,-77.5198545607201,DANGEROUS DRUGS,"CONTROLLED SUBSTANCE,SALE 3",2025-02-25T00:00:00.000,nypd_complaints,2025-02-25,Tuesday,0.0,2.0,4.0
306630957,40.1124888915995,-77.5198545460398,GRAND LARCENY,"LARCENY,GRAND BY THEFT OF CREDIT CARD",2025-05-18T00:00:00.000,nypd_complaints,2025-05-18,Sunday,0.0,5.0,5.0
301057787,40.11248880029337,-77.5198545847438,GRAND LARCENY,"LARCENY,GRAND FROM PERSON,UNCL",2025-02-13T00:00:00.000,nypd_complaints,2025-02-13,Thursday,0.0,2.0,5.0
299411498,40.11248848114316,-77.51985513377042,HARRASSMENT 2,"HARASSMENT,SUBD 3,4,5",2025-01-14T00:00:00.000,nypd_complaints,2025-01-14,Tuesday,0.0,1.0,3.0
308187864,40.112488265596404,-77.51985533577293,HARRASSMENT 2,"HARASSMENT,SUBD 3,4,5",2025-05-24T00:00:00.000,nypd_complaints,2025-05-24,Saturday,0.0,5.0,3.0
305145173,40.112488421264054,-77.51985513587293,HARRASSMENT 2,"HARASSMENT,SUBD 3,4,5",2025-04-21T00:00:00.000,nypd_complaints,2025-04-21,Monday,0.0,4.0,3.0
305197711,40.112488898917135,-77.51985455255166,GRAND LARCENY OF MOTOR VEHICLE,"LARCENY,GRAND OF AUTO",2025-04-22T00:00:00.000,nypd_complaints,2025-04-22,Tuesday,0.0,4.0,5.0
306412993,40.11248831851524,-77.51985522569893,ASSAULT 3 & RELATED OFFENSES,ASSAULT 3,2025-05-14T00:00:00.000,nypd_complaints,2025-05-14,Wednesday,0.0,5.0,6.0
308776022,40.11248832268063,-77.51985528048978,FELONY ASSAULT,"ASSAULT 2,1,UNCLASSIFIED",2025-06-28T00:00:00.000,nypd_complaints,2025-06-28,Saturday,0.0,6.0,8.0
303606949,40.112488806882375,-77.51985454162178,SEX CRIMES,"SEXUAL ABUSE 3,2",2025-03-25T00:00:00.000,nypd_complaints,2025-03-25,Tuesday,0.0,3.0,8.0
299987818,40.11248836183589,-77.51985513546953,HARRASSMENT 2,"HARASSMENT,SUBD 3,4,5",2025-01-23T00:00:00.000,nypd_complaints,2025-01-23,Thursday,0.0,1.0,3.0
305762411,40.112488393187064,-77.51985491657692,HARRASSMENT 2,"HARASSMENT,SUBD 1,CIVILIAN",2025-05-02T00:00:00.000,nypd_complaints,2025-05-02,Friday,0.0,5.0,3.0
299660685,40.11248824598454,-77.51985523211934,GRAND LARCENY,"LARCENY,GRAND BY BANK ACCT COMPROMISE-UNCLASSIFIED",2024-11-28T00:00:00.000,nypd_complaints,2024-11-28,Thursday,0.0,11.0,5.0
305320545,40.11248879168797,-77.51985457198185,GRAND LARCENY,"LARCENY,GRAND BY THEFT OF CREDIT CARD",2025-04-24T00:00:00.000,nypd_complaints,2025-04-24,Thursday,0.0,4.0,5.0
301704607,40.11248888195401,-77.51985458023259,DANGEROUS DRUGS,"CONTROLLED SUBSTANCE,POSSESS.",2024-10-03T00:00:00.000,nypd_complaints,2024-10-03,Thursday,0.0,10.0,4.0
301351921,40.112488807363384,-77.51985455567198,FELONY ASSAULT,ASSAULT OTHER PUBLIC SERVICE EMPLOYEE,2025-02-19T00:00:00.000,nypd_complaints,2025-02-19,Wednesday,0.0,2.0,8.0
307682506,40.11248849620909,-77.51985500755437,DANGEROUS WEAPONS,"WEAPONS, POSSESSION, ETC",2025-06-07T00:00:00.000,nypd_complaints,2025-06-07,Saturday,0.0,6.0,7.0
308169170,40.11248892076497,-77.51985452060867,DANGEROUS WEAPONS,"WEAPONS, POSSESSION, ETC",2025-06-17T00:00:00.000,nypd_complaints,2025-06-17,Tuesday,0.0,6.0,7.0
303626297,40.11248827891536,-77.51985511307382,HARRASSMENT 2,"HARASSMENT,SUBD 1,CIVILIAN",2025-03-22T00:00:00.000,nypd_complaints,2025-03-22,Saturday,0.0,3.0,3.0
304529544,40.11248849595392,-77.51985484610078,GRAND LARCENY,"LARCENY,GRAND BY FALSE PROMISE-IN PERSON CONTACT",2025-04-09T00:00:00.000,nypd_complaints,2025-04-09,Wednesday,0.0,4.0,5.0
300450410,40.11248852185761,-77.51985482842308,DANGEROUS WEAPONS,"WEAPONS, POSSESSION, ETC",2025-02-03T00:00:00.000,nypd_complaints,2025-02-03,Monday,0.0,2.0,7.0
301799626,40.112488495922584,-77.5198549679674,ROBBERY,"ROBBERY,PUBLIC PLACE INSIDE",2025-02-27T00:00:00.000,nypd_complaints,2025-02-27,Thursday,0.0,2.0,7.0
299504092,40.11248833688206,-77.51985512504655,BURGLARY,"BURGLARY,RESIDENCE,DAY",2025-01-15T00:00:00.000,nypd_complaints,2025-01-15,Wednesday,0.0,1.0,6.0
303692946,40.11248883205746,-77.51985454567695,GRAND LARCENY,"LARCENY,GRAND BY THEFT OF CREDIT CARD",2025-03-26T00:00:00.000,nypd_complaints,2025-03-26,Wednesday,0.0,3.0,5.0
300633157,40.11248858356241,-77.51985481309588,DANGEROUS DRUGS,"CONTROLLED SUBSTANCE, SALE 5",2025-02-05T00:00:00.000,nypd_complaints,2025-02-05,Wednesday,0.0,2.0,4.0
307044610,40.112488855470446,-77.51985456401214,GRAND LARCENY,"LARCENY,GRAND FROM NIGHT CLUB, UNATTENDED",2025-05-25T00:00:00.000,nypd_complaints,2025-05-25,Sunday,0.0,5.0,5.0
298939181,40.11248846743474,-77.51985482732161,GRAND LARCENY OF MOTOR VEHICLE,"LARCENY,GRAND OF TRUCK",2025-01-03T00:00:00.000,nypd_complaints,2025-01-03,Friday,0.0,1.0,5.0
307581045,40.11248857177076,-77.51985501915573,ASSAULT 3 & RELATED OFFENSES,"MENACING,UNCLASSIFIED",2025-06-04T00:00:00.000,nypd_complaints,2025-06-04,Wednesday,0.0,6.0,6.0
308756234,40.11248887989834,-77.51985454801068,SEX CRIMES,"SEXUAL ABUSE 3,2",2025-06-28T00:00:00.000,nypd_complaints,2025-06-28,Saturday,0.0,6.0,8.0
303324746,40.11248842605823,-77.51985510114703,ASSAULT 3 & RELATED OFFENSES,ASSAULT 3,2025-03-20T00:00:00.000,nypd_complaints,2025-03-20,Thursday,0.0,3.0,6.0
308039466,40.11248829093916,-77.51985525216926,FELONY ASSAULT,ASSAULT POLICE/PEACE OFFICER,2025-06-13T00:00:00.000,nypd_complaints,2025-06-13,Friday,0.0,6.0,8.0
299706007,40.11248891959199,-77.51985454740918,ROBBERY,"ROBBERY,PERSONAL ELECTRONIC DEVICE",2025-01-19T00:00:00.000,nypd_complaints,2025-01-19,Sunday,0.0,1.0,7.0
306130484,40.11248891009533,-77.51985453702575,SEX CRIMES,"SEXUAL ABUSE 3,2",2025-05-09T00:00:00.000,nypd_complaints,2025-05-09,Friday,0.0,5.0,8.0
307288156,40.11248869008741,-77.51985452662936,DANGEROUS DRUGS,"CONTROLLED SUBSTANCE,SALE 3",2025-05-30T00:00:00.000,nypd_complaints,2025-05-30,Friday,0.0,5.0,4.0
301052441,40.11248847555942,-77.51985486818504,BURGLARY,"BURGLARY,TRUCK NIGHT",2025-02-12T00:00:00.000,nypd_complaints,2025-02-12,Wednesday,0.0,2.0,6.0
305692656,40.11248871210753,-77.51985452930654,GRAND LARCENY OF MOTOR VEHICLE,"LARCENY,GRAND OF AUTO",2025-04-29T00:00:00.000,nypd_complaints,2025-04-29,Tuesday,0.0,4.0,5.0
308167989,40.11248854636418,-77.51985518972609,HARRASSMENT 2,"HARASSMENT,SUBD 3,4,5",2025-06-15T00:00:00.000,nypd_complaints,2025-06-15,Sunday,0.0,6.0,3.0
300801689,40.11248857630654,-77.51985496361118,FELONY ASSAULT,"ASSAULT 2,1,UNCLASSIFIED",2025-02-09T00:00:00.000,nypd_complaints,2025-02-09,Sunday,0.0,2.0,8.0
306077964,40.11248847884929,-77.51985511704198,HARRASSMENT 2,"HARASSMENT,SUBD 3,4,5",2025-05-08T00:00:00.000,nypd_complaints,2025-05-08,Thursday,0.0,5.0,3.0
302320636,40.11248838063535,-77.51985492068535,FELONY ASSAULT,"ASSAULT 2,1,UNCLASSIFIED",2025-03-09T00:00:00.000,nypd_complaints,2025-03-09,Sunday,0.0,3.0,8.0
306559057,40.11248826479145,-77.51985535428543,BURGLARY,"BURGLARY,COMMERCIAL,DAY",2025-05-16T00:00:00.000,nypd_complaints,2025-05-16,Friday,0.0,5.0,6.0
307028186,40.11248855270751,-77.51985496767783,FELONY ASSAULT,STRANGULATION 1ST,2025-05-26T00:00:00.000,nypd_complaints,2025-05-26,Monday,0.0,5.0,8.0
307018762,40.11248845774008,-77.51985512152166,HARRASSMENT 2,"HARASSMENT,SUBD 3,4,5",2025-05-24T00:00:00.000,nypd_complaints,2025-05-24,Saturday,0.0,5.0,3.0
302808080,40.11248845157782,-77.51985508977126,ASSAULT 3 & RELATED OFFENSES,ASSAULT 3,2025-03-14T00:00:00.000,nypd_complaints,2025-03-14,Friday,0.0,3.0,6.0
302248786,40.11248854408534,-77.51985484190548,FELONY ASSAULT,"ASSAULT 2,1,UNCLASSIFIED",2025-03-08T00:00:00.000,nypd_complaints,2025-03-08,Saturday,0.0,3.0,8.0
305819716,40.11248889420498,-77.51985454374402,GRAND LARCENY OF MOTOR VEHICLE,"LARCENY,GRAND OF AUTO",2025-05-03T00:00:00.000,nypd_complaints,2025-05-03,Saturday,0.0,5.0,5.0
306595147,40.11248844060819,-77.5198548931207,FELONY ASSAULT,"ASSAULT 2,1,UNCLASSIFIED",2025-05-18T00:00:00.000,nypd_complaints,2025-05-18,Sunday,0.0,5.0,8.0
306246291,40.11248831686839,-77.51985522814581,HARRASSMENT 2,"HARASSMENT,SUBD 3,4,5",2025-05-11T00:00:00.000,nypd_complaints,2025-05-11,Sunday,0.0,5.0,3.0
298991270,40.11248856552175,-77.51985484702797,DANGEROUS DRUGS,"CONTROLLED SUBSTANCE,INTENT TO",2025-01-06T00:00:00.000,nypd_complaints,2025-01-06,Monday,0.0,1.0,4.0
306728399,40.11248884952678,-77.5198545568213,FELONY ASSAULT,ASSAULT OTHER PUBLIC SERVICE EMPLOYEE,2025-05-20T00:00:00.000,nypd_complaints,2025-05-20,Tuesday,0.0,5.0,8.0
306240813,40.112488860190346,-77.51985456310722,ROBBERY,"ROBBERY,PERSONAL ELECTRONIC DEVICE",2025-05-11T00:00:00.000,nypd_complaints,2025-05-11,Sunday,0.0,5.0,7.0
306927954,40.11248857612347,-77.51985486106081,FELONY ASSAULT,"ASSAULT 2,1,UNCLASSIFIED",2025-05-23T00:00:00.000,nypd_complaints,2025-05-23,Friday,0.0,5.0,8.0
303801085,40.112488695264155,-77.51985456770205,DANGEROUS DRUGS,"CONTROLLED SUBSTANCE,SALE 3",2025-03-28T00:00:00.000,nypd_complaints,2025-03-28,Friday,0.0,3.0,4.0
305713128,40.11248837190747,-77.5198549336953,HARRASSMENT 2,"HARASSMENT,SUBD 1,CIVILIAN",2025-05-01T00:00:00.000,nypd_complaints,2025-05-01,Thursday,0.0,5.0,3.0
301364062,40.112488406209046,-77.51985490913138,SEX CRIMES,"SEXUAL ABUSE 3,2",2024-11-15T00:00:00.000,nypd_complaints,2024-11-15,Friday,0.0,11.0,8.0
308003780,40.11248894008537,-77.5198545102493,ROBBERY,"ROBBERY,CAR JACKING",2025-06-13T00:00:00.000,nypd_complaints,2025-06-13,Friday,0.0,6.0,7.0
306818192,40.11248886174065,-77.5198545170665,GRAND LARCENY OF MOTOR VEHICLE,"LARCENY, GRAND OF MOPED",2025-05-19T00:00:00.000,nypd_complaints,2025-05-19,Monday,0.0,5.0,5.0
304279395,40.11248859249984,-77.51985462120182,SEX CRIMES,"SEXUAL ABUSE 3,2",2025-03-09T00:00:00.000,nypd_complaints,2025-03-09,Sunday,0.0,3.0,8.0
306476042,40.1124883900132,-77.51985507021116,GRAND LARCENY,"LARCENY,GRAND BY CREDIT CARD ACCT COMPROMISE-EXISTING ACCT",2025-03-28T00:00:00.000,nypd_complaints,2025-03-28,Friday,0.0,3.0,5.0
305684619,40.11248870571091,-77.51985456512921,GRAND LARCENY,"LARCENY,GRAND BY BANK ACCT COMPROMISE-UNCLASSIFIED",2025-04-29T00:00:00.000,nypd_complaints,2025-04-29,Tuesday,0.0,4.0,5.0
299980978,40.11248880511874,-77.51985455550435,GRAND LARCENY,"LARCENY,GRAND BY THEFT OF CREDIT CARD",2025-01-13T00:00:00.000,nypd_complaints,2025-01-13,Monday,0.0,1.0,5.0
301415901,40.11248852792056,-77.51985511150053,HARRASSMENT 2,"HARASSMENT,SUBD 1,CIVILIAN",2025-02-20T00:00:00.000,nypd_complaints,2025-02-20,Thursday,0.0,2.0,3.0
306681174,40.11248853521146,-77.51985492336253,FELONY ASSAULT,"ASSAULT 2,1,UNCLASSIFIED",2025-04-30T00:00:00.000,nypd_complaints,2025-04-30,Wednesday,0.0,4.0,8.0
305157125,40.112488559329584,-77.5198551119681,DANGEROUS DRUGS,"CONTROLLED SUBSTANCE,POSSESS.",2025-04-22T00:00:00.000,nypd_complaints,2025-04-22,Tuesday,0.0,4.0,4.0
307721426,40.112488436024755,-77.51985490393263,CRIMINAL TRESPASS,"TRESPASS 2, CRIMINAL",2025-06-07T00:00:00.000,nypd_complaints,2025-06-07,Saturday,0.0,6.0,3.0
305266728,40.112488734083584,-77.5198544978278,DANGEROUS WEAPONS,"WEAPONS, POSSESSION, ETC",2025-04-24T00:00:00.000,nypd_complaints,2025-04-24,Thursday,0.0,4.0,7.0
300050595,40.112488864943025,-77.51985457742076,ROBBERY,"ROBBERY,PERSONAL ELECTRONIC DEVICE",2025-01-26T00:00:00.000,nypd_complaints,2025-01-26,Sunday,0.0,1.0,7.0
306672007,40.11248856827415,-77.51985505331629,ASSAULT 3 & RELATED OFFENSES,"MENACING,UNCLASSIFIED",2025-05-18T00:00:00.000,nypd_complaints,2025-05-18,Sunday,0.0,5.0,6.0
307678492,40.112488580410364,-77.51985501405031,FELONY ASSAULT,"ASSAULT 2,1,UNCLASSIFIED",2025-06-06T00:00:00.000,nypd_complaints,2025-06-06,Friday,0.0,6.0,8.0
300215268,40.11248891009533,-77.51985453702575,SEX CRIMES,"SEXUAL ABUSE 3,2",2025-01-29T00:00:00.000,nypd_complaints,2025-01-29,Wednesday,0.0,1.0,8.0
301097915,40.11248852314898,-77.51985495166845,GRAND LARCENY,"LARCENY,GRAND BY OPEN CREDIT CARD (NEW ACCT)",2025-02-07T00:00:00.000,nypd_complaints,2025-02-07,Friday,0.0,2.0,5.0
304153230,40.112488467859755,-77.51985484929858,DANGEROUS DRUGS,"CONTROLLED SUBSTANCE, POSSESSI",2025-04-03T00:00:00.000,nypd_complaints,2025-04-03,Thursday,0.0,4.0,4.0
303807121,40.11248880202139,-77.51985455253897,GRAND LARCENY,"LARCENY,GRAND BY THEFT OF CREDIT CARD",2025-03-28T00:00:00.000,nypd_complaints,2025-03-28,Friday,0.0,3.0,5.0
308226409,40.11248826479145,-77.51985535428543,HARRASSMENT 2,"HARASSMENT,SUBD 3,4,5",2025-06-17T00:00:00.000,nypd_complaints,2025-06-17,Tuesday,0.0,6.0,3.0
304030418,40.112488543884844,-77.51985491808144,BURGLARY,"BURGLARY,TRUCK NIGHT",2025-04-01T00:00:00.000,nypd_complaints,2025-04-01,Tuesday,0.0,4.0,6.0
308744676,40.11248879162376,-77.51985455332722,GRAND LARCENY OF MOTOR VEHICLE,"LARCENY,GRAND OF AUTO",2025-06-10T00:00:00.000,nypd_complaints,2025-06-10,Tuesday,0.0,6.0,5.0
300492281,40.11248858808889,-77.51985457568586,GRAND LARCENY,"LARCENY,GRAND BY OPEN/COMPROMISE CELL PHONE ACCT",2025-01-13T00:00:00.000,nypd_complaints,2025-01-13,Monday,0.0,1.0,5.0
305467962,40.11248860146629,-77.51985461338037,DANGEROUS DRUGS,"CONTROLLED SUBSTANCE,POSSESS.",2025-04-28T00:00:00.000,nypd_complaints,2025-04-28,Monday,0.0,4.0,4.0
306752880,40.112488572352824,-77.51985502107193,DANGEROUS WEAPONS,WEAPONS POSSESSION 3,2025-05-21T00:00:00.000,nypd_complaints,2025-05-21,Wednesday,0.0,5.0,7.0
304526825,40.11248856804217,-77.51985456380962,GRAND LARCENY,"LARCENY,GRAND BY BANK ACCT COMPROMISE-UNCLASSIFIED",2025-02-11T00:00:00.000,nypd_complaints,2025-02-11,Tuesday,0.0,2.0,5.0
304997052,40.11248843903322,-77.51985492420833,GRAND LARCENY OF MOTOR VEHICLE,"LARCENY,GRAND OF AUTO",2025-04-19T00:00:00.000,nypd_complaints,2025-04-19,Saturday,0.0,4.0,5.0
307721351,40.112488885646364,-77.5198545254024,ROBBERY,"ROBBERY,PERSONAL ELECTRONIC DEVICE",2025-06-07T00:00:00.000,nypd_complaints,2025-06-07,Saturday,0.0,6.0,7.0
303104408,40.112488443483755,-77.5198550869646,FELONY ASSAULT,"ASSAULT 2,1,UNCLASSIFIED",2025-03-03T00:00:00.000,nypd_complaints,2025-03-03,Monday,0.0,3.0,8.0
302156878,40.11248850677842,-77.51985478661717,GRAND LARCENY OF MOTOR VEHICLE,"LARCENY,GRAND OF AUTO",2025-03-06T00:00:00.000,nypd_complaints,2025-03-06,Thursday,0.0,3.0,5.0
298713077,40.112488555422786,-77.51985511670094,ASSAULT 3 & RELATED OFFENSES,ASSAULT 3,2025-01-01T00:00:00.000,nypd_complaints,2025-01-01,Wednesday,0.0,1.0,6.0
299744592,40.112488544054365,-77.5198551221665,GRAND LARCENY,"LARCENY,GRAND FROM STORE-SHOPL",2025-01-20T00:00:00.000,nypd_complaints,2025-01-20,Monday,0.0,1.0,5.0
303508772,40.11248830594536,-77.51985504413462,FELONY ASSAULT,STRANGULATION 1ST,2025-03-23T00:00:00.000,nypd_complaints,2025-03-23,Sunday,0.0,3.0,8.0
306595066,40.11248890355535,-77.51985452268096,DANGEROUS WEAPONS,"WEAPONS, POSSESSION, ETC",2025-05-18T00:00:00.000,nypd_complaints,2025-05-18,Sunday,0.0,5.0,7.0
299629640,40.11248848485586,-77.51985511236542,FELONY ASSAULT,"ASSAULT 2,1,UNCLASSIFIED",2025-01-17T00:00:00.000,nypd_complaints,2025-01-17,Friday,0.0,1.0,8.0
298912635,40.11248857449128,-77.51985513330236,HARRASSMENT 2,"HARASSMENT,SUBD 3,4,5",2025-01-04T00:00:00.000,nypd_complaints,2025-01-04,Saturday,0.0,1.0,3.0
305356249,40.112488450663434,-77.51985511565555,ASSAULT 3 & RELATED OFFENSES,"MENACING,UNCLASSIFIED",2025-04-22T00:00:00.000,nypd_complaints,2025-04-22,Tuesday,0.0,4.0,6.0
303918003,40.11248878889015,-77.51985457914486,ROBBERY,"ROBBERY, CHAIN STORE",2025-03-30T00:00:00.000,nypd_complaints,2025-03-30,Sunday,0.0,3.0,7.0
307881925,40.1124885075303,-77.51985459638904,GRAND LARCENY OF MOTOR VEHICLE,"LARCENY,GRAND OF AUTO",2025-06-07T00:00:00.000,nypd_complaints,2025-06-07,Saturday,0.0,6.0,5.0
300634005,40.11248854028186,-77.5198550427031,ASSAULT 3 & RELATED OFFENSES,OBSTR BREATH/CIRCUL,2025-02-06T00:00:00.000,nypd_complaints,2025-02-06,Thursday,0.0,2.0,6.0
299282075,40.112488915677766,-77.5198545186171,ROBBERY,"ROBBERY,PERSONAL ELECTRONIC DEVICE",2025-01-11T00:00:00.000,nypd_complaints,2025-01-11,Saturday,0.0,1.0,7.0
300952235,40.11248849269682,-77.51985496576627,FELONY ASSAULT,"ASSAULT 2,1,UNCLASSIFIED",2025-02-12T00:00:00.000,nypd_complaints,2025-02-12,Wednesday,0.0,2.0,8.0
305945938,40.112488604501706,-77.51985457980469,GRAND LARCENY,"LARCENY,GRAND BY THEFT OF CREDIT CARD",2025-04-12T00:00:00.000,nypd_complaints,2025-04-12,Saturday,0.0,4.0,5.0
306164699,40.11248826773558,-77.519855161255,HARRASSMENT 2,"HARASSMENT,SUBD 3,4,5",2025-05-09T00:00:00.000,nypd_complaints,2025-05-09,Friday,0.0,5.0,3.0
299929392,40.112488773720784,-77.51985459080859,GRAND LARCENY,"LARCENY,GRAND BY BANK ACCT COMPROMISE-REPRODUCED CHECK",2025-01-17T00:00:00.000,nypd_complaints,2025-01-17,Friday,0.0,1.0,5.0
304419243,40.11248852265304,-77.5198546581311,GRAND LARCENY,"LARCENY,GRAND BY OPEN/COMPROMISE CELL PHONE ACCT",2025-01-31T00:00:00.000,nypd_complaints,2025-01-31,Friday,0.0,1.0,5.0
299615294,40.11248883118897,-77.51985458538124,GRAND LARCENY,"LARCENY,GRAND BY BANK ACCT COMPROMISE-REPRODUCED CHECK",2024-12-15T00:00:00.000,nypd_complaints,2024-12-15,Sunday,0.0,12.0,5.0
306962439,40.11248831375611,-77.51985531339653,HARRASSMENT 2,"HARASSMENT,SUBD 1,CIVILIAN",2025-05-24T00:00:00.000,nypd_complaints,2025-05-24,Saturday,0.0,5.0,3.0
300873484,40.11248821843741,-77.51985541232006,HARRASSMENT 2,"HARASSMENT,SUBD 3,4,5",2025-02-08T00:00:00.000,nypd_complaints,2025-02-08,Saturday,0.0,2.0,3.0
299424644,40.1124885840573,-77.5198548263419,DANGEROUS DRUGS,"CONTROLLED SUBSTANCE,POSSESS.",2025-01-14T00:00:00.000,nypd_complaints,2025-01-14,Tuesday,0.0,1.0,4.0
303918660,40.11248839349784,-77.51985493009236,ROBBERY,"ROBBERY,DWELLING",2025-03-31T00:00:00.000,nypd_complaints,2025-03-31,Monday,0.0,3.0,7.0
302140299,40.112488600088305,-77.51985460407693,DANGEROUS WEAPONS,"WEAPONS, POSSESSION, ETC",2025-03-06T00:00:00.000,nypd_complaints,2025-03-06,Thursday,0.0,3.0,7.0
301143067,40.112488437890676,-77.51985499201291,GRAND LARCENY,"LARCENY,GRAND BY THEFT OF CREDIT CARD",2025-01-21T00:00:00.000,nypd_complaints,2025-01-21,Tuesday,0.0,1.0,5.0
301048828,40.11248858356241,-77.51985481309588,DANGEROUS DRUGS,"CONTROLLED SUBSTANCE,SALE 3",2025-02-13T00:00:00.000,nypd_complaints,2025-02-13,Thursday,0.0,2.0,4.0
302793857,40.11248847025602,-77.5198547565742,FELONY ASSAULT,ASSAULT POLICE/PEACE OFFICER,2024-08-14T00:00:00.000,nypd_complaints,2024-08-14,Wednesday,0.0,8.0,8.0
307568960,40.11248834361064,-77.51985522592892,HARRASSMENT 2,"HARASSMENT,SUBD 3,4,5",2025-06-04T00:00:00.000,nypd_complaints,2025-06-04,Wednesday,0.0,6.0,3.0
302219518,40.112488565587846,-77.51985506843509,GRAND LARCENY,"LARCENY,GRAND BY FALSE PROMISE-IN PERSON CONTACT",2025-02-05T00:00:00.000,nypd_complaints,2025-02-05,Wednesday,0.0,2.0,5.0
308442722,40.11248849416472,-77.51985454535006,SEX CRIMES,"SEXUAL ABUSE 3,2",2025-06-21T00:00:00.000,nypd_complaints,2025-06-21,Saturday,0.0,6.0,8.0
301596026,40.11248844745635,-77.51985521510173,ASSAULT 3 & RELATED OFFENSES,ASSAULT 3,2025-02-24T00:00:00.000,nypd_complaints,2025-02-24,Monday,0.0,2.0,6.0
307058795,40.11248853872486,-77.51985463716575,GRAND LARCENY,"LARCENY,GRAND FROM RESIDENCE/BUILDING,UNATTENDED, PACKAGE THEFT INSIDE",2025-05-22T00:00:00.000,nypd_complaints,2025-05-22,Thursday,0.0,5.0,5.0
301678038,40.11248840200816,-77.51985513762315,HARRASSMENT 2,"HARASSMENT,SUBD 3,4,5",2025-02-25T00:00:00.000,nypd_complaints,2025-02-25,Tuesday,0.0,2.0,3.0
308641483,40.112488509562766,-77.51985485259873,ROBBERY,"ROBBERY,PERSONAL ELECTRONIC DEVICE",2025-06-25T00:00:00.000,nypd_complaints,2025-06-25,Wednesday,0.0,6.0,7.0
300714775,40.11248883435546,-77.51985453940011,DANGEROUS DRUGS,"CONTROLLED SUBSTANCE,SALE 3",2025-02-07T00:00:00.000,nypd_complaints,2025-02-07,Friday,0.0,2.0,4.0
303658328,40.11248860618214,-77.51985458382171,DANGEROUS DRUGS,"CONTROLLED SUBSTANCE,SALE 3",2025-03-26T00:00:00.000,nypd_complaints,2025-03-26,Wednesday,0.0,3.0,4.0
306810798,40.1124885764498,-77.51985515181646,DANGEROUS WEAPONS,WEAPONS POSSESSION 3,2025-05-21T00:00:00.000,nypd_complaints,2025-05-21,Wednesday,0.0,5.0,7.0
308000417,40.11248819681779,-77.51985538545621,HARRASSMENT 2,"HARASSMENT,SUBD 3,4,5",2025-06-11T00:00:00.000,nypd_complaints,2025-06-11,Wednesday,0.0,6.0,3.0
303404125,40.112488491501956,-77.51985518785064,DANGEROUS DRUGS,"CONTROLLED SUBSTANCE, POSSESSI",2025-03-22T00:00:00.000,nypd_complaints,2025-03-22,Saturday,0.0,3.0,4.0
307022238,40.11248858747981,-77.51985455109927,GRAND LARCENY OF MOTOR VEHICLE,"LARCENY, GRAND OF MOPED",2025-05-25T00:00:00.000,nypd_complaints,2025-05-25,Sunday,0.0,5.0,5.0
304988177,40.11248852663799,-77.51985454229622,ROBBERY,"ROBBERY,PERSONAL ELECTRONIC DEVICE",2025-04-18T00:00:00.000,nypd_complaints,2025-04-18,Friday,0.0,4.0,7.0
306206212,40.112488816994166,-77.51985452711709,GRAND LARCENY,"LARCENY,GRAND FROM NIGHT CLUB, UNATTENDED",2025-05-10T00:00:00.000,nypd_complaints,2025-05-10,Saturday,0.0,5.0,5.0
300347807,40.112488194898454,-77.51985535837524,GRAND LARCENY,"LARCENY,GRAND BY CREDIT CARD ACCT COMPROMISE-EXISTING ACCT",2025-01-24T00:00:00.000,nypd_complaints,2025-01-24,Friday,0.0,1.0,5.0
301300856,40.11248883668675,-77.51985451083237,SEX CRIMES,"SEXUAL ABUSE 3,2",2025-02-18T00:00:00.000,nypd_complaints,2025-02-18,Tuesday,0.0,2.0,8.0
301586608,40.11248851420424,-77.51985515244621,GRAND LARCENY,"LARCENY,GRAND FROM BUILDING (NON-RESIDENCE) UNATTENDED",2025-02-24T00:00:00.000,nypd_complaints,2025-02-24,Monday,0.0,2.0,5.0
304683479,40.112488421264054,-77.51985513587293,ASSAULT 3 & RELATED OFFENSES,ASSAULT 3,2025-04-12T00:00:00.000,nypd_complaints,2025-04-12,Saturday,0.0,4.0,6.0
302998368,40.112488533002015,-77.51985458913418,GRAND LARCENY OF MOTOR VEHICLE,"LARCENY,GRAND OF AUTO",2025-03-17T00:00:00.000,nypd_complaints,2025-03-17,Monday,0.0,3.0,5.0
302287671,40.11248832940955,-77.51985509222575,HARRASSMENT 2,"HARASSMENT,SUBD 1,CIVILIAN",2025-03-08T00:00:00.000,nypd_complaints,2025-03-08,Saturday,0.0,3.0,3.0
304866798,40.11248840200816,-77.51985513762315,ASSAULT 3 & RELATED OFFENSES,ASSAULT 3,2025-04-16T00:00:00.000,nypd_complaints,2025-04-16,Wednesday,0.0,4.0,6.0
307335520,40.11248898044644,-77.51985450735374,ROBBERY,"ROBBERY,PERSONAL ELECTRONIC DEVICE",2025-05-31T00:00:00.000,nypd_complaints,2025-05-31,Saturday,0.0,5.0,7.0
307715485,40.11248841043098,-77.51985512871173,ROBBERY,"ROBBERY,CLOTHING",2025-06-07T00:00:00.000,nypd_complaints,2025-06-07,Saturday,0.0,6.0,7.0
298713003,40.11248870171759,-77.51985452398608,GRAND LARCENY OF MOTOR VEHICLE,"LARCENY,GRAND OF AUTO",2024-12-31T00:00:00.000,nypd_complaints,2024-12-31,Tuesday,0.0,12.0,5.0
301517726,40.112488853962745,-77.51985455296354,DANGEROUS DRUGS,"CONTROLLED SUBSTANCE,SALE 3",2025-02-22T00:00:00.000,nypd_complaints,2025-02-22,Saturday,0.0,2.0,4.0
301743117,40.1124885796404,-77.51985456775621,DANGEROUS DRUGS,"CONTROLLED SUBSTANCE,POSSESS.",2025-02-25T00:00:00.000,nypd_complaints,2025-02-25,Tuesday,0.0,2.0,4.0
307943573,40.1124885550354,-77.51985498979984,GRAND LARCENY OF MOTOR VEHICLE,"LARCENY,GRAND OF AUTO",2025-06-11T00:00:00.000,nypd_complaints,2025-06-11,Wednesday,0.0,6.0,5.0
304289947,40.11248857600222,-77.51985500303016,DANGEROUS DRUGS,"CONTROLLED SUBSTANCE, POSSESSI",2025-04-06T00:00:00.000,nypd_complaints,2025-04-06,Sunday,0.0,4.0,4.0
308050484,40.112488545589194,-77.51985509789613,ASSAULT 3 & RELATED OFFENSES,ASSAULT 3,2025-06-13T00:00:00.000,nypd_complaints,2025-06-13,Friday,0.0,6.0,6.0
308177760,40.11248858051382,-77.51985485303305,CRIMINAL TRESPASS,"TRESPASS 2, CRIMINAL",2025-06-16T00:00:00.000,nypd_complaints,2025-06-16,Monday,0.0,6.0,3.0
302699649,40.11248859437371,-77.5198545616588,DANGEROUS WEAPONS,"WEAPONS, POSSESSION, ETC",2025-03-13T00:00:00.000,nypd_complaints,2025-03-13,Thursday,0.0,3.0,7.0
306243792,40.112488917795666,-77.51985451027747,DANGEROUS WEAPONS,"WEAPONS, POSSESSION, ETC",2025-05-11T00:00:00.000,nypd_complaints,2025-05-11,Sunday,0.0,5.0,7.0
308671102,40.112488421264054,-77.51985513587293,HARRASSMENT 2,"HARASSMENT,SUBD 3,4,5",2025-05-19T00:00:00.000,nypd_complaints,2025-05-19,Monday,0.0,5.0,3.0
305630156,40.112488560146595,-77.51985512937411,ASSAULT 3 & RELATED OFFENSES,ASSAULT 3,2025-04-30T00:00:00.000,nypd_complaints,2025-04-30,Wednesday,0.0,4.0,6.0
299524869,40.112488486604434,-77.51985496645979,KIDNAPPING & RELATED OFFENSES,"IMPRISONMENT 1,UNLAWFUL",2025-01-16T00:00:00.000,nypd_complaints,2025-01-16,Thursday,0.0,1.0,9.0
308056942,40.11248840086311,-77.51985493087875,CRIMINAL TRESPASS,"TRESPASS 3, CRIMINAL",2025-06-14T00:00:00.000,nypd_complaints,2025-06-14,Saturday,0.0,6.0,3.0
299026899,40.11248832555628,-77.51985530195354,HARRASSMENT 2,"HARASSMENT,SUBD 3,4,5",2024-10-12T00:00:00.000,nypd_complaints,2024-10-12,Saturday,0.0,10.0,3.0
307044874,40.11248864569257,-77.51985454709195,GRAND LARCENY OF MOTOR VEHICLE,"LARCENY, GRAND OF MOPED",2025-05-25T00:00:00.000,nypd_complaints,2025-05-25,Sunday,0.0,5.0,5.0
305616200,40.11248857435799,-77.51985501942887,DANGEROUS DRUGS,"CONTROLLED SUBSTANCE, POSSESSI",2025-04-30T00:00:00.000,nypd_complaints,2025-04-30,Wednesday,0.0,4.0,4.0
304233573,40.11248842076,-77.51985509693756,FELONY ASSAULT,"ASSAULT 2,1,UNCLASSIFIED",2025-04-05T00:00:00.000,nypd_complaints,2025-04-05,Saturday,0.0,4.0,8.0
301243712,40.11248832430285,-77.5198551484667,FELONY ASSAULT,STRANGULATION 1ST,2025-02-17T00:00:00.000,nypd_complaints,2025-02-17,Monday,0.0,2.0,8.0
300662863,40.11248844543227,-77.51985509797187,GRAND LARCENY,"LARCENY,GRAND FROM PERSON,UNCL",2025-02-06T00:00:00.000,nypd_complaints,2025-02-06,Thursday,0.0,2.0,5.0
305024263,40.1124883731775,-77.51985494220908,ASSAULT 3 & RELATED OFFENSES,"MENACING,UNCLASSIFIED",2025-04-19T00:00:00.000,nypd_complaints,2025-04-19,Saturday,0.0,4.0,6.0
301309449,40.1124885452017,-77.51985482923399,ROBBERY,"ROBBERY,RESIDENTIAL COMMON AREA",2025-02-18T00:00:00.000,nypd_complaints,2025-02-18,Tuesday,0.0,2.0,7.0
306821088,40.112488845356104,-77.51985453775072,ROBBERY,"ROBBERY,NECKCHAIN/JEWELRY",2025-05-21T00:00:00.000,nypd_complaints,2025-05-21,Wednesday,0.0,5.0,7.0
305627491,40.11248885819918,-77.51985450907422,DANGEROUS WEAPONS,"WEAPONS, POSSESSION, ETC",2025-04-30T00:00:00.000,nypd_complaints,2025-04-30,Wednesday,0.0,4.0,7.0
305348673,40.11248886055475,-77.51985457381687,GRAND LARCENY,"LARCENY,GRAND FROM RESIDENCE/BUILDING,UNATTENDED, PACKAGE THEFT INSIDE",2025-04-21T00:00:00.000,nypd_complaints,2025-04-21,Monday,0.0,4.0,5.0
307995323,40.11248821914764,-77.51985536688652,ASSAULT 3 & RELATED OFFENSES,ASSAULT 3,2025-06-12T00:00:00.000,nypd_complaints,2025-06-12,Thursday,0.0,6.0,6.0
303854858,40.112488818162355,-77.51985457888873,FELONY ASSAULT,ASSAULT POLICE/PEACE OFFICER,2025-03-29T00:00:00.000,nypd_complaints,2025-03-29,Saturday,0.0,3.0,8.0
305002381,40.11248891009533,-77.51985453702575,SEX CRIMES,"SEXUAL ABUSE 3,2",2025-04-19T00:00:00.000,nypd_complaints,2025-04-19,Saturday,0.0,4.0,8.0
308827593,40.112488800211594,-77.5198545779595,ROBBERY,"ROBBERY,CAR JACKING",2025-06-29T00:00:00.000,nypd_complaints,2025-06-29,Sunday,0.0,6.0,7.0
300197156,40.11248885297494,-77.51985455381323,DANGEROUS DRUGS,"CONTROLLED SUBSTANCE,SALE 3",2025-01-29T00:00:00.000,nypd_complaints,2025-01-29,Wednesday,0.0,1.0,4.0
304550628,40.11248884829772,-77.51985453999062,DANGEROUS DRUGS,"CONTROLLED SUBSTANCE,SALE 3",2025-04-10T00:00:00.000,nypd_complaints,2025-04-10,Thursday,0.0,4.0,4.0
301135574,40.112488540736905,-77.51985506580287,FELONY ASSAULT,"ASSAULT 2,1,UNCLASSIFIED",2025-02-15T00:00:00.000,nypd_complaints,2025-02-15,Saturday,0.0,2.0,8.0
306983890,40.11248852960544,-77.5198550172269,ROBBERY,"ROBBERY,RESIDENTIAL COMMON AREA",2025-05-25T00:00:00.000,nypd_complaints,2025-05-25,Sunday,0.0,5.0,7.0
304666029,40.1124885764498,-77.51985515181646,ASSAULT 3 & RELATED OFFENSES,ASSAULT 3,2025-04-12T00:00:00.000,nypd_complaints,2025-04-12,Saturday,0.0,4.0,6.0
300107772,40.1124883864624,-77.51985493303705,FELONY ASSAULT,ASSAULT POLICE/PEACE OFFICER,2025-01-27T00:00:00.000,nypd_complaints,2025-01-27,Monday,0.0,1.0,8.0
306961180,40.112488559329584,-77.5198551119681,ASSAULT 3 & RELATED OFFENSES,ASSAULT 3,2025-05-24T00:00:00.000,nypd_complaints,2025-05-24,Saturday,0.0,5.0,6.0
299057731,40.11248846061471,-77.51985498167501,FELONY ASSAULT,STRANGULATION 1ST,2025-01-07T00:00:00.000,nypd_complaints,2025-01-07,Tuesday,0.0,1.0,8.0
300990120,40.112488519568416,-77.51985490391719,HARRASSMENT 2,"HARASSMENT,SUBD 1,CIVILIAN",2025-02-12T00:00:00.000,nypd_complaints,2025-02-12,Wednesday,0.0,2.0,3.0
307926684,40.11248854321966,-77.51985467683602,GRAND LARCENY OF MOTOR VEHICLE,"LARCENY,GRAND OF AUTO",2025-06-10T00:00:00.000,nypd_complaints,2025-06-10,Tuesday,0.0,6.0,5.0
302444437,40.11248829980647,-77.51985520767806,HARRASSMENT 2,"HARASSMENT,SUBD 1,CIVILIAN",2025-03-10T00:00:00.000,nypd_complaints,2025-03-10,Monday,0.0,3.0,3.0
306942163,40.11248843277074,-77.5198552150984,HARRASSMENT 2,"HARASSMENT,SUBD 3,4,5",2025-05-23T00:00:00.000,nypd_complaints,2025-05-23,Friday,0.0,5.0,3.0
305108335,40.11248856223131,-77.51985512306463,ASSAULT 3 & RELATED OFFENSES,ASSAULT 3,2025-04-20T00:00:00.000,nypd_complaints,2025-04-20,Sunday,0.0,4.0,6.0
303841247,40.11248843512666,-77.51985512035543,FELONY ASSAULT,"ASSAULT 2,1,UNCLASSIFIED",2025-03-28T00:00:00.000,nypd_complaints,2025-03-28,Friday,0.0,3.0,8.0
305061961,40.11248891009533,-77.51985453702575,RAPE,RAPE 2,2025-03-24T00:00:00.000,nypd_complaints,2025-03-24,Monday,0.0,3.0,9.0
301057793,40.11248890653237,-77.5198545329991,DANGEROUS WEAPONS,"WEAPONS, POSSESSION, ETC",2025-02-13T00:00:00.000,nypd_complaints,2025-02-13,Thursday,0.0,2.0,7.0
301298089,40.1124885969917,-77.51985457071372,GRAND LARCENY,"LARCENY,GRAND BY OPEN/COMPROMISE CELL PHONE ACCT",2025-02-18T00:00:00.000,nypd_complaints,2025-02-18,Tuesday,0.0,2.0,5.0
303471424,40.11248850795781,-77.51985453282178,DANGEROUS WEAPONS,"WEAPONS, POSSESSION, ETC",2025-03-23T00:00:00.000,nypd_complaints,2025-03-23,Sunday,0.0,3.0,7.0
307424712,40.11248860319656,-77.51985460571143,DANGEROUS DRUGS,"CONTROLLED SUBSTANCE,POSSESS.",2025-06-02T00:00:00.000,nypd_complaints,2025-06-02,Monday,0.0,6.0,4.0
307606559,40.11248892076497,-77.51985452060867,DANGEROUS WEAPONS,"WEAPONS, POSSESSION, ETC",2025-06-05T00:00:00.000,nypd_complaints,2025-06-05,Thursday,0.0,6.0,7.0
300746764,40.112488691993505,-77.51985456615333,DANGEROUS DRUGS,"CONTROLLED SUBSTANCE,SALE 3",2025-02-07T00:00:00.000,nypd_complaints,2025-02-07,Friday,0.0,2.0,4.0
305356624,40.11248857833634,-77.51985495997147,FELONY ASSAULT,"ASSAULT 2,1,UNCLASSIFIED",2025-04-25T00:00:00.000,nypd_complaints,2025-04-25,Friday,0.0,4.0,8.0
303073545,40.112488583550196,-77.51985481475315,DANGEROUS DRUGS,"CONTROLLED SUBSTANCE,POSSESS.",2025-03-18T00:00:00.000,nypd_complaints,2025-03-18,Tuesday,0.0,3.0,4.0
305054326,40.11248884317115,-77.51985455914267,GRAND LARCENY OF MOTOR VEHICLE,"LARCENY,GRAND OF AUTO",2025-04-20T00:00:00.000,nypd_complaints,2025-04-20,Sunday,0.0,4.0,5.0
302289146,40.11248854566598,-77.51985514711328,HARRASSMENT 2,"HARASSMENT,SUBD 3,4,5",2025-03-07T00:00:00.000,nypd_complaints,2025-03-07,Friday,0.0,3.0,3.0
302275766,40.112488575406836,-77.51985493785017,HARRASSMENT 2,"HARASSMENT,SUBD 1,CIVILIAN",2025-03-08T00:00:00.000,nypd_complaints,2025-03-08,Saturday,0.0,3.0,3.0
299392673,40.11248832145765,-77.51985503337616,DANGEROUS WEAPONS,WEAPONS POSSESSION 3,2025-01-14T00:00:00.000,nypd_complaints,2025-01-14,Tuesday,0.0,1.0,7.0
304594591,40.112488583588494,-77.51985464302759,GRAND LARCENY OF MOTOR VEHICLE,"LARCENY,GRAND OF AUTO",2025-04-11T00:00:00.000,nypd_complaints,2025-04-11,Friday,0.0,4.0,5.0
301239139,40.112488572878085,-77.51985511979743,HARRASSMENT 2,"HARASSMENT,SUBD 3,4,5",2025-02-16T00:00:00.000,nypd_complaints,2025-02-16,Sunday,0.0,2.0,3.0
298895449,40.11248828899866,-77.51985526868317,ASSAULT 3 & RELATED OFFENSES,ASSAULT 3,2025-01-03T00:00:00.000,nypd_complaints,2025-01-03,Friday,0.0,1.0,6.0
298756980,40.11248878265232,-77.51985459177465,CRIMINAL TRESPASS,"TRESPASS 3, CRIMINAL",2025-01-02T00:00:00.000,nypd_complaints,2025-01-02,Thursday,0.0,1.0,3.0
301087200,40.11248826973969,-77.51985526313081,GRAND LARCENY OF MOTOR VEHICLE,"LARCENY,GRAND OF AUTO",2025-02-14T00:00:00.000,nypd_complaints,2025-02-14,Friday,0.0,2.0,5.0
302766998,40.11248881799402,-77.519854575878,SEX CRIMES,"SEXUAL ABUSE 3,2",2025-03-11T00:00:00.000,nypd_complaints,2025-03-11,Tuesday,0.0,3.0,8.0
306252822,40.11248846484376,-77.51985481735176,DANGEROUS DRUGS,"DRUG PARAPHERNALIA,   POSSESSE",2025-05-12T00:00:00.000,nypd_complaints,2025-05-12,Monday,0.0,5.0,4.0
303857220,40.11248858948423,-77.51985456163004,DANGEROUS DRUGS,"CONTROLLED SUBSTANCE,POSSESS.",2025-03-30T00:00:00.000,nypd_complaints,2025-03-30,Sunday,0.0,3.0,4.0
305282433,40.11248858395855,-77.51985481654776,DANGEROUS DRUGS,"CONTROLLED SUBSTANCE,SALE 3",2025-04-24T00:00:00.000,nypd_complaints,2025-04-24,Thursday,0.0,4.0,4.0
308811848,40.11248837466815,-77.5198550406669,GRAND LARCENY,"LARCENY,GRAND FROM PERSON,UNCL",2025-06-29T00:00:00.000,nypd_complaints,2025-06-29,Sunday,0.0,6.0,5.0
300469374,40.11248860019592,-77.51985492931703,DANGEROUS DRUGS,"CONTROLLED SUBSTANCE, POSSESSI",2025-02-03T00:00:00.000,nypd_complaints,2025-02-03,Monday,0.0,2.0,4.0
304946793,40.11248841707473,-77.51985494372258,HARRASSMENT 2,"HARASSMENT,SUBD 1,CIVILIAN",2025-04-17T00:00:00.000,nypd_complaints,2025-04-17,Thursday,0.0,4.0,3.0
306031971,40.112488912169525,-77.51985450643333,DANGEROUS WEAPONS,"WEAPONS, POSSESSION, ETC",2025-05-07T00:00:00.000,nypd_complaints,2025-05-07,Wednesday,0.0,5.0,7.0
307537754,40.112488380487875,-77.51985488310319,DANGEROUS DRUGS,"CONTROLLED SUBSTANCE, POSSESSI",2025-06-04T00:00:00.000,nypd_complaints,2025-06-04,Wednesday,0.0,6.0,4.0
304529455,40.112488806882375,-77.51985454162178,SEX CRIMES,"SEXUAL ABUSE 3,2",2025-04-03T00:00:00.000,nypd_complaints,2025-04-03,Thursday,0.0,4.0,8.0
305737724,40.11248848798783,-77.5198551054131,FELONY ASSAULT,"ASSAULT 2,1,UNCLASSIFIED",2025-05-01T00:00:00.000,nypd_complaints,2025-05-01,Thursday,0.0,5.0,8.0
299057928,40.11248853555325,-77.51985507090785,SEX CRIMES,"SEXUAL ABUSE 3,2",2024-12-15T00:00:00.000,nypd_complaints,2024-12-15,Sunday,0.0,12.0,8.0
301871690,40.11248886016545,-77.51985452431576,DANGEROUS WEAPONS,"WEAPONS, POSSESSION, ETC",2025-03-01T00:00:00.000,nypd_complaints,2025-03-01,Saturday,0.0,3.0,7.0
306029244,40.11248850135233,-77.51985457942881,ROBBERY,"ROBBERY,ATM LOCATION",2025-05-07T00:00:00.000,nypd_complaints,2025-05-07,Wednesday,0.0,5.0,7.0
303626298,40.11248835958651,-77.519855139638,ASSAULT 3 & RELATED OFFENSES,ASSAULT 3,2025-03-25T00:00:00.000,nypd_complaints,2025-03-25,Tuesday,0.0,3.0,6.0
303087551,40.11248853555325,-77.51985507090785,SEX CRIMES,"SEXUAL ABUSE 3,2",2024-12-20T00:00:00.000,nypd_complaints,2024-12-20,Friday,0.0,12.0,8.0
302657738,40.11248860298169,-77.51985458783047,DANGEROUS WEAPONS,"WEAPONS, POSSESSION, ETC",2025-03-12T00:00:00.000,nypd_complaints,2025-03-12,Wednesday,0.0,3.0,7.0
307408760,40.112488602570366,-77.51985481607946,SEX CRIMES,"SEXUAL ABUSE 3,2",2025-05-02T00:00:00.000,nypd_complaints,2025-05-02,Friday,0.0,5.0,8.0
298725555,40.11248893301653,-77.51985451641228,ROBBERY,"ROBBERY,PERSONAL ELECTRONIC DEVICE",2024-12-31T00:00:00.000,nypd_complaints,2024-12-31,Tuesday,0.0,12.0,7.0
300004585,40.11248894268142,-77.51985450402367,SEX CRIMES,"SEXUAL ABUSE 3,2",2025-01-25T00:00:00.000,nypd_complaints,2025-01-25,Saturday,0.0,1.0,8.0
303029278,40.11248842824467,-77.51985525048234,FELONY ASSAULT,"ASSAULT 2,1,UNCLASSIFIED",2025-03-17T00:00:00.000,nypd_complaints,2025-03-17,Monday,0.0,3.0,8.0
300518590,40.1124882091201,-77.5198553949448,HARRASSMENT 2,"HARASSMENT,SUBD 1,CIVILIAN",2025-02-03T00:00:00.000,nypd_complaints,2025-02-03,Monday,0.0,2.0,3.0
307706874,40.11248844060819,-77.5198548931207,GRAND LARCENY OF MOTOR VEHICLE,"LARCENY,GRAND OF AUTO",2025-06-07T00:00:00.000,nypd_complaints,2025-06-07,Saturday,0.0,6.0,5.0
299043481,40.11248834167931,-77.51985513240334,GRAND LARCENY,"LARCENY,GRAND BY OPEN/COMPROMISE CELL PHONE ACCT",2025-01-06T00:00:00.000,nypd_complaints,2025-01-06,Monday,0.0,1.0,5.0
307414979,40.11248857702697,-77.5198549868154,CRIMINAL TRESPASS,"TRESPASS 3, CRIMINAL",2025-06-01T00:00:00.000,nypd_complaints,2025-06-01,Sunday,0.0,6.0,3.0
303572867,40.11248839662534,-77.51985492577667,HARRASSMENT 2,"HARASSMENT,SUBD 1,CIVILIAN",2025-03-21T00:00:00.000,nypd_complaints,2025-03-21,Friday,0.0,3.0,3.0
301718842,40.1124883169292,-77.51985511627007,HARRASSMENT 2,"HARASSMENT,SUBD 3,4,5",2025-02-26T00:00:00.000,nypd_complaints,2025-02-26,Wednesday,0.0,2.0,3.0
298725554,40.11248894268142,-77.51985450402367,SEX CRIMES,"SEXUAL ABUSE 3,2",2025-01-01T00:00:00.000,nypd_complaints,2025-01-01,Wednesday,0.0,1.0,8.0
302423428,40.11248891009533,-77.51985453702575,SEX CRIMES,"SEXUAL ABUSE 3,2",2025-03-11T00:00:00.000,nypd_complaints,2025-03-11,Tuesday,0.0,3.0,8.0
300318394,40.112488407656464,-77.51985511723186,HARRASSMENT 2,"HARASSMENT,SUBD 3,4,5",2025-01-30T00:00:00.000,nypd_complaints,2025-01-30,Thursday,0.0,1.0,3.0
307635940,40.11248854157807,-77.51985453343268,GRAND LARCENY OF MOTOR VEHICLE,"LARCENY, GRAND OF MOPED",2025-06-04T00:00:00.000,nypd_complaints,2025-06-04,Wednesday,0.0,6.0,5.0
306752490,40.112488195115816,-77.51985534830784,GRAND LARCENY OF MOTOR VEHICLE,"LARCENY,GRAND OF AUTO",2025-05-20T00:00:00.000,nypd_complaints,2025-05-20,Tuesday,0.0,5.0,5.0
301789681,40.11248837190747,-77.5198549336953,DANGEROUS WEAPONS,"WEAPONS, POSSESSION, ETC",2025-02-27T00:00:00.000,nypd_complaints,2025-02-27,Thursday,0.0,2.0,7.0
303751227,40.112488195062255,-77.51985539489563,HARRASSMENT 2,"HARASSMENT,SUBD 3,4,5",2025-03-26T00:00:00.000,nypd_complaints,2025-03-26,Wednesday,0.0,3.0,3.0
300585109,40.1124884917547,-77.51985457355116,GRAND LARCENY,"LARCENY,GRAND OF VEHICULAR/MOTORCYCLE ACCESSORIES",2025-02-04T00:00:00.000,nypd_complaints,2025-02-04,Tuesday,0.0,2.0,5.0
298807848,40.112488600729506,-77.519854883729,DANGEROUS DRUGS,"CONTROLLED SUBSTANCE,POSSESS.",2025-01-02T00:00:00.000,nypd_complaints,2025-01-02,Thursday,0.0,1.0,4.0
302761913,40.11248826506606,-77.51985537101905,HARRASSMENT 2,"HARASSMENT,SUBD 3,4,5",2025-03-13T00:00:00.000,nypd_complaints,2025-03-13,Thursday,0.0,3.0,3.0
300937857,40.11248852588366,-77.51985461801392,ROBBERY,"ROBBERY,PERSONAL ELECTRONIC DEVICE",2025-02-11T00:00:00.000,nypd_complaints,2025-02-11,Tuesday,0.0,2.0,7.0
308770956,40.11248857253366,-77.51985486958486,GRAND LARCENY,"LARCENY,GRAND FROM RESIDENCE, UNATTENDED",2025-06-27T00:00:00.000,nypd_complaints,2025-06-27,Friday,0.0,6.0,5.0
306280707,40.11248883290995,-77.5198545837361,GRAND LARCENY,"LARCENY,GRAND FROM NIGHT CLUB, UNATTENDED",2025-05-11T00:00:00.000,nypd_complaints,2025-05-11,Sunday,0.0,5.0,5.0
305057228,40.11248833768457,-77.51985514728189,HARRASSMENT 2,"HARASSMENT,SUBD 3,4,5",2025-04-20T00:00:00.000,nypd_complaints,2025-04-20,Sunday,0.0,4.0,3.0
300018955,40.11248834945021,-77.51985516463509,ASSAULT 3 & RELATED OFFENSES,ASSAULT 3,2025-01-25T00:00:00.000,nypd_complaints,2025-01-25,Saturday,0.0,1.0,6.0
302433945,40.11248840990031,-77.5198551373602,HARRASSMENT 2,"HARASSMENT,SUBD 1,CIVILIAN",2025-03-11T00:00:00.000,nypd_complaints,2025-03-11,Tuesday,0.0,3.0,3.0
308154956,40.11248841726574,-77.5198544858283,DANGEROUS WEAPONS,"WEAPONS, POSSESSION, ETC",2025-06-16T00:00:00.000,nypd_complaints,2025-06-16,Monday,0.0,6.0,7.0
306378631,40.11248851384462,-77.51985483322356,HARRASSMENT 2,"HARASSMENT,SUBD 1,CIVILIAN",2025-05-13T00:00:00.000,nypd_complaints,2025-05-13,Tuesday,0.0,5.0,3.0
300726053,40.11248827476604,-77.51985531254633,ASSAULT 3 & RELATED OFFENSES,ASSAULT 3,2025-02-07T00:00:00.000,nypd_complaints,2025-02-07,Friday,0.0,2.0,6.0
302820481,40.1124888984422,-77.51985451316868,ROBBERY,"ROBBERY,PERSONAL ELECTRONIC DEVICE",2025-03-14T00:00:00.000,nypd_complaints,2025-03-14,Friday,0.0,3.0,7.0
304082360,40.112488545539335,-77.51985511161452,DANGEROUS WEAPONS,"WEAPONS, POSSESSION, ETC",2025-04-03T00:00:00.000,nypd_complaints,2025-04-03,Thursday,0.0,4.0,7.0
299309924,40.11248858129065,-77.51985501928928,DANGEROUS DRUGS,"CONTROLLED SUBSTANCE, POSSESSI",2025-01-12T00:00:00.000,nypd_complaints,2025-01-12,Sunday,0.0,1.0,4.0
302248788,40.1124885764498,-77.51985515181646,ASSAULT 3 & RELATED OFFENSES,ASSAULT 3,2025-03-07T00:00:00.000,nypd_complaints,2025-03-07,Friday,0.0,3.0,6.0
304721421,40.11248885801116,-77.5198545524528,GRAND LARCENY,"LARCENY,GRAND FROM NIGHT CLUB, UNATTENDED",2025-04-11T00:00:00.000,nypd_complaints,2025-04-11,Friday,0.0,4.0,5.0
299411447,40.11248856641907,-77.5198546250237,GRAND LARCENY,"LARCENY,GRAND BY THEFT OF CREDIT CARD",2025-01-12T00:00:00.000,nypd_complaints,2025-01-12,Sunday,0.0,1.0,5.0
304194341,40.1124885868364,-77.51985484781848,ASSAULT 3 & RELATED OFFENSES,"MENACING,UNCLASSIFIED",2025-04-04T00:00:00.000,nypd_complaints,2025-04-04,Friday,0.0,4.0,6.0
305193798,40.11248841116906,-77.51985488668112,HARRASSMENT 2,"HARASSMENT,SUBD 1,CIVILIAN",2025-03-28T00:00:00.000,nypd_complaints,2025-03-28,Friday,0.0,3.0,3.0
305655608,40.11248821007232,-77.51985539088372,ASSAULT 3 & RELATED OFFENSES,"MENACING,UNCLASSIFIED",2025-04-30T00:00:00.000,nypd_complaints,2025-04-30,Wednesday,0.0,4.0,6.0
307818052,40.112488573258986,-77.51985492048537,FELONY ASSAULT,ASSAULT OTHER PUBLIC SERVICE EMPLOYEE,2025-06-10T00:00:00.000,nypd_complaints,2025-06-10,Tuesday,0.0,6.0,8.0
302932848,40.11248857630654,-77.51985496361118,DANGEROUS DRUGS,"CONTROLLED SUBSTANCE,POSSESS.",2025-03-16T00:00:00.000,nypd_complaints,2025-03-16,Sunday,0.0,3.0,4.0
303496617,40.11248856913134,-77.51985504031995,DANGEROUS DRUGS,"CONTROLLED SUBSTANCE, POSSESSI",2025-03-23T00:00:00.000,nypd_complaints,2025-03-23,Sunday,0.0,3.0,4.0
300734513,40.11248895334647,-77.51985450514043,ROBBERY,"ROBBERY,PERSONAL ELECTRONIC DEVICE",2025-02-07T00:00:00.000,nypd_complaints,2025-02-07,Friday,0.0,2.0,7.0
299054679,40.11248856027287,-77.51985450585649,SEX CRIMES,"SEXUAL ABUSE 3,2",2025-01-07T00:00:00.000,nypd_complaints,2025-01-07,Tuesday,0.0,1.0,8.0
302866151,40.11248844821143,-77.5198548811252,GRAND LARCENY,"LARCENY,GRAND BY FALSE PROMISE-IN PERSON CONTACT",2025-03-15T00:00:00.000,nypd_complaints,2025-03-15,Saturday,0.0,3.0,5.0
300076320,40.11248821962795,-77.51985541399942,SEX CRIMES,"CHILD, ENDANGERING WELFARE",2025-01-27T00:00:00.000,nypd_complaints,2025-01-27,Monday,0.0,1.0,8.0
306405024,40.11248835568218,-77.51985514117595,GRAND LARCENY,"LARCENY,GRAND FROM RESIDENCE, UNATTENDED",2024-09-09T00:00:00.000,nypd_complaints,2024-09-09,Monday,0.0,9.0,5.0
299732223,40.11248854302509,-77.51985510336117,GRAND LARCENY,"LARCENY,GRAND FROM STORE-SHOPL",2025-01-19T00:00:00.000,nypd_complaints,2025-01-19,Sunday,0.0,1.0,5.0
308005969,40.11248846069705,-77.51985486260536,CRIMINAL TRESPASS,"TRESPASS 2, CRIMINAL",2025-06-09T00:00:00.000,nypd_complaints,2025-06-09,Monday,0.0,6.0,3.0
308154543,40.11248891404425,-77.51985450532575,ROBBERY,"ROBBERY,PERSONAL ELECTRONIC DEVICE",2025-06-14T00:00:00.000,nypd_complaints,2025-06-14,Saturday,0.0,6.0,7.0
305797571,40.11248850830167,-77.5198548015235,GRAND LARCENY,"LARCENY,GRAND BY BANK ACCT COMPROMISE-UNAUTHORIZED PURCHASE",2025-04-30T00:00:00.000,nypd_complaints,2025-04-30,Wednesday,0.0,4.0,5.0
300696285,40.11248853555325,-77.51985507090785,SEX CRIMES,"SEXUAL ABUSE 3,2",2025-01-29T00:00:00.000,nypd_complaints,2025-01-29,Wednesday,0.0,1.0,8.0
299710033,40.11248854783196,-77.51985499364808,ASSAULT 3 & RELATED OFFENSES,"MENACING,UNCLASSIFIED",2024-09-20T00:00:00.000,nypd_complaints,2024-09-20,Friday,0.0,9.0,6.0
303599968,40.11248883983034,-77.51985457846695,GRAND LARCENY,"LARCENY,GRAND FROM BUILDING (NON-RESIDENCE) UNATTENDED",2025-03-24T00:00:00.000,nypd_complaints,2025-03-24,Monday,0.0,3.0,5.0
307013065,40.11248876854364,-77.51985457973959,FELONY ASSAULT,ASSAULT POLICE/PEACE OFFICER,2025-05-25T00:00:00.000,nypd_complaints,2025-05-25,Sunday,0.0,5.0,8.0
305619008,40.11248842825206,-77.5198551121278,FELONY ASSAULT,STRANGULATION 1ST,2025-04-30T00:00:00.000,nypd_complaints,2025-04-30,Wednesday,0.0,4.0,8.0
300488549,40.1124886016711,-77.51985485269188,CRIMINAL TRESPASS,"TRESPASS 2, CRIMINAL",2025-02-03T00:00:00.000,nypd_complaints,2025-02-03,Monday,0.0,2.0,3.0
301188210,40.11248836423497,-77.51985519061512,HARRASSMENT 2,"HARASSMENT,SUBD 3,4,5",2025-02-15T00:00:00.000,nypd_complaints,2025-02-15,Saturday,0.0,2.0,3.0
300834575,40.11248840990031,-77.5198551373602,HARRASSMENT 2,"HARASSMENT,SUBD 3,4,5",2025-02-09T00:00:00.000,nypd_complaints,2025-02-09,Sunday,0.0,2.0,3.0
308561272,40.112488702459274,-77.51985456358864,GRAND LARCENY OF MOTOR VEHICLE,"LARCENY,GRAND OF AUTO",2024-12-22T00:00:00.000,nypd_complaints,2024-12-22,Sunday,0.0,12.0,5.0
302384786,40.11248849022301,-77.51985511570324,DANGEROUS DRUGS,"CONTROLLED SUBSTANCE,INTENT TO",2025-03-11T00:00:00.000,nypd_complaints,2025-03-11,Tuesday,0.0,3.0,4.0
301715138,40.112488421264054,-77.51985513587293,GRAND LARCENY,"LARCENY,GRAND FROM STORE-SHOPL",2025-02-21T00:00:00.000,nypd_complaints,2025-02-21,Friday,0.0,2.0,5.0
303918650,40.1124886003386,-77.51985480081504,GRAND LARCENY,"LARCENY,GRAND FROM BUILDING (NON-RESIDENCE) UNATTENDED",2025-03-29T00:00:00.000,nypd_complaints,2025-03-29,Saturday,0.0,3.0,5.0
306280761,40.11248854004753,-77.51985461442987,CRIMINAL TRESPASS,"TRESPASS 3, CRIMINAL",2025-05-12T00:00:00.000,nypd_complaints,2025-05-12,Monday,0.0,5.0,3.0
306206587,40.112488541078434,-77.51985516393219,ROBBERY,"ROBBERY,BEGIN AS SHOPLIFTING",2025-05-10T00:00:00.000,nypd_complaints,2025-05-10,Saturday,0.0,5.0,7.0
304929223,40.11248879825138,-77.51985456523444,DANGEROUS WEAPONS,"WEAPONS, POSSESSION, ETC",2025-04-18T00:00:00.000,nypd_complaints,2025-04-18,Friday,0.0,4.0,7.0
307739093,40.11248861767395,-77.51985458209249,FELONY ASSAULT,ASSAULT POLICE/PEACE OFFICER,2025-06-08T00:00:00.000,nypd_complaints,2025-06-08,Sunday,0.0,6.0,8.0
300027824,40.112488412642854,-77.51985487186376,FELONY ASSAULT,"ASSAULT 2,1,UNCLASSIFIED",2025-01-25T00:00:00.000,nypd_complaints,2025-01-25,Saturday,0.0,1.0,8.0
306671289,40.112488859534345,-77.51985458106581,GRAND LARCENY,"LARCENY,GRAND BY THEFT OF CREDIT CARD",2025-05-17T00:00:00.000,nypd_complaints,2025-05-17,Saturday,0.0,5.0,5.0
308161794,40.11248838926555,-77.51985490523377,ROBBERY,"ROBBERY,PERSONAL ELECTRONIC DEVICE",2025-06-16T00:00:00.000,nypd_complaints,2025-06-16,Monday,0.0,6.0,7.0
299223879,40.11248833905788,-77.5198552132325,GRAND LARCENY,"LARCENY,GRAND BY FALSE PROMISE-IN PERSON CONTACT",2024-12-16T00:00:00.000,nypd_complaints,2024-12-16,Monday,0.0,12.0,5.0
301446410,40.112488421264054,-77.51985513587293,GRAND LARCENY,"LARCENY,GRAND FROM RETAIL STORE, UNATTENDED",2025-02-19T00:00:00.000,nypd_complaints,2025-02-19,Wednesday,0.0,2.0,5.0
306821895,40.11248844473674,-77.51985510991403,HARRASSMENT 2,"HARASSMENT,SUBD 3,4,5",2025-05-21T00:00:00.000,nypd_complaints,2025-05-21,Wednesday,0.0,5.0,3.0
307943480,40.11248891836508,-77.51985453560594,DANGEROUS DRUGS,"CONTROLLED SUBSTANCE,SALE 3",2025-06-12T00:00:00.000,nypd_complaints,2025-06-12,Thursday,0.0,6.0,4.0
307075290,40.11248857825186,-77.51985497320862,GRAND LARCENY,"LARCENY,GRAND BY EXTORTION",2025-05-25T00:00:00.000,nypd_complaints,2025-05-25,Sunday,0.0,5.0,5.0
306340432,40.11248826905478,-77.51985512299763,ASSAULT 3 & RELATED OFFENSES,"MENACING,UNCLASSIFIED",2025-05-13T00:00:00.000,nypd_complaints,2025-05-13,Tuesday,0.0,5.0,6.0
301906684,40.11248853555325,-77.51985507090785,ROBBERY,"ROBBERY,OPEN AREA UNCLASSIFIED",2025-03-02T00:00:00.000,nypd_complaints,2025-03-02,Sunday,0.0,3.0,7.0
307734528,40.112488571766285,-77.51985499988409,ASSAULT 3 & RELATED OFFENSES,"MENACING,UNCLASSIFIED",2025-06-07T00:00:00.000,nypd_complaints,2025-06-07,Saturday,0.0,6.0,6.0
305039807,40.112488572723954,-77.51985459270608,GRAND LARCENY,"LARCENY,GRAND BY OPEN/COMPROMISE CELL PHONE ACCT",2025-04-20T00:00:00.000,nypd_complaints,2025-04-20,Sunday,0.0,4.0,5.0
301947857,40.112488572352845,-77.51985502107195,DANGEROUS DRUGS,"CONTROLLED SUBSTANCE,INTENT TO",2025-03-03T00:00:00.000,nypd_complaints,2025-03-03,Monday,0.0,3.0,4.0
298881468,40.11248883401121,-77.51985458490289,GRAND LARCENY,"LARCENY,GRAND FROM BUILDING (NON-RESIDENCE) UNATTENDED",2024-12-30T00:00:00.000,nypd_complaints,2024-12-30,Monday,0.0,12.0,5.0
306572118,40.11248832154037,-77.51985522496646,HARRASSMENT 2,"HARASSMENT,SUBD 3,4,5",2025-05-16T00:00:00.000,nypd_complaints,2025-05-16,Friday,0.0,5.0,3.0
304343367,40.112488789944614,-77.51985458442783,CRIMINAL TRESPASS,"TRESPASS 3, CRIMINAL",2025-04-07T00:00:00.000,nypd_complaints,2025-04-07,Monday,0.0,4.0,3.0
308507606,40.112488313809656,-77.51985523325939,ASSAULT 3 & RELATED OFFENSES,ASSAULT 3,2025-06-23T00:00:00.000,nypd_complaints,2025-06-23,Monday,0.0,6.0,6.0
308417513,40.11248849305067,-77.51985511493407,HARRASSMENT 2,"HARASSMENT,SUBD 3,4,5",2025-06-19T00:00:00.000,nypd_complaints,2025-06-19,Thursday,0.0,6.0,3.0
306821184,40.112488501880414,-77.51985510663431,ASSAULT 3 & RELATED OFFENSES,ASSAULT 3,2025-05-21T00:00:00.000,nypd_complaints,2025-05-21,Wednesday,0.0,5.0,6.0
305083207,40.11248852751256,-77.51985483424694,GRAND LARCENY OF MOTOR VEHICLE,"LARCENY,GRAND OF AUTO",2025-04-21T00:00:00.000,nypd_complaints,2025-04-21,Monday,0.0,4.0,5.0
299554440,40.11248884829772,-77.51985453999062,DANGEROUS DRUGS,"CONTROLLED SUBSTANCE,SALE 3",2025-01-14T00:00:00.000,nypd_complaints,2025-01-14,Tuesday,0.0,1.0,4.0
307219597,40.11248844807994,-77.51985485913251,HARRASSMENT 2,"HARASSMENT,SUBD 1,CIVILIAN",2025-05-24T00:00:00.000,nypd_complaints,2025-05-24,Saturday,0.0,5.0,3.0
298984020,40.112488530411184,-77.51985465250868,CRIMINAL TRESPASS,"TRESPASS 2, CRIMINAL",2025-01-06T00:00:00.000,nypd_complaints,2025-01-06,Monday,0.0,1.0,3.0
300753758,40.11248891009533,-77.51985453702575,SEX CRIMES,"SEXUAL ABUSE 3,2",2024-11-11T00:00:00.000,nypd_complaints,2024-11-11,Monday,0.0,11.0,8.0
304618295,40.112488557983866,-77.5198551229925,ASSAULT 3 & RELATED OFFENSES,"MENACING,UNCLASSIFIED",2025-03-16T00:00:00.000,nypd_complaints,2025-03-16,Sunday,0.0,3.0,6.0
307441746,40.11248849285488,-77.51985513507061,HARRASSMENT 2,"HARASSMENT,SUBD 3,4,5",2025-05-31T00:00:00.000,nypd_complaints,2025-05-31,Saturday,0.0,5.0,3.0
301408955,40.112488855044184,-77.51985457299465,SEX CRIMES,"SEXUAL ABUSE 3,2",2025-02-20T00:00:00.000,nypd_complaints,2025-02-20,Thursday,0.0,2.0,8.0
308704724,40.112488322309865,-77.51985523029481,ASSAULT 3 & RELATED OFFENSES,ASSAULT 3,2025-06-26T00:00:00.000,nypd_complaints,2025-06-26,Thursday,0.0,6.0,6.0
306378632,40.11248855923261,-77.51985503403773,CRIMINAL TRESPASS,"TRESPASS 3, CRIMINAL",2025-05-14T00:00:00.000,nypd_complaints,2025-05-14,Wednesday,0.0,5.0,3.0
303854377,40.11248875189681,-77.51985454199169,ROBBERY,"ROBBERY,PERSONAL ELECTRONIC DEVICE",2025-03-29T00:00:00.000,nypd_complaints,2025-03-29,Saturday,0.0,3.0,7.0
304238514,40.112488431527794,-77.51985486895995,GRAND LARCENY,"LARCENY,GRAND BY FALSE PROMISE-NOT IN PERSON CONTACT",2025-01-14T00:00:00.000,nypd_complaints,2025-01-14,Tuesday,0.0,1.0,5.0
305323164,40.11248861131545,-77.5198548490609,HARRASSMENT 2,"HARASSMENT,SUBD 1,CIVILIAN",2025-04-24T00:00:00.000,nypd_complaints,2025-04-24,Thursday,0.0,4.0,3.0
308469031,40.11248863205142,-77.5198545697624,GRAND LARCENY,"LARCENY,GRAND OF VEHICULAR/MOTORCYCLE ACCESSORIES",2025-06-21T00:00:00.000,nypd_complaints,2025-06-21,Saturday,0.0,6.0,5.0
303845023,40.112488392526075,-77.51985499396667,HARRASSMENT 2,"HARASSMENT,SUBD 1,CIVILIAN",2025-03-29T00:00:00.000,nypd_complaints,2025-03-29,Saturday,0.0,3.0,3.0
302174534,40.11248890840736,-77.51985453136663,DANGEROUS DRUGS,"CONTROLLED SUBSTANCE,SALE 3",2025-03-06T00:00:00.000,nypd_complaints,2025-03-06,Thursday,0.0,3.0,4.0
305845417,40.112488239064064,-77.51985536082383,HARRASSMENT 2,"HARASSMENT,SUBD 3,4,5",2025-05-04T00:00:00.000,nypd_complaints,2025-05-04,Sunday,0.0,5.0,3.0
302241941,40.11248859249984,-77.51985462120182,SEX CRIMES,"SEXUAL ABUSE 3,2",2025-03-05T00:00:00.000,nypd_complaints,2025-03-05,Wednesday,0.0,3.0,8.0
306965280,40.112488793155194,-77.51985458788745,DANGEROUS DRUGS,"CONTROLLED SUBSTANCE,POSSESS.",2025-05-24T00:00:00.000,nypd_complaints,2025-05-24,Saturday,0.0,5.0,4.0
300266489,40.1124885198577,-77.51985501352863,GRAND LARCENY OF MOTOR VEHICLE,"LARCENY,GRAND OF AUTO",2025-01-30T00:00:00.000,nypd_complaints,2025-01-30,Thursday,0.0,1.0,5.0
307613294,40.11248859362573,-77.51985463642968,GRAND LARCENY OF MOTOR VEHICLE,"LARCENY,GRAND OF AUTO",2025-06-04T00:00:00.000,nypd_complaints,2025-06-04,Wednesday,0.0,6.0,5.0
299362807,40.11248849416472,-77.51985454535006,SEX CRIMES,"SEXUAL ABUSE 3,2",2025-01-08T00:00:00.000,nypd_complaints,2025-01-08,Wednesday,0.0,1.0,8.0
300552669,40.11248856289622,-77.51985498627941,DANGEROUS WEAPONS,"WEAPONS, POSSESSION, ETC",2025-02-04T00:00:00.000,nypd_complaints,2025-02-04,Tuesday,0.0,2.0,7.0
304756553,40.11248837188675,-77.51985492867094,BURGLARY,"BURGLARY,TRUCK DAY",2025-04-07T00:00:00.000,nypd_complaints,2025-04-07,Monday,0.0,4.0,6.0
305866452,40.112488807363384,-77.51985455567198,DANGEROUS WEAPONS,"WEAPONS, POSSESSION, ETC",2025-05-05T00:00:00.000,nypd_complaints,2025-05-05,Monday,0.0,5.0,7.0
304666299,40.112488396152436,-77.51985492134044,HARRASSMENT 2,"HARASSMENT,SUBD 1,CIVILIAN",2025-04-11T00:00:00.000,nypd_complaints,2025-04-11,Friday,0.0,4.0,3.0
304526767,40.112488806882375,-77.51985454162178,SEX CRIMES,"SEXUAL ABUSE 3,2",2024-12-27T00:00:00.000,nypd_complaints,2024-12-27,Friday,0.0,12.0,8.0
303407687,40.11248851058092,-77.5198549768638,BURGLARY,"BURGLARY,COMMERCIAL,NIGHT",2025-03-22T00:00:00.000,nypd_complaints,2025-03-22,Saturday,0.0,3.0,6.0
298848380,40.11248890840736,-77.51985453136663,DANGEROUS DRUGS,"CONTROLLED SUBSTANCE,SALE 3",2025-01-03T00:00:00.000,nypd_complaints,2025-01-03,Friday,0.0,1.0,4.0
306351092,40.11248857227188,-77.51985503184393,FELONY ASSAULT,"ASSAULT 2,1,UNCLASSIFIED",2025-05-11T00:00:00.000,nypd_complaints,2025-05-11,Sunday,0.0,5.0,8.0
306157975,40.11248857610631,-77.5198546015809,CRIMINAL TRESPASS,"TRESPASS 2, CRIMINAL",2025-05-09T00:00:00.000,nypd_complaints,2025-05-09,Friday,0.0,5.0,3.0
299674369,40.112488593791404,-77.5198545747179,ROBBERY,"ROBBERY,PERSONAL ELECTRONIC DEVICE",2025-01-17T00:00:00.000,nypd_complaints,2025-01-17,Friday,0.0,1.0,7.0
307676573,40.11248887989834,-77.51985454801068,SEX CRIMES,"SEXUAL ABUSE 3,2",2025-06-01T00:00:00.000,nypd_complaints,2025-06-01,Sunday,0.0,6.0,8.0
308261901,40.11248841771492,-77.51985451719726,GRAND LARCENY OF MOTOR VEHICLE,"LARCENY,GRAND OF AUTO",2025-06-14T00:00:00.000,nypd_complaints,2025-06-14,Saturday,0.0,6.0,5.0
301423697,40.112488775523495,-77.51985459897458,GRAND LARCENY,"LARCENY,GRAND FROM BUILDING (NON-RESIDENCE) UNATTENDED",2025-02-20T00:00:00.000,nypd_complaints,2025-02-20,Thursday,0.0,2.0,5.0
301481918,40.11248850069625,-77.51985452756746,GRAND LARCENY OF MOTOR VEHICLE,"LARCENY,GRAND OF AUTO",2025-02-21T00:00:00.000,nypd_complaints,2025-02-21,Friday,0.0,2.0,5.0
306336283,40.11248826905478,-77.51985512299763,ASSAULT 3 & RELATED OFFENSES,ASSAULT 3,2025-05-13T00:00:00.000,nypd_complaints,2025-05-13,Tuesday,0.0,5.0,6.0
300271171,40.112488668816546,-77.51985452361929,GRAND LARCENY,"LARCENY,GRAND OF VEHICULAR/MOTORCYCLE ACCESSORIES",2025-01-26T00:00:00.000,nypd_complaints,2025-01-26,Sunday,0.0,1.0,5.0
303732169,40.11248857067347,-77.5198546387528,GRAND LARCENY,"LARCENY,GRAND BY FALSE PROMISE-IN PERSON CONTACT",2025-03-24T00:00:00.000,nypd_complaints,2025-03-24,Monday,0.0,3.0,5.0
307629772,40.11248828445124,-77.51985532823781,GRAND LARCENY,"LARCENY,GRAND FROM VEHICLE/MOTORCYCLE",2025-04-04T00:00:00.000,nypd_complaints,2025-04-04,Friday,0.0,4.0,5.0
308364238,40.112488886260344,-77.51985453132008,GRAND LARCENY,"LARCENY,GRAND BY THEFT OF CREDIT CARD",2025-06-19T00:00:00.000,nypd_complaints,2025-06-19,Thursday,0.0,6.0,5.0
301415800,40.11248890747569,-77.51985457092492,GRAND LARCENY,"LARCENY,GRAND BY BANK ACCT COMPROMISE-UNCLASSIFIED",2025-02-18T00:00:00.000,nypd_complaints,2025-02-18,Tuesday,0.0,2.0,5.0
300293766,40.11248873382968,-77.51985454661937,GRAND LARCENY,"LARCENY,GRAND OF VEHICULAR/MOTORCYCLE ACCESSORIES",2025-01-29T00:00:00.000,nypd_complaints,2025-01-29,Wednesday,0.0,1.0,5.0
305953280,40.112488817704715,-77.51985452368683,ROBBERY,"ROBBERY,PERSONAL ELECTRONIC DEVICE",2025-05-06T00:00:00.000,nypd_complaints,2025-05-06,Tuesday,0.0,5.0,7.0
299510613,40.112488334856266,-77.51985519850437,HARRASSMENT 2,"HARASSMENT,SUBD 1,CIVILIAN",2025-01-12T00:00:00.000,nypd_complaints,2025-01-12,Sunday,0.0,1.0,3.0
306680028,40.112488315649806,-77.51985513039634,HARRASSMENT 2,"HARASSMENT,SUBD 3,4,5",2025-05-19T00:00:00.000,nypd_complaints,2025-05-19,Monday,0.0,5.0,3.0
303666139,40.112488428084454,-77.51985491403211,ASSAULT 3 & RELATED OFFENSES,"MENACING,UNCLASSIFIED",2025-03-25T00:00:00.000,nypd_complaints,2025-03-25,Tuesday,0.0,3.0,6.0
304738482,40.112488505491534,-77.51985456515685,GRAND LARCENY,"LARCENY,GRAND OF VEHICULAR/MOTORCYCLE ACCESSORIES",2025-04-13T00:00:00.000,nypd_complaints,2025-04-13,Sunday,0.0,4.0,5.0
300469366,40.11248850555315,-77.51985482159434,GRAND LARCENY OF MOTOR VEHICLE,"LARCENY,GRAND OF AUTO",2025-02-03T00:00:00.000,nypd_complaints,2025-02-03,Monday,0.0,2.0,5.0
306991644,40.11248887516813,-77.51985456030768,DANGEROUS WEAPONS,"WEAPONS, POSSESSION, ETC",2025-05-25T00:00:00.000,nypd_complaints,2025-05-25,Sunday,0.0,5.0,7.0
300823399,40.11248853521146,-77.51985492336253,GRAND LARCENY,"LARCENY,GRAND BY BANK ACCT COMPROMISE-UNAUTHORIZED PURCHASE",2024-12-01T00:00:00.000,nypd_complaints,2024-12-01,Sunday,0.0,12.0,5.0
299731787,40.11248889515787,-77.51985456229419,GRAND LARCENY,"LARCENY,GRAND BY THEFT OF CREDIT CARD",2025-01-20T00:00:00.000,nypd_complaints,2025-01-20,Monday,0.0,1.0,5.0
303033298,40.11248851420424,-77.51985515244621,HARRASSMENT 2,"HARASSMENT,SUBD 3,4,5",2025-03-14T00:00:00.000,nypd_complaints,2025-03-14,Friday,0.0,3.0,3.0
301462813,40.11248857550194,-77.51985512939461,GRAND LARCENY,"LARCENY,GRAND BY FALSE PROMISE-NOT IN PERSON CONTACT",2025-02-11T00:00:00.000,nypd_complaints,2025-02-11,Tuesday,0.0,2.0,5.0
298925279,40.11248845282616,-77.51985512702109,HARRASSMENT 2,"HARASSMENT,SUBD 3,4,5",2025-01-04T00:00:00.000,nypd_complaints,2025-01-04,Saturday,0.0,1.0,3.0
307051392,40.11248821068022,-77.51985532055382,HARRASSMENT 2,"HARASSMENT,SUBD 3,4,5",2025-05-23T00:00:00.000,nypd_complaints,2025-05-23,Friday,0.0,5.0,3.0
299216173,40.11248891009533,-77.51985453702575,SEX CRIMES,"SEXUAL ABUSE 3,2",2025-01-09T00:00:00.000,nypd_complaints,2025-01-09,Thursday,0.0,1.0,8.0
300677576,40.112488600729506,-77.519854883729,DANGEROUS WEAPONS,"WEAPONS, POSSESSION, ETC",2025-02-06T00:00:00.000,nypd_complaints,2025-02-06,Thursday,0.0,2.0,7.0
301385709,40.11248852961376,-77.51985462877845,DANGEROUS DRUGS,"CONTROLLED SUBSTANCE, POSSESSI",2025-02-20T00:00:00.000,nypd_complaints,2025-02-20,Thursday,0.0,2.0,4.0
301538904,40.11248845596442,-77.5198551135467,GRAND LARCENY OF MOTOR VEHICLE,"LARCENY,GRAND OF AUTO",2024-12-25T00:00:00.000,nypd_complaints,2024-12-25,Wednesday,0.0,12.0,5.0
305468046,40.11248875348411,-77.51985450223172,DANGEROUS WEAPONS,"WEAPONS, POSSESSION, ETC",2025-04-28T00:00:00.000,nypd_complaints,2025-04-28,Monday,0.0,4.0,7.0
302664593,40.112488610581835,-77.51985455370374,DANGEROUS WEAPONS,"WEAPONS, POSSESSION, ETC",2025-03-12T00:00:00.000,nypd_complaints,2025-03-12,Wednesday,0.0,3.0,7.0
305687432,40.11248858969143,-77.51985457369462,ROBBERY,"ROBBERY,DWELLING",2025-05-01T00:00:00.000,nypd_complaints,2025-05-01,Thursday,0.0,5.0,7.0
305332077,40.11248858196733,-77.51985495180378,GRAND LARCENY,"LARCENY,GRAND FROM RESIDENCE, UNATTENDED",2025-04-16T00:00:00.000,nypd_complaints,2025-04-16,Wednesday,0.0,4.0,5.0
307591606,40.1124882484258,-77.51985522662997,HARRASSMENT 2,"HARASSMENT,SUBD 3,4,5",2025-06-10T00:00:00.000,nypd_complaints,2025-06-10,Tuesday,0.0,6.0,3.0
300831134,40.11248843981606,-77.5198551025508,BURGLARY,"BURGLARY,RESIDENCE,NIGHT",2025-02-10T00:00:00.000,nypd_complaints,2025-02-10,Monday,0.0,2.0,6.0
302284656,40.112488421264054,-77.51985513587293,ASSAULT 3 & RELATED OFFENSES,ASSAULT 3,2025-03-08T00:00:00.000,nypd_complaints,2025-03-08,Saturday,0.0,3.0,6.0
299216880,40.112488529104205,-77.5198550586499,GRAND LARCENY,"LARCENY,GRAND BY FALSE PROMISE-NOT IN PERSON CONTACT",2024-12-06T00:00:00.000,nypd_complaints,2024-12-06,Friday,0.0,12.0,5.0
303729412,40.11248893009343,-77.51985452540774,ROBBERY,"ROBBERY,PERSONAL ELECTRONIC DEVICE",2025-03-25T00:00:00.000,nypd_complaints,2025-03-25,Tuesday,0.0,3.0,7.0
308482821,40.11248852090105,-77.51985453450025,ROBBERY,"ROBBERY,PERSONAL ELECTRONIC DEVICE",2025-06-22T00:00:00.000,nypd_complaints,2025-06-22,Sunday,0.0,6.0,7.0
302881173,40.11248885230463,-77.51985457846898,GRAND LARCENY,"LARCENY,GRAND FROM BUILDING (NON-RESIDENCE) UNATTENDED",2025-03-15T00:00:00.000,nypd_complaints,2025-03-15,Saturday,0.0,3.0,5.0
305513980,40.11248884196517,-77.51985456902234,GRAND LARCENY,"LARCENY,GRAND BY THEFT OF CREDIT CARD",2025-04-13T00:00:00.000,nypd_complaints,2025-04-13,Sunday,0.0,4.0,5.0
302654767,40.11248861999617,-77.5198545904479,GRAND LARCENY OF MOTOR VEHICLE,"LARCENY,GRAND OF AUTO",2025-03-11T00:00:00.000,nypd_complaints,2025-03-11,Tuesday,0.0,3.0,5.0
301503842,40.112488342684095,-77.51985529038521,ASSAULT 3 & RELATED OFFENSES,ASSAULT 3,2025-02-22T00:00:00.000,nypd_complaints,2025-02-22,Saturday,0.0,2.0,6.0
305243595,40.11248853484427,-77.5198551256127,HARRASSMENT 2,"HARASSMENT,SUBD 3,4,5",2025-04-23T00:00:00.000,nypd_complaints,2025-04-23,Wednesday,0.0,4.0,3.0
307693448,40.11248855702047,-77.51985455911083,ROBBERY,"ROBBERY,CAR JACKING",2025-06-07T00:00:00.000,nypd_complaints,2025-06-07,Saturday,0.0,6.0,7.0
308853146,40.1124884667306,-77.51985501092206,CRIMINAL TRESPASS,"TRESPASS 3, CRIMINAL",2025-06-30T00:00:00.000,nypd_complaints,2025-06-30,Monday,0.0,6.0,3.0
300118021,40.112488326265776,-77.51985512688064,HARRASSMENT 2,"HARASSMENT,SUBD 3,4,5",2025-01-27T00:00:00.000,nypd_complaints,2025-01-27,Monday,0.0,1.0,3.0
302309118,40.112488598366475,-77.51985459995223,DANGEROUS WEAPONS,"WEAPONS, POSSESSION, ETC",2025-03-09T00:00:00.000,nypd_complaints,2025-03-09,Sunday,0.0,3.0,7.0
299995581,40.11248827228391,-77.51985510853693,GRAND LARCENY,"LARCENY,GRAND BY EXTORTION",2025-01-24T00:00:00.000,nypd_complaints,2025-01-24,Friday,0.0,1.0,5.0
308005971,40.11248834167931,-77.51985513240334,HARRASSMENT 2,"HARASSMENT,SUBD 1,CIVILIAN",2025-06-12T00:00:00.000,nypd_complaints,2025-06-12,Thursday,0.0,6.0,3.0
304412295,40.11248856967627,-77.51985496437672,DANGEROUS DRUGS,"CONTROLLED SUBSTANCE, POSSESSI",2025-04-08T00:00:00.000,nypd_complaints,2025-04-08,Tuesday,0.0,4.0,4.0
299008365,40.112488482135134,-77.51985488031119,GRAND LARCENY OF MOTOR VEHICLE,"LARCENY,GRAND OF AUTO",2025-01-07T00:00:00.000,nypd_complaints,2025-01-07,Tuesday,0.0,1.0,5.0
303586573,40.11248848606782,-77.51985485106795,GRAND LARCENY,"LARCENY,GRAND BY OPEN CREDIT CARD (NEW ACCT)",2025-03-20T00:00:00.000,nypd_complaints,2025-03-20,Thursday,0.0,3.0,5.0
307682081,40.112488734083584,-77.5198544978278,DANGEROUS WEAPONS,"WEAPONS, POSSESSION, ETC",2025-06-06T00:00:00.000,nypd_complaints,2025-06-06,Friday,0.0,6.0,7.0
302411401,40.1124885965012,-77.51985458980798,ROBBERY,"ROBBERY,NECKCHAIN/JEWELRY",2025-03-11T00:00:00.000,nypd_complaints,2025-03-11,Tuesday,0.0,3.0,7.0
307057319,40.112488308218275,-77.51985527058397,GRAND LARCENY,"LARCENY,GRAND FROM STORE-SHOPL",2025-05-25T00:00:00.000,nypd_complaints,2025-05-25,Sunday,0.0,5.0,5.0
302354495,40.11248842605823,-77.51985510114703,HARRASSMENT 2,"HARASSMENT,SUBD 1,CIVILIAN",2025-03-10T00:00:00.000,nypd_complaints,2025-03-10,Monday,0.0,3.0,3.0
307431577,40.11248845178983,-77.51985510621896,FELONY ASSAULT,"ASSAULT 2,1,UNCLASSIFIED",2025-06-02T00:00:00.000,nypd_complaints,2025-06-02,Monday,0.0,6.0,8.0
299634146,40.11248861730255,-77.51985456379867,DANGEROUS WEAPONS,"WEAPONS, POSSESSION, ETC",2025-01-18T00:00:00.000,nypd_complaints,2025-01-18,Saturday,0.0,1.0,7.0
308455325,40.11248866887254,-77.5198545180701,DANGEROUS WEAPONS,"WEAPONS, POSSESSION, ETC",2025-06-21T00:00:00.000,nypd_complaints,2025-06-21,Saturday,0.0,6.0,7.0
302384788,40.11248834477562,-77.51985510097674,HARRASSMENT 2,"HARASSMENT,SUBD 1,CIVILIAN",2025-03-09T00:00:00.000,nypd_complaints,2025-03-09,Sunday,0.0,3.0,3.0
300982151,40.112488855044184,-77.51985457299465,SEX CRIMES,"SEXUAL ABUSE 3,2",2025-02-12T00:00:00.000,nypd_complaints,2025-02-12,Wednesday,0.0,2.0,8.0
308163963,40.11248825544737,-77.51985530182449,GRAND LARCENY,"LARCENY,GRAND BY FALSE PROMISE-NOT IN PERSON CONTACT",2025-06-16T00:00:00.000,nypd_complaints,2025-06-16,Monday,0.0,6.0,5.0
299057927,40.11248853555325,-77.51985507090785,RAPE,RAPE 1,2024-12-22T00:00:00.000,nypd_complaints,2024-12-22,Sunday,0.0,12.0,9.0
308340247,40.11248858356241,-77.51985481309588,DANGEROUS DRUGS,"CONTROLLED SUBSTANCE, SALE 5",2025-06-19T00:00:00.000,nypd_complaints,2025-06-19,Thursday,0.0,6.0,4.0
301162053,40.112488931178675,-77.51985455672771,BURGLARY,"BURGLARY,UNCLASSIFIED,NIGHT",2025-02-16T00:00:00.000,nypd_complaints,2025-02-16,Sunday,0.0,2.0,6.0
305424486,40.11248857622499,-77.51985485234336,HARRASSMENT 2,"HARASSMENT,SUBD 1,CIVILIAN",2025-04-27T00:00:00.000,nypd_complaints,2025-04-27,Sunday,0.0,4.0,3.0
305261028,40.11248844895835,-77.51985484918562,BURGLARY,"BURGLARY,TRUCK NIGHT",2025-04-24T00:00:00.000,nypd_complaints,2025-04-24,Thursday,0.0,4.0,6.0
304349119,40.11248883239947,-77.51985456004914,GRAND LARCENY OF MOTOR VEHICLE,"LARCENY,GRAND OF AUTO",2025-04-07T00:00:00.000,nypd_complaints,2025-04-07,Monday,0.0,4.0,5.0
305240184,40.11248827250119,-77.5198553053794,HARRASSMENT 2,"HARASSMENT,SUBD 3,4,5",2025-04-23T00:00:00.000,nypd_complaints,2025-04-23,Wednesday,0.0,4.0,3.0
306098588,40.11248857653052,-77.51985458395073,DANGEROUS DRUGS,"CONTROLLED SUBSTANCE,POSSESS.",2025-05-08T00:00:00.000,nypd_complaints,2025-05-08,Thursday,0.0,5.0,4.0
308113800,40.11248837758952,-77.51985498381896,DANGEROUS DRUGS,"CONTROLLED SUBSTANCE,POSSESS.",2025-06-15T00:00:00.000,nypd_complaints,2025-06-15,Sunday,0.0,6.0,4.0
305182658,40.11248848494818,-77.5198545368867,GRAND LARCENY OF MOTOR VEHICLE,"LARCENY,GRAND OF AUTO",2025-04-22T00:00:00.000,nypd_complaints,2025-04-22,Tuesday,0.0,4.0,5.0
301019511,40.11248853104532,-77.51985504382122,CRIMINAL TRESPASS,"TRESPASS 3, CRIMINAL",2025-02-13T00:00:00.000,nypd_complaints,2025-02-13,Thursday,0.0,2.0,3.0
305793304,40.11248890355535,-77.51985452268096,ROBBERY,"ROBBERY,PERSONAL ELECTRONIC DEVICE",2025-05-03T00:00:00.000,nypd_complaints,2025-05-03,Saturday,0.0,5.0,7.0
299687408,40.11248827474051,-77.5198550948086,GRAND LARCENY,"LARCENY,GRAND BY EXTORTION",2025-01-19T00:00:00.000,nypd_complaints,2025-01-19,Sunday,0.0,1.0,5.0
305447588,40.1124885868364,-77.51985484781848,HARRASSMENT 2,"HARASSMENT,SUBD 1,CIVILIAN",2025-04-27T00:00:00.000,nypd_complaints,2025-04-27,Sunday,0.0,4.0,3.0
304696403,40.11248856774302,-77.51985483716956,FELONY ASSAULT,ASSAULT POLICE/PEACE OFFICER,2025-04-13T00:00:00.000,nypd_complaints,2025-04-13,Sunday,0.0,4.0,8.0
306523134,40.11248858277319,-77.51985502848322,FELONY ASSAULT,"ASSAULT 2,1,UNCLASSIFIED",2025-05-15T00:00:00.000,nypd_complaints,2025-05-15,Thursday,0.0,5.0,8.0
306022901,40.11248852605367,-77.51985509197513,GRAND LARCENY,"LARCENY,GRAND BY BANK ACCT COMPROMISE-UNCLASSIFIED",2025-04-24T00:00:00.000,nypd_complaints,2025-04-24,Thursday,0.0,4.0,5.0
301863704,40.112488371146156,-77.51985498888291,FELONY ASSAULT,STRANGULATION 1ST,2025-02-28T00:00:00.000,nypd_complaints,2025-02-28,Friday,0.0,2.0,8.0
307943338,40.11248832892867,-77.51985517180547,ASSAULT 3 & RELATED OFFENSES,"MENACING,UNCLASSIFIED",2025-06-11T00:00:00.000,nypd_complaints,2025-06-11,Wednesday,0.0,6.0,6.0
306616067,40.112488306128405,-77.51985515683172,FELONY ASSAULT,"ASSAULT 2,1,UNCLASSIFIED",2025-05-18T00:00:00.000,nypd_complaints,2025-05-18,Sunday,0.0,5.0,8.0
305809516,40.11248849269682,-77.51985496576627,FELONY ASSAULT,"ASSAULT 2,1,UNCLASSIFIED",2025-05-04T00:00:00.000,nypd_complaints,2025-05-04,Sunday,0.0,5.0,8.0
307045043,40.112488433471874,-77.51985522424428,GRAND LARCENY,"LARCENY,GRAND FROM BUILDING (NON-RESIDENCE) UNATTENDED",2025-05-26T00:00:00.000,nypd_complaints,2025-05-26,Monday,0.0,5.0,5.0
300723898,40.112488316926765,-77.519855288371,GRAND LARCENY,"LARCENY,GRAND BY FALSE PROMISE-IN PERSON CONTACT",2025-01-23T00:00:00.000,nypd_complaints,2025-01-23,Thursday,0.0,1.0,5.0
307273983,40.11248858389499,-77.51985457476856,BURGLARY,"BURGLARY,COMMERCIAL,DAY",2025-05-30T00:00:00.000,nypd_complaints,2025-05-30,Friday,0.0,5.0,6.0
304961276,40.112488289126134,-77.51985525092226,BURGLARY,"BURGLARY,RESIDENCE,DAY",2025-04-17T00:00:00.000,nypd_complaints,2025-04-17,Thursday,0.0,4.0,6.0
304562243,40.11248831851524,-77.51985522569893,HARRASSMENT 2,"HARASSMENT,SUBD 1,CIVILIAN",2025-04-10T00:00:00.000,nypd_complaints,2025-04-10,Thursday,0.0,4.0,3.0
304255683,40.11248881799402,-77.519854575878,SEX CRIMES,"SEXUAL ABUSE 3,2",2025-04-05T00:00:00.000,nypd_complaints,2025-04-05,Saturday,0.0,4.0,8.0
303324717,40.11248847884431,-77.51985450324601,ROBBERY,"ROBBERY,CAR JACKING",2025-03-20T00:00:00.000,nypd_complaints,2025-03-20,Thursday,0.0,3.0,7.0
304296720,40.11248821816138,-77.51985538361852,HARRASSMENT 2,"HARASSMENT,SUBD 3,4,5",2025-04-06T00:00:00.000,nypd_complaints,2025-04-06,Sunday,0.0,4.0,3.0
308766605,40.11248838926091,-77.51985491250367,HARRASSMENT 2,"HARASSMENT,SUBD 1,CIVILIAN",2025-06-27T00:00:00.000,nypd_complaints,2025-06-27,Friday,0.0,6.0,3.0
304234968,40.11248891009533,-77.51985453702575,SEX CRIMES,"SEXUAL ABUSE 3,2",2025-04-05T00:00:00.000,nypd_complaints,2025-04-05,Saturday,0.0,4.0,8.0
307918954,40.11248880032389,-77.5198546098296,GRAND LARCENY,"LARCENY,GRAND FROM BUILDING (NON-RESIDENCE) UNATTENDED",2025-06-10T00:00:00.000,nypd_complaints,2025-06-10,Tuesday,0.0,6.0,5.0
306680891,40.112488437630816,-77.5198551265331,ASSAULT 3 & RELATED OFFENSES,ASSAULT 3,2025-05-17T00:00:00.000,nypd_complaints,2025-05-17,Saturday,0.0,5.0,6.0
300746808,40.11248852085963,-77.51985512799673,HARRASSMENT 2,"HARASSMENT,SUBD 3,4,5",2025-02-04T00:00:00.000,nypd_complaints,2025-02-04,Tuesday,0.0,2.0,3.0
307973809,40.11248879660693,-77.5198545350836,GRAND LARCENY,"LARCENY,GRAND FROM PERSON,UNCL",2025-06-12T00:00:00.000,nypd_complaints,2025-06-12,Thursday,0.0,6.0,5.0
306224495,40.112488494904994,-77.51985484350558,FELONY ASSAULT,"ASSAULT 2,1,UNCLASSIFIED",2025-05-11T00:00:00.000,nypd_complaints,2025-05-11,Sunday,0.0,5.0,8.0
303494157,40.112488604390656,-77.51985486639786,GRAND LARCENY,"LARCENY,GRAND FROM BUILDING (NON-RESIDENCE) UNATTENDED",2025-03-15T00:00:00.000,nypd_complaints,2025-03-15,Saturday,0.0,3.0,5.0
306925222,40.11248890749017,-77.51985453218845,DANGEROUS DRUGS,"CONTROLLED SUBSTANCE,SALE 3",2025-05-23T00:00:00.000,nypd_complaints,2025-05-23,Friday,0.0,5.0,4.0
302793858,40.11248844060819,-77.5198548931207,FELONY ASSAULT,ASSAULT POLICE/PEACE OFFICER,2024-09-08T00:00:00.000,nypd_complaints,2024-09-08,Sunday,0.0,9.0,8.0
299480200,40.112488503608176,-77.51985483280919,FELONY ASSAULT,STRANGULATION 1ST,2025-01-14T00:00:00.000,nypd_complaints,2025-01-14,Tuesday,0.0,1.0,8.0
305471202,40.112488807363384,-77.51985455567198,DANGEROUS DRUGS,"CONTROLLED SUBSTANCE,SALE 1",2025-04-28T00:00:00.000,nypd_complaints,2025-04-28,Monday,0.0,4.0,4.0
308753311,40.112488209581656,-77.51985541176332,HARRASSMENT 2,"HARASSMENT,SUBD 3,4,5",2025-06-27T00:00:00.000,nypd_complaints,2025-06-27,Friday,0.0,6.0,3.0
307297278,40.112488543785744,-77.51985515694332,BURGLARY,"BURGLARY,COMMERCIAL,DAY",2025-05-30T00:00:00.000,nypd_complaints,2025-05-30,Friday,0.0,5.0,6.0
307863107,40.11248832676604,-77.51985522520789,FELONY ASSAULT,"ASSAULT 2,1,UNCLASSIFIED",2025-06-10T00:00:00.000,nypd_complaints,2025-06-10,Tuesday,0.0,6.0,8.0
306315958,40.112488927242644,-77.51985450417031,ROBBERY,"ROBBERY,PERSONAL ELECTRONIC DEVICE",2025-05-12T00:00:00.000,nypd_complaints,2025-05-12,Monday,0.0,5.0,7.0
304376657,40.11248847129675,-77.5198548383481,GRAND LARCENY OF MOTOR VEHICLE,"LARCENY,GRAND OF AUTO",2024-11-27T00:00:00.000,nypd_complaints,2024-11-27,Wednesday,0.0,11.0,5.0
301270978,40.11248857449128,-77.51985513330236,GRAND LARCENY OF MOTOR VEHICLE,"LARCENY,GRAND OF AUTO",2025-02-18T00:00:00.000,nypd_complaints,2025-02-18,Tuesday,0.0,2.0,5.0
300791153,40.11248821843741,-77.51985541232006,BURGLARY,"BURGLARY,RESIDENCE,NIGHT",2025-02-07T00:00:00.000,nypd_complaints,2025-02-07,Friday,0.0,2.0,6.0
301333465,40.112488408274665,-77.51985487294452,GRAND LARCENY,"LARCENY,GRAND BY BANK ACCT COMPROMISE-UNAUTHORIZED PURCHASE",2025-02-18T00:00:00.000,nypd_complaints,2025-02-18,Tuesday,0.0,2.0,5.0
306193082,40.11248856775049,-77.51985514200847,HARRASSMENT 2,"HARASSMENT,SUBD 3,4,5",2025-05-12T00:00:00.000,nypd_complaints,2025-05-12,Monday,0.0,5.0,3.0
308259158,40.11248852832827,-77.51985453764051,GRAND LARCENY OF MOTOR VEHICLE,"LARCENY, GRAND OF MOPED",2025-06-16T00:00:00.000,nypd_complaints,2025-06-16,Monday,0.0,6.0,5.0
306647268,40.11248857491093,-77.5198549449262,ASSAULT 3 & RELATED OFFENSES,"MENACING,UNCLASSIFIED",2025-05-18T00:00:00.000,nypd_complaints,2025-05-18,Sunday,0.0,5.0,6.0
307794966,40.11248856027287,-77.51985450585649,RAPE,RAPE 3,2025-06-07T00:00:00.000,nypd_complaints,2025-06-07,Saturday,0.0,6.0,9.0
306016116,40.112488546110406,-77.5198550943599,ASSAULT 3 & RELATED OFFENSES,"MENACING,UNCLASSIFIED",2025-05-04T00:00:00.000,nypd_complaints,2025-05-04,Sunday,0.0,5.0,6.0
301280147,40.11248859165553,-77.51985460198232,DANGEROUS WEAPONS,"WEAPONS, POSSESSION, ETC",2025-02-18T00:00:00.000,nypd_complaints,2025-02-18,Tuesday,0.0,2.0,7.0
308031594,40.112488596092035,-77.51985456568626,GRAND LARCENY OF MOTOR VEHICLE,"LARCENY, GRAND OF MOPED",2025-06-13T00:00:00.000,nypd_complaints,2025-06-13,Friday,0.0,6.0,5.0
308161789,40.11248853088801,-77.51985513096908,ASSAULT 3 & RELATED OFFENSES,ASSAULT 3,2025-06-16T00:00:00.000,nypd_complaints,2025-06-16,Monday,0.0,6.0,6.0
301139298,40.11248894268142,-77.51985450402367,SEX CRIMES,"SEXUAL ABUSE 3,2",2025-02-13T00:00:00.000,nypd_complaints,2025-02-13,Thursday,0.0,2.0,8.0
304650219,40.112488917795666,-77.51985451027747,DANGEROUS WEAPONS,"WEAPONS, POSSESSION, ETC",2025-04-12T00:00:00.000,nypd_complaints,2025-04-12,Saturday,0.0,4.0,7.0
306313789,40.11248849269682,-77.51985496576627,HARRASSMENT 2,"HARASSMENT,SUBD 1,CIVILIAN",2025-05-12T00:00:00.000,nypd_complaints,2025-05-12,Monday,0.0,5.0,3.0
307721926,40.112488906159165,-77.51985453980036,GRAND LARCENY OF MOTOR VEHICLE,"LARCENY,GRAND OF AUTO",2025-06-08T00:00:00.000,nypd_complaints,2025-06-08,Sunday,0.0,6.0,5.0
306002144,40.1124885446366,-77.51985512934698,FELONY ASSAULT,"ASSAULT 2,1,UNCLASSIFIED",2025-05-07T00:00:00.000,nypd_complaints,2025-05-07,Wednesday,0.0,5.0,8.0
299129554,40.11248869237603,-77.51985454592997,GRAND LARCENY OF MOTOR VEHICLE,"LARCENY,GRAND OF AUTO",2025-01-09T00:00:00.000,nypd_complaints,2025-01-09,Thursday,0.0,1.0,5.0
303638909,40.112488234778205,-77.51985537338659,HARRASSMENT 2,"HARASSMENT,SUBD 3,4,5",2025-02-22T00:00:00.000,nypd_complaints,2025-02-22,Saturday,0.0,2.0,3.0
307032282,40.11248854781395,-77.51985463903326,FELONY ASSAULT,ASSAULT OTHER PUBLIC SERVICE EMPLOYEE,2025-05-26T00:00:00.000,nypd_complaints,2025-05-26,Monday,0.0,5.0,8.0
305446969H1,40.112488414484616,-77.51985453570742,MURDER & NON-NEGL. MANSLAUGHTER,(null),2025-04-27T00:00:00.000,nypd_complaints,2025-04-27,Sunday,0.0,4.0,10.0
308707902,40.11248844506459,-77.51985489407677,HARRASSMENT 2,"HARASSMENT,SUBD 1,CIVILIAN",2025-06-26T00:00:00.000,nypd_complaints,2025-06-26,Thursday,0.0,6.0,3.0
302998660,40.1124885604216,-77.51985511672655,HARRASSMENT 2,"HARASSMENT,SUBD 3,4,5",2025-03-16T00:00:00.000,nypd_complaints,2025-03-16,Sunday,0.0,3.0,3.0
300632417,40.11248851915905,-77.51985465732203,GRAND LARCENY OF MOTOR VEHICLE,"LARCENY,GRAND OF AUTO",2025-02-05T00:00:00.000,nypd_complaints,2025-02-05,Wednesday,0.0,2.0,5.0
303490020,40.1124885764498,-77.51985515181646,HARRASSMENT 2,"HARASSMENT,SUBD 3,4,5",2025-03-22T00:00:00.000,nypd_complaints,2025-03-22,Saturday,0.0,3.0,3.0
299700068,40.11248858129065,-77.51985501928928,DANGEROUS DRUGS,"CONTROLLED SUBSTANCE,INTENT TO",2025-01-19T00:00:00.000,nypd_complaints,2025-01-19,Sunday,0.0,1.0,4.0
305108339,40.11248824418891,-77.51985530977885,HARRASSMENT 2,"HARASSMENT,SUBD 3,4,5",2025-04-21T00:00:00.000,nypd_complaints,2025-04-21,Monday,0.0,4.0,3.0
306979593,40.1124885764498,-77.51985515181646,HARRASSMENT 2,"HARASSMENT,SUBD 3,4,5",2025-05-24T00:00:00.000,nypd_complaints,2025-05-24,Saturday,0.0,5.0,3.0
303508294,40.11248833905788,-77.5198552132325,BURGLARY,"BURGLARY,COMMERCIAL,NIGHT",2025-03-23T00:00:00.000,nypd_complaints,2025-03-23,Sunday,0.0,3.0,6.0
304969490,40.11248848744695,-77.51985501721259,GRAND LARCENY,"LARCENY,GRAND BY FALSE PROMISE-NOT IN PERSON CONTACT",2025-04-11T00:00:00.000,nypd_complaints,2025-04-11,Friday,0.0,4.0,5.0
304083162,40.11248853089833,-77.5198551379321,HARRASSMENT 2,"HARASSMENT,SUBD 3,4,5",2025-04-01T00:00:00.000,nypd_complaints,2025-04-01,Tuesday,0.0,4.0,3.0
301165159,40.11248825282055,-77.51985515465219,ROBBERY,"ROBBERY,DWELLING",2025-02-15T00:00:00.000,nypd_complaints,2025-02-15,Saturday,0.0,2.0,7.0
299280527,40.11248858295837,-77.51985456359918,DANGEROUS DRUGS,"CONTROLLED SUBSTANCE, POSSESSI",2025-01-11T00:00:00.000,nypd_complaints,2025-01-11,Saturday,0.0,1.0,4.0
308288023,40.11248883219739,-77.51985456691136,GRAND LARCENY,"LARCENY,GRAND BY THEFT OF CREDIT CARD",2025-06-13T00:00:00.000,nypd_complaints,2025-06-13,Friday,0.0,6.0,5.0
306978140,40.11248868828901,-77.51985454028835,DANGEROUS WEAPONS,"WEAPONS, POSSESSION, ETC",2025-05-24T00:00:00.000,nypd_complaints,2025-05-24,Saturday,0.0,5.0,7.0
298788053,40.11248857260082,-77.51985507022272,GRAND LARCENY,"LARCENY,GRAND BY BANK ACCT COMPROMISE-REPRODUCED CHECK",2024-10-28T00:00:00.000,nypd_complaints,2024-10-28,Monday,0.0,10.0,5.0
307049291,40.11248830193609,-77.51985519911332,HARRASSMENT 2,"HARASSMENT,SUBD 3,4,5",2025-05-16T00:00:00.000,nypd_complaints,2025-05-16,Friday,0.0,5.0,3.0
304255765,40.112488581369384,-77.51985501317887,DANGEROUS WEAPONS,WEAPONS POSSESSION 3,2025-04-05T00:00:00.000,nypd_complaints,2025-04-05,Saturday,0.0,4.0,7.0
303196578,40.11248826870271,-77.51985520871129,HARRASSMENT 2,"HARASSMENT,SUBD 3,4,5",2025-03-19T00:00:00.000,nypd_complaints,2025-03-19,Wednesday,0.0,3.0,3.0
301976397,40.11248891009533,-77.51985453702575,SEX CRIMES,"SEXUAL ABUSE 3,2",2025-03-03T00:00:00.000,nypd_complaints,2025-03-03,Monday,0.0,3.0,8.0
304483580,40.112488876683635,-77.51985456550932,GRAND LARCENY,"LARCENY,GRAND FROM NIGHT CLUB, UNATTENDED",2025-04-05T00:00:00.000,nypd_complaints,2025-04-05,Saturday,0.0,4.0,5.0
303882947,40.11248874954145,-77.5198545305547,GRAND LARCENY OF MOTOR VEHICLE,"LARCENY,GRAND OF AUTO",2025-03-29T00:00:00.000,nypd_complaints,2025-03-29,Saturday,0.0,3.0,5.0
308155512,40.11248819210295,-77.51985541084808,GRAND LARCENY,"LARCENY,GRAND BY IDENTITY THEFT-UNCLASSIFIED",2025-04-17T00:00:00.000,nypd_complaints,2025-04-17,Thursday,0.0,4.0,5.0
307314246,40.11248881799402,-77.519854575878,SEX CRIMES,"SEXUAL ABUSE 3,2",2025-05-30T00:00:00.000,nypd_complaints,2025-05-30,Friday,0.0,5.0,8.0
306672002,40.112488584165085,-77.51985483228317,HARRASSMENT 2,"HARASSMENT,SUBD 1,CIVILIAN",2025-05-19T00:00:00.000,nypd_complaints,2025-05-19,Monday,0.0,5.0,3.0
305218384,40.11248847137321,-77.5198550306751,GRAND LARCENY,"LARCENY,GRAND BY FALSE PROMISE-NOT IN PERSON CONTACT",2025-04-22T00:00:00.000,nypd_complaints,2025-04-22,Tuesday,0.0,4.0,5.0
305240493,40.1124882125874,-77.5198554044502,ASSAULT 3 & RELATED OFFENSES,OBSTR BREATH/CIRCUL,2025-04-23T00:00:00.000,nypd_complaints,2025-04-23,Wednesday,0.0,4.0,6.0
305083212,40.11248856760098,-77.51985510404695,ASSAULT 3 & RELATED OFFENSES,"MENACING,UNCLASSIFIED",2025-04-20T00:00:00.000,nypd_complaints,2025-04-20,Sunday,0.0,4.0,6.0
308448129,40.1124890928485,-77.5198541940506,SEX CRIMES,"SEXUAL ABUSE 3,2",2025-03-01T00:00:00.000,nypd_complaints,2025-03-01,Saturday,0.0,3.0,8.0
304419301,40.112488319768694,-77.51985515430087,HARRASSMENT 2,"HARASSMENT,SUBD 3,4,5",2025-04-08T00:00:00.000,nypd_complaints,2025-04-08,Tuesday,0.0,4.0,3.0
308290866,40.11248824178616,-77.51985527896636,HARRASSMENT 2,"HARASSMENT,SUBD 3,4,5",2025-06-18T00:00:00.000,nypd_complaints,2025-06-18,Wednesday,0.0,6.0,3.0
305334178,40.112488229125724,-77.5198553679278,FELONY ASSAULT,STRANGULATION 1ST,2025-02-24T00:00:00.000,nypd_complaints,2025-02-24,Monday,0.0,2.0,8.0
307350952,40.11248883182595,-77.51985455148596,FELONY ASSAULT,ASSAULT OTHER PUBLIC SERVICE EMPLOYEE,2025-05-31T00:00:00.000,nypd_complaints,2025-05-31,Saturday,0.0,5.0,8.0
301898074,40.1124886016711,-77.51985485269188,FELONY ASSAULT,"ASSAULT 2,1,UNCLASSIFIED",2025-03-01T00:00:00.000,nypd_complaints,2025-03-01,Saturday,0.0,3.0,8.0
307454967,40.112488855044184,-77.51985457299465,SEX CRIMES,"SEXUAL ABUSE 3,2",2025-06-03T00:00:00.000,nypd_complaints,2025-06-03,Tuesday,0.0,6.0,8.0
299879182,40.11248826479145,-77.51985535428543,HARRASSMENT 2,"HARASSMENT,SUBD 1,CIVILIAN",2025-01-22T00:00:00.000,nypd_complaints,2025-01-22,Wednesday,0.0,1.0,3.0
303772786,40.11248855170199,-77.51985498912798,KIDNAPPING & RELATED OFFENSES,"IMPRISONMENT 1,UNLAWFUL",2025-03-27T00:00:00.000,nypd_complaints,2025-03-27,Thursday,0.0,3.0,9.0
303653416,40.112488836951606,-77.51985458166507,GRAND LARCENY OF MOTOR VEHICLE,"LARCENY,GRAND OF AUTO",2025-03-26T00:00:00.000,nypd_complaints,2025-03-26,Wednesday,0.0,3.0,5.0
307689844,40.11248821928953,-77.51985537350221,ASSAULT 3 & RELATED OFFENSES,"MENACING,UNCLASSIFIED",2025-06-03T00:00:00.000,nypd_complaints,2025-06-03,Tuesday,0.0,6.0,6.0
308852394,40.11248891009533,-77.51985453702575,SEX CRIMES,"SEXUAL ABUSE 3,2",2025-06-29T00:00:00.000,nypd_complaints,2025-06-29,Sunday,0.0,6.0,8.0
302828693,40.11248821962795,-77.51985541399942,SEX CRIMES,"CHILD, ENDANGERING WELFARE",2025-03-15T00:00:00.000,nypd_complaints,2025-03-15,Saturday,0.0,3.0,8.0
302334666,40.112488939785166,-77.5198545476506,GRAND LARCENY OF MOTOR VEHICLE,"LARCENY,GRAND OF AUTO",2025-03-09T00:00:00.000,nypd_complaints,2025-03-09,Sunday,0.0,3.0,5.0
302197814,40.1124882601201,-77.51985525732833,HARRASSMENT 2,"HARASSMENT,SUBD 3,4,5",2025-03-06T00:00:00.000,nypd_complaints,2025-03-06,Thursday,0.0,3.0,3.0
308859045,40.1124882651688,-77.51985519807181,HARRASSMENT 2,"HARASSMENT,SUBD 3,4,5",2025-06-29T00:00:00.000,nypd_complaints,2025-06-29,Sunday,0.0,6.0,3.0
300441736,40.112488574671225,-77.51985500323953,CRIMINAL TRESPASS,"TRESPASS 2, CRIMINAL",2025-02-02T00:00:00.000,nypd_complaints,2025-02-02,Sunday,0.0,2.0,3.0
300826082,40.112488284828075,-77.51985514569843,ASSAULT 3 & RELATED OFFENSES,ASSAULT 3,2025-02-09T00:00:00.000,nypd_complaints,2025-02-09,Sunday,0.0,2.0,6.0
303695543,40.11248853190365,-77.51985504120067,FELONY ASSAULT,"ASSAULT 2,1,UNCLASSIFIED",2025-03-26T00:00:00.000,nypd_complaints,2025-03-26,Wednesday,0.0,3.0,8.0
304908161,40.112488576578656,-77.51985498866127,FELONY ASSAULT,"ASSAULT 2,1,UNCLASSIFIED",2025-04-17T00:00:00.000,nypd_complaints,2025-04-17,Thursday,0.0,4.0,8.0
307729824,40.11248856160878,-77.51985509339683,FELONY ASSAULT,STRANGULATION 1ST,2025-06-08T00:00:00.000,nypd_complaints,2025-06-08,Sunday,0.0,6.0,8.0
304974567,40.11248884952678,-77.5198545568213,DANGEROUS WEAPONS,"WEAPONS, POSSESSION, ETC",2025-04-18T00:00:00.000,nypd_complaints,2025-04-18,Friday,0.0,4.0,7.0
305908927,40.112488847062785,-77.51985455881695,DANGEROUS DRUGS,"CONTROLLED SUBSTANCE,SALE 3",2025-05-06T00:00:00.000,nypd_complaints,2025-05-06,Tuesday,0.0,5.0,4.0
304376627,40.1124887367953,-77.51985450821273,DANGEROUS WEAPONS,"WEAPONS, POSSESSION, ETC",2025-04-08T00:00:00.000,nypd_complaints,2025-04-08,Tuesday,0.0,4.0,7.0
302367467,40.11248851382896,-77.51985454388311,GRAND LARCENY OF MOTOR VEHICLE,"LARCENY,GRAND OF AUTO",2025-03-10T00:00:00.000,nypd_complaints,2025-03-10,Monday,0.0,3.0,5.0
301298019,40.11248890991938,-77.51985453652317,GRAND LARCENY,"LARCENY,GRAND BY THEFT OF CREDIT CARD",2025-02-18T00:00:00.000,nypd_complaints,2025-02-18,Tuesday,0.0,2.0,5.0
308580556,40.11248831244477,-77.5198552749842,GRAND LARCENY,"LARCENY,GRAND BY FALSE PROMISE-NOT IN PERSON CONTACT",2025-02-04T00:00:00.000,nypd_complaints,2025-02-04,Tuesday,0.0,2.0,5.0
306193081,40.112488602570366,-77.51985481607946,SEX CRIMES,"SEXUAL ABUSE 3,2",2025-05-09T00:00:00.000,nypd_complaints,2025-05-09,Friday,0.0,5.0,8.0
300990123,40.11248844216443,-77.51985512845923,ASSAULT 3 & RELATED OFFENSES,ASSAULT 3,2025-02-12T00:00:00.000,nypd_complaints,2025-02-12,Wednesday,0.0,2.0,6.0
307055861,40.1124885685429,-77.5198545769696,DANGEROUS WEAPONS,"WEAPONS, POSSESSION, ETC",2025-05-26T00:00:00.000,nypd_complaints,2025-05-26,Monday,0.0,5.0,7.0
306313745,40.112488691103366,-77.51985456659334,FELONY ASSAULT,ASSAULT OTHER PUBLIC SERVICE EMPLOYEE,2025-05-13T00:00:00.000,nypd_complaints,2025-05-13,Tuesday,0.0,5.0,8.0
307915634,40.11248835917504,-77.51985513454665,GRAND LARCENY,"LARCENY,GRAND FROM VEHICLE/MOTORCYCLE",2025-06-10T00:00:00.000,nypd_complaints,2025-06-10,Tuesday,0.0,6.0,5.0
302271254,40.11248891779569,-77.5198545102775,DANGEROUS WEAPONS,"WEAPONS, POSSESSION, ETC",2025-03-08T00:00:00.000,nypd_complaints,2025-03-08,Saturday,0.0,3.0,7.0
308853138,40.112488587217534,-77.51985485202451,DANGEROUS DRUGS,"CONTROLLED SUBSTANCE,INTENT TO",2025-03-31T00:00:00.000,nypd_complaints,2025-03-31,Monday,0.0,3.0,4.0
304629976,40.112488557983866,-77.5198551229925,ASSAULT 3 & RELATED OFFENSES,ASSAULT 3,2025-04-12T00:00:00.000,nypd_complaints,2025-04-12,Saturday,0.0,4.0,6.0
300274312,40.11248854556314,-77.51985480141735,GRAND LARCENY OF MOTOR VEHICLE,"LARCENY,GRAND OF AUTO",2024-11-01T00:00:00.000,nypd_complaints,2024-11-01,Friday,0.0,11.0,5.0
305684360,40.112488939546964,-77.51985454299766,GRAND LARCENY OF MOTOR VEHICLE,"LARCENY,GRAND OF AUTO",2025-04-25T00:00:00.000,nypd_complaints,2025-04-25,Friday,0.0,4.0,5.0
306340431,40.112488217887254,-77.5198553792392,HARRASSMENT 2,"HARASSMENT,SUBD 3,4,5",2025-05-11T00:00:00.000,nypd_complaints,2025-05-11,Sunday,0.0,5.0,3.0
305687473,40.11248841503039,-77.5198548924367,DANGEROUS DRUGS,"CONTROLLED SUBSTANCE,INTENT TO",2025-05-01T00:00:00.000,nypd_complaints,2025-05-01,Thursday,0.0,5.0,4.0
305467937,40.11248858601106,-77.51985461701197,GRAND LARCENY OF MOTOR VEHICLE,"LARCENY,GRAND OF AUTO",2025-04-28T00:00:00.000,nypd_complaints,2025-04-28,Monday,0.0,4.0,5.0
307814858,40.112488591986676,-77.51985456465913,GRAND LARCENY,"LARCENY,GRAND FROM PERSON,UNCL",2025-06-09T00:00:00.000,nypd_complaints,2025-06-09,Monday,0.0,6.0,5.0
302353814,40.11248881799402,-77.519854575878,SEX CRIMES,"SEXUAL ABUSE 3,2",2025-03-10T00:00:00.000,nypd_complaints,2025-03-10,Monday,0.0,3.0,8.0
303122273,40.11248857197563,-77.51985510394769,DANGEROUS DRUGS,"CONTROLLED SUBSTANCE, POSSESSI",2025-03-18T00:00:00.000,nypd_complaints,2025-03-18,Tuesday,0.0,3.0,4.0
305062994,40.11248855945791,-77.51985502237864,ASSAULT 3 & RELATED OFFENSES,OBSTR BREATH/CIRCUL,2025-04-21T00:00:00.000,nypd_complaints,2025-04-21,Monday,0.0,4.0,6.0
300049469,40.11248859001101,-77.51985483912956,HARRASSMENT 2,"HARASSMENT,SUBD 1,CIVILIAN",2025-01-26T00:00:00.000,nypd_complaints,2025-01-26,Sunday,0.0,1.0,3.0
301543740,40.11248860319656,-77.51985460571143,DANGEROUS DRUGS,"CONTROLLED SUBSTANCE,POSSESS.",2025-02-23T00:00:00.000,nypd_complaints,2025-02-23,Sunday,0.0,2.0,4.0
307961492,40.11248854789284,-77.51985453150982,GRAND LARCENY OF MOTOR VEHICLE,"LARCENY,GRAND OF AUTO",2025-06-11T00:00:00.000,nypd_complaints,2025-06-11,Wednesday,0.0,6.0,5.0
305523198,40.112488347270656,-77.51985500546468,HARRASSMENT 2,"HARASSMENT,SUBD 1,CIVILIAN",2025-04-03T00:00:00.000,nypd_complaints,2025-04-03,Thursday,0.0,4.0,3.0
305765483,40.11248849475137,-77.51985505574552,FELONY ASSAULT,"ASSAULT 2,1,UNCLASSIFIED",2025-05-03T00:00:00.000,nypd_complaints,2025-05-03,Saturday,0.0,5.0,8.0
308624914,40.11248833306541,-77.51985517909743,HARRASSMENT 2,"HARASSMENT,SUBD 3,4,5",2025-06-18T00:00:00.000,nypd_complaints,2025-06-18,Wednesday,0.0,6.0,3.0
298744737,40.11248881799402,-77.519854575878,RAPE,RAPE 3,2024-12-31T00:00:00.000,nypd_complaints,2024-12-31,Tuesday,0.0,12.0,9.0
305358740,40.11248849269682,-77.51985496576627,FELONY ASSAULT,ASSAULT POLICE/PEACE OFFICER,2025-04-25T00:00:00.000,nypd_complaints,2025-04-25,Friday,0.0,4.0,8.0
303391325,40.1124885424886,-77.51985505079256,DANGEROUS DRUGS,"CONTROLLED SUBSTANCE, POSSESSI",2025-03-21T00:00:00.000,nypd_complaints,2025-03-21,Friday,0.0,3.0,4.0
300265126,40.11248828479454,-77.51985525998352,BURGLARY,"BURGLARY,RESIDENCE,NIGHT",2025-01-30T00:00:00.000,nypd_complaints,2025-01-30,Thursday,0.0,1.0,6.0
306986024,40.11248835060899,-77.51985512122147,HARRASSMENT 2,"HARASSMENT,SUBD 3,4,5",2025-05-24T00:00:00.000,nypd_complaints,2025-05-24,Saturday,0.0,5.0,3.0
300274314,40.11248853117205,-77.51985484006674,ASSAULT 3 & RELATED OFFENSES,"MENACING,UNCLASSIFIED",2025-01-28T00:00:00.000,nypd_complaints,2025-01-28,Tuesday,0.0,1.0,6.0
307656241,40.112488603323825,-77.51985481694997,FELONY ASSAULT,ASSAULT POLICE/PEACE OFFICER,2025-06-06T00:00:00.000,nypd_complaints,2025-06-06,Friday,0.0,6.0,8.0
307534627,40.112488421264054,-77.51985513587293,GRAND LARCENY,"LARCENY,GRAND FROM STORE-SHOPL",2025-06-03T00:00:00.000,nypd_complaints,2025-06-03,Tuesday,0.0,6.0,5.0
308827984,40.112488855044184,-77.51985457299465,SEX CRIMES,"SEXUAL ABUSE 3,2",2025-06-29T00:00:00.000,nypd_complaints,2025-06-29,Sunday,0.0,6.0,8.0
299372859,40.11248894268142,-77.51985450402367,RAPE,RAPE 3,2025-01-12T00:00:00.000,nypd_complaints,2025-01-12,Sunday,0.0,1.0,9.0
306206539,40.112488427412494,-77.51985452042682,DANGEROUS WEAPONS,"WEAPONS, POSSESSION, ETC",2025-05-10T00:00:00.000,nypd_complaints,2025-05-10,Saturday,0.0,5.0,7.0
304191213,40.11248877357393,-77.51985460054954,FELONY ASSAULT,ASSAULT POLICE/PEACE OFFICER,2025-04-04T00:00:00.000,nypd_complaints,2025-04-04,Friday,0.0,4.0,8.0
300342758,40.112488424690916,-77.51985498303189,GRAND LARCENY,"LARCENY,GRAND BY BANK ACCT COMPROMISE-REPRODUCED CHECK",2025-01-15T00:00:00.000,nypd_complaints,2025-01-15,Wednesday,0.0,1.0,5.0
302846954,40.11248838484942,-77.51985493500985,GRAND LARCENY,"LARCENY,GRAND FROM STORE-SHOPL",2025-03-15T00:00:00.000,nypd_complaints,2025-03-15,Saturday,0.0,3.0,5.0
307603996,40.112488226903174,-77.51985537291698,ROBBERY,"ROBBERY,PERSONAL ELECTRONIC DEVICE",2025-06-04T00:00:00.000,nypd_complaints,2025-06-04,Wednesday,0.0,6.0,7.0
308483703,40.112488533021114,-77.51985493043857,HARRASSMENT 2,"HARASSMENT,SUBD 1,CIVILIAN",2025-06-22T00:00:00.000,nypd_complaints,2025-06-22,Sunday,0.0,6.0,3.0
305303082,40.11248846061471,-77.51985498167501,FELONY ASSAULT,ASSAULT POLICE/PEACE OFFICER,2025-04-24T00:00:00.000,nypd_complaints,2025-04-24,Thursday,0.0,4.0,8.0
306557032,40.11248833694854,-77.51985506839652,ROBBERY,"ROBBERY,BICYCLE",2025-05-16T00:00:00.000,nypd_complaints,2025-05-16,Friday,0.0,5.0,7.0
304776275,40.11248892076497,-77.51985452060867,DANGEROUS WEAPONS,"WEAPONS, POSSESSION, ETC",2025-04-06T00:00:00.000,nypd_complaints,2025-04-06,Sunday,0.0,4.0,7.0
305590871,40.112488333798346,-77.51985521070664,GRAND LARCENY,"LARCENY,GRAND BY OPEN CREDIT CARD (NEW ACCT)",2025-04-12T00:00:00.000,nypd_complaints,2025-04-12,Saturday,0.0,4.0,5.0
305492714,40.11248818494981,-77.51985537942865,ASSAULT 3 & RELATED OFFENSES,ASSAULT 3,2025-04-27T00:00:00.000,nypd_complaints,2025-04-27,Sunday,0.0,4.0,6.0
307442583,40.112488524952376,-77.51985510220017,ASSAULT 3 & RELATED OFFENSES,OBSTR BREATH/CIRCUL,2025-05-18T00:00:00.000,nypd_complaints,2025-05-18,Sunday,0.0,5.0,6.0
300032315,40.112488421264054,-77.51985513587293,ROBBERY,"ROBBERY,BEGIN AS SHOPLIFTING",2025-01-25T00:00:00.000,nypd_complaints,2025-01-25,Saturday,0.0,1.0,7.0
303467007,40.11248858129561,-77.51985456567749,DANGEROUS WEAPONS,"WEAPONS, POSSESSION, ETC",2025-03-22T00:00:00.000,nypd_complaints,2025-03-22,Saturday,0.0,3.0,7.0
299867635,40.11248854247792,-77.51985462646776,DANGEROUS WEAPONS,"WEAPONS, POSSESSION, ETC",2025-01-22T00:00:00.000,nypd_complaints,2025-01-22,Wednesday,0.0,1.0,7.0
300101380,40.1124886016711,-77.51985485269188,DANGEROUS DRUGS,"CONTROLLED SUBSTANCE,INTENT TO",2025-01-27T00:00:00.000,nypd_complaints,2025-01-27,Monday,0.0,1.0,4.0
307534628,40.11248844391539,-77.51985490069283,GRAND LARCENY,"LARCENY,GRAND FROM PERSON,PERSONAL ELECTRONIC DEVICE(SNATCH)",2025-06-04T00:00:00.000,nypd_complaints,2025-06-04,Wednesday,0.0,6.0,5.0
304849936,40.11248853484427,-77.5198551256127,HARRASSMENT 2,"HARASSMENT,SUBD 3,4,5",2025-04-09T00:00:00.000,nypd_complaints,2025-04-09,Wednesday,0.0,4.0,3.0
304734955,40.11248891836508,-77.51985453560594,DANGEROUS DRUGS,"CONTROLLED SUBSTANCE,SALE 3",2025-04-14T00:00:00.000,nypd_complaints,2025-04-14,Monday,0.0,4.0,4.0
302433948,40.1124885736001,-77.5198550100851,ASSAULT 3 & RELATED OFFENSES,OBSTR BREATH/CIRCUL,2025-03-06T00:00:00.000,nypd_complaints,2025-03-06,Thursday,0.0,3.0,6.0
308069901,40.11248852734123,-77.51985513373864,HARRASSMENT 2,"HARASSMENT,SUBD 3,4,5",2025-06-13T00:00:00.000,nypd_complaints,2025-06-13,Friday,0.0,6.0,3.0
308116817,40.112488555422786,-77.51985511670094,FELONY ASSAULT,STRANGULATION 1ST,2025-06-15T00:00:00.000,nypd_complaints,2025-06-15,Sunday,0.0,6.0,8.0
303496618,40.11248846559893,-77.51985513061298,ASSAULT 3 & RELATED OFFENSES,"MENACING,UNCLASSIFIED",2025-03-23T00:00:00.000,nypd_complaints,2025-03-23,Sunday,0.0,3.0,6.0
298970744,40.11248856488476,-77.51985495879127,CRIMINAL TRESPASS,"TRESPASS 2, CRIMINAL",2025-01-06T00:00:00.000,nypd_complaints,2025-01-06,Monday,0.0,1.0,3.0
303023909,40.11248849416472,-77.51985454535006,SEX CRIMES,"SEXUAL ABUSE 3,2",2025-03-17T00:00:00.000,nypd_complaints,2025-03-17,Monday,0.0,3.0,8.0
301667626,40.112488495922584,-77.5198549679674,GRAND LARCENY,"LARCENY,GRAND FROM STORE-SHOPL",2025-02-22T00:00:00.000,nypd_complaints,2025-02-22,Saturday,0.0,2.0,5.0
305608878,40.11248853571347,-77.51985507084576,DANGEROUS WEAPONS,"WEAPONS, POSSESSION, ETC",2025-04-30T00:00:00.000,nypd_complaints,2025-04-30,Wednesday,0.0,4.0,7.0
305241122,40.112488573708085,-77.51985512405558,ASSAULT 3 & RELATED OFFENSES,ASSAULT 3,2025-04-24T00:00:00.000,nypd_complaints,2025-04-24,Thursday,0.0,4.0,6.0
306562246,40.11248881799402,-77.519854575878,SEX CRIMES,"SEXUAL ABUSE 3,2",2025-05-15T00:00:00.000,nypd_complaints,2025-05-15,Thursday,0.0,5.0,8.0
304693620,40.11248855480229,-77.51985495872843,CRIMINAL TRESPASS,"TRESPASS 2, CRIMINAL",2025-04-11T00:00:00.000,nypd_complaints,2025-04-11,Friday,0.0,4.0,3.0
307187368,40.11248836158159,-77.51985511371728,HARRASSMENT 2,"HARASSMENT,SUBD 3,4,5",2025-05-26T00:00:00.000,nypd_complaints,2025-05-26,Monday,0.0,5.0,3.0
300261771,40.1124884137963,-77.51985482553455,DANGEROUS DRUGS,"CONTROLLED SUBSTANCE,POSSESS.",2025-01-30T00:00:00.000,nypd_complaints,2025-01-30,Thursday,0.0,1.0,4.0
304838768,40.11248834684382,-77.51985502489859,GRAND LARCENY,"LARCENY,GRAND BY THEFT OF CREDIT CARD",2025-04-11T00:00:00.000,nypd_complaints,2025-04-11,Friday,0.0,4.0,5.0
300533168,40.112488421264054,-77.51985513587293,ROBBERY,"ROBBERY,CLOTHING",2025-02-04T00:00:00.000,nypd_complaints,2025-02-04,Tuesday,0.0,2.0,7.0
305519992,40.11248855587407,-77.51985481077455,DANGEROUS WEAPONS,"WEAPONS, POSSESSION, ETC",2025-04-29T00:00:00.000,nypd_complaints,2025-04-29,Tuesday,0.0,4.0,7.0
307222752,40.11248856515939,-77.51985463085758,GRAND LARCENY,"LARCENY,GRAND FROM BUILDING (NON-RESIDENCE) UNATTENDED",2025-05-29T00:00:00.000,nypd_complaints,2025-05-29,Thursday,0.0,5.0,5.0
307841266,40.1124889201093,-77.51985453405695,GRAND LARCENY,"LARCENY,GRAND FROM PERSON,UNCL",2025-06-10T00:00:00.000,nypd_complaints,2025-06-10,Tuesday,0.0,6.0,5.0
302369398,40.11248841043098,-77.51985512871173,ASSAULT 3 & RELATED OFFENSES,ASSAULT 3,2025-03-10T00:00:00.000,nypd_complaints,2025-03-10,Monday,0.0,3.0,6.0
307086815,40.11248821208153,-77.51985539333957,HARRASSMENT 2,"HARASSMENT,SUBD 3,4,5",2025-05-22T00:00:00.000,nypd_complaints,2025-05-22,Thursday,0.0,5.0,3.0
300075213,40.11248823017155,-77.51985524434326,ASSAULT 3 & RELATED OFFENSES,ASSAULT 3,2025-01-27T00:00:00.000,nypd_complaints,2025-01-27,Monday,0.0,1.0,6.0
306011376,40.112488450663434,-77.51985511565555,ASSAULT 3 & RELATED OFFENSES,ASSAULT 3,2025-05-05T00:00:00.000,nypd_complaints,2025-05-05,Monday,0.0,5.0,6.0
305315736,40.112488580757145,-77.51985462347697,FELONY ASSAULT,ASSAULT POLICE/PEACE OFFICER,2025-04-24T00:00:00.000,nypd_complaints,2025-04-24,Thursday,0.0,4.0,8.0
301081133,40.11248858198009,-77.51985484077345,HARRASSMENT 2,"HARASSMENT,SUBD 1,CIVILIAN",2025-02-13T00:00:00.000,nypd_complaints,2025-02-13,Thursday,0.0,2.0,3.0
308597605,40.11248844000698,-77.51985507207048,ASSAULT 3 & RELATED OFFENSES,"MENACING,UNCLASSIFIED",2025-06-25T00:00:00.000,nypd_complaints,2025-06-25,Wednesday,0.0,6.0,6.0
300069591,40.11248862919782,-77.51985459199513,DANGEROUS WEAPONS,"WEAPONS, POSSESSION, ETC",2025-01-26T00:00:00.000,nypd_complaints,2025-01-26,Sunday,0.0,1.0,7.0
306228828,40.112488470773656,-77.51985516694496,ASSAULT 3 & RELATED OFFENSES,ASSAULT 3,2025-05-10T00:00:00.000,nypd_complaints,2025-05-10,Saturday,0.0,5.0,6.0
302954907,40.11248892239454,-77.51985450632831,ROBBERY,"ROBBERY,PERSONAL ELECTRONIC DEVICE",2025-03-16T00:00:00.000,nypd_complaints,2025-03-16,Sunday,0.0,3.0,7.0
300384926,40.112488602570366,-77.51985481607946,SEX CRIMES,"SEXUAL ABUSE 3,2",2025-01-31T00:00:00.000,nypd_complaints,2025-01-31,Friday,0.0,1.0,8.0
301401281,40.112488561914276,-77.51985481278523,GRAND LARCENY OF MOTOR VEHICLE,"LARCENY,GRAND OF AUTO",2025-02-19T00:00:00.000,nypd_complaints,2025-02-19,Wednesday,0.0,2.0,5.0
299038372,40.112488541078434,-77.51985516393219,GRAND LARCENY,"LARCENY,GRAND FROM STORE-SHOPL",2025-01-07T00:00:00.000,nypd_complaints,2025-01-07,Tuesday,0.0,1.0,5.0
308411518,40.11248883531743,-77.51985454240935,GRAND LARCENY,"LARCENY,GRAND FROM NIGHT CLUB, UNATTENDED",2025-06-20T00:00:00.000,nypd_complaints,2025-06-20,Friday,0.0,6.0,5.0
300427440,40.112488778799005,-77.51985456227649,GRAND LARCENY,"LARCENY,GRAND BY THEFT OF CREDIT CARD",2025-02-01T00:00:00.000,nypd_complaints,2025-02-01,Saturday,0.0,2.0,5.0
306587403,40.11248891009533,-77.51985453702575,SEX CRIMES,"SEXUAL ABUSE 3,2",2025-05-17T00:00:00.000,nypd_complaints,2025-05-17,Saturday,0.0,5.0,8.0
304523652,40.11248878986344,-77.51985459046325,ROBBERY,"ROBBERY,PERSONAL ELECTRONIC DEVICE",2025-04-10T00:00:00.000,nypd_complaints,2025-04-10,Thursday,0.0,4.0,7.0
299229866,40.11248855479365,-77.51985508982706,GRAND LARCENY,"LARCENY,GRAND BY IDENTITY THEFT-UNCLASSIFIED",2025-01-10T00:00:00.000,nypd_complaints,2025-01-10,Friday,0.0,1.0,5.0
302681381,40.11248828869201,-77.51985538370165,HARRASSMENT 2,"HARASSMENT,SUBD 1,CIVILIAN",2025-03-11T00:00:00.000,nypd_complaints,2025-03-11,Tuesday,0.0,3.0,3.0
301374732,40.11248856824359,-77.51985514490015,FELONY ASSAULT,"ASSAULT 2,1,UNCLASSIFIED",2025-02-19T00:00:00.000,nypd_complaints,2025-02-19,Wednesday,0.0,2.0,8.0
302879660,40.11248858129561,-77.51985456567752,DANGEROUS DRUGS,"CONTROLLED SUBSTANCE,POSSESS.",2025-03-15T00:00:00.000,nypd_complaints,2025-03-15,Saturday,0.0,3.0,4.0
304722034,40.11248854056196,-77.519855062092,ASSAULT 3 & RELATED OFFENSES,"MENACING,UNCLASSIFIED",2025-04-14T00:00:00.000,nypd_complaints,2025-04-14,Monday,0.0,4.0,6.0
306572399,40.11248856918137,-77.51985503602917,GRAND LARCENY,"LARCENY,GRAND BY BANK ACCT COMPROMISE-UNCLASSIFIED",2025-05-16T00:00:00.000,nypd_complaints,2025-05-16,Friday,0.0,5.0,5.0
307428905,40.11248849416472,-77.51985454535006,SEX CRIMES,"SEXUAL ABUSE 3,2",2025-06-02T00:00:00.000,nypd_complaints,2025-06-02,Monday,0.0,6.0,8.0
301524619,40.112488431607126,-77.51985489486763,HARRASSMENT 2,"HARASSMENT,SUBD 1,CIVILIAN",2025-02-22T00:00:00.000,nypd_complaints,2025-02-22,Saturday,0.0,2.0,3.0
300779558,40.11248853088801,-77.51985513096908,HARRASSMENT 2,"HARASSMENT,SUBD 3,4,5",2025-02-07T00:00:00.000,nypd_complaints,2025-02-07,Friday,0.0,2.0,3.0
304222159,40.112488583181204,-77.51985501152777,FELONY ASSAULT,"ASSAULT 2,1,UNCLASSIFIED",2025-04-05T00:00:00.000,nypd_complaints,2025-04-05,Saturday,0.0,4.0,8.0
303792686,40.112488200736166,-77.51985537687779,HARRASSMENT 2,"HARASSMENT,SUBD 3,4,5",2025-03-30T00:00:00.000,nypd_complaints,2025-03-30,Sunday,0.0,3.0,3.0
306821187,40.112488287061055,-77.51985526773709,HARRASSMENT 2,"HARASSMENT,SUBD 3,4,5",2025-05-20T00:00:00.000,nypd_complaints,2025-05-20,Tuesday,0.0,5.0,3.0
300854455,40.112488563756344,-77.51985494613461,HARRASSMENT 2,"HARASSMENT,SUBD 1,CIVILIAN",2025-02-09T00:00:00.000,nypd_complaints,2025-02-09,Sunday,0.0,2.0,3.0
308389766,40.112488771359814,-77.51985452980092,DANGEROUS WEAPONS,"WEAPONS, POSSESSION, ETC",2025-06-20T00:00:00.000,nypd_complaints,2025-06-20,Friday,0.0,6.0,7.0
301178049,40.11248881799402,-77.519854575878,SEX CRIMES,"SEXUAL ABUSE 3,2",2025-02-15T00:00:00.000,nypd_complaints,2025-02-15,Saturday,0.0,2.0,8.0
302130788,40.11248885093893,-77.51985458657998,CRIMINAL TRESPASS,"TRESPASS 3, CRIMINAL",2025-03-05T00:00:00.000,nypd_complaints,2025-03-05,Wednesday,0.0,3.0,3.0
308827676,40.11248845942585,-77.51985509111601,ASSAULT 3 & RELATED OFFENSES,ASSAULT 3,2025-06-29T00:00:00.000,nypd_complaints,2025-06-29,Sunday,0.0,6.0,6.0
302664644,40.11248849305067,-77.51985511493407,DANGEROUS DRUGS,"CONTROLLED SUBSTANCE,SALE 1",2025-03-12T00:00:00.000,nypd_complaints,2025-03-12,Wednesday,0.0,3.0,4.0
304677860,40.112488544054365,-77.5198551221665,HARRASSMENT 2,"HARASSMENT,SUBD 3,4,5",2025-04-13T00:00:00.000,nypd_complaints,2025-04-13,Sunday,0.0,4.0,3.0
300566170,40.112488544054365,-77.5198551221665,HARRASSMENT 2,"HARASSMENT,SUBD 3,4,5",2025-02-04T00:00:00.000,nypd_complaints,2025-02-04,Tuesday,0.0,2.0,3.0
300699385,40.11248855521763,-77.51985504441075,FELONY ASSAULT,"ASSAULT 2,1,UNCLASSIFIED",2025-02-06T00:00:00.000,nypd_complaints,2025-02-06,Thursday,0.0,2.0,8.0
299968926,40.11248856848573,-77.51985484311517,HARRASSMENT 2,"HARASSMENT,SUBD 1,CIVILIAN",2025-01-24T00:00:00.000,nypd_complaints,2025-01-24,Friday,0.0,1.0,3.0
302107993,40.112488528844025,-77.51985464797842,DANGEROUS DRUGS,"CONTROLLED SUBSTANCE, POSSESSI",2025-03-05T00:00:00.000,nypd_complaints,2025-03-05,Wednesday,0.0,3.0,4.0
300114762,40.11248853777818,-77.51985467602158,GRAND LARCENY,"LARCENY,GRAND BY OPEN/COMPROMISE CELL PHONE ACCT",2025-01-05T00:00:00.000,nypd_complaints,2025-01-05,Sunday,0.0,1.0,5.0
307943337,40.112488299613894,-77.51985531038409,FELONY ASSAULT,"ASSAULT 2,1,UNCLASSIFIED",2025-06-11T00:00:00.000,nypd_complaints,2025-06-11,Wednesday,0.0,6.0,8.0
305750689,40.112488604390656,-77.51985486639786,DANGEROUS DRUGS,"CONTROLLED SUBSTANCE, POSSESSI",2025-05-02T00:00:00.000,nypd_complaints,2025-05-02,Friday,0.0,5.0,4.0
303762862,40.112488536724456,-77.51985511542846,ASSAULT 3 & RELATED OFFENSES,ASSAULT 3,2025-03-27T00:00:00.000,nypd_complaints,2025-03-27,Thursday,0.0,3.0,6.0
306143167,40.11248855079804,-77.51985459943637,GRAND LARCENY,"LARCENY,GRAND BY BANK ACCT COMPROMISE-UNCLASSIFIED",2024-12-13T00:00:00.000,nypd_complaints,2024-12-13,Friday,0.0,12.0,5.0
307418083,40.112488522457596,-77.51985481647554,GRAND LARCENY OF MOTOR VEHICLE,"LARCENY,GRAND OF AUTO",2025-05-31T00:00:00.000,nypd_complaints,2025-05-31,Saturday,0.0,5.0,5.0
303124037,40.112488464738526,-77.51985483129884,DANGEROUS WEAPONS,"WEAPONS, POSSESSION, ETC",2025-03-18T00:00:00.000,nypd_complaints,2025-03-18,Tuesday,0.0,3.0,7.0
307230072,40.112488544054365,-77.5198551221665,GRAND LARCENY OF MOTOR VEHICLE,"LARCENY,GRAND OF AUTO",2025-05-29T00:00:00.000,nypd_complaints,2025-05-29,Thursday,0.0,5.0,5.0
300427510,40.11248857541554,-77.51985497063893,DANGEROUS WEAPONS,WEAPONS POSSESSION 3,2025-02-02T00:00:00.000,nypd_complaints,2025-02-02,Sunday,0.0,2.0,7.0
307812890,40.11248821962795,-77.51985541399942,SEX CRIMES,"CHILD, ENDANGERING WELFARE",2025-06-09T00:00:00.000,nypd_complaints,2025-06-09,Monday,0.0,6.0,8.0
307548970,40.11248859350287,-77.51985484160939,HARRASSMENT 2,"HARASSMENT,SUBD 1,CIVILIAN",2025-06-04T00:00:00.000,nypd_complaints,2025-06-04,Wednesday,0.0,6.0,3.0
302444436,40.11248834014849,-77.5198552284489,HARRASSMENT 2,"HARASSMENT,SUBD 3,4,5",2025-03-11T00:00:00.000,nypd_complaints,2025-03-11,Tuesday,0.0,3.0,3.0
303486995,40.11248854547665,-77.51985513633765,HARRASSMENT 2,"HARASSMENT,SUBD 3,4,5",2025-03-22T00:00:00.000,nypd_complaints,2025-03-22,Saturday,0.0,3.0,3.0
308681931,40.112488421264054,-77.51985513587293,GRAND LARCENY,"LARCENY,GRAND FROM EATERY, UNATTENDED",2025-06-26T00:00:00.000,nypd_complaints,2025-06-26,Thursday,0.0,6.0,5.0
305210334,40.11248868928414,-77.51985459269855,BURGLARY,"BURGLARY,COMMERCIAL,DAY",2025-04-14T00:00:00.000,nypd_complaints,2025-04-14,Monday,0.0,4.0,6.0
301513676,40.11248887735447,-77.5198545390613,DANGEROUS WEAPONS,"WEAPONS, POSSESSION, ETC",2025-02-22T00:00:00.000,nypd_complaints,2025-02-22,Saturday,0.0,2.0,7.0
305431100,40.11248884602276,-77.5198545213055,GRAND LARCENY OF MOTOR VEHICLE,"LARCENY, GRAND OF MOPED",2025-04-27T00:00:00.000,nypd_complaints,2025-04-27,Sunday,0.0,4.0,5.0
303558544,40.11248882382442,-77.51985457459125,ROBBERY,"ROBBERY,PERSONAL ELECTRONIC DEVICE",2025-03-24T00:00:00.000,nypd_complaints,2025-03-24,Monday,0.0,3.0,7.0
306102110,40.112488421264054,-77.51985513587293,GRAND LARCENY,"LARCENY,GRAND FROM RETAIL STORE, UNATTENDED",2025-05-08T00:00:00.000,nypd_complaints,2025-05-08,Thursday,0.0,5.0,5.0
307525400,40.112488903372714,-77.51985456804101,GRAND LARCENY,"LARCENY,GRAND BY THEFT OF CREDIT CARD",2025-06-02T00:00:00.000,nypd_complaints,2025-06-02,Monday,0.0,6.0,5.0
299362812,40.11248857656915,-77.51985457777675,BURGLARY,"BURGLARY,COMMERCIAL,DAY",2025-01-12T00:00:00.000,nypd_complaints,2025-01-12,Sunday,0.0,1.0,6.0
300562249,40.1124885764498,-77.51985515181646,HARRASSMENT 2,"HARASSMENT,SUBD 3,4,5",2025-02-03T00:00:00.000,nypd_complaints,2025-02-03,Monday,0.0,2.0,3.0
303687325,40.112488742773074,-77.51985450237026,DANGEROUS WEAPONS,"WEAPONS, POSSESSION, ETC",2025-03-26T00:00:00.000,nypd_complaints,2025-03-26,Wednesday,0.0,3.0,7.0
308793978,40.11248851983062,-77.51985508791401,BURGLARY,"BURGLARY,TRUCK NIGHT",2025-06-29T00:00:00.000,nypd_complaints,2025-06-29,Sunday,0.0,6.0,6.0
303087439,40.11248882462461,-77.51985454334141,GRAND LARCENY,"LARCENY,GRAND BY THEFT OF CREDIT CARD",2025-03-16T00:00:00.000,nypd_complaints,2025-03-16,Sunday,0.0,3.0,5.0
302939469,40.11248852758881,-77.51985482786093,HARRASSMENT 2,"HARASSMENT,SUBD 1,CIVILIAN",2025-03-16T00:00:00.000,nypd_complaints,2025-03-16,Sunday,0.0,3.0,3.0
308312898,40.11248846467423,-77.51985511447145,BURGLARY,"BURGLARY,COMMERCIAL,NIGHT",2025-06-19T00:00:00.000,nypd_complaints,2025-06-19,Thursday,0.0,6.0,6.0
304562521,40.112488473493485,-77.51985520574691,HARRASSMENT 2,"HARASSMENT,SUBD 3,4,5",2025-04-10T00:00:00.000,nypd_complaints,2025-04-10,Thursday,0.0,4.0,3.0
303918349,40.112488575701775,-77.519854564185,GRAND LARCENY,"LARCENY,GRAND FROM PERSON,LUSH WORKER(SLEEPING/UNCON VICTIM)",2025-03-29T00:00:00.000,nypd_complaints,2025-03-29,Saturday,0.0,3.0,5.0
300690525,40.11248845637985,-77.51985501750355,FELONY ASSAULT,"ASSAULT 2,1,UNCLASSIFIED",2025-02-04T00:00:00.000,nypd_complaints,2025-02-04,Tuesday,0.0,2.0,8.0
299359386,40.11248849305067,-77.51985511493407,HARRASSMENT 2,"HARASSMENT,SUBD 3,4,5",2025-01-13T00:00:00.000,nypd_complaints,2025-01-13,Monday,0.0,1.0,3.0
304815265,40.11248855116235,-77.51985463746996,GRAND LARCENY OF MOTOR VEHICLE,"LARCENY,GRAND OF AUTO",2025-04-15T00:00:00.000,nypd_complaints,2025-04-15,Tuesday,0.0,4.0,5.0
301375442,40.112488524975134,-77.51985508446602,ROBBERY,"ROBBERY,UNLICENSED FOR HIRE VEHICLE",2025-02-19T00:00:00.000,nypd_complaints,2025-02-19,Wednesday,0.0,2.0,7.0
306753182,40.11248830187243,-77.519855242112,ASSAULT 3 & RELATED OFFENSES,ASSAULT 3,2025-05-21T00:00:00.000,nypd_complaints,2025-05-21,Wednesday,0.0,5.0,6.0
304345541,40.11248860413189,-77.51985482966141,ROBBERY,"ROBBERY,PERSONAL ELECTRONIC DEVICE",2025-04-07T00:00:00.000,nypd_complaints,2025-04-07,Monday,0.0,4.0,7.0
300068050,40.112488784465135,-77.51985456216279,GRAND LARCENY,"LARCENY,GRAND FROM PERSON,UNCL",2025-01-25T00:00:00.000,nypd_complaints,2025-01-25,Saturday,0.0,1.0,5.0
299400170,40.11248891009533,-77.51985453702575,SEX CRIMES,"SEXUAL ABUSE 3,2",2025-01-14T00:00:00.000,nypd_complaints,2025-01-14,Tuesday,0.0,1.0,8.0
306877757,40.11248887989834,-77.51985454801068,SEX CRIMES,"SEXUAL ABUSE 3,2",2025-05-18T00:00:00.000,nypd_complaints,2025-05-18,Sunday,0.0,5.0,8.0
304027472,40.11248837190747,-77.5198549336953,DANGEROUS DRUGS,"CONTROLLED SUBSTANCE,INTENT TO",2025-04-02T00:00:00.000,nypd_complaints,2025-04-02,Wednesday,0.0,4.0,4.0
300796396,40.112488421264054,-77.51985513587293,GRAND LARCENY,"LARCENY,GRAND FROM VEHICLE/MOTORCYCLE",2025-02-08T00:00:00.000,nypd_complaints,2025-02-08,Saturday,0.0,2.0,5.0
300673750,40.11248855457801,-77.51985507981571,DANGEROUS DRUGS,"CONTROLLED SUBSTANCE,SALE 3",2025-02-06T00:00:00.000,nypd_complaints,2025-02-06,Thursday,0.0,2.0,4.0
307310780,40.11248885499998,-77.51985456083185,GRAND LARCENY,"LARCENY,GRAND FROM NIGHT CLUB, UNATTENDED",2025-05-31T00:00:00.000,nypd_complaints,2025-05-31,Saturday,0.0,5.0,5.0
299528820,40.11248891779569,-77.5198545102775,DANGEROUS WEAPONS,"WEAPONS, POSSESSION, ETC",2025-01-16T00:00:00.000,nypd_complaints,2025-01-16,Thursday,0.0,1.0,7.0
305021439,40.11248892076497,-77.51985452060867,DANGEROUS WEAPONS,"WEAPONS, POSSESSION, ETC",2025-04-19T00:00:00.000,nypd_complaints,2025-04-19,Saturday,0.0,4.0,7.0
304794437,40.112488317640796,-77.51985532157137,HARRASSMENT 2,"HARASSMENT,SUBD 3,4,5",2025-04-15T00:00:00.000,nypd_complaints,2025-04-15,Tuesday,0.0,4.0,3.0
307534578,40.11248856808263,-77.51985465033455,GRAND LARCENY,"LARCENY,GRAND BY ACQUIRING LOS",2024-12-05T00:00:00.000,nypd_complaints,2024-12-05,Thursday,0.0,12.0,5.0
302932851,40.112488406209046,-77.51985490913138,SEX CRIMES,"SEXUAL ABUSE 3,2",2025-03-16T00:00:00.000,nypd_complaints,2025-03-16,Sunday,0.0,3.0,8.0
299795239,40.11248887989834,-77.51985454801068,SEX CRIMES,"SEXUAL ABUSE 3,2",2025-01-20T00:00:00.000,nypd_complaints,2025-01-20,Monday,0.0,1.0,8.0
301238311,40.11248891009533,-77.51985453702575,SEX CRIMES,"SEXUAL ABUSE 3,2",2025-02-17T00:00:00.000,nypd_complaints,2025-02-17,Monday,0.0,2.0,8.0
305648654,40.11248849852512,-77.51985450757532,DANGEROUS WEAPONS,"WEAPONS, POSSESSION, ETC",2025-05-01T00:00:00.000,nypd_complaints,2025-05-01,Thursday,0.0,5.0,7.0
306818250,40.11248870322389,-77.51985458972183,CRIMINAL TRESPASS,"TRESPASS 3, CRIMINAL",2025-05-20T00:00:00.000,nypd_complaints,2025-05-20,Tuesday,0.0,5.0,3.0
301630000,40.11248831586523,-77.51985514130571,GRAND LARCENY,"LARCENY,GRAND BY OPEN/COMPROMISE CELL PHONE ACCT",2025-02-01T00:00:00.000,nypd_complaints,2025-02-01,Saturday,0.0,2.0,5.0
308025631,40.11248854121792,-77.519855005724,HARRASSMENT 2,"HARASSMENT,SUBD 1,CIVILIAN",2025-06-12T00:00:00.000,nypd_complaints,2025-06-12,Thursday,0.0,6.0,3.0
301448142,40.11248883435546,-77.51985453940011,DANGEROUS DRUGS,"CONTROLLED SUBSTANCE,SALE 3",2025-02-21T00:00:00.000,nypd_complaints,2025-02-21,Friday,0.0,2.0,4.0
299510609,40.11248844925025,-77.51985521376452,HARRASSMENT 2,"HARASSMENT,SUBD 1,CIVILIAN",2025-01-15T00:00:00.000,nypd_complaints,2025-01-15,Wednesday,0.0,1.0,3.0
307058718,40.11248884023843,-77.51985455047387,GRAND LARCENY,"LARCENY,GRAND BY THEFT OF CREDIT CARD",2025-05-26T00:00:00.000,nypd_complaints,2025-05-26,Monday,0.0,5.0,5.0
306752878,40.11248858332961,-77.51985485240768,ROBBERY,"ROBBERY,RESIDENTIAL COMMON AREA",2025-05-20T00:00:00.000,nypd_complaints,2025-05-20,Tuesday,0.0,5.0,7.0
307011413,40.112488492411394,-77.51985496913954,FELONY ASSAULT,STRANGULATION 1ST,2025-05-24T00:00:00.000,nypd_complaints,2025-05-24,Saturday,0.0,5.0,8.0
304394155,40.112488415878204,-77.51985492154327,BURGLARY,"BURGLARY,TRUCK NIGHT",2025-04-05T00:00:00.000,nypd_complaints,2025-04-05,Saturday,0.0,4.0,6.0
300122577,40.11248832312334,-77.5198553497119,ASSAULT 3 & RELATED OFFENSES,ASSAULT 3,2025-01-27T00:00:00.000,nypd_complaints,2025-01-27,Monday,0.0,1.0,6.0
298712973,40.11248859249984,-77.51985462120182,SEX CRIMES,"SEXUAL ABUSE 3,2",2025-01-01T00:00:00.000,nypd_complaints,2025-01-01,Wednesday,0.0,1.0,8.0
303854929,40.112488587217534,-77.51985485202451,FELONY ASSAULT,"ASSAULT 2,1,UNCLASSIFIED",2025-03-29T00:00:00.000,nypd_complaints,2025-03-29,Saturday,0.0,3.0,8.0
304910624,40.11248857505713,-77.51985501878406,DANGEROUS DRUGS,"CONTROLLED SUBSTANCE, POSSESSI",2025-04-17T00:00:00.000,nypd_complaints,2025-04-17,Thursday,0.0,4.0,4.0
304461812,40.112488528617,-77.5198546731662,GRAND LARCENY,"LARCENY,GRAND BY BANK ACCT COMPROMISE-UNCLASSIFIED",2025-04-01T00:00:00.000,nypd_complaints,2025-04-01,Tuesday,0.0,4.0,5.0
304602705,40.11248867208417,-77.51985452045943,GRAND LARCENY OF MOTOR VEHICLE,"LARCENY,GRAND OF AUTO",2025-04-11T00:00:00.000,nypd_complaints,2025-04-11,Friday,0.0,4.0,5.0
308392421,40.11248838402412,-77.51985489624728,ASSAULT 3 & RELATED OFFENSES,"MENACING,UNCLASSIFIED",2025-06-20T00:00:00.000,nypd_complaints,2025-06-20,Friday,0.0,6.0,6.0
304210484,40.11248856866833,-77.51985502390565,GRAND LARCENY,"LARCENY,GRAND FROM OPEN AREAS, UNATTENDED",2025-03-22T00:00:00.000,nypd_complaints,2025-03-22,Saturday,0.0,3.0,5.0
299742608,40.112488603323825,-77.51985481694997,CRIMINAL TRESPASS,"TRESPASS 3, CRIMINAL",2025-01-20T00:00:00.000,nypd_complaints,2025-01-20,Monday,0.0,1.0,3.0
308084710,40.112488639011396,-77.51985454283154,ROBBERY,"ROBBERY,CAR JACKING",2025-06-14T00:00:00.000,nypd_complaints,2025-06-14,Saturday,0.0,6.0,7.0
308114957,40.11248835741418,-77.51985513565349,GRAND LARCENY,"LARCENY,GRAND PERSON,NECK CHAI",2025-06-15T00:00:00.000,nypd_complaints,2025-06-15,Sunday,0.0,6.0,5.0
300591969,40.11248834361064,-77.51985522592892,HARRASSMENT 2,"HARASSMENT,SUBD 3,4,5",2025-01-09T00:00:00.000,nypd_complaints,2025-01-09,Thursday,0.0,1.0,3.0
305684345,40.11248891009533,-77.51985453702575,SEX CRIMES,"SEXUAL ABUSE 3,2",2025-04-29T00:00:00.000,nypd_complaints,2025-04-29,Tuesday,0.0,4.0,8.0
300873195,40.11248856875397,-77.51985491184871,ASSAULT 3 & RELATED OFFENSES,"MENACING,UNCLASSIFIED",2025-02-10T00:00:00.000,nypd_complaints,2025-02-10,Monday,0.0,2.0,6.0
302681241,40.11248884829772,-77.51985453999062,DANGEROUS DRUGS,"CONTROLLED SUBSTANCE,SALE 3",2025-03-12T00:00:00.000,nypd_complaints,2025-03-12,Wednesday,0.0,3.0,4.0
302887395,40.11248840275902,-77.51985487916022,GRAND LARCENY,"LARCENY,GRAND FROM RESIDENCE, UNATTENDED",2025-03-15T00:00:00.000,nypd_complaints,2025-03-15,Saturday,0.0,3.0,5.0
302312726,40.11248854556314,-77.51985480141735,CRIMINAL TRESPASS,"TRESPASS 3, CRIMINAL",2025-03-08T00:00:00.000,nypd_complaints,2025-03-08,Saturday,0.0,3.0,3.0
308776021,40.11248832268063,-77.51985528048978,FELONY ASSAULT,"ASSAULT 2,1,UNCLASSIFIED",2025-06-28T00:00:00.000,nypd_complaints,2025-06-28,Saturday,0.0,6.0,8.0
300909107,40.11248877626463,-77.51985460833723,GRAND LARCENY,"LARCENY,GRAND BY OPEN CREDIT CARD (NEW ACCT)",2024-11-30T00:00:00.000,nypd_complaints,2024-11-30,Saturday,0.0,11.0,5.0
306961179,40.11248855201672,-77.5198550691699,HARRASSMENT 2,"HARASSMENT,SUBD 1,CIVILIAN",2025-05-24T00:00:00.000,nypd_complaints,2025-05-24,Saturday,0.0,5.0,3.0
308467513,40.1124885254975,-77.51985458004349,GRAND LARCENY OF MOTOR VEHICLE,"LARCENY,GRAND OF AUTO",2025-06-21T00:00:00.000,nypd_complaints,2025-06-21,Saturday,0.0,6.0,5.0
300172900,40.11248860711435,-77.5198548409017,GRAND LARCENY,"LARCENY,GRAND BY EXTORTION",2024-10-11T00:00:00.000,nypd_complaints,2024-10-11,Friday,0.0,10.0,5.0
305234330,40.112488557983866,-77.5198551229925,HARRASSMENT 2,"HARASSMENT,SUBD 3,4,5",2025-04-22T00:00:00.000,nypd_complaints,2025-04-22,Tuesday,0.0,4.0,3.0
305590872,40.112488315084946,-77.51985527826736,ASSAULT 3 & RELATED OFFENSES,ASSAULT 3,2025-04-29T00:00:00.000,nypd_complaints,2025-04-29,Tuesday,0.0,4.0,6.0
307671347,40.11248860589717,-77.51985456574529,GRAND LARCENY,"LARCENY,GRAND BY BANK ACCT COMPROMISE-UNAUTHORIZED PURCHASE",2025-06-03T00:00:00.000,nypd_complaints,2025-06-03,Tuesday,0.0,6.0,5.0
304618293,40.11248854489096,-77.51985513137315,HARRASSMENT 2,"HARASSMENT,SUBD 3,4,5",2025-04-11T00:00:00.000,nypd_complaints,2025-04-11,Friday,0.0,4.0,3.0
300673659,40.11248894268142,-77.51985450402367,SEX CRIMES,"SEXUAL ABUSE 3,2",2025-02-06T00:00:00.000,nypd_complaints,2025-02-06,Thursday,0.0,2.0,8.0
305557930,40.112488324477724,-77.51985523900227,GRAND LARCENY,"LARCENY,GRAND BY FALSE PROMISE-IN PERSON CONTACT",2025-04-29T00:00:00.000,nypd_complaints,2025-04-29,Tuesday,0.0,4.0,5.0
306735290,40.11248879060783,-77.51985460786466,GRAND LARCENY,"LARCENY,GRAND BY THEFT OF CREDIT CARD",2025-05-20T00:00:00.000,nypd_complaints,2025-05-20,Tuesday,0.0,5.0,5.0
305834713,40.11248836402748,-77.51985509962346,ASSAULT 3 & RELATED OFFENSES,ASSAULT 3,2024-11-02T00:00:00.000,nypd_complaints,2024-11-02,Saturday,0.0,11.0,6.0
306034772,40.112488303586325,-77.5198550367266,GRAND LARCENY,"LARCENY,GRAND BY EXTORTION",2025-05-06T00:00:00.000,nypd_complaints,2025-05-06,Tuesday,0.0,5.0,5.0
303498675,40.112488855044184,-77.51985457299465,SEX CRIMES,"SEXUAL ABUSE 3,2",2025-03-07T00:00:00.000,nypd_complaints,2025-03-07,Friday,0.0,3.0,8.0
305468267,40.1124885816945,-77.51985481202489,DANGEROUS DRUGS,"CONTROLLED SUBSTANCE,POSSESS.",2024-09-18T00:00:00.000,nypd_complaints,2024-09-18,Wednesday,0.0,9.0,4.0
299558417,40.112488572055256,-77.51985485470237,ROBBERY,"ROBBERY,ON BUS/ OR BUS DRIVER",2025-01-16T00:00:00.000,nypd_complaints,2025-01-16,Thursday,0.0,1.0,7.0
302456339,40.112488566778474,-77.51985509304855,HARRASSMENT 2,"HARASSMENT,SUBD 1,CIVILIAN",2025-03-12T00:00:00.000,nypd_complaints,2025-03-12,Wednesday,0.0,3.0,3.0
308122515,40.11248854397699,-77.5198548335405,FELONY ASSAULT,ASSAULT POLICE/PEACE OFFICER,2025-06-16T00:00:00.000,nypd_complaints,2025-06-16,Monday,0.0,6.0,8.0
299987817,40.112488388309174,-77.51985502084797,ASSAULT 3 & RELATED OFFENSES,"MENACING,UNCLASSIFIED",2025-01-17T00:00:00.000,nypd_complaints,2025-01-17,Friday,0.0,1.0,6.0
300412322,40.112488827649024,-77.51985453827255,GRAND LARCENY,"LARCENY,GRAND BY THEFT OF CREDIT CARD",2025-02-01T00:00:00.000,nypd_complaints,2025-02-01,Saturday,0.0,2.0,5.0
304058134,40.11248828700315,-77.51985529415659,HARRASSMENT 2,"HARASSMENT,SUBD 3,4,5",2025-04-02T00:00:00.000,nypd_complaints,2025-04-02,Wednesday,0.0,4.0,3.0
308411581,40.112488421264054,-77.51985513587293,GRAND LARCENY,"LARCENY,GRAND BY ACQUIRING LOST CREDIT CARD",2025-06-20T00:00:00.000,nypd_complaints,2025-06-20,Friday,0.0,6.0,5.0
306732525,40.11248832154037,-77.51985522496646,ASSAULT 3 & RELATED OFFENSES,"MENACING,UNCLASSIFIED",2025-05-16T00:00:00.000,nypd_complaints,2025-05-16,Friday,0.0,5.0,6.0
300937909,40.11248856824359,-77.51985514490015,HARRASSMENT 2,"HARASSMENT,SUBD 3,4,5",2025-02-11T00:00:00.000,nypd_complaints,2025-02-11,Tuesday,0.0,2.0,3.0
307746785,40.11248857141929,-77.5198550218207,CRIMINAL TRESPASS,"TRESPASS 2, CRIMINAL",2025-06-09T00:00:00.000,nypd_complaints,2025-06-09,Monday,0.0,6.0,3.0
308243296,40.11248857286621,-77.51985495643638,HARRASSMENT 2,"HARASSMENT,SUBD 1,CIVILIAN",2025-06-17T00:00:00.000,nypd_complaints,2025-06-17,Tuesday,0.0,6.0,3.0
299635977,40.112488544636626,-77.51985512934701,ASSAULT 3 & RELATED OFFENSES,ASSAULT 3,2025-01-17T00:00:00.000,nypd_complaints,2025-01-17,Friday,0.0,1.0,6.0
307307888,40.112488940717256,-77.51985453552044,ROBBERY,"ROBBERY,NECKCHAIN/JEWELRY",2025-05-31T00:00:00.000,nypd_complaints,2025-05-31,Saturday,0.0,5.0,7.0
308201039,40.1124882288588,-77.51985525154112,GRAND LARCENY,"LARCENY,GRAND FROM OPEN AREAS, UNATTENDED",2025-05-29T00:00:00.000,nypd_complaints,2025-05-29,Thursday,0.0,5.0,5.0
307387505,40.112488316706205,-77.51985529996595,HARRASSMENT 2,"HARASSMENT,SUBD 1,CIVILIAN",2025-06-01T00:00:00.000,nypd_complaints,2025-06-01,Sunday,0.0,6.0,3.0
304844524,40.1124889171466,-77.51985452376465,DANGEROUS WEAPONS,"WEAPONS, POSSESSION, ETC",2025-04-16T00:00:00.000,nypd_complaints,2025-04-16,Wednesday,0.0,4.0,7.0
307684681,40.112488602783486,-77.51985452654091,GRAND LARCENY OF MOTOR VEHICLE,"LARCENY, GRAND OF MOPED",2025-04-15T00:00:00.000,nypd_complaints,2025-04-15,Tuesday,0.0,4.0,5.0
307060195,40.112488457664064,-77.51985511212986,ROBBERY,"ROBBERY,POCKETBOOK/CARRIED BAG",2025-05-26T00:00:00.000,nypd_complaints,2025-05-26,Monday,0.0,5.0,7.0
299558419,40.112488435625224,-77.51985513339413,GRAND LARCENY,"LARCENY,GRAND FROM STORE-SHOPL",2024-12-28T00:00:00.000,nypd_complaints,2024-12-28,Saturday,0.0,12.0,5.0
306510536,40.112488875883976,-77.51985451924878,ROBBERY,"ROBBERY,PERSONAL ELECTRONIC DEVICE",2025-05-15T00:00:00.000,nypd_complaints,2025-05-15,Thursday,0.0,5.0,7.0
307379731,40.11248856998757,-77.51985509872645,ROBBERY,"ROBBERY,DWELLING",2025-05-27T00:00:00.000,nypd_complaints,2025-05-27,Tuesday,0.0,5.0,7.0
308052849,40.112488390791086,-77.51985498832302,HARRASSMENT 2,"HARASSMENT,SUBD 1,CIVILIAN",2025-06-13T00:00:00.000,nypd_complaints,2025-06-13,Friday,0.0,6.0,3.0
301033538,40.11248881518515,-77.51985452519448,DANGEROUS WEAPONS,"WEAPONS, POSSESSION, ETC",2025-02-12T00:00:00.000,nypd_complaints,2025-02-12,Wednesday,0.0,2.0,7.0
302906697,40.112488567766135,-77.51985512183387,HARRASSMENT 2,"HARASSMENT,SUBD 3,4,5",2025-03-15T00:00:00.000,nypd_complaints,2025-03-15,Saturday,0.0,3.0,3.0
298986949,40.11248857799957,-77.5198548579761,DANGEROUS DRUGS,"CONTROLLED SUBSTANCE, POSSESSI",2025-01-06T00:00:00.000,nypd_complaints,2025-01-06,Monday,0.0,1.0,4.0
304389727,40.112488324860294,-77.51985522269307,GRAND LARCENY,"LARCENY,GRAND BY FALSE PROMISE-NOT IN PERSON CONTACT",2025-04-04T00:00:00.000,nypd_complaints,2025-04-04,Friday,0.0,4.0,5.0
307971078,40.11248856967701,-77.51985484803983,FELONY ASSAULT,"ASSAULT 2,1,UNCLASSIFIED",2025-06-12T00:00:00.000,nypd_complaints,2025-06-12,Thursday,0.0,6.0,8.0
301355666,40.11248847884929,-77.51985511704198,CRIMINAL TRESPASS,"TRESPASS 3, CRIMINAL",2025-02-19T00:00:00.000,nypd_complaints,2025-02-19,Wednesday,0.0,2.0,3.0
303191304,40.11248856725256,-77.5198549473159,HARRASSMENT 2,"HARASSMENT,SUBD 1,CIVILIAN",2025-03-18T00:00:00.000,nypd_complaints,2025-03-18,Tuesday,0.0,3.0,3.0
305956831,40.11248859978161,-77.51985459182617,DANGEROUS WEAPONS,"WEAPONS, POSSESSION, ETC",2025-05-06T00:00:00.000,nypd_complaints,2025-05-06,Tuesday,0.0,5.0,7.0
299023636,40.112488539993606,-77.51985503728795,GRAND LARCENY,"LARCENY,GRAND FROM STORE-SHOPL",2025-01-06T00:00:00.000,nypd_complaints,2025-01-06,Monday,0.0,1.0,5.0
302052596,40.112488799744526,-77.51985459237878,GRAND LARCENY,"LARCENY,GRAND BY THEFT OF CREDIT CARD",2025-03-02T00:00:00.000,nypd_complaints,2025-03-02,Sunday,0.0,3.0,5.0
308084271,40.112488544054365,-77.5198551221665,ASSAULT 3 & RELATED OFFENSES,ASSAULT 3,2025-06-14T00:00:00.000,nypd_complaints,2025-06-14,Saturday,0.0,6.0,6.0
299646228,40.11248840475621,-77.51985489597686,CRIMINAL TRESPASS,"TRESPASS 2, CRIMINAL",2025-01-18T00:00:00.000,nypd_complaints,2025-01-18,Saturday,0.0,1.0,3.0
305092018,40.112488579723376,-77.51985462919443,CRIMINAL TRESPASS,"TRESPASS 2, CRIMINAL",2025-04-21T00:00:00.000,nypd_complaints,2025-04-21,Monday,0.0,4.0,3.0
306681178,40.11248829746183,-77.51985516910071,HARRASSMENT 2,"HARASSMENT,SUBD 3,4,5",2025-05-08T00:00:00.000,nypd_complaints,2025-05-08,Thursday,0.0,5.0,3.0
300934733,40.11248860228794,-77.5198545456206,DANGEROUS WEAPONS,"WEAPONS, POSSESSION, ETC",2025-02-11T00:00:00.000,nypd_complaints,2025-02-11,Tuesday,0.0,2.0,7.0
306296735,40.112488599946865,-77.51985459796698,DANGEROUS DRUGS,"CONTROLLED SUBSTANCE, POSSESSI",2025-05-12T00:00:00.000,nypd_complaints,2025-05-12,Monday,0.0,5.0,4.0
307177411,40.112488494810016,-77.51985454721284,DANGEROUS WEAPONS,"WEAPONS, POSSESSION, ETC",2025-05-28T00:00:00.000,nypd_complaints,2025-05-28,Wednesday,0.0,5.0,7.0
302822321,40.11248841868581,-77.51985509133698,HARRASSMENT 2,"HARASSMENT,SUBD 1,CIVILIAN",2025-03-14T00:00:00.000,nypd_complaints,2025-03-14,Friday,0.0,3.0,3.0
299282151,40.1124885764498,-77.51985515181646,ASSAULT 3 & RELATED OFFENSES,ASSAULT 3,2025-01-11T00:00:00.000,nypd_complaints,2025-01-11,Saturday,0.0,1.0,6.0
298730372,40.11248853571347,-77.51985507084576,DANGEROUS WEAPONS,WEAPONS POSSESSION 3,2025-01-01T00:00:00.000,nypd_complaints,2025-01-01,Wednesday,0.0,1.0,7.0
304766502,40.11248826068034,-77.51985524069211,HARRASSMENT 2,"HARASSMENT,SUBD 3,4,5",2025-03-24T00:00:00.000,nypd_complaints,2025-03-24,Monday,0.0,3.0,3.0
307738323,40.11248896551148,-77.5198545283321,GRAND LARCENY OF MOTOR VEHICLE,"LARCENY, GRAND OF MOPED",2025-06-08T00:00:00.000,nypd_complaints,2025-06-08,Sunday,0.0,6.0,5.0
302268115,40.11248856764316,-77.51985460378894,GRAND LARCENY,"LARCENY,GRAND FROM RESIDENCE/BUILDING,UNATTENDED, PACKAGE THEFT OUTSIDE",2024-11-18T00:00:00.000,nypd_complaints,2024-11-18,Monday,0.0,11.0,5.0
306325798,40.11248889081955,-77.51985457869323,GRAND LARCENY,"LARCENY,GRAND BY THEFT OF CREDIT CARD",2025-05-07T00:00:00.000,nypd_complaints,2025-05-07,Wednesday,0.0,5.0,5.0
307693888,40.11248891925909,-77.51985453484048,DANGEROUS DRUGS,"CONTROLLED SUBSTANCE,SALE 3",2025-06-07T00:00:00.000,nypd_complaints,2025-06-07,Saturday,0.0,6.0,4.0
305355874,40.11248887141798,-77.51985456357137,DANGEROUS WEAPONS,"WEAPONS, POSSESSION, ETC",2025-04-25T00:00:00.000,nypd_complaints,2025-04-25,Friday,0.0,4.0,7.0
299809564,40.11248888075293,-77.51985453611223,GRAND LARCENY,"LARCENY,GRAND BY BANK ACCT COMPROMISE-UNCLASSIFIED",2024-11-21T00:00:00.000,nypd_complaints,2024-11-21,Thursday,0.0,11.0,5.0
308609267,40.112488606309164,-77.51985485951082,DANGEROUS DRUGS,"CONTROLLED SUBSTANCE, SALE 5",2025-06-25T00:00:00.000,nypd_complaints,2025-06-25,Wednesday,0.0,6.0,4.0
305240491,40.1124885764498,-77.51985515181646,HARRASSMENT 2,"HARASSMENT,SUBD 3,4,5",2025-04-22T00:00:00.000,nypd_complaints,2025-04-22,Tuesday,0.0,4.0,3.0
304461871,40.112488296762315,-77.5198552458695,HARRASSMENT 2,"HARASSMENT,SUBD 3,4,5",2025-04-06T00:00:00.000,nypd_complaints,2025-04-06,Sunday,0.0,4.0,3.0
300595105,40.112488462013594,-77.51985448943799,ROBBERY,"ROBBERY,PERSONAL ELECTRONIC DEVICE",2025-02-04T00:00:00.000,nypd_complaints,2025-02-04,Tuesday,0.0,2.0,7.0
299303430,40.11248888022049,-77.51985453013441,GRAND LARCENY,"LARCENY,GRAND BY THEFT OF CREDIT CARD",2025-01-11T00:00:00.000,nypd_complaints,2025-01-11,Saturday,0.0,1.0,5.0
300989977,40.11248880806961,-77.51985457435306,ROBBERY,"ROBBERY,PERSONAL ELECTRONIC DEVICE",2025-02-11T00:00:00.000,nypd_complaints,2025-02-11,Tuesday,0.0,2.0,7.0
300419174,40.11248857514195,-77.51985494162521,HARRASSMENT 2,"HARASSMENT,SUBD 1,CIVILIAN",2025-02-01T00:00:00.000,nypd_complaints,2025-02-01,Saturday,0.0,2.0,3.0
303967839,40.11248839713087,-77.5198548541355,HARRASSMENT 2,"HARASSMENT,SUBD 1,CIVILIAN",2025-03-31T00:00:00.000,nypd_complaints,2025-03-31,Monday,0.0,3.0,3.0
306217554,40.11248821602003,-77.51985540902709,FELONY ASSAULT,STRANGULATION 1ST,2025-05-11T00:00:00.000,nypd_complaints,2025-05-11,Sunday,0.0,5.0,8.0
304078757,40.11248864786763,-77.51985454441927,SEX CRIMES,"SEXUAL ABUSE 3,2",2025-04-02T00:00:00.000,nypd_complaints,2025-04-02,Wednesday,0.0,4.0,8.0
299051143,40.11248859758455,-77.51985460721723,DANGEROUS WEAPONS,"WEAPONS, POSSESSION, ETC",2025-01-07T00:00:00.000,nypd_complaints,2025-01-07,Tuesday,0.0,1.0,7.0
308233552,40.11248825282055,-77.51985515465219,CRIMINAL TRESPASS,"TRESPASS 2, CRIMINAL",2025-06-17T00:00:00.000,nypd_complaints,2025-06-17,Tuesday,0.0,6.0,3.0
304123628,40.1124883900132,-77.51985507021116,GRAND LARCENY,"LARCENY,GRAND BY FALSE PROMISE-NOT IN PERSON CONTACT",2025-02-14T00:00:00.000,nypd_complaints,2025-02-14,Friday,0.0,2.0,5.0
301238268,40.112488854750616,-77.51985455529461,DANGEROUS DRUGS,"CONTROLLED SUBSTANCE,SALE 3",2025-02-17T00:00:00.000,nypd_complaints,2025-02-17,Monday,0.0,2.0,4.0
308485016,40.112488592614376,-77.51985488560959,ROBBERY,"ROBBERY,PERSONAL ELECTRONIC DEVICE",2025-06-23T00:00:00.000,nypd_complaints,2025-06-23,Monday,0.0,6.0,7.0
308650853,40.112488495922584,-77.5198549679674,HARRASSMENT 2,"HARASSMENT,SUBD 1,CIVILIAN",2025-06-25T00:00:00.000,nypd_complaints,2025-06-25,Wednesday,0.0,6.0,3.0
303420627,40.11248820068211,-77.51985540479282,HARRASSMENT 2,"HARASSMENT,SUBD 3,4,5",2025-03-22T00:00:00.000,nypd_complaints,2025-03-22,Saturday,0.0,3.0,3.0
307493881,40.112488459959486,-77.51985480483634,FELONY ASSAULT,ASSAULT POLICE/PEACE OFFICER,2025-06-03T00:00:00.000,nypd_complaints,2025-06-03,Tuesday,0.0,6.0,8.0
302115035,40.112488421730774,-77.51985456668842,DANGEROUS WEAPONS,"WEAPONS, POSSESSION, ETC",2025-03-05T00:00:00.000,nypd_complaints,2025-03-05,Wednesday,0.0,3.0,7.0
307058829,40.11248848485586,-77.51985511236542,GRAND LARCENY,"LARCENY,GRAND FROM PERSON,PICK",2025-05-26T00:00:00.000,nypd_complaints,2025-05-26,Monday,0.0,5.0,5.0
299804171,40.11248853980392,-77.51985483794961,ARSON,"ARSON 2,3,4",2025-01-14T00:00:00.000,nypd_complaints,2025-01-14,Tuesday,0.0,1.0,8.0
299101250,40.112488578383854,-77.5198545647304,GRAND LARCENY,"LARCENY,GRAND FROM NIGHT CLUB, UNATTENDED",2025-01-06T00:00:00.000,nypd_complaints,2025-01-06,Monday,0.0,1.0,5.0
300445223,40.11248881799402,-77.519854575878,SEX CRIMES,"SEXUAL ABUSE 3,2",2025-02-03T00:00:00.000,nypd_complaints,2025-02-03,Monday,0.0,2.0,8.0
305282434,40.11248856853366,-77.519854957519,GRAND LARCENY,"LARCENY,GRAND BY FALSE PROMISE-NOT IN PERSON CONTACT",2025-02-14T00:00:00.000,nypd_complaints,2025-02-14,Friday,0.0,2.0,5.0
302397607,40.11248831583048,-77.51985534595613,GRAND LARCENY,"LARCENY,GRAND FROM OPEN AREAS, UNATTENDED",2025-02-17T00:00:00.000,nypd_complaints,2025-02-17,Monday,0.0,2.0,5.0
301507351,40.112488359175224,-77.51985497613438,GRAND LARCENY,"LARCENY,GRAND BY BANK ACCT COMPROMISE-UNCLASSIFIED",2025-01-24T00:00:00.000,nypd_complaints,2025-01-24,Friday,0.0,1.0,5.0
300036955,40.112488546269624,-77.51985500510479,GRAND LARCENY,"LARCENY,GRAND FROM STORE-SHOPL",2025-01-25T00:00:00.000,nypd_complaints,2025-01-25,Saturday,0.0,1.0,5.0
308557771,40.11248866074846,-77.51985453945309,DANGEROUS WEAPONS,"WEAPONS, POSSESSION, ETC",2025-06-24T00:00:00.000,nypd_complaints,2025-06-24,Tuesday,0.0,6.0,7.0
299700069,40.11248845734384,-77.51985487859443,CRIMINAL TRESPASS,"TRESPASS 2, CRIMINAL",2025-01-18T00:00:00.000,nypd_complaints,2025-01-18,Saturday,0.0,1.0,3.0
298861980,40.112488802301584,-77.51985451582311,DANGEROUS WEAPONS,"WEAPONS, POSSESSION, ETC",2025-01-04T00:00:00.000,nypd_complaints,2025-01-04,Saturday,0.0,1.0,7.0
301549492,40.1124888212614,-77.51985453135485,GRAND LARCENY,"LARCENY,GRAND FROM NIGHT CLUB, UNATTENDED",2025-02-21T00:00:00.000,nypd_complaints,2025-02-21,Friday,0.0,2.0,5.0
301585914,40.112488804942124,-77.51985458338433,GRAND LARCENY OF MOTOR VEHICLE,"LARCENY,GRAND OF AUTO",2025-02-24T00:00:00.000,nypd_complaints,2025-02-24,Monday,0.0,2.0,5.0
307441748,40.11248845700367,-77.51985513238476,HARRASSMENT 2,"HARASSMENT,SUBD 1,CIVILIAN",2025-06-01T00:00:00.000,nypd_complaints,2025-06-01,Sunday,0.0,6.0,3.0
302900890,40.11248887503838,-77.51985453462159,GRAND LARCENY OF MOTOR VEHICLE,"LARCENY,GRAND OF AUTO",2025-03-16T00:00:00.000,nypd_complaints,2025-03-16,Sunday,0.0,3.0,5.0
298799219,40.11248858628373,-77.51985456564137,DANGEROUS WEAPONS,"WEAPONS, POSSESSION, ETC",2025-01-02T00:00:00.000,nypd_complaints,2025-01-02,Thursday,0.0,1.0,7.0
300687326,40.112488315649806,-77.51985513039634,GRAND LARCENY,"LARCENY,GRAND FROM VEHICLE/MOTORCYCLE",2025-02-06T00:00:00.000,nypd_complaints,2025-02-06,Thursday,0.0,2.0,5.0
306358670,40.11248825282055,-77.51985515465219,CRIMINAL TRESPASS,"TRESPASS 2, CRIMINAL",2025-05-10T00:00:00.000,nypd_complaints,2025-05-10,Saturday,0.0,5.0,3.0
307189423,40.11248842076,-77.51985509693756,ASSAULT 3 & RELATED OFFENSES,ASSAULT 3,2025-05-28T00:00:00.000,nypd_complaints,2025-05-28,Wednesday,0.0,5.0,6.0
306594473,40.11248881528471,-77.51985453230488,GRAND LARCENY,"LARCENY,GRAND FROM NIGHT CLUB, UNATTENDED",2025-05-16T00:00:00.000,nypd_complaints,2025-05-16,Friday,0.0,5.0,5.0
305593761,40.11248895072631,-77.51985452034141,DANGEROUS WEAPONS,"WEAPONS, POSSESSION, ETC",2025-04-30T00:00:00.000,nypd_complaints,2025-04-30,Wednesday,0.0,4.0,7.0
303762085,40.112488587886936,-77.5198545636287,DANGEROUS WEAPONS,"WEAPONS, POSSESSION, ETC",2025-03-27T00:00:00.000,nypd_complaints,2025-03-27,Thursday,0.0,3.0,7.0
304082309,40.11248849930448,-77.5198545065737,DANGEROUS WEAPONS,"WEAPONS, POSSESSION, ETC",2025-04-02T00:00:00.000,nypd_complaints,2025-04-02,Wednesday,0.0,4.0,7.0
303828376,40.11248891009533,-77.51985453702575,SEX CRIMES,"SEXUAL ABUSE 3,2",2025-03-29T00:00:00.000,nypd_complaints,2025-03-29,Saturday,0.0,3.0,8.0
298803218,40.11248853285123,-77.51985466663652,ROBBERY,"ROBBERY,DELIVERY PERSON",2025-01-02T00:00:00.000,nypd_complaints,2025-01-02,Thursday,0.0,1.0,7.0
305004990,40.112488886260344,-77.51985453132008,DANGEROUS WEAPONS,"WEAPONS, POSSESSION, ETC",2025-04-19T00:00:00.000,nypd_complaints,2025-04-19,Saturday,0.0,4.0,7.0
302728926,40.112488931178675,-77.51985455672771,GRAND LARCENY,"LARCENY,GRAND BY THEFT OF CREDIT CARD",2025-03-12T00:00:00.000,nypd_complaints,2025-03-12,Wednesday,0.0,3.0,5.0
305523195,40.112488503747684,-77.51985512018474,HARRASSMENT 2,"HARASSMENT,SUBD 3,4,5",2025-04-28T00:00:00.000,nypd_complaints,2025-04-28,Monday,0.0,4.0,3.0
300562151,40.11248884952678,-77.51985455682131,DANGEROUS WEAPONS,"WEAPONS, POSSESSION, ETC",2025-02-04T00:00:00.000,nypd_complaints,2025-02-04,Tuesday,0.0,2.0,7.0
302360396,40.112488543372045,-77.51985510920764,GRAND LARCENY,"LARCENY,GRAND BY ACQUIRING LOST CREDIT CARD",2025-03-10T00:00:00.000,nypd_complaints,2025-03-10,Monday,0.0,3.0,5.0
307276134,40.112488544054365,-77.5198551221665,GRAND LARCENY,"LARCENY,GRAND FROM STORE-SHOPL",2025-05-30T00:00:00.000,nypd_complaints,2025-05-30,Friday,0.0,5.0,5.0
303109076,40.11248856998225,-77.51985496149469,FELONY ASSAULT,"ASSAULT 2,1,UNCLASSIFIED",2025-03-18T00:00:00.000,nypd_complaints,2025-03-18,Tuesday,0.0,3.0,8.0
304773863,40.11248858521609,-77.51985485252078,DANGEROUS DRUGS,"CONTROLLED SUBSTANCE, POSSESSI",2025-04-15T00:00:00.000,nypd_complaints,2025-04-15,Tuesday,0.0,4.0,4.0
307170172,40.11248882884232,-77.51985457160892,ROBBERY,"ROBBERY,PERSONAL ELECTRONIC DEVICE",2025-05-28T00:00:00.000,nypd_complaints,2025-05-28,Wednesday,0.0,5.0,7.0
306274434,40.11248859172472,-77.51985481449287,DANGEROUS DRUGS,"CONTROLLED SUBSTANCE, SALE 5",2025-05-12T00:00:00.000,nypd_complaints,2025-05-12,Monday,0.0,5.0,4.0
304362734,40.11248853491183,-77.51985482885976,HARRASSMENT 2,"HARASSMENT,SUBD 1,CIVILIAN",2025-04-07T00:00:00.000,nypd_complaints,2025-04-07,Monday,0.0,4.0,3.0
303536762,40.1124885797679,-77.51985451838044,DANGEROUS WEAPONS,"WEAPONS, POSSESSION, ETC",2025-03-24T00:00:00.000,nypd_complaints,2025-03-24,Monday,0.0,3.0,7.0
306821563,40.11248835958651,-77.519855139638,HARRASSMENT 2,"HARASSMENT,SUBD 1,CIVILIAN",2025-05-21T00:00:00.000,nypd_complaints,2025-05-21,Wednesday,0.0,5.0,3.0
307907753,40.11248844745635,-77.51985521510173,HARRASSMENT 2,"HARASSMENT,SUBD 3,4,5",2025-03-20T00:00:00.000,nypd_complaints,2025-03-20,Thursday,0.0,3.0,3.0
308529628,40.112488323972016,-77.5198551440558,ASSAULT 3 & RELATED OFFENSES,ASSAULT 3,2025-06-23T00:00:00.000,nypd_complaints,2025-06-23,Monday,0.0,6.0,6.0
305243597,40.112488545103275,-77.51985513338191,ASSAULT 3 & RELATED OFFENSES,OBSTR BREATH/CIRCUL,2025-04-24T00:00:00.000,nypd_complaints,2025-04-24,Thursday,0.0,4.0,6.0
306077965,40.11248821363575,-77.51985531673718,FELONY ASSAULT,ASSAULT SCHOOL SAFETY AGENT,2025-05-08T00:00:00.000,nypd_complaints,2025-05-08,Thursday,0.0,5.0,8.0
299480089,40.112488855044184,-77.51985457299465,SEX CRIMES,"SEXUAL ABUSE 3,2",2025-01-15T00:00:00.000,nypd_complaints,2025-01-15,Wednesday,0.0,1.0,8.0
304831440,40.112488549024974,-77.51985501355679,GRAND LARCENY,"LARCENY,GRAND BY FALSE PROMISE-NOT IN PERSON CONTACT",2025-04-15T00:00:00.000,nypd_complaints,2025-04-15,Tuesday,0.0,4.0,5.0
304860094,40.11248881799402,-77.519854575878,RAPE,RAPE 3,2025-04-16T00:00:00.000,nypd_complaints,2025-04-16,Wednesday,0.0,4.0,9.0
307078977,40.11248891009533,-77.51985453702575,SEX CRIMES,"SEXUAL ABUSE 3,2",2025-05-27T00:00:00.000,nypd_complaints,2025-05-27,Tuesday,0.0,5.0,8.0
304286247,40.11248829588136,-77.51985526631006,HARRASSMENT 2,"HARASSMENT,SUBD 3,4,5",2025-04-06T00:00:00.000,nypd_complaints,2025-04-06,Sunday,0.0,4.0,3.0
302873305,40.112488579851885,-77.51985501205827,ASSAULT 3 & RELATED OFFENSES,"MENACING,UNCLASSIFIED",2025-03-15T00:00:00.000,nypd_complaints,2025-03-15,Saturday,0.0,3.0,6.0
299188609,40.112488692232446,-77.5198545727536,DANGEROUS DRUGS,"CONTROLLED SUBSTANCE, POSSESSI",2025-01-09T00:00:00.000,nypd_complaints,2025-01-09,Thursday,0.0,1.0,4.0
306365387,40.11248859249984,-77.51985462120182,SEX CRIMES,"SEXUAL ABUSE 3,2",2025-05-13T00:00:00.000,nypd_complaints,2025-05-13,Tuesday,0.0,5.0,8.0
306918320,40.112488845121156,-77.51985454723042,GRAND LARCENY OF MOTOR VEHICLE,"LARCENY,GRAND OF AUTO",2025-05-23T00:00:00.000,nypd_complaints,2025-05-23,Friday,0.0,5.0,5.0
303322995,40.11248856514744,-77.51985495652838,DANGEROUS WEAPONS,WEAPONS POSSESSION 3,2025-03-20T00:00:00.000,nypd_complaints,2025-03-20,Thursday,0.0,3.0,7.0
307824929,40.11248854056196,-77.519855062092,ASSAULT 3 & RELATED OFFENSES,"MENACING,UNCLASSIFIED",2025-06-09T00:00:00.000,nypd_complaints,2025-06-09,Monday,0.0,6.0,6.0
305580726,40.11248852884402,-77.5198546479784,CRIMINAL TRESPASS,"TRESPASS 3, CRIMINAL",2025-04-18T00:00:00.000,nypd_complaints,2025-04-18,Friday,0.0,4.0,3.0
305684353,40.11248893364293,-77.51985454168315,GRAND LARCENY,"LARCENY,GRAND BY THEFT OF CREDIT CARD",2025-04-30T00:00:00.000,nypd_complaints,2025-04-30,Wednesday,0.0,4.0,5.0
300940950,40.11248836143398,-77.51985512321586,HARRASSMENT 2,"HARASSMENT,SUBD 3,4,5",2025-02-11T00:00:00.000,nypd_complaints,2025-02-11,Tuesday,0.0,2.0,3.0
307601214,40.11248839969089,-77.51985501459598,GRAND LARCENY,"LARCENY,GRAND BY BANK ACCT COMPROMISE-REPRODUCED CHECK",2025-06-04T00:00:00.000,nypd_complaints,2025-06-04,Wednesday,0.0,6.0,5.0
298852191,40.11248826870271,-77.51985520871129,GRAND LARCENY,"LARCENY,GRAND FROM VEHICLE/MOTORCYCLE",2024-12-30T00:00:00.000,nypd_complaints,2024-12-30,Monday,0.0,12.0,5.0
303918664,40.112488334467756,-77.51985516783985,GRAND LARCENY,"LARCENY,GRAND FROM OPEN AREAS, UNATTENDED",2025-02-14T00:00:00.000,nypd_complaints,2025-02-14,Friday,0.0,2.0,5.0
306514922,40.11248841300009,-77.519854879514,GRAND LARCENY OF MOTOR VEHICLE,"LARCENY,GRAND OF MOTORCYCLE",2025-05-15T00:00:00.000,nypd_complaints,2025-05-15,Thursday,0.0,5.0,5.0
306136011,40.11248877762342,-77.51985457962469,GRAND LARCENY,"LARCENY,GRAND FROM BUILDING (NON-RESIDENCE) UNATTENDED",2025-05-08T00:00:00.000,nypd_complaints,2025-05-08,Thursday,0.0,5.0,5.0
299142034,40.11248838737414,-77.51985489940661,DANGEROUS DRUGS,"CONTROLLED SUBSTANCE,INTENT TO",2025-01-09T00:00:00.000,nypd_complaints,2025-01-09,Thursday,0.0,1.0,4.0
305539723,40.11248832280884,-77.5198551116119,GRAND LARCENY,"LARCENY,GRAND FROM VEHICLE/MOTORCYCLE",2025-04-29T00:00:00.000,nypd_complaints,2025-04-29,Tuesday,0.0,4.0,5.0
308594806,40.11248849889794,-77.5198551082098,HARRASSMENT 2,"HARASSMENT,SUBD 1,CIVILIAN",2025-06-25T00:00:00.000,nypd_complaints,2025-06-25,Wednesday,0.0,6.0,3.0
299216248,40.11248848973674,-77.51985486534241,GRAND LARCENY,"LARCENY,GRAND BY BANK ACCT COMPROMISE-UNCLASSIFIED",2025-01-07T00:00:00.000,nypd_complaints,2025-01-07,Tuesday,0.0,1.0,5.0
299510614,40.112488334856266,-77.51985519850437,HARRASSMENT 2,"HARASSMENT,SUBD 1,CIVILIAN",2025-01-12T00:00:00.000,nypd_complaints,2025-01-12,Sunday,0.0,1.0,3.0
306578696,40.112488511810234,-77.51985485080586,FELONY ASSAULT,"ASSAULT 2,1,UNCLASSIFIED",2025-05-17T00:00:00.000,nypd_complaints,2025-05-17,Saturday,0.0,5.0,8.0
300443123,40.11248856027316,-77.51985510213551,ASSAULT 3 & RELATED OFFENSES,"MENACING,UNCLASSIFIED",2025-02-02T00:00:00.000,nypd_complaints,2025-02-02,Sunday,0.0,2.0,6.0
308155513,40.11248831563528,-77.51985528580248,GRAND LARCENY,"LARCENY,GRAND FROM OPEN AREAS, UNATTENDED",2025-05-19T00:00:00.000,nypd_complaints,2025-05-19,Monday,0.0,5.0,5.0
300657526,40.11248830745335,-77.51985511382037,GRAND LARCENY,"LARCENY,GRAND FROM VEHICLE/MOTORCYCLE",2025-02-06T00:00:00.000,nypd_complaints,2025-02-06,Thursday,0.0,2.0,5.0
308700083,40.11248842656699,-77.51985513512376,ASSAULT 3 & RELATED OFFENSES,ASSAULT 3,2025-06-26T00:00:00.000,nypd_complaints,2025-06-26,Thursday,0.0,6.0,6.0
302195787,40.112488369428135,-77.51985516361162,DANGEROUS WEAPONS,"WEAPONS, POSSESSION, ETC",2025-03-07T00:00:00.000,nypd_complaints,2025-03-07,Friday,0.0,3.0,7.0
303696116,40.11248849758509,-77.51985514255269,FELONY ASSAULT,"ASSAULT 2,1,UNCLASSIFIED",2025-03-26T00:00:00.000,nypd_complaints,2025-03-26,Wednesday,0.0,3.0,8.0
307675117,40.11248827745179,-77.51985530305186,ASSAULT 3 & RELATED OFFENSES,ASSAULT 3,2025-06-06T00:00:00.000,nypd_complaints,2025-06-06,Friday,0.0,6.0,6.0
306582663,40.11248826970319,-77.51985535428501,ROBBERY,"ROBBERY,BEGIN AS SHOPLIFTING",2025-05-16T00:00:00.000,nypd_complaints,2025-05-16,Friday,0.0,5.0,7.0
301070967,40.112488566806846,-77.51985496558247,DANGEROUS DRUGS,"CONTROLLED SUBSTANCE, POSSESSI",2025-02-13T00:00:00.000,nypd_complaints,2025-02-13,Thursday,0.0,2.0,4.0
305498689,40.11248894958921,-77.51985450841062,GRAND LARCENY OF MOTOR VEHICLE,"LARCENY, GRAND OF MOPED",2025-04-29T00:00:00.000,nypd_complaints,2025-04-29,Tuesday,0.0,4.0,5.0
305082961,40.1124887367953,-77.51985450821273,DANGEROUS WEAPONS,"WEAPONS, POSSESSION, ETC",2025-04-21T00:00:00.000,nypd_complaints,2025-04-21,Monday,0.0,4.0,7.0
301922962,40.112488314284555,-77.51985529369603,ASSAULT 3 & RELATED OFFENSES,ASSAULT 3,2025-02-27T00:00:00.000,nypd_complaints,2025-02-27,Thursday,0.0,2.0,6.0
306255952,40.112488593818235,-77.51985487695703,ASSAULT 3 & RELATED OFFENSES,"MENACING,UNCLASSIFIED",2025-05-09T00:00:00.000,nypd_complaints,2025-05-09,Friday,0.0,5.0,6.0
308510377,40.11248845659429,-77.51985500859881,GRAND LARCENY,"LARCENY,GRAND BY BANK ACCT COMPROMISE-REPRODUCED CHECK",2025-05-07T00:00:00.000,nypd_complaints,2025-05-07,Wednesday,0.0,5.0,5.0
306512496,40.11248858468283,-77.51985482142771,DANGEROUS WEAPONS,"WEAPONS, POSSESSION, ETC",2025-05-15T00:00:00.000,nypd_complaints,2025-05-15,Thursday,0.0,5.0,7.0
302376204,40.11248819307632,-77.51985537121728,HARRASSMENT 2,"HARASSMENT,SUBD 3,4,5",2025-03-10T00:00:00.000,nypd_complaints,2025-03-10,Monday,0.0,3.0,3.0
300669909,40.11248894862698,-77.51985453993821,DANGEROUS WEAPONS,"WEAPONS, POSSESSION, ETC",2025-02-06T00:00:00.000,nypd_complaints,2025-02-06,Thursday,0.0,2.0,7.0
298902961,40.11248832536329,-77.51985518130236,HARRASSMENT 2,"HARASSMENT,SUBD 3,4,5",2024-10-30T00:00:00.000,nypd_complaints,2024-10-30,Wednesday,0.0,10.0,3.0
300564183,40.11248891779569,-77.5198545102775,DANGEROUS WEAPONS,"WEAPONS, POSSESSION, ETC",2025-02-05T00:00:00.000,nypd_complaints,2025-02-05,Wednesday,0.0,2.0,7.0
301117459,40.11248891341091,-77.51985453349668,GRAND LARCENY,"LARCENY,GRAND BY THEFT OF CREDIT CARD",2025-02-14T00:00:00.000,nypd_complaints,2025-02-14,Friday,0.0,2.0,5.0
305159832,40.11248842280142,-77.51985483715758,FELONY ASSAULT,STRANGULATION 1ST,2025-04-22T00:00:00.000,nypd_complaints,2025-04-22,Tuesday,0.0,4.0,8.0
308665851,40.11248846631188,-77.5198551237129,HARRASSMENT 2,"HARASSMENT,SUBD 3,4,5",2025-06-25T00:00:00.000,nypd_complaints,2025-06-25,Wednesday,0.0,6.0,3.0
307483988,40.112488855044184,-77.51985457299465,SEX CRIMES,"SEXUAL ABUSE 3,2",2024-12-29T00:00:00.000,nypd_complaints,2024-12-29,Sunday,0.0,12.0,8.0
298970107,40.112488780846924,-77.51985459355741,BURGLARY,"BURGLARY,COMMERCIAL,DAY",2025-01-06T00:00:00.000,nypd_complaints,2025-01-06,Monday,0.0,1.0,6.0
302900923,40.11248856027287,-77.51985450585649,SEX CRIMES,"SEXUAL ABUSE 3,2",2025-03-16T00:00:00.000,nypd_complaints,2025-03-16,Sunday,0.0,3.0,8.0
304039329,40.11248832549717,-77.51985523650109,ASSAULT 3 & RELATED OFFENSES,ASSAULT 3,2025-04-02T00:00:00.000,nypd_complaints,2025-04-02,Wednesday,0.0,4.0,6.0
308557708,40.11248877656354,-77.51985457702892,GRAND LARCENY,"LARCENY,GRAND FROM BUILDING (NON-RESIDENCE) UNATTENDED",2025-06-24T00:00:00.000,nypd_complaints,2025-06-24,Tuesday,0.0,6.0,5.0
306243585,40.112488371328155,-77.5198549642984,FELONY ASSAULT,"ASSAULT 2,1,UNCLASSIFIED",2025-05-11T00:00:00.000,nypd_complaints,2025-05-11,Sunday,0.0,5.0,8.0
306982796,40.11248834230102,-77.51985517233234,ASSAULT 3 & RELATED OFFENSES,ASSAULT 3,2025-05-24T00:00:00.000,nypd_complaints,2025-05-24,Saturday,0.0,5.0,6.0
307629771,40.11248828953548,-77.51985528367015,HARRASSMENT 2,"HARASSMENT,SUBD 3,4,5",2025-06-04T00:00:00.000,nypd_complaints,2025-06-04,Wednesday,0.0,6.0,3.0
308575751,40.112488520898985,-77.51985457544421,DANGEROUS DRUGS,"CONTROLLED SUBSTANCE, POSSESSI",2025-06-24T00:00:00.000,nypd_complaints,2025-06-24,Tuesday,0.0,6.0,4.0
302130059,40.11248820591706,-77.51985536041553,HARRASSMENT 2,"HARASSMENT,SUBD 3,4,5",2025-02-23T00:00:00.000,nypd_complaints,2025-02-23,Sunday,0.0,2.0,3.0
300731744,40.1124886003386,-77.51985480081504,GRAND LARCENY,"LARCENY,GRAND BY FALSE PROMISE-IN PERSON CONTACT",2025-02-03T00:00:00.000,nypd_complaints,2025-02-03,Monday,0.0,2.0,5.0
307635913,40.11248892076497,-77.51985452060867,DANGEROUS WEAPONS,"WEAPONS, POSSESSION, ETC",2025-06-06T00:00:00.000,nypd_complaints,2025-06-06,Friday,0.0,6.0,7.0
300740625,40.11248860409048,-77.51985459908914,DANGEROUS DRUGS,"CONTROLLED SUBSTANCE,SALE 3",2025-02-07T00:00:00.000,nypd_complaints,2025-02-07,Friday,0.0,2.0,4.0
303167744,40.11248855876056,-77.51985509783088,ASSAULT 3 & RELATED OFFENSES,ASSAULT 3,2025-03-19T00:00:00.000,nypd_complaints,2025-03-19,Wednesday,0.0,3.0,6.0
304794432,40.11248856918137,-77.51985503602917,CRIMINAL TRESPASS,"TRESPASS 3, CRIMINAL",2025-04-14T00:00:00.000,nypd_complaints,2025-04-14,Monday,0.0,4.0,3.0
308870539,40.11248819910742,-77.51985541095368,HARRASSMENT 2,"HARASSMENT,SUBD 3,4,5",2025-06-30T00:00:00.000,nypd_complaints,2025-06-30,Monday,0.0,6.0,3.0
301718841,40.11248828293101,-77.51985525894854,DANGEROUS DRUGS,"CONTROLLED SUBSTANCE, POSSESSI",2025-02-26T00:00:00.000,nypd_complaints,2025-02-26,Wednesday,0.0,2.0,4.0
306453518,40.11248857449128,-77.51985513330236,HARRASSMENT 2,"HARASSMENT,SUBD 3,4,5",2025-05-14T00:00:00.000,nypd_complaints,2025-05-14,Wednesday,0.0,5.0,3.0
307426985,40.11248855480229,-77.51985495872843,DANGEROUS WEAPONS,WEAPONS POSSESSION 3,2025-06-02T00:00:00.000,nypd_complaints,2025-06-02,Monday,0.0,6.0,7.0
306983490,40.11248835060899,-77.51985512122147,HARRASSMENT 2,"HARASSMENT,SUBD 3,4,5",2025-05-24T00:00:00.000,nypd_complaints,2025-05-24,Saturday,0.0,5.0,3.0
301239153,40.11248828293101,-77.51985525894854,BURGLARY,"BURGLARY,RESIDENCE,NIGHT",2025-02-17T00:00:00.000,nypd_complaints,2025-02-17,Monday,0.0,2.0,6.0
302367511,40.112488458405146,-77.51985510086584,ASSAULT 3 & RELATED OFFENSES,ASSAULT 3,2025-03-10T00:00:00.000,nypd_complaints,2025-03-10,Monday,0.0,3.0,6.0
305391224,40.11248858877138,-77.51985484787328,FELONY ASSAULT,"ASSAULT 2,1,UNCLASSIFIED",2025-04-26T00:00:00.000,nypd_complaints,2025-04-26,Saturday,0.0,4.0,8.0
299536918,40.11248850383509,-77.5198545462006,GRAND LARCENY OF MOTOR VEHICLE,"LARCENY,GRAND OF AUTO",2025-01-15T00:00:00.000,nypd_complaints,2025-01-15,Wednesday,0.0,1.0,5.0
305523076,40.11248889272744,-77.51985453859972,GRAND LARCENY,"LARCENY,GRAND BY THEFT OF CREDIT CARD",2025-04-28T00:00:00.000,nypd_complaints,2025-04-28,Monday,0.0,4.0,5.0
306935818,40.11248891009533,-77.51985453702575,SEX CRIMES,"SEXUAL ABUSE 3,2",2025-05-23T00:00:00.000,nypd_complaints,2025-05-23,Friday,0.0,5.0,8.0
307299289,40.11248854777468,-77.51985492075023,GRAND LARCENY,"LARCENY,GRAND BY FALSE PROMISE-IN PERSON CONTACT",2025-05-29T00:00:00.000,nypd_complaints,2025-05-29,Thursday,0.0,5.0,5.0
303834207,40.1124885533821,-77.51985512184993,ASSAULT 3 & RELATED OFFENSES,ASSAULT 3,2025-03-29T00:00:00.000,nypd_complaints,2025-03-29,Saturday,0.0,3.0,6.0
304796408,40.11248869309817,-77.51985457228277,CRIMINAL TRESPASS,"TRESPASS 3, CRIMINAL",2025-04-15T00:00:00.000,nypd_complaints,2025-04-15,Tuesday,0.0,4.0,3.0
304617796,40.11248853555325,-77.51985507090785,RAPE,RAPE 3,2025-04-11T00:00:00.000,nypd_complaints,2025-04-11,Friday,0.0,4.0,9.0
299800582,40.112488571402345,-77.51985493853851,HARRASSMENT 2,"HARASSMENT,SUBD 1,CIVILIAN",2025-01-16T00:00:00.000,nypd_complaints,2025-01-16,Thursday,0.0,1.0,3.0
300163656,40.11248853190365,-77.51985504120067,FELONY ASSAULT,"ASSAULT 2,1,UNCLASSIFIED",2025-01-27T00:00:00.000,nypd_complaints,2025-01-27,Monday,0.0,1.0,8.0
306810694,40.11248883668675,-77.51985451083237,SEX CRIMES,"SEXUAL ABUSE 3,2",2025-05-15T00:00:00.000,nypd_complaints,2025-05-15,Thursday,0.0,5.0,8.0
299183525,40.11248820920991,-77.51985539870981,ASSAULT 3 & RELATED OFFENSES,ASSAULT 3,2025-01-09T00:00:00.000,nypd_complaints,2025-01-09,Thursday,0.0,1.0,6.0
308182036,40.11248855343489,-77.51985511827127,FELONY ASSAULT,"ASSAULT 2,1,UNCLASSIFIED",2025-06-17T00:00:00.000,nypd_complaints,2025-06-17,Tuesday,0.0,6.0,8.0
301596029,40.11248825271661,-77.51985529675841,ASSAULT 3 & RELATED OFFENSES,"MENACING,UNCLASSIFIED",2025-02-19T00:00:00.000,nypd_complaints,2025-02-19,Wednesday,0.0,2.0,6.0
307102668,40.112488695452505,-77.51985455785706,DANGEROUS DRUGS,"CONTROLLED SUBSTANCE,SALE 3",2025-05-27T00:00:00.000,nypd_complaints,2025-05-27,Tuesday,0.0,5.0,4.0
305140966,40.112488546216596,-77.51985480667878,DANGEROUS DRUGS,"CONTROLLED SUBSTANCE,POSSESS.",2025-04-22T00:00:00.000,nypd_complaints,2025-04-22,Tuesday,0.0,4.0,4.0
303020407,40.11248857726996,-77.51985457073648,CRIMINAL TRESPASS,"TRESPASS 2, CRIMINAL",2025-03-17T00:00:00.000,nypd_complaints,2025-03-17,Monday,0.0,3.0,3.0
299352727,40.11248853972629,-77.5198550166692,GRAND LARCENY OF MOTOR VEHICLE,"LARCENY,GRAND OF MOTORCYCLE",2025-01-12T00:00:00.000,nypd_complaints,2025-01-12,Sunday,0.0,1.0,5.0
303457051,40.11248853980392,-77.51985483794961,HARRASSMENT 2,"HARASSMENT,SUBD 1,CIVILIAN",2025-03-21T00:00:00.000,nypd_complaints,2025-03-21,Friday,0.0,3.0,3.0
300386498,40.11248826970319,-77.51985535428501,GRAND LARCENY,"LARCENY,GRAND FROM STORE-SHOPL",2025-01-31T00:00:00.000,nypd_complaints,2025-01-31,Friday,0.0,1.0,5.0
301595922,40.11248892076498,-77.51985452060867,DANGEROUS WEAPONS,"WEAPONS, POSSESSION, ETC",2025-02-24T00:00:00.000,nypd_complaints,2025-02-24,Monday,0.0,2.0,7.0
307106962,40.11248869705732,-77.51985456665463,ROBBERY,"ROBBERY,DELIVERY PERSON",2025-05-27T00:00:00.000,nypd_complaints,2025-05-27,Tuesday,0.0,5.0,7.0
305025775,40.112488866988166,-77.51985454810352,GRAND LARCENY,"LARCENY,GRAND BY THEFT OF CREDIT CARD",2025-04-19T00:00:00.000,nypd_complaints,2025-04-19,Saturday,0.0,4.0,5.0
305207003,40.11248878265232,-77.51985459177462,DANGEROUS WEAPONS,"WEAPONS, POSSESSION, ETC",2025-04-23T00:00:00.000,nypd_complaints,2025-04-23,Wednesday,0.0,4.0,7.0
304325800,40.11248818678307,-77.51985537334572,HARRASSMENT 2,"HARASSMENT,SUBD 1,CIVILIAN",2025-04-06T00:00:00.000,nypd_complaints,2025-04-06,Sunday,0.0,4.0,3.0
304930444,40.11248859149176,-77.51985467112446,DANGEROUS DRUGS,"CONTROLLED SUBSTANCE, POSSESSI",2025-04-18T00:00:00.000,nypd_complaints,2025-04-18,Friday,0.0,4.0,4.0
304928568,40.11248821296154,-77.51985534454103,HARRASSMENT 2,"HARASSMENT,SUBD 3,4,5",2025-04-13T00:00:00.000,nypd_complaints,2025-04-13,Sunday,0.0,4.0,3.0
306752053,40.112488401161926,-77.519854987231,GRAND LARCENY,"LARCENY,GRAND BY EXTORTION",2025-05-20T00:00:00.000,nypd_complaints,2025-05-20,Tuesday,0.0,5.0,5.0
304741909,40.11248843843202,-77.51985511802044,ASSAULT 3 & RELATED OFFENSES,ASSAULT 3,2025-04-14T00:00:00.000,nypd_complaints,2025-04-14,Monday,0.0,4.0,6.0
306246287,40.112488567485535,-77.5198550248455,FELONY ASSAULT,"ASSAULT 2,1,UNCLASSIFIED",2025-05-11T00:00:00.000,nypd_complaints,2025-05-11,Sunday,0.0,5.0,8.0
304284183,40.112488602570366,-77.51985481607946,SEX CRIMES,"SEXUAL ABUSE 3,2",2025-04-06T00:00:00.000,nypd_complaints,2025-04-06,Sunday,0.0,4.0,8.0
299167937,40.11248890749017,-77.51985453218845,DANGEROUS DRUGS,"CONTROLLED SUBSTANCE,SALE 3",2025-01-09T00:00:00.000,nypd_complaints,2025-01-09,Thursday,0.0,1.0,4.0
306677086,40.112488937917796,-77.51985454878717,GRAND LARCENY,"LARCENY,GRAND FROM NIGHT CLUB, UNATTENDED",2025-05-17T00:00:00.000,nypd_complaints,2025-05-17,Saturday,0.0,5.0,5.0
308118514,40.11248860509145,-77.51985485935761,ASSAULT 3 & RELATED OFFENSES,"MENACING,UNCLASSIFIED",2025-06-15T00:00:00.000,nypd_complaints,2025-06-15,Sunday,0.0,6.0,6.0
