id,latitude,longitude,type,description,timestamp,source,date,day_of_week,hour,month,severity_score
call_0,40.66189404600004,-73.73913314899994,53S,53S,2025-07-29T00:00:00.000000,911_calls,2025-07-29 00:00:00,Tuesday,0,7,3.0
call_1,40.868407122000065,-73.89260767699994,54I2,54I2,2025-07-28T01:01:00.000000,911_calls,2025-07-28 01:01:00,Monday,1,7,3.0
call_2,40.698697527000036,-73.98881805399998,75S,75S,2025-07-27T02:02:00.000000,911_calls,2025-07-27 02:02:00,Sunday,2,7,3.0
call_3,40.62895151200007,-73.96793097699998,50G2,50G2,2025-07-26T03:03:00.000000,911_calls,2025-07-26 03:03:00,Saturday,3,7,3.0
call_4,40.74567670700003,-73.98772027499996,10H1,10H1,2025-07-25T04:04:00.000000,911_calls,2025-07-25 04:04:00,Friday,4,7,3.0
call_5,40.69226368000005,-73.98774453499993,75O,75O,2025-07-24T05:05:00.000000,911_calls,2025-07-24 05:05:00,Thursday,5,7,3.0
call_6,40.75093622800006,-74.00404376499995,54U2,54U2,2025-07-23T06:06:00.000000,911_calls,2025-07-23 06:06:00,Wednesday,6,7,3.0
call_7,40.61633949800006,-74.03095284899996,75S,75S,2025-07-22T07:07:00.000000,911_calls,2025-07-22 07:07:00,Tuesday,7,7,3.0
call_8,40.82849393200007,-73.90554670999995,52D1,52D1,2025-07-21T08:08:00.000000,911_calls,2025-07-21 08:08:00,Monday,8,7,3.0
call_9,40.74705075800006,-73.89147157999997,75O,75O,2025-07-20T09:09:00.000000,911_calls,2025-07-20 09:09:00,Sunday,9,7,3.0
call_10,40.86085841600004,-73.89778957199997,75S,75S,2025-07-19T10:10:00.000000,911_calls,2025-07-19 10:10:00,Saturday,10,7,3.0
call_11,40.718244241000036,-73.95836798199997,75M,75M,2025-07-18T11:11:00.000000,911_calls,2025-07-18 11:11:00,Friday,11,7,3.0
call_12,40.798285226000075,-73.96267373099994,52D1,52D1,2025-07-17T12:12:00.000000,911_calls,2025-07-17 12:12:00,Thursday,12,7,3.0
call_13,40.64065237300008,-73.94557802499997,10H1,10H1,2025-07-16T13:13:00.000000,911_calls,2025-07-16 13:13:00,Wednesday,13,7,3.0
call_14,40.718244241000036,-73.95836798199997,75O,75O,2025-07-15T14:14:00.000000,911_calls,2025-07-15 14:14:00,Tuesday,14,7,3.0
call_15,40.67836827600007,-73.90352044899998,75M,75M,2025-07-14T15:15:00.000000,911_calls,2025-07-14 15:15:00,Monday,15,7,3.0
call_16,40.71239662200003,-73.78490845799996,75S,75S,2025-07-13T16:16:00.000000,911_calls,2025-07-13 16:16:00,Sunday,16,7,3.0
call_17,40.83509424700003,-73.90804891499994,10S2,10S2,2025-07-12T17:17:00.000000,911_calls,2025-07-12 17:17:00,Saturday,17,7,3.0
call_18,40.640936675000034,-73.97350306399994,50G2,50G2,2025-07-11T18:18:00.000000,911_calls,2025-07-11 18:18:00,Friday,18,7,3.0
call_19,40.70950107600004,-73.78648322999999,11C4,11C4,2025-07-10T19:19:00.000000,911_calls,2025-07-10 19:19:00,Thursday,19,7,3.0
call_20,40.689447804000054,-73.99046749299998,10Y3,10Y3,2025-07-09T20:20:00.000000,911_calls,2025-07-09 20:20:00,Wednesday,20,7,3.0
call_21,40.621415599000045,-74.08007850499996,10S4,10S4,2025-07-08T21:21:00.000000,911_calls,2025-07-08 21:21:00,Tuesday,21,7,3.0
call_22,40.60156483000003,-73.94210597799997,10Y3,10Y3,2025-07-07T22:22:00.000000,911_calls,2025-07-07 22:22:00,Monday,22,7,3.0
call_23,40.83149958700005,-73.92034728999994,10Y3,10Y3,2025-07-06T23:23:00.000000,911_calls,2025-07-06 23:23:00,Sunday,23,7,3.0
call_24,40.644801520000044,-74.00526971499994,52D1,52D1,2025-07-05T00:24:00.000000,911_calls,2025-07-05 00:24:00,Saturday,0,7,3.0
call_25,40.79719864200007,-73.94329385599997,39P6,39P6,2025-07-04T01:25:00.000000,911_calls,2025-07-04 01:25:00,Friday,1,7,3.0
call_26,40.68887919500003,-73.90493676399996,75M,75M,2025-07-03T02:26:00.000000,911_calls,2025-07-03 02:26:00,Thursday,2,7,3.0
call_27,40.61484691900006,-73.95433715699994,10Y3,10Y3,2025-07-02T03:27:00.000000,911_calls,2025-07-02 03:27:00,Wednesday,3,7,3.0
call_28,40.752533054000025,-73.98740139399996,11C4,11C4,2025-07-01T04:28:00.000000,911_calls,2025-07-01 04:28:00,Tuesday,4,7,3.0
call_29,40.67906840200004,-73.90376820299997,75M,75M,2025-06-30T05:29:00.000000,911_calls,2025-06-30 05:29:00,Monday,5,6,3.0
call_30,40.78052257600007,-73.94521817699996,59R4,59R4,2025-07-29T06:30:00.000000,911_calls,2025-07-29 06:30:00,Tuesday,6,7,3.0
call_31,40.606569086000036,-73.99082865999998,54C1,54C1,2025-07-28T07:31:00.000000,911_calls,2025-07-28 07:31:00,Monday,7,7,3.0
call_32,40.67914758400008,-73.82261933099994,39V6,39V6,2025-07-27T08:32:00.000000,911_calls,2025-07-27 08:32:00,Sunday,8,7,3.0
call_33,40.69026700100005,-73.93500461799994,29H2,29H2,2025-07-26T09:33:00.000000,911_calls,2025-07-26 09:33:00,Saturday,9,7,3.0
call_34,40.86985763400003,-73.91756066799996,39T2,39T2,2025-07-25T10:34:00.000000,911_calls,2025-07-25 10:34:00,Friday,10,7,3.0
call_35,40.61190307500004,-74.10302790199995,10S2,10S2,2025-07-24T11:35:00.000000,911_calls,2025-07-24 11:35:00,Thursday,11,7,3.0
call_36,40.64921500600008,-73.96366886299995,11C4,11C4,2025-07-23T12:36:00.000000,911_calls,2025-07-23 12:36:00,Wednesday,12,7,3.0
call_37,40.67508142100007,-73.92363809599993,10S1,10S1,2025-07-22T13:37:00.000000,911_calls,2025-07-22 13:37:00,Tuesday,13,7,3.0
call_38,40.86332066400007,-73.82310785699997,54U1,54U1,2025-07-21T14:38:00.000000,911_calls,2025-07-21 14:38:00,Monday,14,7,3.0
call_39,40.68844433600003,-73.80091991899997,53X,53X,2025-07-20T15:39:00.000000,911_calls,2025-07-20 15:39:00,Sunday,15,7,3.0
call_40,40.68844433600003,-73.80091991899997,53X,53X,2025-07-19T16:40:00.000000,911_calls,2025-07-19 16:40:00,Saturday,16,7,3.0
call_41,40.860087315000044,-73.89491310799997,75D,75D,2025-07-18T17:41:00.000000,911_calls,2025-07-18 17:41:00,Friday,17,7,3.0
call_42,40.65260032000003,-73.97856550299997,54H1,54H1,2025-07-17T18:42:00.000000,911_calls,2025-07-17 18:42:00,Thursday,18,7,3.0
call_43,40.587376549000055,-73.96962511199996,10Y3,10Y3,2025-07-16T19:43:00.000000,911_calls,2025-07-16 19:43:00,Wednesday,19,7,3.0
call_44,40.72355737600003,-74.00165017899997,11C4,11C4,2025-07-15T20:44:00.000000,911_calls,2025-07-15 20:44:00,Tuesday,20,7,3.0
call_45,40.61180402800005,-73.95033776199995,59R4,59R4,2025-07-14T21:45:00.000000,911_calls,2025-07-14 21:45:00,Monday,21,7,3.0
call_46,40.853330001000074,-73.93161368199998,50P2,50P2,2025-07-13T22:46:00.000000,911_calls,2025-07-13 22:46:00,Sunday,22,7,3.0
call_47,40.683788668000034,-73.76974188799994,10S2,10S2,2025-07-12T23:47:00.000000,911_calls,2025-07-12 23:47:00,Saturday,23,7,3.0
call_48,40.75673593700003,-73.99831941099995,54S2,54S2,2025-07-11T00:48:00.000000,911_calls,2025-07-11 00:48:00,Friday,0,7,3.0
call_49,40.67303140400003,-73.95567082599996,44H1,44H1,2025-07-10T01:49:00.000000,911_calls,2025-07-10 01:49:00,Thursday,1,7,3.0
call_50,40.679270529000064,-73.92882497899996,75S,75S,2025-07-09T02:50:00.000000,911_calls,2025-07-09 02:50:00,Wednesday,2,7,3.0
call_51,40.579488612000034,-73.95482572199995,54C1,54C1,2025-07-08T03:51:00.000000,911_calls,2025-07-08 03:51:00,Tuesday,3,7,3.0
call_52,40.882051545000024,-73.85539528099997,52D2,52D2,2025-07-07T04:52:00.000000,911_calls,2025-07-07 04:52:00,Monday,4,7,3.0
call_53,40.84227324600005,-73.87224065199996,10N9,10N9,2025-07-06T05:53:00.000000,911_calls,2025-07-06 05:53:00,Sunday,5,7,3.0
call_54,40.74857939100008,-73.87503331299996,11C4,11C4,2025-07-05T06:54:00.000000,911_calls,2025-07-05 06:54:00,Saturday,6,7,3.0
call_55,40.597857730000044,-73.96534603299995,53I,53I,2025-07-04T07:55:00.000000,911_calls,2025-07-04 07:55:00,Friday,7,7,3.0
call_56,40.679270529000064,-73.92882497899996,75S,75S,2025-07-03T08:56:00.000000,911_calls,2025-07-03 08:56:00,Thursday,8,7,3.0
call_57,40.874217411000075,-73.87853242199998,75M,75M,2025-07-02T09:57:00.000000,911_calls,2025-07-02 09:57:00,Wednesday,9,7,3.0
call_58,40.66130220400004,-73.96115364399998,54E1,54E1,2025-07-01T10:58:00.000000,911_calls,2025-07-01 10:58:00,Tuesday,10,7,3.0
call_59,40.66130220400004,-73.96115364399998,54E1,54E1,2025-06-30T11:59:00.000000,911_calls,2025-06-30 11:59:00,Monday,11,6,3.0
call_60,40.69768508400006,-73.99381298799995,56S9,56S9,2025-07-29T12:00:00.000000,911_calls,2025-07-29 12:00:00,Tuesday,12,7,3.0
call_61,40.83382589400003,-73.93603522399997,52D6,52D6,2025-07-28T13:01:00.000000,911_calls,2025-07-28 13:01:00,Monday,13,7,3.0
call_62,40.715462122000076,-73.98506366199996,54U2,54U2,2025-07-27T14:02:00.000000,911_calls,2025-07-27 14:02:00,Sunday,14,7,3.0
call_63,40.755977862000066,-73.98886258299996,54E2,54E2,2025-07-26T15:03:00.000000,911_calls,2025-07-26 15:03:00,Saturday,15,7,3.0
call_64,40.755977862000066,-73.98886258299996,54E2,54E2,2025-07-25T16:04:00.000000,911_calls,2025-07-25 16:04:00,Friday,16,7,3.0
call_65,40.72127357100004,-73.99359794999998,52K2,52K2,2025-07-24T17:05:00.000000,911_calls,2025-07-24 17:05:00,Thursday,17,7,3.0
call_66,40.59912276800003,-73.96431909099994,68Q1,68Q1,2025-07-23T18:06:00.000000,911_calls,2025-07-23 18:06:00,Wednesday,18,7,3.0
call_67,40.60944690500003,-73.96754417299996,50G2,50G2,2025-07-22T19:07:00.000000,911_calls,2025-07-22 19:07:00,Tuesday,19,7,3.0
call_68,40.66044379400006,-73.87913793899997,54S1,54S1,2025-07-21T20:08:00.000000,911_calls,2025-07-21 20:08:00,Monday,20,7,3.0
call_69,40.82437748600006,-73.94451363399997,75S,75S,2025-07-20T21:09:00.000000,911_calls,2025-07-20 21:09:00,Sunday,21,7,3.0
call_70,40.688743368000075,-73.94498708099997,54S1,54S1,2025-07-19T22:10:00.000000,911_calls,2025-07-19 22:10:00,Saturday,22,7,3.0
call_71,40.605512642000065,-73.94961857099997,68Q1,68Q1,2025-07-18T23:11:00.000000,911_calls,2025-07-18 23:11:00,Friday,23,7,3.0
call_72,40.762416409000025,-73.96084920699997,68Q1,68Q1,2025-07-17T00:12:00.000000,911_calls,2025-07-17 00:12:00,Thursday,0,7,3.0
call_73,40.76760643000006,-73.98173427399996,22Q9,22Q9,2025-07-16T01:13:00.000000,911_calls,2025-07-16 01:13:00,Wednesday,1,7,3.0
call_74,40.62483062500007,-73.96467279199999,50G2,50G2,2025-07-15T02:14:00.000000,911_calls,2025-07-15 02:14:00,Tuesday,2,7,3.0
call_75,40.74663295800008,-73.87216421499994,52D1,52D1,2025-07-14T03:15:00.000000,911_calls,2025-07-14 03:15:00,Monday,3,7,3.0
call_76,40.59273675600008,-73.79812307999998,50G2,50G2,2025-07-13T04:16:00.000000,911_calls,2025-07-13 04:16:00,Sunday,4,7,3.0
call_77,40.58939157700007,-73.97095277299996,68Q1,68Q1,2025-07-12T05:17:00.000000,911_calls,2025-07-12 05:17:00,Saturday,5,7,3.0
call_78,40.71928888000008,-73.99032614199996,53S,53S,2025-07-11T06:18:00.000000,911_calls,2025-07-11 06:18:00,Friday,6,7,3.0
call_79,40.71928888000008,-73.99032614199996,53S,53S,2025-07-10T07:19:00.000000,911_calls,2025-07-10 07:19:00,Thursday,7,7,3.0
call_80,40.779337025000075,-73.97925408299994,10H2,10H2,2025-07-09T08:20:00.000000,911_calls,2025-07-09 08:20:00,Wednesday,8,7,3.0
call_81,40.815669883000055,-73.93656568099993,54H1,54H1,2025-07-08T09:21:00.000000,911_calls,2025-07-08 09:21:00,Tuesday,9,7,3.0
call_82,40.63242975400004,-73.94722400499995,75S,75S,2025-07-07T10:22:00.000000,911_calls,2025-07-07 10:22:00,Monday,10,7,3.0
call_83,40.812296927000034,-73.92350234199995,54S1,54S1,2025-07-06T11:23:00.000000,911_calls,2025-07-06 11:23:00,Sunday,11,7,3.0
call_84,40.770600416000036,-73.95852659799993,68Q1,68Q1,2025-07-05T12:24:00.000000,911_calls,2025-07-05 12:24:00,Saturday,12,7,3.0
call_85,40.874217411000075,-73.87853242199998,75S,75S,2025-07-04T13:25:00.000000,911_calls,2025-07-04 13:25:00,Friday,13,7,3.0
call_86,40.59103248900004,-73.78612750699995,54C3,54C3,2025-07-03T14:26:00.000000,911_calls,2025-07-03 14:26:00,Thursday,14,7,3.0
call_87,40.59103248900004,-73.78612750699995,54C3,54C3,2025-07-02T15:27:00.000000,911_calls,2025-07-02 15:27:00,Wednesday,15,7,3.0
call_88,40.63113077300005,-74.02050098199999,68Q1,68Q1,2025-07-01T16:28:00.000000,911_calls,2025-07-01 16:28:00,Tuesday,16,7,3.0
call_89,40.84833817400005,-73.91247643899999,75M,75M,2025-06-30T17:29:00.000000,911_calls,2025-06-30 17:29:00,Monday,17,6,3.0
call_90,40.679270529000064,-73.92882497899996,75S,75S,2025-07-29T18:30:00.000000,911_calls,2025-07-29 18:30:00,Tuesday,18,7,3.0
call_91,40.71065931100003,-73.98986569399995,68Q1,68Q1,2025-07-28T19:31:00.000000,911_calls,2025-07-28 19:31:00,Monday,19,7,3.0
call_92,40.684461543000054,-73.97775120999995,75S,75S,2025-07-27T20:32:00.000000,911_calls,2025-07-27 20:32:00,Sunday,20,7,3.0
call_93,40.85131986700003,-73.92141156699995,39H1,39H1,2025-07-26T21:33:00.000000,911_calls,2025-07-26 21:33:00,Saturday,21,7,3.0
call_94,40.77720816600004,-73.89540135099998,10Y3,10Y3,2025-07-25T22:34:00.000000,911_calls,2025-07-25 22:34:00,Friday,22,7,3.0
call_95,40.75664204200007,-73.98837157699995,75M,75M,2025-07-24T23:35:00.000000,911_calls,2025-07-24 23:35:00,Thursday,23,7,3.0
call_96,40.624374819000025,-74.00499432099997,68Q1,68Q1,2025-07-23T00:36:00.000000,911_calls,2025-07-23 00:36:00,Wednesday,0,7,3.0
call_97,40.82437748600006,-73.94451363399997,75M,75M,2025-07-22T01:37:00.000000,911_calls,2025-07-22 01:37:00,Tuesday,1,7,3.0
call_98,40.69720337700005,-73.93561453399997,75M,75M,2025-07-21T02:38:00.000000,911_calls,2025-07-21 02:38:00,Monday,2,7,3.0
call_99,40.80769916300005,-73.94738485799996,10H1,10H1,2025-07-20T03:39:00.000000,911_calls,2025-07-20 03:39:00,Sunday,3,7,3.0
call_100,40.624374819000025,-74.00499432099997,68Q1,68Q1,2025-07-19T04:40:00.000000,911_calls,2025-07-19 04:40:00,Saturday,4,7,3.0
call_101,40.736917049000056,-73.95190079599996,54S1,54S1,2025-07-18T05:41:00.000000,911_calls,2025-07-18 05:41:00,Friday,5,7,3.0
call_102,40.58582199800003,-73.96607233599997,68Q1,68Q1,2025-07-17T06:42:00.000000,911_calls,2025-07-17 06:42:00,Thursday,6,7,3.0
call_103,40.77513623100003,-73.95521653399999,54U2,54U2,2025-07-16T07:43:00.000000,911_calls,2025-07-16 07:43:00,Wednesday,7,7,3.0
call_104,40.62835543600005,-74.07862418499997,53S,53S,2025-07-15T08:44:00.000000,911_calls,2025-07-15 08:44:00,Tuesday,8,7,3.0
call_105,40.74657843500006,-73.94542653799994,75M,75M,2025-07-14T09:45:00.000000,911_calls,2025-07-14 09:45:00,Monday,9,7,3.0
call_106,40.761752209000065,-73.98384039099994,54S2,54S2,2025-07-13T10:46:00.000000,911_calls,2025-07-13 10:46:00,Sunday,10,7,3.0
call_107,40.82027627300005,-73.89600928499993,56S,56S,2025-07-12T11:47:00.000000,911_calls,2025-07-12 11:47:00,Saturday,11,7,3.0
call_108,40.624374819000025,-74.00499432099997,68Q1,68Q1,2025-07-11T12:48:00.000000,911_calls,2025-07-11 12:48:00,Friday,12,7,3.0
call_109,40.75314959000008,-73.98008877399997,54H2,54H2,2025-07-10T13:49:00.000000,911_calls,2025-07-10 13:49:00,Thursday,13,7,3.0
call_110,40.75314959000008,-73.98008877399997,54H2,54H2,2025-07-09T14:50:00.000000,911_calls,2025-07-09 14:50:00,Wednesday,14,7,3.0
call_111,40.829270043000065,-73.84627758699997,67S8,67S8,2025-07-08T15:51:00.000000,911_calls,2025-07-08 15:51:00,Tuesday,15,7,3.0
call_112,40.65175137500006,-73.89942172299999,75M,75M,2025-07-07T16:52:00.000000,911_calls,2025-07-07 16:52:00,Monday,16,7,3.0
call_113,40.660783550000076,-73.96147833599997,75S,75S,2025-07-06T17:53:00.000000,911_calls,2025-07-06 17:53:00,Sunday,17,7,3.0
call_114,40.728001566000046,-73.71572192399998,68Q1,68Q1,2025-07-05T18:54:00.000000,911_calls,2025-07-05 18:54:00,Saturday,18,7,3.0
call_115,40.50727773300008,-74.23728397499997,11R4,11R4,2025-07-04T19:55:00.000000,911_calls,2025-07-04 19:55:00,Friday,19,7,3.0
call_116,40.84768101100008,-73.89770138399996,52D2,52D2,2025-07-03T20:56:00.000000,911_calls,2025-07-03 20:56:00,Thursday,20,7,3.0
call_117,40.62954334900007,-73.94378215699999,10Y3,10Y3,2025-07-02T21:57:00.000000,911_calls,2025-07-02 21:57:00,Wednesday,21,7,3.0
call_118,40.61659987100006,-74.03233971999998,75S,75S,2025-07-01T22:58:00.000000,911_calls,2025-07-01 22:58:00,Tuesday,22,7,3.0
call_119,40.73201947000007,-74.00073390899996,75S,75S,2025-06-30T23:59:00.000000,911_calls,2025-06-30 23:59:00,Monday,23,6,3.0
call_120,40.706442571000025,-73.93139647199996,75S,75S,2025-07-29T00:00:00.000000,911_calls,2025-07-29 00:00:00,Tuesday,0,7,3.0
call_121,40.85650319800004,-73.89542486299996,10S4,10S4,2025-07-28T01:01:00.000000,911_calls,2025-07-28 01:01:00,Monday,1,7,3.0
call_122,40.67906840200004,-73.90376820299997,75S,75S,2025-07-27T02:02:00.000000,911_calls,2025-07-27 02:02:00,Sunday,2,7,3.0
call_123,40.690563893000046,-73.98187797899999,75S,75S,2025-07-26T03:03:00.000000,911_calls,2025-07-26 03:03:00,Saturday,3,7,3.0
call_124,40.79719864200007,-73.94329385599997,52D1,52D1,2025-07-25T04:04:00.000000,911_calls,2025-07-25 04:04:00,Friday,4,7,3.0
call_125,40.535586626000054,-74.22283941599994,10Y3,10Y3,2025-07-24T05:05:00.000000,911_calls,2025-07-24 05:05:00,Thursday,5,7,3.0
call_126,40.85238190900003,-73.91351577099994,52D6,52D6,2025-07-23T06:06:00.000000,911_calls,2025-07-23 06:06:00,Wednesday,6,7,3.0
call_127,40.61948905300005,-73.90582444899997,50G2,50G2,2025-07-22T07:07:00.000000,911_calls,2025-07-22 07:07:00,Tuesday,7,7,3.0
call_128,40.87135165900003,-73.90124094399994,34Q1,34Q1,2025-07-21T08:08:00.000000,911_calls,2025-07-21 08:08:00,Monday,8,7,3.0
call_129,40.714074580000045,-73.95049964199995,75S,75S,2025-07-20T09:09:00.000000,911_calls,2025-07-20 09:09:00,Sunday,9,7,3.0
call_130,40.820411060000026,-73.89332824199994,68Q1,68Q1,2025-07-19T10:10:00.000000,911_calls,2025-07-19 10:10:00,Saturday,10,7,3.0
call_131,40.679270529000064,-73.92882497899996,75M,75M,2025-07-18T11:11:00.000000,911_calls,2025-07-18 11:11:00,Friday,11,7,3.0
call_132,40.69454230000008,-73.99336250999994,75S,75S,2025-07-17T12:12:00.000000,911_calls,2025-07-17 12:12:00,Thursday,12,7,3.0
call_133,40.58440471600005,-73.81344559799999,68Q1,68Q1,2025-07-16T13:13:00.000000,911_calls,2025-07-16 13:13:00,Wednesday,13,7,3.0
call_134,40.732510631000025,-73.97416303899996,67S8,67S8,2025-07-15T14:14:00.000000,911_calls,2025-07-15 14:14:00,Tuesday,14,7,3.0
call_135,40.82042804100007,-73.89388461399994,68Q1,68Q1,2025-07-14T15:15:00.000000,911_calls,2025-07-14 15:15:00,Monday,15,7,3.0
call_136,40.679270529000064,-73.92882497899996,75M,75M,2025-07-13T16:16:00.000000,911_calls,2025-07-13 16:16:00,Sunday,16,7,3.0
call_137,40.88439934500008,-73.86537160499995,10H1,10H1,2025-07-12T17:17:00.000000,911_calls,2025-07-12 17:17:00,Saturday,17,7,3.0
call_138,40.63497057200004,-73.88562252799994,75I,75I,2025-07-11T18:18:00.000000,911_calls,2025-07-11 18:18:00,Friday,18,7,3.0
call_139,40.69327950500008,-73.80507052599995,11R4,11R4,2025-07-10T19:19:00.000000,911_calls,2025-07-10 19:19:00,Thursday,19,7,3.0
call_140,40.744943539000076,-73.98502096499993,10H1,10H1,2025-07-09T20:20:00.000000,911_calls,2025-07-09 20:20:00,Wednesday,20,7,3.0
call_141,40.58380437500006,-73.81907796599995,68Q1,68Q1,2025-07-08T21:21:00.000000,911_calls,2025-07-08 21:21:00,Tuesday,21,7,3.0
call_142,40.67790752700006,-73.91078571399999,75S,75S,2025-07-07T22:22:00.000000,911_calls,2025-07-07 22:22:00,Monday,22,7,3.0
call_143,40.679270529000064,-73.92882497899996,75O,75O,2025-07-06T23:23:00.000000,911_calls,2025-07-06 23:23:00,Sunday,23,7,3.0
call_144,40.625384515000064,-74.02729698399997,50G2,50G2,2025-07-05T00:24:00.000000,911_calls,2025-07-05 00:24:00,Saturday,0,7,3.0
call_145,40.66894522600006,-73.92971556099997,52D6,52D6,2025-07-04T01:25:00.000000,911_calls,2025-07-04 01:25:00,Friday,1,7,3.0
call_146,40.83127016100008,-73.91426592599998,75D,75D,2025-07-03T02:26:00.000000,911_calls,2025-07-03 02:26:00,Thursday,2,7,3.0
call_147,40.84299535500003,-73.92168162399997,68Q1,68Q1,2025-07-02T03:27:00.000000,911_calls,2025-07-02 03:27:00,Wednesday,3,7,3.0
call_148,40.67245786700005,-73.87417375699994,68Q1,68Q1,2025-07-01T04:28:00.000000,911_calls,2025-07-01 04:28:00,Tuesday,4,7,3.0
call_149,40.64564719600003,-73.90287588699994,75O,75O,2025-06-30T05:29:00.000000,911_calls,2025-06-30 05:29:00,Monday,5,6,3.0
call_150,40.827899467000066,-73.92588369299995,75S,75S,2025-07-29T06:30:00.000000,911_calls,2025-07-29 06:30:00,Tuesday,6,7,3.0
call_151,40.85269075300005,-73.90487977199996,10P2,10P2,2025-07-28T07:31:00.000000,911_calls,2025-07-28 07:31:00,Monday,7,7,3.0
call_152,40.617969182000024,-73.95809913299996,11C4,11C4,2025-07-27T08:32:00.000000,911_calls,2025-07-27 08:32:00,Sunday,8,7,3.0
call_153,40.73181908400005,-73.99779324399998,10P2,10P2,2025-07-26T09:33:00.000000,911_calls,2025-07-26 09:33:00,Saturday,9,7,3.0
call_154,40.61659987100006,-74.03233971999998,75O,75O,2025-07-25T10:34:00.000000,911_calls,2025-07-25 10:34:00,Friday,10,7,3.0
call_155,40.84084902400008,-73.94005456699995,75S,75S,2025-07-24T11:35:00.000000,911_calls,2025-07-24 11:35:00,Thursday,11,7,3.0
call_156,40.79124032800007,-73.93889302799994,10S1,10S1,2025-07-23T12:36:00.000000,911_calls,2025-07-23 12:36:00,Wednesday,12,7,3.0
call_157,40.86802685400005,-73.89698312799999,54S1,54S1,2025-07-22T13:37:00.000000,911_calls,2025-07-22 13:37:00,Tuesday,13,7,3.0
call_158,40.76015718700006,-73.76742395499997,54S1,54S1,2025-07-21T14:38:00.000000,911_calls,2025-07-21 14:38:00,Monday,14,7,3.0
call_159,40.75842832100005,-73.91503828799995,50G2,50G2,2025-07-20T15:39:00.000000,911_calls,2025-07-20 15:39:00,Sunday,15,7,3.0
call_160,40.75664204200007,-73.98837157699995,13U9,13U9,2025-07-19T16:40:00.000000,911_calls,2025-07-19 16:40:00,Saturday,16,7,3.0
call_161,40.75664204200007,-73.98837157699995,13U9,13U9,2025-07-18T17:41:00.000000,911_calls,2025-07-18 17:41:00,Friday,17,7,3.0
call_162,40.642291654000076,-73.92693303399994,10S4,10S4,2025-07-17T18:42:00.000000,911_calls,2025-07-17 18:42:00,Thursday,18,7,3.0
call_163,40.74308261700003,-73.95398943899994,75S,75S,2025-07-16T19:43:00.000000,911_calls,2025-07-16 19:43:00,Wednesday,19,7,3.0
call_164,40.67794926300007,-73.90464589699997,54U9,54U9,2025-07-15T20:44:00.000000,911_calls,2025-07-15 20:44:00,Tuesday,20,7,3.0
call_165,40.71072244000004,-74.01013720899994,54S9,54S9,2025-07-14T21:45:00.000000,911_calls,2025-07-14 21:45:00,Monday,21,7,3.0
call_166,40.63824327900005,-74.01566778599994,10S2,10S2,2025-07-13T22:46:00.000000,911_calls,2025-07-13 22:46:00,Sunday,22,7,3.0
call_167,40.747729682000056,-73.98683929299995,54E1,54E1,2025-07-12T23:47:00.000000,911_calls,2025-07-12 23:47:00,Saturday,23,7,3.0
call_168,40.747729682000056,-73.98683929299995,54E1,54E1,2025-07-11T00:48:00.000000,911_calls,2025-07-11 00:48:00,Friday,0,7,3.0
call_169,40.75226363000007,-73.98388239499997,68Q2,68Q2,2025-07-10T01:49:00.000000,911_calls,2025-07-10 01:49:00,Thursday,1,7,3.0
call_170,40.74845426500008,-73.77609775099995,68Q1,68Q1,2025-07-09T02:50:00.000000,911_calls,2025-07-09 02:50:00,Wednesday,2,7,3.0
call_171,40.84084902400008,-73.94005456699995,75S,75S,2025-07-08T03:51:00.000000,911_calls,2025-07-08 03:51:00,Tuesday,3,7,3.0
call_172,40.63437605200005,-73.88398062199997,75I,75I,2025-07-07T04:52:00.000000,911_calls,2025-07-07 04:52:00,Monday,4,7,3.0
call_173,40.66313411500005,-73.74009069399995,68Q2,68Q2,2025-07-06T05:53:00.000000,911_calls,2025-07-06 05:53:00,Sunday,5,7,3.0
call_174,40.66423942200004,-73.90842501099996,75D,75D,2025-07-05T06:54:00.000000,911_calls,2025-07-05 06:54:00,Saturday,6,7,3.0
call_175,40.662767503000055,-73.90752952599996,75D,75D,2025-07-04T07:55:00.000000,911_calls,2025-07-04 07:55:00,Friday,7,7,3.0
call_176,40.701332285000035,-73.98676549999993,75O,75O,2025-07-03T08:56:00.000000,911_calls,2025-07-03 08:56:00,Thursday,8,7,3.0
call_177,40.640922930000045,-73.94900090099998,59R4,59R4,2025-07-02T09:57:00.000000,911_calls,2025-07-02 09:57:00,Wednesday,9,7,3.0
call_178,40.719816137000066,-73.99425465899998,52D2,52D2,2025-07-01T10:58:00.000000,911_calls,2025-07-01 10:58:00,Tuesday,10,7,3.0
call_179,40.66483511500007,-73.94818601299994,54S1,54S1,2025-06-30T11:59:00.000000,911_calls,2025-06-30 11:59:00,Monday,11,6,3.0
call_180,40.744758671000056,-73.97883539299994,75D,75D,2025-07-29T12:00:00.000000,911_calls,2025-07-29 12:00:00,Tuesday,12,7,3.0
call_181,40.71898720200005,-73.82035963199996,52D1,52D1,2025-07-28T13:01:00.000000,911_calls,2025-07-28 13:01:00,Monday,13,7,3.0
call_182,40.73896154000005,-73.75391526399994,68Q1,68Q1,2025-07-27T14:02:00.000000,911_calls,2025-07-27 14:02:00,Sunday,14,7,3.0
call_183,40.73754363100005,-73.74684062499995,50G2,50G2,2025-07-26T15:03:00.000000,911_calls,2025-07-26 15:03:00,Saturday,15,7,3.0
call_184,40.85290843100006,-73.90934005599996,59R4,59R4,2025-07-25T16:04:00.000000,911_calls,2025-07-25 16:04:00,Friday,16,7,3.0
call_185,40.79958346600006,-73.96262243699994,68Q1,68Q1,2025-07-24T17:05:00.000000,911_calls,2025-07-24 17:05:00,Thursday,17,7,3.0
call_186,40.684932642000035,-73.94880498999999,68Q2,68Q2,2025-07-23T18:06:00.000000,911_calls,2025-07-23 18:06:00,Wednesday,18,7,3.0
call_187,40.81054144700005,-73.93925822599994,10S2,10S2,2025-07-22T19:07:00.000000,911_calls,2025-07-22 19:07:00,Tuesday,19,7,3.0
call_188,40.59543765300003,-73.79969567299997,39V6,39V6,2025-07-21T20:08:00.000000,911_calls,2025-07-21 20:08:00,Monday,20,7,3.0
call_189,40.74492419000006,-73.98401408999996,68Q1,68Q1,2025-07-20T21:09:00.000000,911_calls,2025-07-20 21:09:00,Sunday,21,7,3.0
call_190,40.78927205800005,-73.97472243099998,68Q1,68Q1,2025-07-19T22:10:00.000000,911_calls,2025-07-19 22:10:00,Saturday,22,7,3.0
call_191,40.64564719600003,-73.90287588699994,75S,75S,2025-07-18T23:11:00.000000,911_calls,2025-07-18 23:11:00,Friday,23,7,3.0
call_192,40.74964837500005,-73.98787112699995,54E2,54E2,2025-07-17T00:12:00.000000,911_calls,2025-07-17 00:12:00,Thursday,0,7,3.0
call_193,40.74964837500005,-73.98787112699995,54E2,54E2,2025-07-16T01:13:00.000000,911_calls,2025-07-16 01:13:00,Wednesday,1,7,3.0
call_194,40.69976391700004,-73.91785033799994,68Q1,68Q1,2025-07-15T02:14:00.000000,911_calls,2025-07-15 02:14:00,Tuesday,2,7,3.0
call_195,40.53471768400004,-74.17094196199997,10Y3,10Y3,2025-07-14T03:15:00.000000,911_calls,2025-07-14 03:15:00,Monday,3,7,3.0
call_196,40.75757811200003,-73.98954452399994,54S2,54S2,2025-07-13T04:16:00.000000,911_calls,2025-07-13 04:16:00,Sunday,4,7,3.0
call_197,40.684932642000035,-73.94880498999999,68Q2,68Q2,2025-07-12T05:17:00.000000,911_calls,2025-07-12 05:17:00,Saturday,5,7,3.0
call_198,40.79299897900006,-73.97285748699994,39H1,39H1,2025-07-11T06:18:00.000000,911_calls,2025-07-11 06:18:00,Friday,6,7,3.0
call_199,40.70526798100008,-73.92298676599995,68Q1,68Q1,2025-07-10T07:19:00.000000,911_calls,2025-07-10 07:19:00,Thursday,7,7,3.0
call_200,40.75664204200007,-73.98837157699995,75S,75S,2025-07-09T08:20:00.000000,911_calls,2025-07-09 08:20:00,Wednesday,8,7,3.0
call_201,40.767543157000034,-73.77145955099996,68Q1,68Q1,2025-07-08T09:21:00.000000,911_calls,2025-07-08 09:21:00,Tuesday,9,7,3.0
call_202,40.69951622000008,-73.91692018499998,68Q1,68Q1,2025-07-07T10:22:00.000000,911_calls,2025-07-07 10:22:00,Monday,10,7,3.0
call_203,40.706731389000026,-73.89875085999995,50G2,50G2,2025-07-06T11:23:00.000000,911_calls,2025-07-06 11:23:00,Sunday,11,7,3.0
call_204,40.815684487000055,-73.94353822199997,10Y3,10Y3,2025-07-05T12:24:00.000000,911_calls,2025-07-05 12:24:00,Saturday,12,7,3.0
call_205,40.70059287300006,-73.81585419699996,68Q1,68Q1,2025-07-04T13:25:00.000000,911_calls,2025-07-04 13:25:00,Friday,13,7,3.0
call_206,40.75664204200007,-73.98837157699995,75S,75S,2025-07-03T14:26:00.000000,911_calls,2025-07-03 14:26:00,Thursday,14,7,3.0
call_207,40.827899467000066,-73.92588369299995,75M,75M,2025-07-02T15:27:00.000000,911_calls,2025-07-02 15:27:00,Wednesday,15,7,3.0
call_208,40.57707107300007,-74.00163575499994,10Y3,10Y3,2025-07-01T16:28:00.000000,911_calls,2025-07-01 16:28:00,Tuesday,16,7,3.0
call_209,40.75664204200007,-73.98837157699995,75S,75S,2025-06-30T17:29:00.000000,911_calls,2025-06-30 17:29:00,Monday,17,6,3.0
call_210,40.69969798000005,-73.75153928399999,11R4,11R4,2025-07-29T18:30:00.000000,911_calls,2025-07-29 18:30:00,Tuesday,18,7,3.0
call_211,40.81756136700005,-73.92786058299998,75M,75M,2025-07-28T19:31:00.000000,911_calls,2025-07-28 19:31:00,Monday,19,7,3.0
call_212,40.87475106100004,-73.84927491399998,54U1,54U1,2025-07-27T20:32:00.000000,911_calls,2025-07-27 20:32:00,Sunday,20,7,3.0
call_213,40.68592602900003,-73.91577608399996,75S,75S,2025-07-26T21:33:00.000000,911_calls,2025-07-26 21:33:00,Saturday,21,7,3.0
call_214,40.71145290700008,-73.96416878799994,68Q2,68Q2,2025-07-25T22:34:00.000000,911_calls,2025-07-25 22:34:00,Friday,22,7,3.0
call_215,40.677628782000056,-73.97298375299994,39H9,39H9,2025-07-24T23:35:00.000000,911_calls,2025-07-24 23:35:00,Thursday,23,7,3.0
call_216,40.81122672500004,-73.94286285699997,10V2,10V2,2025-07-23T00:36:00.000000,911_calls,2025-07-23 00:36:00,Wednesday,0,7,3.0
call_217,40.705628483000055,-73.81014159699998,75S,75S,2025-07-22T01:37:00.000000,911_calls,2025-07-22 01:37:00,Tuesday,1,7,3.0
call_218,40.71899236000007,-73.98935216499996,75D,75D,2025-07-21T02:38:00.000000,911_calls,2025-07-21 02:38:00,Monday,2,7,3.0
call_219,40.75392695200003,-73.88364607899996,68Q1,68Q1,2025-07-20T03:39:00.000000,911_calls,2025-07-20 03:39:00,Sunday,3,7,3.0
call_220,40.600205912000035,-74.12150132299996,10Y3,10Y3,2025-07-19T04:40:00.000000,911_calls,2025-07-19 04:40:00,Saturday,4,7,3.0
call_221,40.747724394000045,-73.98873764699994,68Q2,68Q2,2025-07-18T05:41:00.000000,911_calls,2025-07-18 05:41:00,Friday,5,7,3.0
call_222,40.69226368000005,-73.98774453499993,75M,75M,2025-07-17T06:42:00.000000,911_calls,2025-07-17 06:42:00,Thursday,6,7,3.0
call_223,40.56626702900007,-74.13330627699997,68Q1,68Q1,2025-07-16T07:43:00.000000,911_calls,2025-07-16 07:43:00,Wednesday,7,7,3.0
call_224,40.83096704500008,-73.89311257399999,10S4,10S4,2025-07-15T08:44:00.000000,911_calls,2025-07-15 08:44:00,Tuesday,8,7,3.0
call_225,40.54086579800003,-74.15159754499996,68Q1,68Q1,2025-07-14T09:45:00.000000,911_calls,2025-07-14 09:45:00,Monday,9,7,3.0
call_226,40.72669378900008,-73.98595229499995,39H2,39H2,2025-07-13T10:46:00.000000,911_calls,2025-07-13 10:46:00,Sunday,10,7,3.0
call_227,40.785507848000066,-73.93139084199998,54H1,54H1,2025-07-12T11:47:00.000000,911_calls,2025-07-12 11:47:00,Saturday,11,7,3.0
call_228,40.74462276700007,-73.71638360599997,54E1,54E1,2025-07-11T12:48:00.000000,911_calls,2025-07-11 12:48:00,Friday,12,7,3.0
call_229,40.74462276700007,-73.71638360599997,54E1,54E1,2025-07-10T13:49:00.000000,911_calls,2025-07-10 13:49:00,Thursday,13,7,3.0
call_230,40.575662582000064,-74.13085560499997,10Y3,10Y3,2025-07-09T14:50:00.000000,911_calls,2025-07-09 14:50:00,Wednesday,14,7,3.0
call_231,40.66468589900006,-73.89452887499993,10Y9,10Y9,2025-07-08T15:51:00.000000,911_calls,2025-07-08 15:51:00,Tuesday,15,7,3.0
call_232,40.70590394900006,-73.92177415499998,75D,75D,2025-07-07T16:52:00.000000,911_calls,2025-07-07 16:52:00,Monday,16,7,3.0
call_233,40.547776948000035,-74.15182192199995,68Q1,68Q1,2025-07-06T17:53:00.000000,911_calls,2025-07-06 17:53:00,Sunday,17,7,3.0
call_234,40.82064655100004,-73.90198098499997,52D6,52D6,2025-07-05T18:54:00.000000,911_calls,2025-07-05 18:54:00,Saturday,18,7,3.0
call_235,40.75755741200004,-73.97874108699995,11C4,11C4,2025-07-04T19:55:00.000000,911_calls,2025-07-04 19:55:00,Friday,19,7,3.0
call_236,40.702916049000066,-73.80006160699998,54S9,54S9,2025-07-03T20:56:00.000000,911_calls,2025-07-03 20:56:00,Thursday,20,7,3.0
call_237,40.817536560000065,-73.92769441999997,75S,75S,2025-07-02T21:57:00.000000,911_calls,2025-07-02 21:57:00,Wednesday,21,7,3.0
call_238,40.66165581400003,-73.98120099899995,10Y3,10Y3,2025-07-01T22:58:00.000000,911_calls,2025-07-01 22:58:00,Tuesday,22,7,3.0
call_239,40.67504389800007,-73.89667555699998,75S,75S,2025-06-30T23:59:00.000000,911_calls,2025-06-30 23:59:00,Monday,23,6,3.0
call_240,40.89044388800005,-73.89826128299995,11C4,11C4,2025-07-29T00:00:00.000000,911_calls,2025-07-29 00:00:00,Tuesday,0,7,3.0
call_241,40.54086579800003,-74.15159754499996,68Q1,68Q1,2025-07-28T01:01:00.000000,911_calls,2025-07-28 01:01:00,Monday,1,7,3.0
call_242,40.58946324600004,-73.81000379799997,75D,75D,2025-07-27T02:02:00.000000,911_calls,2025-07-27 02:02:00,Sunday,2,7,3.0
call_243,40.677417621000075,-74.00742101199995,75I,75I,2025-07-26T03:03:00.000000,911_calls,2025-07-26 03:03:00,Saturday,3,7,3.0
call_244,40.75708253000005,-73.96692720299995,75D,75D,2025-07-25T04:04:00.000000,911_calls,2025-07-25 04:04:00,Friday,4,7,3.0
call_245,40.75664204200007,-73.98837157699995,54S9,54S9,2025-07-24T05:05:00.000000,911_calls,2025-07-24 05:05:00,Thursday,5,7,3.0
call_246,40.68346026200004,-73.87288383999999,75S,75S,2025-07-23T06:06:00.000000,911_calls,2025-07-23 06:06:00,Wednesday,6,7,3.0
call_247,40.674369253000066,-73.86304850799996,54U1,54U1,2025-07-22T07:07:00.000000,911_calls,2025-07-22 07:07:00,Tuesday,7,7,3.0
call_248,40.76505303600004,-73.96613266099996,56S9,56S9,2025-07-21T08:08:00.000000,911_calls,2025-07-21 08:08:00,Monday,8,7,3.0
call_249,40.83529790100005,-73.93756966899997,75D,75D,2025-07-20T09:09:00.000000,911_calls,2025-07-20 09:09:00,Sunday,9,7,3.0
call_250,40.58399416100008,-73.96676090099999,75Z,75Z,2025-07-19T10:10:00.000000,911_calls,2025-07-19 10:10:00,Saturday,10,7,3.0
call_251,40.76004854100006,-73.99146088999998,22Q1,22Q1,2025-07-18T11:11:00.000000,911_calls,2025-07-18 11:11:00,Friday,11,7,3.0
call_252,40.70193074600007,-73.81658624099998,56S9,56S9,2025-07-17T12:12:00.000000,911_calls,2025-07-17 12:12:00,Thursday,12,7,3.0
call_253,40.728186236000056,-73.78879741899993,75H,75H,2025-07-16T13:13:00.000000,911_calls,2025-07-16 13:13:00,Wednesday,13,7,3.0
call_254,40.67744162500003,-73.91917571799996,68Q1,68Q1,2025-07-15T14:14:00.000000,911_calls,2025-07-15 14:14:00,Tuesday,14,7,3.0
call_255,40.838689661000046,-73.91880635699994,68Q1,68Q1,2025-07-14T15:15:00.000000,911_calls,2025-07-14 15:15:00,Monday,15,7,3.0
call_256,40.730888367000034,-73.99216460199995,56S9,56S9,2025-07-13T16:16:00.000000,911_calls,2025-07-13 16:16:00,Sunday,16,7,3.0
call_257,40.85557168400004,-73.86766034499993,75S,75S,2025-07-12T17:17:00.000000,911_calls,2025-07-12 17:17:00,Saturday,17,7,3.0
call_258,40.71626346000005,-73.98407867999998,75D,75D,2025-07-11T18:18:00.000000,911_calls,2025-07-11 18:18:00,Friday,18,7,3.0
call_259,40.67746959700003,-73.89899717699996,68Q1,68Q1,2025-07-10T19:19:00.000000,911_calls,2025-07-10 19:19:00,Thursday,19,7,3.0
call_260,40.68207498100003,-73.98676571599998,68Q1,68Q1,2025-07-09T20:20:00.000000,911_calls,2025-07-09 20:20:00,Wednesday,20,7,3.0
call_261,40.67790752700006,-73.91078571399999,75O,75O,2025-07-08T21:21:00.000000,911_calls,2025-07-08 21:21:00,Tuesday,21,7,3.0
call_262,40.71008001100006,-73.98823541899998,75D,75D,2025-07-07T22:22:00.000000,911_calls,2025-07-07 22:22:00,Monday,22,7,3.0
call_263,40.66865444800004,-73.82632409599995,10Y3,10Y3,2025-07-06T23:23:00.000000,911_calls,2025-07-06 23:23:00,Sunday,23,7,3.0
call_264,40.62886196000005,-73.92356848899993,75D,75D,2025-07-05T00:24:00.000000,911_calls,2025-07-05 00:24:00,Saturday,0,7,3.0
call_265,40.84413994500005,-73.90038861799997,68Q1,68Q1,2025-07-04T01:25:00.000000,911_calls,2025-07-04 01:25:00,Friday,1,7,3.0
call_266,40.58561704500005,-74.16177631999994,68Q1,68Q1,2025-07-03T02:26:00.000000,911_calls,2025-07-03 02:26:00,Thursday,2,7,3.0
call_267,40.81756136700005,-73.92786058299998,75O,75O,2025-07-02T03:27:00.000000,911_calls,2025-07-02 03:27:00,Wednesday,3,7,3.0
call_268,40.766542661000074,-73.99230119999999,54E1,54E1,2025-07-01T04:28:00.000000,911_calls,2025-07-01 04:28:00,Tuesday,4,7,3.0
call_269,40.766542661000074,-73.99230119999999,54E1,54E1,2025-06-30T05:29:00.000000,911_calls,2025-06-30 05:29:00,Monday,5,6,3.0
call_270,40.667493455000056,-73.89717028299998,75D,75D,2025-07-29T06:30:00.000000,911_calls,2025-07-29 06:30:00,Tuesday,6,7,3.0
call_271,40.72022197000007,-74.01109465399998,10H1,10H1,2025-07-28T07:31:00.000000,911_calls,2025-07-28 07:31:00,Monday,7,7,3.0
call_272,40.70722010500003,-73.92388261399998,54S9,54S9,2025-07-27T08:32:00.000000,911_calls,2025-07-27 08:32:00,Sunday,8,7,3.0
call_273,40.72316928300006,-73.98412753799994,54E2,54E2,2025-07-26T09:33:00.000000,911_calls,2025-07-26 09:33:00,Saturday,9,7,3.0
call_274,40.72316928300006,-73.98412753799994,54E2,54E2,2025-07-25T10:34:00.000000,911_calls,2025-07-25 10:34:00,Friday,10,7,3.0
call_275,40.721355481000046,-73.98814684599995,10P2,10P2,2025-07-24T11:35:00.000000,911_calls,2025-07-24 11:35:00,Thursday,11,7,3.0
call_276,40.660783550000076,-73.96147833599997,75M,75M,2025-07-23T12:36:00.000000,911_calls,2025-07-23 12:36:00,Wednesday,12,7,3.0
call_277,40.67825086300007,-73.95289129299994,54S1,54S1,2025-07-22T13:37:00.000000,911_calls,2025-07-22 13:37:00,Tuesday,13,7,3.0
call_278,40.74845426500008,-73.77609775099995,68Q1,68Q1,2025-07-21T14:38:00.000000,911_calls,2025-07-21 14:38:00,Monday,14,7,3.0
call_279,40.72083446800008,-74.00522883099995,75M,75M,2025-07-20T15:39:00.000000,911_calls,2025-07-20 15:39:00,Sunday,15,7,3.0
call_280,40.68060295600003,-73.98088919999998,10H2,10H2,2025-07-19T16:40:00.000000,911_calls,2025-07-19 16:40:00,Saturday,16,7,3.0
call_281,40.71255729300003,-73.95183901599995,68Q1,68Q1,2025-07-18T17:41:00.000000,911_calls,2025-07-18 17:41:00,Friday,17,7,3.0
call_282,40.64395993900007,-73.97966371899997,75S,75S,2025-07-17T18:42:00.000000,911_calls,2025-07-17 18:42:00,Thursday,18,7,3.0
call_283,40.702273406000074,-74.01587398599997,75M,75M,2025-07-16T19:43:00.000000,911_calls,2025-07-16 19:43:00,Wednesday,19,7,3.0
call_284,40.71063084200006,-73.92655874299999,52D2,52D2,2025-07-15T20:44:00.000000,911_calls,2025-07-15 20:44:00,Tuesday,20,7,3.0
call_285,40.67258587100008,-73.87326145799994,68Q1,68Q1,2025-07-14T21:45:00.000000,911_calls,2025-07-14 21:45:00,Monday,21,7,3.0
call_286,40.75808862800005,-73.85735368899998,68Q1,68Q1,2025-07-13T22:46:00.000000,911_calls,2025-07-13 22:46:00,Sunday,22,7,3.0
call_287,40.60963564000008,-73.92502392599994,54U1,54U1,2025-07-12T23:47:00.000000,911_calls,2025-07-12 23:47:00,Saturday,23,7,3.0
call_288,40.67508142100007,-73.92363809599993,75I,75I,2025-07-11T00:48:00.000000,911_calls,2025-07-11 00:48:00,Friday,0,7,3.0
call_289,40.65696453600003,-73.75159392099994,68Q1,68Q1,2025-07-10T01:49:00.000000,911_calls,2025-07-10 01:49:00,Thursday,1,7,3.0
call_290,40.77841252300004,-73.98208876999996,75D,75D,2025-07-09T02:50:00.000000,911_calls,2025-07-09 02:50:00,Wednesday,2,7,3.0
call_291,40.826762949000056,-73.95126133499997,56S9,56S9,2025-07-08T03:51:00.000000,911_calls,2025-07-08 03:51:00,Tuesday,3,7,3.0
call_292,40.68397420800005,-73.98547093299999,59R4,59R4,2025-07-07T04:52:00.000000,911_calls,2025-07-07 04:52:00,Monday,4,7,3.0
call_293,40.57584700600006,-74.16267419199994,59Q2,59Q2,2025-07-06T05:53:00.000000,911_calls,2025-07-06 05:53:00,Sunday,5,7,3.0
call_294,40.626487188000056,-73.96069477599997,22Q1,22Q1,2025-07-05T06:54:00.000000,911_calls,2025-07-05 06:54:00,Saturday,6,7,3.0
call_295,40.735674104000054,-73.71608972199994,11C4,11C4,2025-07-04T07:55:00.000000,911_calls,2025-07-04 07:55:00,Friday,7,7,3.0
call_296,40.606507942000064,-73.76115974599998,10S4,10S4,2025-07-03T08:56:00.000000,911_calls,2025-07-03 08:56:00,Thursday,8,7,3.0
call_297,40.71246983300006,-73.98161591799999,10S2,10S2,2025-07-02T09:57:00.000000,911_calls,2025-07-02 09:57:00,Wednesday,9,7,3.0
call_298,40.68660506200007,-73.93427622399997,75D,75D,2025-07-01T10:58:00.000000,911_calls,2025-07-01 10:58:00,Tuesday,10,7,3.0
call_299,40.717068450000056,-73.80346059999994,68Q1,68Q1,2025-06-30T11:59:00.000000,911_calls,2025-06-30 11:59:00,Monday,11,6,3.0
call_300,40.76755406400008,-73.91809524399997,10V2,10V2,2025-07-29T12:00:00.000000,911_calls,2025-07-29 12:00:00,Tuesday,12,7,3.0
call_301,40.67459999000005,-73.93057482199998,54S1,54S1,2025-07-28T13:01:00.000000,911_calls,2025-07-28 13:01:00,Monday,13,7,3.0
call_302,40.64527337000004,-73.89598654399998,10Y3,10Y3,2025-07-27T14:02:00.000000,911_calls,2025-07-27 14:02:00,Sunday,14,7,3.0
call_303,40.56402276700004,-74.09667360399999,59W,59W,2025-07-26T15:03:00.000000,911_calls,2025-07-26 15:03:00,Saturday,15,7,3.0
call_304,40.745647537000025,-73.90304769199997,75S,75S,2025-07-25T16:04:00.000000,911_calls,2025-07-25 16:04:00,Friday,16,7,3.0
call_305,40.664251439000054,-73.76845041899998,75D,75D,2025-07-24T17:05:00.000000,911_calls,2025-07-24 17:05:00,Thursday,17,7,3.0
call_306,40.78811564700004,-73.97099247399996,75D,75D,2025-07-23T18:06:00.000000,911_calls,2025-07-23 18:06:00,Wednesday,18,7,3.0
call_307,40.65206708800008,-73.92893328399998,10S4,10S4,2025-07-22T19:07:00.000000,911_calls,2025-07-22 19:07:00,Tuesday,19,7,3.0
call_308,40.679270529000064,-73.92882497899996,75O,75O,2025-07-21T20:08:00.000000,911_calls,2025-07-21 20:08:00,Monday,20,7,3.0
call_309,40.86275525800005,-73.90449300199998,75D,75D,2025-07-20T21:09:00.000000,911_calls,2025-07-20 21:09:00,Sunday,21,7,3.0
call_310,40.68052914700007,-73.96953581599996,68Q1,68Q1,2025-07-19T22:10:00.000000,911_calls,2025-07-19 22:10:00,Saturday,22,7,3.0
call_311,40.625406085000066,-74.07670061899995,10P2,10P2,2025-07-18T23:11:00.000000,911_calls,2025-07-18 23:11:00,Friday,23,7,3.0
call_312,40.702916049000066,-73.80006160699998,75O,75O,2025-07-17T00:12:00.000000,911_calls,2025-07-17 00:12:00,Thursday,0,7,3.0
call_313,40.79766057200004,-73.95106232399996,54C1,54C1,2025-07-16T01:13:00.000000,911_calls,2025-07-16 01:13:00,Wednesday,1,7,3.0
call_314,40.68350009100004,-73.85546888699997,51,51,2025-07-15T02:14:00.000000,911_calls,2025-07-15 02:14:00,Tuesday,2,7,3.0
call_315,40.76459128700003,-73.79255185499994,68Q1,68Q1,2025-07-14T03:15:00.000000,911_calls,2025-07-14 03:15:00,Monday,3,7,3.0
call_316,40.61056784600004,-73.98666463599994,68Q2,68Q2,2025-07-13T04:16:00.000000,911_calls,2025-07-13 04:16:00,Sunday,4,7,3.0
call_317,40.788423557000044,-73.79083808899998,10Y3,10Y3,2025-07-12T05:17:00.000000,911_calls,2025-07-12 05:17:00,Saturday,5,7,3.0
call_318,40.83718613000008,-73.94259843199995,10P2,10P2,2025-07-11T06:18:00.000000,911_calls,2025-07-11 06:18:00,Friday,6,7,3.0
call_319,40.67906840200004,-73.90376820299997,75S,75S,2025-07-10T07:19:00.000000,911_calls,2025-07-10 07:19:00,Thursday,7,7,3.0
call_320,40.702273406000074,-74.01587398599997,75S,75S,2025-07-09T08:20:00.000000,911_calls,2025-07-09 08:20:00,Wednesday,8,7,3.0
call_321,40.63217313900003,-74.14190448699998,68Q1,68Q1,2025-07-08T09:21:00.000000,911_calls,2025-07-08 09:21:00,Tuesday,9,7,3.0
call_322,40.76778482100008,-73.98162231199996,22Q9,22Q9,2025-07-07T10:22:00.000000,911_calls,2025-07-07 10:22:00,Monday,10,7,3.0
call_323,40.79581483100003,-73.93710106499998,68Q1,68Q1,2025-07-06T11:23:00.000000,911_calls,2025-07-06 11:23:00,Sunday,11,7,3.0
call_324,40.88549712100007,-73.90044599699996,75T,75T,2025-07-05T12:24:00.000000,911_calls,2025-07-05 12:24:00,Saturday,12,7,3.0
call_325,40.75986975500007,-73.82897041199993,75S,75S,2025-07-04T13:25:00.000000,911_calls,2025-07-04 13:25:00,Friday,13,7,3.0
call_326,40.734961457000054,-73.99048985099995,75S,75S,2025-07-03T14:26:00.000000,911_calls,2025-07-03 14:26:00,Thursday,14,7,3.0
call_327,40.61106263600004,-73.99674915199995,68Q2,68Q2,2025-07-02T15:27:00.000000,911_calls,2025-07-02 15:27:00,Wednesday,15,7,3.0
call_328,40.87135165900003,-73.90124094399994,10H1,10H1,2025-07-01T16:28:00.000000,911_calls,2025-07-01 16:28:00,Tuesday,16,7,3.0
call_329,40.845498305000035,-73.85816742799994,52D2,52D2,2025-06-30T17:29:00.000000,911_calls,2025-06-30 17:29:00,Monday,17,6,3.0
call_330,40.842615383000066,-73.93772543999995,68Q1,68Q1,2025-07-29T18:30:00.000000,911_calls,2025-07-29 18:30:00,Tuesday,18,7,3.0
call_331,40.84030289200007,-73.91787557399994,75S,75S,2025-07-28T19:31:00.000000,911_calls,2025-07-28 19:31:00,Monday,19,7,3.0
call_332,40.75787438500004,-73.80810125399995,75D,75D,2025-07-27T20:32:00.000000,911_calls,2025-07-27 20:32:00,Sunday,20,7,3.0
call_333,40.64564719600003,-73.90287588699994,75O,75O,2025-07-26T21:33:00.000000,911_calls,2025-07-26 21:33:00,Saturday,21,7,3.0
call_334,40.61922541600006,-73.99194356899994,68Q2,68Q2,2025-07-25T22:34:00.000000,911_calls,2025-07-25 22:34:00,Friday,22,7,3.0
call_335,40.688604586000054,-73.98507328299996,75O,75O,2025-07-24T23:35:00.000000,911_calls,2025-07-24 23:35:00,Thursday,23,7,3.0
call_336,40.67790752700006,-73.91078571399999,75M,75M,2025-07-23T00:36:00.000000,911_calls,2025-07-23 00:36:00,Wednesday,0,7,3.0
call_337,40.727778744000034,-74.00430213099997,39H2,39H2,2025-07-22T01:37:00.000000,911_calls,2025-07-22 01:37:00,Tuesday,1,7,3.0
call_338,40.764832279000075,-73.82898293899996,75D,75D,2025-07-21T02:38:00.000000,911_calls,2025-07-21 02:38:00,Monday,2,7,3.0
call_339,40.755186784000045,-73.98387085899998,50G2,50G2,2025-07-20T03:39:00.000000,911_calls,2025-07-20 03:39:00,Sunday,3,7,3.0
call_340,40.73555988900006,-73.99146402799994,75M,75M,2025-07-19T04:40:00.000000,911_calls,2025-07-19 04:40:00,Saturday,4,7,3.0
call_341,40.68514493500004,-73.97746253099996,75S,75S,2025-07-18T05:41:00.000000,911_calls,2025-07-18 05:41:00,Friday,5,7,3.0
call_342,40.81743285600004,-73.89021153999994,52D1,52D1,2025-07-17T06:42:00.000000,911_calls,2025-07-17 06:42:00,Thursday,6,7,3.0
call_343,40.71465309600006,-74.00816464399998,75S,75S,2025-07-16T07:43:00.000000,911_calls,2025-07-16 07:43:00,Wednesday,7,7,3.0
call_344,40.66888376700007,-73.93250571899995,75S,75S,2025-07-15T08:44:00.000000,911_calls,2025-07-15 08:44:00,Tuesday,8,7,3.0
call_345,40.783158687000025,-73.80144198199997,56S,56S,2025-07-14T09:45:00.000000,911_calls,2025-07-14 09:45:00,Monday,9,7,3.0
call_346,40.844554076000065,-73.93444907799994,68Q1,68Q1,2025-07-13T10:46:00.000000,911_calls,2025-07-13 10:46:00,Sunday,10,7,3.0
call_347,40.75058041300008,-73.94016827599995,75M,75M,2025-07-12T11:47:00.000000,911_calls,2025-07-12 11:47:00,Saturday,11,7,3.0
call_348,40.75016710300008,-73.97195820899998,75D,75D,2025-07-11T12:48:00.000000,911_calls,2025-07-11 12:48:00,Friday,12,7,3.0
call_349,40.685946554000054,-73.91383979899996,75Z,75Z,2025-07-10T13:49:00.000000,911_calls,2025-07-10 13:49:00,Thursday,13,7,3.0
call_350,40.71246983300006,-73.98161591799999,68Q1,68Q1,2025-07-09T14:50:00.000000,911_calls,2025-07-09 14:50:00,Wednesday,14,7,3.0
call_351,40.74308261700003,-73.95398943899994,75M,75M,2025-07-08T15:51:00.000000,911_calls,2025-07-08 15:51:00,Tuesday,15,7,3.0
call_352,40.861842730000035,-73.90295060899996,10S4,10S4,2025-07-07T16:52:00.000000,911_calls,2025-07-07 16:52:00,Monday,16,7,3.0
call_353,40.677417621000075,-74.00742101199995,75I,75I,2025-07-06T17:53:00.000000,911_calls,2025-07-06 17:53:00,Sunday,17,7,3.0
call_354,40.63422844300004,-73.94911410399999,10V2,10V2,2025-07-05T18:54:00.000000,911_calls,2025-07-05 18:54:00,Saturday,18,7,3.0
call_355,40.58932237800008,-73.98140138199994,68Q1,68Q1,2025-07-04T19:55:00.000000,911_calls,2025-07-04 19:55:00,Friday,19,7,3.0
call_356,40.68672939500004,-73.95271222799994,10S2,10S2,2025-07-03T20:56:00.000000,911_calls,2025-07-03 20:56:00,Thursday,20,7,3.0
call_357,40.81072622700003,-73.92662169499994,75S,75S,2025-07-02T21:57:00.000000,911_calls,2025-07-02 21:57:00,Wednesday,21,7,3.0
call_358,40.82908754500005,-73.91350629999994,54S1,54S1,2025-07-01T22:58:00.000000,911_calls,2025-07-01 22:58:00,Tuesday,22,7,3.0
call_359,40.827979381000034,-73.89760520499993,75D,75D,2025-06-30T23:59:00.000000,911_calls,2025-06-30 23:59:00,Monday,23,6,3.0
call_360,40.69855941000003,-73.80607930199994,10V2,10V2,2025-07-29T00:00:00.000000,911_calls,2025-07-29 00:00:00,Tuesday,0,7,3.0
call_361,40.76414872600003,-73.98661223299996,54S1,54S1,2025-07-28T01:01:00.000000,911_calls,2025-07-28 01:01:00,Monday,1,7,3.0
call_362,40.62399282300004,-74.15117035299994,68Q1,68Q1,2025-07-27T02:02:00.000000,911_calls,2025-07-27 02:02:00,Sunday,2,7,3.0
call_363,40.775443848000066,-73.93300428999999,54U1,54U1,2025-07-26T03:03:00.000000,911_calls,2025-07-26 03:03:00,Saturday,3,7,3.0
call_364,40.66330400900006,-73.89315775499995,10P2,10P2,2025-07-25T04:04:00.000000,911_calls,2025-07-25 04:04:00,Friday,4,7,3.0
call_365,40.71329334200004,-73.76483880199999,68Q1,68Q1,2025-07-24T05:05:00.000000,911_calls,2025-07-24 05:05:00,Thursday,5,7,3.0
call_366,40.81882329700005,-73.94123775899999,68Q1,68Q1,2025-07-23T06:06:00.000000,911_calls,2025-07-23 06:06:00,Wednesday,6,7,3.0
call_367,40.698577330000035,-73.91667251499996,68Q1,68Q1,2025-07-22T07:07:00.000000,911_calls,2025-07-22 07:07:00,Tuesday,7,7,3.0
call_368,40.74948144100006,-73.87667738599998,75S,75S,2025-07-21T08:08:00.000000,911_calls,2025-07-21 08:08:00,Monday,8,7,3.0
call_369,40.899198384000044,-73.85823008599993,54S1,54S1,2025-07-20T09:09:00.000000,911_calls,2025-07-20 09:09:00,Sunday,9,7,3.0
call_370,40.83333029800008,-73.90576389199998,75D,75D,2025-07-19T10:10:00.000000,911_calls,2025-07-19 10:10:00,Saturday,10,7,3.0
call_371,40.809028744000045,-73.92060175899996,68Q1,68Q1,2025-07-18T11:11:00.000000,911_calls,2025-07-18 11:11:00,Friday,11,7,3.0
call_372,40.842735392000066,-73.84818006699999,68Q1,68Q1,2025-07-17T12:12:00.000000,911_calls,2025-07-17 12:12:00,Thursday,12,7,3.0
call_373,40.68187148000004,-73.93632519199997,68Q1,68Q1,2025-07-16T13:13:00.000000,911_calls,2025-07-16 13:13:00,Wednesday,13,7,3.0
call_374,40.75364335100005,-73.88549456799996,68Q1,68Q1,2025-07-15T14:14:00.000000,911_calls,2025-07-15 14:14:00,Tuesday,14,7,3.0
call_375,40.81113019400004,-73.93671450599999,54U1,54U1,2025-07-14T15:15:00.000000,911_calls,2025-07-14 15:15:00,Monday,15,7,3.0
call_376,40.839905687000055,-73.88099117799999,68Q1,68Q1,2025-07-13T16:16:00.000000,911_calls,2025-07-13 16:16:00,Sunday,16,7,3.0
call_377,40.655181335000066,-73.96113197999995,75M,75M,2025-07-12T17:17:00.000000,911_calls,2025-07-12 17:17:00,Saturday,17,7,3.0
call_378,40.72008200000005,-73.96278967699999,68Q1,68Q1,2025-07-11T18:18:00.000000,911_calls,2025-07-11 18:18:00,Friday,18,7,3.0
call_379,40.62928382500007,-74.13188301599996,68Q1,68Q1,2025-07-10T19:19:00.000000,911_calls,2025-07-10 19:19:00,Thursday,19,7,3.0
call_380,40.676083154000025,-73.97165768099995,75D,75D,2025-07-09T20:20:00.000000,911_calls,2025-07-09 20:20:00,Wednesday,20,7,3.0
call_381,40.80351927500004,-73.94233488699996,68Q1,68Q1,2025-07-08T21:21:00.000000,911_calls,2025-07-08 21:21:00,Tuesday,21,7,3.0
call_382,40.79397933200005,-73.93844629299997,68Q1,68Q1,2025-07-07T22:22:00.000000,911_calls,2025-07-07 22:22:00,Monday,22,7,3.0
call_383,40.71465309600006,-74.00816464399998,75M,75M,2025-07-06T23:23:00.000000,911_calls,2025-07-06 23:23:00,Sunday,23,7,3.0
call_384,40.70663885700003,-73.96503340399994,10S2,10S2,2025-07-05T00:24:00.000000,911_calls,2025-07-05 00:24:00,Saturday,0,7,3.0
call_385,40.66888376700007,-73.93250571899995,75S,75S,2025-07-04T01:25:00.000000,911_calls,2025-07-04 01:25:00,Friday,1,7,3.0
call_386,40.67836827600007,-73.90352044899998,54S9,54S9,2025-07-03T02:26:00.000000,911_calls,2025-07-03 02:26:00,Thursday,2,7,3.0
call_387,40.71985897400003,-73.98322283799996,75D,75D,2025-07-02T03:27:00.000000,911_calls,2025-07-02 03:27:00,Wednesday,3,7,3.0
call_388,40.757317199000056,-73.98788055999995,54I1,54I1,2025-07-01T04:28:00.000000,911_calls,2025-07-01 04:28:00,Tuesday,4,7,3.0
call_389,40.64475207900006,-74.08724138199995,75D,75D,2025-06-30T05:29:00.000000,911_calls,2025-06-30 05:29:00,Monday,5,6,3.0
call_390,40.69454230000008,-73.99336250999994,75S,75S,2025-07-29T06:30:00.000000,911_calls,2025-07-29 06:30:00,Tuesday,6,7,3.0
call_391,40.79814608700008,-73.95035767199994,10P2,10P2,2025-07-28T07:31:00.000000,911_calls,2025-07-28 07:31:00,Monday,7,7,3.0
call_392,40.627152412000044,-74.00748747099993,68Q2,68Q2,2025-07-27T08:32:00.000000,911_calls,2025-07-27 08:32:00,Sunday,8,7,3.0
call_393,40.659453238000026,-73.93834695599998,68Q1,68Q1,2025-07-26T09:33:00.000000,911_calls,2025-07-26 09:33:00,Saturday,9,7,3.0
call_394,40.84394527500007,-73.88580175899995,10H1,10H1,2025-07-25T10:34:00.000000,911_calls,2025-07-25 10:34:00,Friday,10,7,3.0
call_395,40.75441088400004,-73.94322560599994,68Q1,68Q1,2025-07-24T11:35:00.000000,911_calls,2025-07-24 11:35:00,Thursday,11,7,3.0
call_396,40.71217752600006,-74.00439130099994,75S,75S,2025-07-23T12:36:00.000000,911_calls,2025-07-23 12:36:00,Wednesday,12,7,3.0
call_397,40.69341977000005,-73.99495651499996,68Q1,68Q1,2025-07-22T13:37:00.000000,911_calls,2025-07-22 13:37:00,Tuesday,13,7,3.0
call_398,40.664515169000026,-73.90658992299996,75D,75D,2025-07-21T14:38:00.000000,911_calls,2025-07-21 14:38:00,Monday,14,7,3.0
call_399,40.73437082300006,-73.87345786699996,34Q2,34Q2,2025-07-20T15:39:00.000000,911_calls,2025-07-20 15:39:00,Sunday,15,7,3.0
call_400,40.69249416900004,-73.90506863999997,68Q1,68Q1,2025-07-19T16:40:00.000000,911_calls,2025-07-19 16:40:00,Saturday,16,7,3.0
call_401,40.81667457100008,-73.90481563899993,52K1,52K1,2025-07-18T17:41:00.000000,911_calls,2025-07-18 17:41:00,Friday,17,7,3.0
call_402,40.74821169900008,-73.77698278899999,10S2,10S2,2025-07-17T18:42:00.000000,911_calls,2025-07-17 18:42:00,Thursday,18,7,3.0
call_403,40.58532013800004,-74.08937430099996,11C4,11C4,2025-07-16T19:43:00.000000,911_calls,2025-07-16 19:43:00,Wednesday,19,7,3.0
call_404,40.671542499000054,-73.88062828699998,10V2,10V2,2025-07-15T20:44:00.000000,911_calls,2025-07-15 20:44:00,Tuesday,20,7,3.0
call_405,40.73341895300007,-73.75477646199994,10Y3,10Y3,2025-07-14T21:45:00.000000,911_calls,2025-07-14 21:45:00,Monday,21,7,3.0
call_406,40.84457340300003,-73.91751610199998,75D,75D,2025-07-13T22:46:00.000000,911_calls,2025-07-13 22:46:00,Sunday,22,7,3.0
call_407,40.704468560000066,-73.92611469399998,10V2,10V2,2025-07-12T23:47:00.000000,911_calls,2025-07-12 23:47:00,Saturday,23,7,3.0
call_408,40.85943828400008,-73.89351508899995,75D,75D,2025-07-11T00:48:00.000000,911_calls,2025-07-11 00:48:00,Friday,0,7,3.0
call_409,40.69634325800007,-73.95018463799994,75I,75I,2025-07-10T01:49:00.000000,911_calls,2025-07-10 01:49:00,Thursday,1,7,3.0
call_410,40.836104903000034,-73.91989366099995,11C4,11C4,2025-07-09T02:50:00.000000,911_calls,2025-07-09 02:50:00,Wednesday,2,7,3.0
call_411,40.883934983000074,-73.86260958799994,11C4,11C4,2025-07-08T03:51:00.000000,911_calls,2025-07-08 03:51:00,Tuesday,3,7,3.0
call_412,40.63168387200005,-73.92824164299998,75D,75D,2025-07-07T04:52:00.000000,911_calls,2025-07-07 04:52:00,Monday,4,7,3.0
call_413,40.62287068300003,-74.00476726399995,75D,75D,2025-07-06T05:53:00.000000,911_calls,2025-07-06 05:53:00,Sunday,5,7,3.0
call_414,40.69796132100004,-73.91141523499994,75D,75D,2025-07-05T06:54:00.000000,911_calls,2025-07-05 06:54:00,Saturday,6,7,3.0
call_415,40.85238482600005,-73.88264246499995,52D6,52D6,2025-07-04T07:55:00.000000,911_calls,2025-07-04 07:55:00,Friday,7,7,3.0
call_416,40.678175768000074,-73.74633411599996,75Z,75Z,2025-07-03T08:56:00.000000,911_calls,2025-07-03 08:56:00,Thursday,8,7,3.0
call_417,40.77193591900004,-73.99022462599999,75D,75D,2025-07-02T09:57:00.000000,911_calls,2025-07-02 09:57:00,Wednesday,9,7,3.0
call_418,40.76008190300007,-73.92472102499994,54U2,54U2,2025-07-01T10:58:00.000000,911_calls,2025-07-01 10:58:00,Tuesday,10,7,3.0
call_419,40.70929528400006,-74.00865813999997,75S,75S,2025-06-30T11:59:00.000000,911_calls,2025-06-30 11:59:00,Monday,11,6,3.0
call_420,40.84478247100003,-73.88867007999994,10P2,10P2,2025-07-29T12:00:00.000000,911_calls,2025-07-29 12:00:00,Tuesday,12,7,3.0
call_421,40.74524942700003,-73.94427999499999,34Q1,34Q1,2025-07-28T13:01:00.000000,911_calls,2025-07-28 13:01:00,Monday,13,7,3.0
call_422,40.707447364000075,-73.79214176799996,68Q1,68Q1,2025-07-27T14:02:00.000000,911_calls,2025-07-27 14:02:00,Sunday,14,7,3.0
call_423,40.69878895200003,-73.95042804399998,75I,75I,2025-07-26T15:03:00.000000,911_calls,2025-07-26 15:03:00,Saturday,15,7,3.0
call_424,40.75500175900004,-73.91727328799993,54R2,54R2,2025-07-25T16:04:00.000000,911_calls,2025-07-25 16:04:00,Friday,16,7,3.0
call_425,40.75500175900004,-73.91727328799993,54R2,54R2,2025-07-24T17:05:00.000000,911_calls,2025-07-24 17:05:00,Thursday,17,7,3.0
call_426,40.67498697000008,-73.94584562599994,10H1,10H1,2025-07-23T18:06:00.000000,911_calls,2025-07-23 18:06:00,Wednesday,18,7,3.0
call_427,40.757288052000035,-73.80063475599997,75D,75D,2025-07-22T19:07:00.000000,911_calls,2025-07-22 19:07:00,Tuesday,19,7,3.0
call_428,40.652572760000055,-73.95121919899998,68Q1,68Q1,2025-07-21T20:08:00.000000,911_calls,2025-07-21 20:08:00,Monday,20,7,3.0
call_429,40.61664118600004,-73.92630555499994,75Z,75Z,2025-07-20T21:09:00.000000,911_calls,2025-07-20 21:09:00,Sunday,21,7,3.0
call_430,40.72848485000003,-73.97789165899997,68Q1,68Q1,2025-07-19T22:10:00.000000,911_calls,2025-07-19 22:10:00,Saturday,22,7,3.0
call_431,40.806096945000036,-73.96338095399994,68Q1,68Q1,2025-07-18T23:11:00.000000,911_calls,2025-07-18 23:11:00,Friday,23,7,3.0
call_432,40.67505367800004,-73.97091546699994,75O,75O,2025-07-17T00:12:00.000000,911_calls,2025-07-17 00:12:00,Thursday,0,7,3.0
call_433,40.86604021200003,-73.89452046199995,75O,75O,2025-07-16T01:13:00.000000,911_calls,2025-07-16 01:13:00,Wednesday,1,7,3.0
call_434,40.88311992000007,-73.90332096899994,59R4,59R4,2025-07-15T02:14:00.000000,911_calls,2025-07-15 02:14:00,Tuesday,2,7,3.0
call_435,40.823387291000074,-73.87017044999999,54S1,54S1,2025-07-14T03:15:00.000000,911_calls,2025-07-14 03:15:00,Monday,3,7,3.0
call_436,40.79443182800003,-73.93773078399994,68Q1,68Q1,2025-07-13T04:16:00.000000,911_calls,2025-07-13 04:16:00,Sunday,4,7,3.0
call_437,40.67713119800004,-73.98333453099997,68Q1,68Q1,2025-07-12T05:17:00.000000,911_calls,2025-07-12 05:17:00,Saturday,5,7,3.0
call_438,40.63317955900004,-73.97203618499998,10Y3,10Y3,2025-07-11T06:18:00.000000,911_calls,2025-07-11 06:18:00,Friday,6,7,3.0
call_439,40.83592508100003,-73.92183088599995,75M,75M,2025-07-10T07:19:00.000000,911_calls,2025-07-10 07:19:00,Thursday,7,7,3.0
call_440,40.88549712100007,-73.90044599699996,75T,75T,2025-07-09T08:20:00.000000,911_calls,2025-07-09 08:20:00,Wednesday,8,7,3.0
call_441,40.702916049000066,-73.80006160699998,50P9,50P9,2025-07-08T09:21:00.000000,911_calls,2025-07-08 09:21:00,Tuesday,9,7,3.0
call_442,40.60858979600005,-74.15471178399997,75Z,75Z,2025-07-07T10:22:00.000000,911_calls,2025-07-07 10:22:00,Monday,10,7,3.0
call_443,40.757201070000065,-73.92650378899998,11C4,11C4,2025-07-06T11:23:00.000000,911_calls,2025-07-06 11:23:00,Sunday,11,7,3.0
call_444,40.76543456400003,-73.87223281699994,68Q1,68Q1,2025-07-05T12:24:00.000000,911_calls,2025-07-05 12:24:00,Saturday,12,7,3.0
call_445,40.58223601700007,-73.98654068899998,50G2,50G2,2025-07-04T13:25:00.000000,911_calls,2025-07-04 13:25:00,Friday,13,7,3.0
call_446,40.827899467000066,-73.92588369299995,75O,75O,2025-07-03T14:26:00.000000,911_calls,2025-07-03 14:26:00,Thursday,14,7,3.0
call_447,40.722535470000025,-73.85488637399999,10Y3,10Y3,2025-07-02T15:27:00.000000,911_calls,2025-07-02 15:27:00,Wednesday,15,7,3.0
call_448,40.70355491400005,-73.79967738599998,75D,75D,2025-07-01T16:28:00.000000,911_calls,2025-07-01 16:28:00,Tuesday,16,7,3.0
call_449,40.86327901900006,-73.90067809799996,75S,75S,2025-06-30T17:29:00.000000,911_calls,2025-06-30 17:29:00,Monday,17,6,3.0
call_450,40.75107189400006,-73.96820063099995,75D,75D,2025-07-29T18:30:00.000000,911_calls,2025-07-29 18:30:00,Tuesday,18,7,3.0
call_451,40.83023530100007,-73.94575541099994,68Q1,68Q1,2025-07-28T19:31:00.000000,911_calls,2025-07-28 19:31:00,Monday,19,7,3.0
call_452,40.65899499400007,-73.90607503799998,34Q6,34Q6,2025-07-27T20:32:00.000000,911_calls,2025-07-27 20:32:00,Sunday,20,7,3.0
call_453,40.609575293000034,-73.81904414099995,75D,75D,2025-07-26T21:33:00.000000,911_calls,2025-07-26 21:33:00,Saturday,21,7,3.0
call_454,40.733899019000035,-73.87372577699995,54U2,54U2,2025-07-25T22:34:00.000000,911_calls,2025-07-25 22:34:00,Friday,22,7,3.0
call_455,40.75043076800006,-73.98928217599996,75S,75S,2025-07-24T23:35:00.000000,911_calls,2025-07-24 23:35:00,Thursday,23,7,3.0
call_456,40.81602577600006,-73.91773211999998,75S,75S,2025-07-23T00:36:00.000000,911_calls,2025-07-23 00:36:00,Wednesday,0,7,3.0
call_457,40.72182201900006,-73.98747935099993,10P2,10P2,2025-07-22T01:37:00.000000,911_calls,2025-07-22 01:37:00,Tuesday,1,7,3.0
call_458,40.73201947000007,-74.00073390899996,75S,75S,2025-07-21T02:38:00.000000,911_calls,2025-07-21 02:38:00,Monday,2,7,3.0
call_459,40.67640022200004,-73.95828594499994,10Y3,10Y3,2025-07-20T03:39:00.000000,911_calls,2025-07-20 03:39:00,Sunday,3,7,3.0
call_460,40.71345818400005,-73.91494049999994,60I,60I,2025-07-19T04:40:00.000000,911_calls,2025-07-19 04:40:00,Saturday,4,7,3.0
call_461,40.71345818400005,-73.91494049999994,60I,60I,2025-07-18T05:41:00.000000,911_calls,2025-07-18 05:41:00,Friday,5,7,3.0
call_462,40.756906909000065,-73.76181162999995,68Q1,68Q1,2025-07-17T06:42:00.000000,911_calls,2025-07-17 06:42:00,Thursday,6,7,3.0
call_463,40.65448231900007,-73.91272355199999,68Q1,68Q1,2025-07-16T07:43:00.000000,911_calls,2025-07-16 07:43:00,Wednesday,7,7,3.0
call_464,40.72932358200006,-74.01114668299994,54U2,54U2,2025-07-15T08:44:00.000000,911_calls,2025-07-15 08:44:00,Tuesday,8,7,3.0
call_465,40.72932358200006,-74.01114668299994,54U2,54U2,2025-07-14T09:45:00.000000,911_calls,2025-07-14 09:45:00,Monday,9,7,3.0
call_466,40.75924936100006,-73.98663487499994,24Q1,24Q1,2025-07-13T10:46:00.000000,911_calls,2025-07-13 10:46:00,Sunday,10,7,3.0
call_467,40.745647537000025,-73.90304769199997,75M,75M,2025-07-12T11:47:00.000000,911_calls,2025-07-12 11:47:00,Saturday,11,7,3.0
call_468,40.692655665000075,-73.85686982799996,10P2,10P2,2025-07-11T12:48:00.000000,911_calls,2025-07-11 12:48:00,Friday,12,7,3.0
call_469,40.71239662200003,-73.78490845799996,75S,75S,2025-07-10T13:49:00.000000,911_calls,2025-07-10 13:49:00,Thursday,13,7,3.0
call_470,40.69226368000005,-73.98774453499993,75O,75O,2025-07-09T14:50:00.000000,911_calls,2025-07-09 14:50:00,Wednesday,14,7,3.0
call_471,40.84331398200004,-73.87775757699995,34Q2,34Q2,2025-07-08T15:51:00.000000,911_calls,2025-07-08 15:51:00,Tuesday,15,7,3.0
call_472,40.714074580000045,-73.95049964199995,75S,75S,2025-07-07T16:52:00.000000,911_calls,2025-07-07 16:52:00,Monday,16,7,3.0
call_473,40.787227105000056,-73.81336481999995,75D,75D,2025-07-06T17:53:00.000000,911_calls,2025-07-06 17:53:00,Sunday,17,7,3.0
call_474,40.67247743200005,-73.96500444799995,75M,75M,2025-07-05T18:54:00.000000,911_calls,2025-07-05 18:54:00,Saturday,18,7,3.0
call_475,40.80641965400008,-73.92646389299995,54S1,54S1,2025-07-04T19:55:00.000000,911_calls,2025-07-04 19:55:00,Friday,19,7,3.0
call_476,40.78119897000005,-73.94777771499997,68Q1,68Q1,2025-07-03T20:56:00.000000,911_calls,2025-07-03 20:56:00,Thursday,20,7,3.0
call_477,40.76096262300007,-73.99265199199994,13U2,13U2,2025-07-02T21:57:00.000000,911_calls,2025-07-02 21:57:00,Wednesday,21,7,3.0
call_478,40.76096262300007,-73.99265199199994,13U2,13U2,2025-07-01T22:58:00.000000,911_calls,2025-07-01 22:58:00,Tuesday,22,7,3.0
call_479,40.65735150300003,-73.95840237599998,68Q1,68Q1,2025-06-30T23:59:00.000000,911_calls,2025-06-30 23:59:00,Monday,23,6,3.0
call_480,40.67500776000003,-74.00657714899995,75I,75I,2025-07-29T00:00:00.000000,911_calls,2025-07-29 00:00:00,Tuesday,0,7,3.0
call_481,40.822416374000056,-73.91898879999997,52D6,52D6,2025-07-28T01:01:00.000000,911_calls,2025-07-28 01:01:00,Monday,1,7,3.0
call_482,40.72670230500006,-73.84871139399996,52D2,52D2,2025-07-27T02:02:00.000000,911_calls,2025-07-27 02:02:00,Sunday,2,7,3.0
call_483,40.690563893000046,-73.98187797899999,75O,75O,2025-07-26T03:03:00.000000,911_calls,2025-07-26 03:03:00,Saturday,3,7,3.0
call_484,40.69385575200005,-73.82731504699996,75Z,75Z,2025-07-25T04:04:00.000000,911_calls,2025-07-25 04:04:00,Friday,4,7,3.0
call_485,40.75742705300007,-73.94260579999997,10P2,10P2,2025-07-24T05:05:00.000000,911_calls,2025-07-24 05:05:00,Thursday,5,7,3.0
call_486,40.80143415400005,-73.96498722399997,75D,75D,2025-07-23T06:06:00.000000,911_calls,2025-07-23 06:06:00,Wednesday,6,7,3.0
call_487,40.677628782000056,-73.97298375299994,75S,75S,2025-07-22T07:07:00.000000,911_calls,2025-07-22 07:07:00,Tuesday,7,7,3.0
call_488,40.69657373000007,-73.94997890799993,75I,75I,2025-07-21T08:08:00.000000,911_calls,2025-07-21 08:08:00,Monday,8,7,3.0
call_489,40.63935117200003,-74.08613535099994,75D,75D,2025-07-20T09:09:00.000000,911_calls,2025-07-20 09:09:00,Sunday,9,7,3.0
call_490,40.60977656700004,-73.75061339299998,75D,75D,2025-07-19T10:10:00.000000,911_calls,2025-07-19 10:10:00,Saturday,10,7,3.0
call_491,40.761308306000046,-73.99054023599996,34Q2,34Q2,2025-07-18T11:11:00.000000,911_calls,2025-07-18 11:11:00,Friday,11,7,3.0
call_492,40.68723707300006,-73.92221432099996,68Q1,68Q1,2025-07-17T12:12:00.000000,911_calls,2025-07-17 12:12:00,Thursday,12,7,3.0
call_493,40.708477462000076,-74.00690868199996,68Q1,68Q1,2025-07-16T13:13:00.000000,911_calls,2025-07-16 13:13:00,Wednesday,13,7,3.0
call_494,40.71512295100007,-73.80217492999998,10H1,10H1,2025-07-15T14:14:00.000000,911_calls,2025-07-15 14:14:00,Tuesday,14,7,3.0
call_495,40.730155790000026,-73.86229522699995,10V2,10V2,2025-07-14T15:15:00.000000,911_calls,2025-07-14 15:15:00,Monday,15,7,3.0
call_496,40.698855309000066,-73.95156040199998,75I,75I,2025-07-13T16:16:00.000000,911_calls,2025-07-13 16:16:00,Sunday,16,7,3.0
call_497,40.736435957000026,-73.95691324499995,22V2,22V2,2025-07-12T17:17:00.000000,911_calls,2025-07-12 17:17:00,Saturday,17,7,3.0
call_498,40.59888405400005,-73.82064675099997,75D,75D,2025-07-11T18:18:00.000000,911_calls,2025-07-11 18:18:00,Friday,18,7,3.0
call_499,40.682977178000044,-73.98084164799997,68Q2,68Q2,2025-07-10T19:19:00.000000,911_calls,2025-07-10 19:19:00,Thursday,19,7,3.0
call_500,40.61947444200007,-73.98459164899998,68Q1,68Q1,2025-07-09T20:20:00.000000,911_calls,2025-07-09 20:20:00,Wednesday,20,7,3.0
call_501,40.74397855700005,-73.91315485899997,10P9,10P9,2025-07-08T21:21:00.000000,911_calls,2025-07-08 21:21:00,Tuesday,21,7,3.0
call_502,40.81756136700005,-73.92786058299998,75S,75S,2025-07-07T22:22:00.000000,911_calls,2025-07-07 22:22:00,Monday,22,7,3.0
call_503,40.66709976200008,-73.93267694399998,68Q1,68Q1,2025-07-06T23:23:00.000000,911_calls,2025-07-06 23:23:00,Sunday,23,7,3.0
call_504,40.846020053000075,-73.88837885999999,22Q2,22Q2,2025-07-05T00:24:00.000000,911_calls,2025-07-05 00:24:00,Saturday,0,7,3.0
call_505,40.591434210000045,-74.10094398399997,68Q1,68Q1,2025-07-04T01:25:00.000000,911_calls,2025-07-04 01:25:00,Friday,1,7,3.0
call_506,40.79565843200004,-73.97205823199994,10H1,10H1,2025-07-03T02:26:00.000000,911_calls,2025-07-03 02:26:00,Thursday,2,7,3.0
call_507,40.607619587000045,-73.98394251999997,10Y3,10Y3,2025-07-02T03:27:00.000000,911_calls,2025-07-02 03:27:00,Wednesday,3,7,3.0
call_508,40.780256577000046,-73.80250499299996,75D,75D,2025-07-01T04:28:00.000000,911_calls,2025-07-01 04:28:00,Tuesday,4,7,3.0
call_509,40.702973910000026,-73.89280564999996,39C2,39C2,2025-06-30T05:29:00.000000,911_calls,2025-06-30 05:29:00,Monday,5,6,3.0
call_510,40.885946223000076,-73.85981345999994,52D6,52D6,2025-07-29T06:30:00.000000,911_calls,2025-07-29 06:30:00,Tuesday,6,7,3.0
call_511,40.69734105600003,-73.92714678499993,54S1,54S1,2025-07-28T07:31:00.000000,911_calls,2025-07-28 07:31:00,Monday,7,7,3.0
call_512,40.82374833200004,-73.90556789899995,75D,75D,2025-07-27T08:32:00.000000,911_calls,2025-07-27 08:32:00,Sunday,8,7,3.0
call_513,40.74094185000007,-73.81816410199997,75D,75D,2025-07-26T09:33:00.000000,911_calls,2025-07-26 09:33:00,Saturday,9,7,3.0
call_514,40.783753456000056,-73.94590882999995,68Q1,68Q1,2025-07-25T10:34:00.000000,911_calls,2025-07-25 10:34:00,Friday,10,7,3.0
call_515,40.84084902400008,-73.94005456699995,75S,75S,2025-07-24T11:35:00.000000,911_calls,2025-07-24 11:35:00,Thursday,11,7,3.0
call_516,40.656179569000074,-73.95160940799997,68Q1,68Q1,2025-07-23T12:36:00.000000,911_calls,2025-07-23 12:36:00,Wednesday,12,7,3.0
call_517,40.731699724000066,-73.98231781399994,75D,75D,2025-07-22T13:37:00.000000,911_calls,2025-07-22 13:37:00,Tuesday,13,7,3.0
call_518,40.66322449000006,-73.94944522199995,54U1,54U1,2025-07-21T14:38:00.000000,911_calls,2025-07-21 14:38:00,Monday,14,7,3.0
call_519,40.67144183900007,-73.95479588999996,68Q1,68Q1,2025-07-20T15:39:00.000000,911_calls,2025-07-20 15:39:00,Sunday,15,7,3.0
call_520,40.74095063100003,-73.99212733199994,10H2,10H2,2025-07-19T16:40:00.000000,911_calls,2025-07-19 16:40:00,Saturday,16,7,3.0
call_521,40.75058041300008,-73.94016827599995,75M,75M,2025-07-18T17:41:00.000000,911_calls,2025-07-18 17:41:00,Friday,17,7,3.0
call_522,40.85295170000006,-73.82708274299995,50P9,50P9,2025-07-17T18:42:00.000000,911_calls,2025-07-17 18:42:00,Thursday,18,7,3.0
call_523,40.78079258300005,-73.98467709399995,68Q1,68Q1,2025-07-16T19:43:00.000000,911_calls,2025-07-16 19:43:00,Wednesday,19,7,3.0
call_524,40.69974268200008,-73.91142368699997,75O,75O,2025-07-15T20:44:00.000000,911_calls,2025-07-15 20:44:00,Tuesday,20,7,3.0
call_525,40.69763116200005,-73.95864771999999,68Q1,68Q1,2025-07-14T21:45:00.000000,911_calls,2025-07-14 21:45:00,Monday,21,7,3.0
call_526,40.82159261600003,-73.94103659499996,11C4,11C4,2025-07-13T22:46:00.000000,911_calls,2025-07-13 22:46:00,Sunday,22,7,3.0
call_527,40.771702033000054,-73.98483081899997,75D,75D,2025-07-12T23:47:00.000000,911_calls,2025-07-12 23:47:00,Saturday,23,7,3.0
call_528,40.64968737300006,-73.89341019999995,75D,75D,2025-07-11T00:48:00.000000,911_calls,2025-07-11 00:48:00,Friday,0,7,3.0
call_529,40.67322472500007,-73.89138261899996,75D,75D,2025-07-10T01:49:00.000000,911_calls,2025-07-10 01:49:00,Thursday,1,7,3.0
call_530,40.67943445800006,-73.93211287499997,75Z,75Z,2025-07-09T02:50:00.000000,911_calls,2025-07-09 02:50:00,Wednesday,2,7,3.0
call_531,40.78119897000005,-73.94777771499997,68Q1,68Q1,2025-07-08T03:51:00.000000,911_calls,2025-07-08 03:51:00,Tuesday,3,7,3.0
call_532,40.77648325300004,-73.79659479199995,52D6,52D6,2025-07-07T04:52:00.000000,911_calls,2025-07-07 04:52:00,Monday,4,7,3.0
call_533,40.69121477200008,-73.98438756299998,68Q1,68Q1,2025-07-06T05:53:00.000000,911_calls,2025-07-06 05:53:00,Sunday,5,7,3.0
call_534,40.88463803900004,-73.83182108999995,11C4,11C4,2025-07-05T06:54:00.000000,911_calls,2025-07-05 06:54:00,Saturday,6,7,3.0
call_535,40.846629919000065,-73.90424868699995,54E1,54E1,2025-07-04T07:55:00.000000,911_calls,2025-07-04 07:55:00,Friday,7,7,3.0
call_536,40.846629919000065,-73.90424868699995,54E1,54E1,2025-07-03T08:56:00.000000,911_calls,2025-07-03 08:56:00,Thursday,8,7,3.0
call_537,40.82514828500007,-73.94947035199993,68Q1,68Q1,2025-07-02T09:57:00.000000,911_calls,2025-07-02 09:57:00,Wednesday,9,7,3.0
call_538,40.60519547800004,-73.95251067999999,10Y3,10Y3,2025-07-01T10:58:00.000000,911_calls,2025-07-01 10:58:00,Tuesday,10,7,3.0
call_539,40.768550454000035,-73.98070511799995,75D,75D,2025-06-30T11:59:00.000000,911_calls,2025-06-30 11:59:00,Monday,11,6,3.0
call_540,40.68131820000008,-73.95650899099996,10V2,10V2,2025-07-29T12:00:00.000000,911_calls,2025-07-29 12:00:00,Tuesday,12,7,3.0
call_541,40.79702294300006,-73.96358820199998,68Q1,68Q1,2025-07-28T13:01:00.000000,911_calls,2025-07-28 13:01:00,Monday,13,7,3.0
call_542,40.57628456500004,-73.98139061299997,75S,75S,2025-07-27T14:02:00.000000,911_calls,2025-07-27 14:02:00,Sunday,14,7,3.0
call_543,40.84084902400008,-73.94005456699995,75M,75M,2025-07-26T15:03:00.000000,911_calls,2025-07-26 15:03:00,Saturday,15,7,3.0
call_544,40.64564719600003,-73.90287588699994,75S,75S,2025-07-25T16:04:00.000000,911_calls,2025-07-25 16:04:00,Friday,16,7,3.0
call_545,40.665545645000066,-73.81638710599998,54I8,54I8,2025-07-24T17:05:00.000000,911_calls,2025-07-24 17:05:00,Thursday,17,7,3.0
call_546,40.59528914900005,-74.16603789899995,68Q1,68Q1,2025-07-23T18:06:00.000000,911_calls,2025-07-23 18:06:00,Wednesday,18,7,3.0
call_547,40.79082360600006,-73.93979986399995,68Q1,68Q1,2025-07-22T19:07:00.000000,911_calls,2025-07-22 19:07:00,Tuesday,19,7,3.0
call_548,40.82260706200003,-73.94434529499995,68Q1,68Q1,2025-07-21T20:08:00.000000,911_calls,2025-07-21 20:08:00,Monday,20,7,3.0
call_549,40.68592602900003,-73.91577608399996,75M,75M,2025-07-20T21:09:00.000000,911_calls,2025-07-20 21:09:00,Sunday,21,7,3.0
call_550,40.84416759000004,-73.91430351799994,10Y3,10Y3,2025-07-19T22:10:00.000000,911_calls,2025-07-19 22:10:00,Saturday,22,7,3.0
call_551,40.578065740000056,-73.95932652099998,68Q1,68Q1,2025-07-18T23:11:00.000000,911_calls,2025-07-18 23:11:00,Friday,23,7,3.0
call_552,40.59841150300008,-73.99027883299993,75Z,75Z,2025-07-17T00:12:00.000000,911_calls,2025-07-17 00:12:00,Thursday,0,7,3.0
call_553,40.67470324000004,-74.00292516799993,68Q1,68Q1,2025-07-16T01:13:00.000000,911_calls,2025-07-16 01:13:00,Wednesday,1,7,3.0
call_554,40.57390632400006,-73.99938589899995,10S1,10S1,2025-07-15T02:14:00.000000,911_calls,2025-07-15 02:14:00,Tuesday,2,7,3.0
call_555,40.70962570700004,-73.82999385799997,52D6,52D6,2025-07-14T03:15:00.000000,911_calls,2025-07-14 03:15:00,Monday,3,7,3.0
call_556,40.70993753300007,-74.00898285199997,75S,75S,2025-07-13T04:16:00.000000,911_calls,2025-07-13 04:16:00,Sunday,4,7,3.0
call_557,40.822133731000065,-73.91160040999995,52D2,52D2,2025-07-12T05:17:00.000000,911_calls,2025-07-12 05:17:00,Saturday,5,7,3.0
call_558,40.706368001000044,-73.80754259099996,75D,75D,2025-07-11T06:18:00.000000,911_calls,2025-07-11 06:18:00,Friday,6,7,3.0
call_559,40.84033594400006,-73.92199556399999,53S,53S,2025-07-10T07:19:00.000000,911_calls,2025-07-10 07:19:00,Thursday,7,7,3.0
call_560,40.76722164800003,-73.92574905199996,54U1,54U1,2025-07-09T08:20:00.000000,911_calls,2025-07-09 08:20:00,Wednesday,8,7,3.0
call_561,40.82372286700007,-73.95384696899998,68Q1,68Q1,2025-07-08T09:21:00.000000,911_calls,2025-07-08 09:21:00,Tuesday,9,7,3.0
call_562,40.76760643000006,-73.98173427399996,75S,75S,2025-07-07T10:22:00.000000,911_calls,2025-07-07 10:22:00,Monday,10,7,3.0
call_563,40.66127449000004,-73.74935397299998,68Q2,68Q2,2025-07-06T11:23:00.000000,911_calls,2025-07-06 11:23:00,Sunday,11,7,3.0
call_564,40.74750532000007,-73.82942441199998,75D,75D,2025-07-05T12:24:00.000000,911_calls,2025-07-05 12:24:00,Saturday,12,7,3.0
call_565,40.830021429000055,-73.82464901399999,10V2,10V2,2025-07-04T13:25:00.000000,911_calls,2025-07-04 13:25:00,Friday,13,7,3.0
call_566,40.68428204500003,-73.98934328299998,75I,75I,2025-07-03T14:26:00.000000,911_calls,2025-07-03 14:26:00,Thursday,14,7,3.0
call_567,40.51087836800008,-74.23355304399996,11R4,11R4,2025-07-02T15:27:00.000000,911_calls,2025-07-02 15:27:00,Wednesday,15,7,3.0
call_568,40.69455489300003,-73.93124642699996,68U1,68U1,2025-07-01T16:28:00.000000,911_calls,2025-07-01 16:28:00,Tuesday,16,7,3.0
call_569,40.66727380300006,-73.97796601499994,22Q1,22Q1,2025-06-30T17:29:00.000000,911_calls,2025-06-30 17:29:00,Monday,17,6,3.0
call_570,40.75273446700004,-73.97654816699998,75S,75S,2025-07-29T18:30:00.000000,911_calls,2025-07-29 18:30:00,Tuesday,18,7,3.0
call_571,40.66905010500005,-73.87035911599997,68Q1,68Q1,2025-07-28T19:31:00.000000,911_calls,2025-07-28 19:31:00,Monday,19,7,3.0
call_572,40.70993753300007,-74.00898285199997,75M,75M,2025-07-27T20:32:00.000000,911_calls,2025-07-27 20:32:00,Sunday,20,7,3.0
call_573,40.82100441500006,-73.89092463699996,54S9,54S9,2025-07-26T21:33:00.000000,911_calls,2025-07-26 21:33:00,Saturday,21,7,3.0
call_574,40.79485288500007,-73.93477971999994,10H1,10H1,2025-07-25T22:34:00.000000,911_calls,2025-07-25 22:34:00,Friday,22,7,3.0
call_575,40.68871610400004,-73.82636559499997,10Y3,10Y3,2025-07-24T23:35:00.000000,911_calls,2025-07-24 23:35:00,Thursday,23,7,3.0
call_576,40.608288909000066,-73.81617002399997,75S,75S,2025-07-23T00:36:00.000000,911_calls,2025-07-23 00:36:00,Wednesday,0,7,3.0
call_577,40.71941851100007,-73.97589250099998,75I,75I,2025-07-22T01:37:00.000000,911_calls,2025-07-22 01:37:00,Tuesday,1,7,3.0
call_578,40.70607933000008,-73.80081315199999,75D,75D,2025-07-21T02:38:00.000000,911_calls,2025-07-21 02:38:00,Monday,2,7,3.0
call_579,40.84833817400005,-73.91247643899999,75S,75S,2025-07-20T03:39:00.000000,911_calls,2025-07-20 03:39:00,Sunday,3,7,3.0
call_580,40.702915242000074,-73.94073040599994,59W,59W,2025-07-19T04:40:00.000000,911_calls,2025-07-19 04:40:00,Saturday,4,7,3.0
call_581,40.718244241000036,-73.95836798199997,75M,75M,2025-07-18T05:41:00.000000,911_calls,2025-07-18 05:41:00,Friday,5,7,3.0
call_582,40.60961459300006,-73.75961795799998,10V2,10V2,2025-07-17T06:42:00.000000,911_calls,2025-07-17 06:42:00,Thursday,6,7,3.0
call_583,40.68218030100007,-73.97607541999997,75Z,75Z,2025-07-16T07:43:00.000000,911_calls,2025-07-16 07:43:00,Wednesday,7,7,3.0
call_584,40.58422352600007,-73.92813422599994,75Z,75Z,2025-07-15T08:44:00.000000,911_calls,2025-07-15 08:44:00,Tuesday,8,7,3.0
call_585,40.71003657800003,-74.00521355599994,68Q1,68Q1,2025-07-14T09:45:00.000000,911_calls,2025-07-14 09:45:00,Monday,9,7,3.0
call_586,40.65567154100006,-73.92546954899996,10V2,10V2,2025-07-13T10:46:00.000000,911_calls,2025-07-13 10:46:00,Sunday,10,7,3.0
call_587,40.75986975500007,-73.82897041199993,75D,75D,2025-07-12T11:47:00.000000,911_calls,2025-07-12 11:47:00,Saturday,11,7,3.0
call_588,40.66646466200007,-73.90410359499998,75D,75D,2025-07-11T12:48:00.000000,911_calls,2025-07-11 12:48:00,Friday,12,7,3.0
call_589,40.67513645900004,-73.94861783399995,10S2,10S2,2025-07-10T13:49:00.000000,911_calls,2025-07-10 13:49:00,Thursday,13,7,3.0
call_590,40.67906840200004,-73.90376820299997,75M,75M,2025-07-09T14:50:00.000000,911_calls,2025-07-09 14:50:00,Wednesday,14,7,3.0
call_591,40.77931023000008,-73.98326924399998,54S9,54S9,2025-07-08T15:51:00.000000,911_calls,2025-07-08 15:51:00,Tuesday,15,7,3.0
call_592,40.783753456000056,-73.94590882999995,68Q1,68Q1,2025-07-07T16:52:00.000000,911_calls,2025-07-07 16:52:00,Monday,16,7,3.0
call_593,40.73566708800007,-73.99387080499997,10H2,10H2,2025-07-06T17:53:00.000000,911_calls,2025-07-06 17:53:00,Sunday,17,7,3.0
call_594,40.68413233900003,-73.97863829699997,75S,75S,2025-07-05T18:54:00.000000,911_calls,2025-07-05 18:54:00,Saturday,18,7,3.0
call_595,40.70254187100005,-73.79955059199995,75D,75D,2025-07-04T19:55:00.000000,911_calls,2025-07-04 19:55:00,Friday,19,7,3.0
call_596,40.67081759000007,-73.93511008699994,10P2,10P2,2025-07-03T20:56:00.000000,911_calls,2025-07-03 20:56:00,Thursday,20,7,3.0
call_597,40.58122211300008,-73.95890339399995,68Q1,68Q1,2025-07-02T21:57:00.000000,911_calls,2025-07-02 21:57:00,Wednesday,21,7,3.0
call_598,40.88132548600004,-73.82464027399999,11C4,11C4,2025-07-01T22:58:00.000000,911_calls,2025-07-01 22:58:00,Tuesday,22,7,3.0
call_599,40.81545881100004,-73.94808320199996,10V2,10V2,2025-06-30T23:59:00.000000,911_calls,2025-06-30 23:59:00,Monday,23,6,3.0
call_600,40.83827075800008,-73.85106334799997,10H2,10H2,2025-07-29T00:00:00.000000,911_calls,2025-07-29 00:00:00,Tuesday,0,7,3.0
call_601,40.72047063700006,-73.80920103299997,75D,75D,2025-07-28T01:01:00.000000,911_calls,2025-07-28 01:01:00,Monday,1,7,3.0
call_602,40.587663570000075,-73.81055977899996,75D,75D,2025-07-27T02:02:00.000000,911_calls,2025-07-27 02:02:00,Sunday,2,7,3.0
call_603,40.701332285000035,-73.98676549999993,75O,75O,2025-07-26T03:03:00.000000,911_calls,2025-07-26 03:03:00,Saturday,3,7,3.0
call_604,40.76298008300006,-73.83118971499994,54C1,54C1,2025-07-25T04:04:00.000000,911_calls,2025-07-25 04:04:00,Friday,4,7,3.0
call_605,40.75626980700008,-73.96597108899994,10Y3,10Y3,2025-07-24T05:05:00.000000,911_calls,2025-07-24 05:05:00,Thursday,5,7,3.0
call_606,40.68739746400007,-73.91241724999998,68Q1,68Q1,2025-07-23T06:06:00.000000,911_calls,2025-07-23 06:06:00,Wednesday,6,7,3.0
call_607,40.79714228700004,-73.94596657399995,68Q1,68Q1,2025-07-22T07:07:00.000000,911_calls,2025-07-22 07:07:00,Tuesday,7,7,3.0
call_608,40.72557069100003,-73.98237355799995,68Q1,68Q1,2025-07-21T08:08:00.000000,911_calls,2025-07-21 08:08:00,Monday,8,7,3.0
call_609,40.87745403900004,-73.86667299299995,75S,75S,2025-07-20T09:09:00.000000,911_calls,2025-07-20 09:09:00,Sunday,9,7,3.0
call_610,40.77848991600007,-73.95423577899999,10H2,10H2,2025-07-19T10:10:00.000000,911_calls,2025-07-19 10:10:00,Saturday,10,7,3.0
call_611,40.805535587000065,-73.95199569899995,11C4,11C4,2025-07-18T11:11:00.000000,911_calls,2025-07-18 11:11:00,Friday,11,7,3.0
call_612,40.707881161000046,-73.78621429599997,75D,75D,2025-07-17T12:12:00.000000,911_calls,2025-07-17 12:12:00,Thursday,12,7,3.0
call_613,40.68273113500004,-73.95488919199994,50G2,50G2,2025-07-16T13:13:00.000000,911_calls,2025-07-16 13:13:00,Wednesday,13,7,3.0
call_614,40.655181335000066,-73.96113197999995,75M,75M,2025-07-15T14:14:00.000000,911_calls,2025-07-15 14:14:00,Tuesday,14,7,3.0
call_615,40.67906840200004,-73.90376820299997,75M,75M,2025-07-14T15:15:00.000000,911_calls,2025-07-14 15:15:00,Monday,15,7,3.0
call_616,40.72083446800008,-74.00522883099995,75S,75S,2025-07-13T16:16:00.000000,911_calls,2025-07-13 16:16:00,Sunday,16,7,3.0
call_617,40.713719327000035,-73.98608849499993,68Q1,68Q1,2025-07-12T17:17:00.000000,911_calls,2025-07-12 17:17:00,Saturday,17,7,3.0
call_618,40.70499992500004,-73.92032170499994,68Q1,68Q1,2025-07-11T18:18:00.000000,911_calls,2025-07-11 18:18:00,Friday,18,7,3.0
call_619,40.718792129000065,-73.81333639999997,75D,75D,2025-07-10T19:19:00.000000,911_calls,2025-07-10 19:19:00,Thursday,19,7,3.0
call_620,40.680591391000064,-73.97763712899996,75D,75D,2025-07-09T20:20:00.000000,911_calls,2025-07-09 20:20:00,Wednesday,20,7,3.0
call_621,40.74682365000007,-73.98469934199994,10H2,10H2,2025-07-08T21:21:00.000000,911_calls,2025-07-08 21:21:00,Tuesday,21,7,3.0
call_622,40.67943181100003,-73.98717724799997,54U2,54U2,2025-07-07T22:22:00.000000,911_calls,2025-07-07 22:22:00,Monday,22,7,3.0
call_623,40.64564719600003,-73.90287588699994,75S,75S,2025-07-06T23:23:00.000000,911_calls,2025-07-06 23:23:00,Sunday,23,7,3.0
call_624,40.597792137000056,-74.09662527299997,68Q1,68Q1,2025-07-05T00:24:00.000000,911_calls,2025-07-05 00:24:00,Saturday,0,7,3.0
call_625,40.827899467000066,-73.92588369299995,75O,75O,2025-07-04T01:25:00.000000,911_calls,2025-07-04 01:25:00,Friday,1,7,3.0
call_626,40.875931070000036,-73.86696532699995,53H,53H,2025-07-03T02:26:00.000000,911_calls,2025-07-03 02:26:00,Thursday,2,7,3.0
call_627,40.680508417000055,-73.97459780599996,75D,75D,2025-07-02T03:27:00.000000,911_calls,2025-07-02 03:27:00,Wednesday,3,7,3.0
call_628,40.62020581500008,-74.02406014399998,75Z,75Z,2025-07-01T04:28:00.000000,911_calls,2025-07-01 04:28:00,Tuesday,4,7,3.0
call_629,40.740192542000045,-73.98636083299994,75T,75T,2025-06-30T05:29:00.000000,911_calls,2025-06-30 05:29:00,Monday,5,6,3.0
call_630,40.68696870400004,-73.91166421199995,68Q1,68Q1,2025-07-29T06:30:00.000000,911_calls,2025-07-29 06:30:00,Tuesday,6,7,3.0
call_631,40.786694974000056,-73.97574536499997,68Q1,68Q1,2025-07-28T07:31:00.000000,911_calls,2025-07-28 07:31:00,Monday,7,7,3.0
call_632,40.68013390300007,-73.88086889099998,68Q1,68Q1,2025-07-27T08:32:00.000000,911_calls,2025-07-27 08:32:00,Sunday,8,7,3.0
call_633,40.80591768200003,-73.91130407199995,53X,53X,2025-07-26T09:33:00.000000,911_calls,2025-07-26 09:33:00,Saturday,9,7,3.0
call_634,40.80591768200003,-73.91130407199995,53X,53X,2025-07-25T10:34:00.000000,911_calls,2025-07-25 10:34:00,Friday,10,7,3.0
call_635,40.611453152000024,-73.97836621399995,10S2,10S2,2025-07-24T11:35:00.000000,911_calls,2025-07-24 11:35:00,Thursday,11,7,3.0
call_636,40.87308067400005,-73.88900236499995,75T,75T,2025-07-23T12:36:00.000000,911_calls,2025-07-23 12:36:00,Wednesday,12,7,3.0
call_637,40.755186784000045,-73.98387085899998,22Q2,22Q2,2025-07-22T13:37:00.000000,911_calls,2025-07-22 13:37:00,Tuesday,13,7,3.0
call_638,40.65150015000006,-73.93569107299999,54U2,54U2,2025-07-21T14:38:00.000000,911_calls,2025-07-21 14:38:00,Monday,14,7,3.0
call_639,40.84971703400004,-73.88270500499993,10V2,10V2,2025-07-20T15:39:00.000000,911_calls,2025-07-20 15:39:00,Sunday,15,7,3.0
call_640,40.72669461300006,-74.00273623399994,68Q1,68Q1,2025-07-19T16:40:00.000000,911_calls,2025-07-19 16:40:00,Saturday,16,7,3.0
call_641,40.77870891600003,-73.98183955099995,54S2,54S2,2025-07-18T17:41:00.000000,911_calls,2025-07-18 17:41:00,Friday,17,7,3.0
call_642,40.57390632400006,-73.99938589899995,75I,75I,2025-07-17T18:42:00.000000,911_calls,2025-07-17 18:42:00,Thursday,18,7,3.0
call_643,40.76539747500004,-73.98570226399994,54S1,54S1,2025-07-16T19:43:00.000000,911_calls,2025-07-16 19:43:00,Wednesday,19,7,3.0
call_644,40.64806092200007,-73.94637199099998,10V2,10V2,2025-07-15T20:44:00.000000,911_calls,2025-07-15 20:44:00,Tuesday,20,7,3.0
call_645,40.83960187400004,-73.93806436499995,68Q1,68Q1,2025-07-14T21:45:00.000000,911_calls,2025-07-14 21:45:00,Monday,21,7,3.0
call_646,40.78170668300004,-73.82513733799993,75D,75D,2025-07-13T22:46:00.000000,911_calls,2025-07-13 22:46:00,Sunday,22,7,3.0
call_647,40.67896516700006,-73.93705624199998,54E1,54E1,2025-07-12T23:47:00.000000,911_calls,2025-07-12 23:47:00,Saturday,23,7,3.0
call_648,40.83235953500008,-73.93987069399998,68Q1,68Q1,2025-07-11T00:48:00.000000,911_calls,2025-07-11 00:48:00,Friday,0,7,3.0
call_649,40.799781180000025,-73.97274997799997,75D,75D,2025-07-10T01:49:00.000000,911_calls,2025-07-10 01:49:00,Thursday,1,7,3.0
call_650,40.82849393200007,-73.90554670999995,52D2,52D2,2025-07-09T02:50:00.000000,911_calls,2025-07-09 02:50:00,Wednesday,2,7,3.0
call_651,40.832741241000065,-73.92187076299996,68U1,68U1,2025-07-08T03:51:00.000000,911_calls,2025-07-08 03:51:00,Tuesday,3,7,3.0
call_652,40.70290902100004,-73.92120421799996,68U1,68U1,2025-07-07T04:52:00.000000,911_calls,2025-07-07 04:52:00,Monday,4,7,3.0
call_653,40.68073899600006,-73.94963745499996,75S,75S,2025-07-06T05:53:00.000000,911_calls,2025-07-06 05:53:00,Sunday,5,7,3.0
call_654,40.87516792200006,-73.87674078699996,34Q6,34Q6,2025-07-05T06:54:00.000000,911_calls,2025-07-05 06:54:00,Saturday,6,7,3.0
call_655,40.68309374300003,-73.72917460199994,10Y3,10Y3,2025-07-04T07:55:00.000000,911_calls,2025-07-04 07:55:00,Friday,7,7,3.0
call_656,40.65433902400008,-73.89557597099997,75D,75D,2025-07-03T08:56:00.000000,911_calls,2025-07-03 08:56:00,Thursday,8,7,3.0
call_657,40.623427986000024,-74.08330139199995,75Z,75Z,2025-07-02T09:57:00.000000,911_calls,2025-07-02 09:57:00,Wednesday,9,7,3.0
call_658,40.84573435300007,-73.91008716099998,75M,75M,2025-07-01T10:58:00.000000,911_calls,2025-07-01 10:58:00,Tuesday,10,7,3.0
call_659,40.69031143900003,-73.81445103399994,54S2,54S2,2025-06-30T11:59:00.000000,911_calls,2025-06-30 11:59:00,Monday,11,6,3.0
call_660,40.690404614000045,-73.95986018899998,75D,75D,2025-07-29T12:00:00.000000,911_calls,2025-07-29 12:00:00,Tuesday,12,7,3.0
call_661,40.81334708700007,-73.93048428399999,75S,75S,2025-07-28T13:01:00.000000,911_calls,2025-07-28 13:01:00,Monday,13,7,3.0
call_662,40.67505367800004,-73.97091546699994,75M,75M,2025-07-27T14:02:00.000000,911_calls,2025-07-27 14:02:00,Sunday,14,7,3.0
call_663,40.79680889300005,-73.97384915099997,75Z,75Z,2025-07-26T15:03:00.000000,911_calls,2025-07-26 15:03:00,Saturday,15,7,3.0
call_664,40.636200349000035,-74.11146402699995,10S4,10S4,2025-07-25T16:04:00.000000,911_calls,2025-07-25 16:04:00,Friday,16,7,3.0
call_665,40.65124438700008,-73.95847105299998,52D1,52D1,2025-07-24T17:05:00.000000,911_calls,2025-07-24 17:05:00,Thursday,17,7,3.0
call_666,40.683645298000044,-73.98977605399995,75D,75D,2025-07-23T18:06:00.000000,911_calls,2025-07-23 18:06:00,Wednesday,18,7,3.0
call_667,40.66592656000006,-73.95226918999998,50G2,50G2,2025-07-22T19:07:00.000000,911_calls,2025-07-22 19:07:00,Tuesday,19,7,3.0
call_668,40.714946965000024,-73.82942115899993,56S9,56S9,2025-07-21T20:08:00.000000,911_calls,2025-07-21 20:08:00,Monday,20,7,3.0
call_669,40.757201070000065,-73.92650378899998,75I,75I,2025-07-20T21:09:00.000000,911_calls,2025-07-20 21:09:00,Sunday,21,7,3.0
call_670,40.79220019600007,-73.95508226799996,75D,75D,2025-07-19T22:10:00.000000,911_calls,2025-07-19 22:10:00,Saturday,22,7,3.0
call_671,40.67439291300008,-74.00685828399997,75I,75I,2025-07-18T23:11:00.000000,911_calls,2025-07-18 23:11:00,Friday,23,7,3.0
call_672,40.66312981600004,-73.73819475699997,10S2,10S2,2025-07-17T00:12:00.000000,911_calls,2025-07-17 00:12:00,Thursday,0,7,3.0
call_673,40.88584606500007,-73.84583936199994,75D,75D,2025-07-16T01:13:00.000000,911_calls,2025-07-16 01:13:00,Wednesday,1,7,3.0
call_674,40.66986340200003,-73.95431751799998,10S4,10S4,2025-07-15T02:14:00.000000,911_calls,2025-07-15 02:14:00,Tuesday,2,7,3.0
call_675,40.83037365200005,-73.89859885299995,34Q2,34Q2,2025-07-14T03:15:00.000000,911_calls,2025-07-14 03:15:00,Monday,3,7,3.0
call_676,40.682067439000036,-73.99604622999993,75D,75D,2025-07-13T04:16:00.000000,911_calls,2025-07-13 04:16:00,Sunday,4,7,3.0
call_677,40.69218385600004,-73.98577565699998,75S,75S,2025-07-12T05:17:00.000000,911_calls,2025-07-12 05:17:00,Saturday,5,7,3.0
call_678,40.75924936100006,-73.98663487499994,54U1,54U1,2025-07-11T06:18:00.000000,911_calls,2025-07-11 06:18:00,Friday,6,7,3.0
call_679,40.86327901900006,-73.90067809799996,75M,75M,2025-07-10T07:19:00.000000,911_calls,2025-07-10 07:19:00,Thursday,7,7,3.0
call_680,40.78264042200004,-73.97313252999999,56S9,56S9,2025-07-09T08:20:00.000000,911_calls,2025-07-09 08:20:00,Wednesday,8,7,3.0
call_681,40.70534732300007,-73.94115744599998,68Q1,68Q1,2025-07-08T09:21:00.000000,911_calls,2025-07-08 09:21:00,Tuesday,9,7,3.0
call_682,40.72083446800008,-74.00522883099995,75M,75M,2025-07-07T10:22:00.000000,911_calls,2025-07-07 10:22:00,Monday,10,7,3.0
call_683,40.66697113600003,-73.78819101199997,53I,53I,2025-07-06T11:23:00.000000,911_calls,2025-07-06 11:23:00,Sunday,11,7,3.0
call_684,40.78683761100007,-73.79264143299997,75D,75D,2025-07-05T12:24:00.000000,911_calls,2025-07-05 12:24:00,Saturday,12,7,3.0
call_685,40.68841912000005,-73.97584601399996,75D,75D,2025-07-04T13:25:00.000000,911_calls,2025-07-04 13:25:00,Friday,13,7,3.0
call_686,40.69260465900004,-73.85779308899998,75D,75D,2025-07-03T14:26:00.000000,911_calls,2025-07-03 14:26:00,Thursday,14,7,3.0
call_687,40.75877504400006,-73.99238511899995,68Q1,68Q1,2025-07-02T15:27:00.000000,911_calls,2025-07-02 15:27:00,Wednesday,15,7,3.0
call_688,40.789992691000066,-73.96962296399994,68Q1,68Q1,2025-07-01T16:28:00.000000,911_calls,2025-07-01 16:28:00,Tuesday,16,7,3.0
call_689,40.723009095000066,-73.97808828999996,68Q1,68Q1,2025-06-30T17:29:00.000000,911_calls,2025-06-30 17:29:00,Monday,17,6,3.0
call_690,40.645870305000074,-73.95195201299998,10S4,10S4,2025-07-29T18:30:00.000000,911_calls,2025-07-29 18:30:00,Tuesday,18,7,3.0
call_691,40.84413994500005,-73.90038861799997,68Q1,68Q1,2025-07-28T19:31:00.000000,911_calls,2025-07-28 19:31:00,Monday,19,7,3.0
call_692,40.608288909000066,-73.81617002399997,75M,75M,2025-07-27T20:32:00.000000,911_calls,2025-07-27 20:32:00,Sunday,20,7,3.0
call_693,40.78879467100006,-73.79115471499995,75D,75D,2025-07-26T21:33:00.000000,911_calls,2025-07-26 21:33:00,Saturday,21,7,3.0
call_694,40.75438484000006,-73.85867183299996,10H1,10H1,2025-07-25T22:34:00.000000,911_calls,2025-07-25 22:34:00,Friday,22,7,3.0
call_695,40.71875074700006,-73.98857299099996,75O,75O,2025-07-24T23:35:00.000000,911_calls,2025-07-24 23:35:00,Thursday,23,7,3.0
call_696,40.69313582600006,-73.96932090399997,75D,75D,2025-07-23T00:36:00.000000,911_calls,2025-07-23 00:36:00,Wednesday,0,7,3.0
call_697,40.64576137500006,-73.95406015099996,10S4,10S4,2025-07-22T01:37:00.000000,911_calls,2025-07-22 01:37:00,Tuesday,1,7,3.0
call_698,40.81944886100007,-73.94078197699997,75D,75D,2025-07-21T02:38:00.000000,911_calls,2025-07-21 02:38:00,Monday,2,7,3.0
call_699,40.57628456500004,-73.98139061299997,50G9,50G9,2025-07-20T03:39:00.000000,911_calls,2025-07-20 03:39:00,Sunday,3,7,3.0
call_700,40.752884728000026,-73.99111170399993,34K2,34K2,2025-07-19T04:40:00.000000,911_calls,2025-07-19 04:40:00,Saturday,4,7,3.0
call_701,40.84413994500005,-73.90038861799997,54S1,54S1,2025-07-18T05:41:00.000000,911_calls,2025-07-18 05:41:00,Friday,5,7,3.0
call_702,40.77152949400005,-73.95483265599995,68Q1,68Q1,2025-07-17T06:42:00.000000,911_calls,2025-07-17 06:42:00,Thursday,6,7,3.0
call_703,40.79299897900006,-73.97285748699994,10H1,10H1,2025-07-16T07:43:00.000000,911_calls,2025-07-16 07:43:00,Wednesday,7,7,3.0
call_704,40.718358961000035,-73.81880651299997,34Q6,34Q6,2025-07-15T08:44:00.000000,911_calls,2025-07-15 08:44:00,Tuesday,8,7,3.0
call_705,40.59435909800004,-73.77599151999993,68Q1,68Q1,2025-07-14T09:45:00.000000,911_calls,2025-07-14 09:45:00,Monday,9,7,3.0
call_706,40.611453152000024,-73.97836621399995,75I,75I,2025-07-13T10:46:00.000000,911_calls,2025-07-13 10:46:00,Sunday,10,7,3.0
call_707,40.76760643000006,-73.98173427399996,75M,75M,2025-07-12T11:47:00.000000,911_calls,2025-07-12 11:47:00,Saturday,11,7,3.0
call_708,40.66322449000006,-73.94944522199995,52D1,52D1,2025-07-11T12:48:00.000000,911_calls,2025-07-11 12:48:00,Friday,12,7,3.0
call_709,40.693043457000044,-73.92827657699996,75S,75S,2025-07-10T13:49:00.000000,911_calls,2025-07-10 13:49:00,Thursday,13,7,3.0
call_710,40.845045938000055,-73.88041814799993,10P2,10P2,2025-07-09T14:50:00.000000,911_calls,2025-07-09 14:50:00,Wednesday,14,7,3.0
call_711,40.75703430500005,-73.98623827099993,54S1,54S1,2025-07-08T15:51:00.000000,911_calls,2025-07-08 15:51:00,Tuesday,15,7,3.0
call_712,40.60679874500005,-73.75457528899994,68Q1,68Q1,2025-07-07T16:52:00.000000,911_calls,2025-07-07 16:52:00,Monday,16,7,3.0
call_713,40.80522066000003,-73.94735069599994,10V2,10V2,2025-07-06T17:53:00.000000,911_calls,2025-07-06 17:53:00,Sunday,17,7,3.0
call_714,40.88605550700004,-73.87875671899997,54S2,54S2,2025-07-05T18:54:00.000000,911_calls,2025-07-05 18:54:00,Saturday,18,7,3.0
call_715,40.68151004300006,-73.95574450999999,75S,75S,2025-07-04T19:55:00.000000,911_calls,2025-07-04 19:55:00,Friday,19,7,3.0
call_716,40.67604572000005,-73.87207238999997,75S,75S,2025-07-03T20:56:00.000000,911_calls,2025-07-03 20:56:00,Thursday,20,7,3.0
call_717,40.75723935900004,-73.96827348799997,10H1,10H1,2025-07-02T21:57:00.000000,911_calls,2025-07-02 21:57:00,Wednesday,21,7,3.0
call_718,40.587912578000044,-73.98953147699996,68Q1,68Q1,2025-07-01T22:58:00.000000,911_calls,2025-07-01 22:58:00,Tuesday,22,7,3.0
call_719,40.833342714000025,-73.86103369699998,75T,75T,2025-06-30T23:59:00.000000,911_calls,2025-06-30 23:59:00,Monday,23,6,3.0
call_720,40.84262259900004,-73.93586774299996,75D,75D,2025-07-29T00:00:00.000000,911_calls,2025-07-29 00:00:00,Tuesday,0,7,3.0
call_721,40.62289300700007,-74.02387019099996,54H1,54H1,2025-07-28T01:01:00.000000,911_calls,2025-07-28 01:01:00,Monday,1,7,3.0
call_722,40.81756136700005,-73.92786058299998,75M,75M,2025-07-27T02:02:00.000000,911_calls,2025-07-27 02:02:00,Sunday,2,7,3.0
call_723,40.80885065100006,-73.96581777599994,10H2,10H2,2025-07-26T03:03:00.000000,911_calls,2025-07-26 03:03:00,Saturday,3,7,3.0
call_724,40.672740178000026,-73.98839701699995,68Q1,68Q1,2025-07-25T04:04:00.000000,911_calls,2025-07-25 04:04:00,Friday,4,7,3.0
call_725,40.82557826300007,-73.94736349499993,75D,75D,2025-07-24T05:05:00.000000,911_calls,2025-07-24 05:05:00,Thursday,5,7,3.0
call_726,40.698697527000036,-73.98881805399998,75S,75S,2025-07-23T06:06:00.000000,911_calls,2025-07-23 06:06:00,Wednesday,6,7,3.0
call_727,40.75029158500007,-73.86023968299997,54S2,54S2,2025-07-22T07:07:00.000000,911_calls,2025-07-22 07:07:00,Tuesday,7,7,3.0
call_728,40.66274750800005,-73.95085131599996,11C4,11C4,2025-07-21T08:08:00.000000,911_calls,2025-07-21 08:08:00,Monday,8,7,3.0
call_729,40.52965698500003,-74.23021204299994,54E2,54E2,2025-07-20T09:09:00.000000,911_calls,2025-07-20 09:09:00,Sunday,9,7,3.0
call_730,40.52965698500003,-74.23021204299994,54E2,54E2,2025-07-19T10:10:00.000000,911_calls,2025-07-19 10:10:00,Saturday,10,7,3.0
call_731,40.727778744000034,-74.00430213099997,75D,75D,2025-07-18T11:11:00.000000,911_calls,2025-07-18 11:11:00,Friday,11,7,3.0
call_732,40.60563898200007,-73.75907766099994,10S2,10S2,2025-07-17T12:12:00.000000,911_calls,2025-07-17 12:12:00,Thursday,12,7,3.0
call_733,40.827899467000066,-73.92588369299995,75S,75S,2025-07-16T13:13:00.000000,911_calls,2025-07-16 13:13:00,Wednesday,13,7,3.0
call_734,40.85557168400004,-73.86766034499993,75D,75D,2025-07-15T14:14:00.000000,911_calls,2025-07-15 14:14:00,Tuesday,14,7,3.0
call_735,40.79225442100005,-73.84817239499995,10Y3,10Y3,2025-07-14T15:15:00.000000,911_calls,2025-07-14 15:15:00,Monday,15,7,3.0
call_736,40.611453152000024,-73.97836621399995,75I,75I,2025-07-13T16:16:00.000000,911_calls,2025-07-13 16:16:00,Sunday,16,7,3.0
call_737,40.81846860400003,-73.93026577299997,68Q1,68Q1,2025-07-12T17:17:00.000000,911_calls,2025-07-12 17:17:00,Saturday,17,7,3.0
call_738,40.73201947000007,-74.00073390899996,54S9,54S9,2025-07-11T18:18:00.000000,911_calls,2025-07-11 18:18:00,Friday,18,7,3.0
call_739,40.67906840200004,-73.90376820299997,75S,75S,2025-07-10T19:19:00.000000,911_calls,2025-07-10 19:19:00,Thursday,19,7,3.0
call_740,40.57589788700005,-73.88650123199994,75D,75D,2025-07-09T20:20:00.000000,911_calls,2025-07-09 20:20:00,Wednesday,20,7,3.0
call_741,40.76178801400005,-73.96129719099997,68Q1,68Q1,2025-07-08T21:21:00.000000,911_calls,2025-07-08 21:21:00,Tuesday,21,7,3.0
call_742,40.660670174000074,-73.88579112099995,10V2,10V2,2025-07-07T22:22:00.000000,911_calls,2025-07-07 22:22:00,Monday,22,7,3.0
call_743,40.844816706000074,-73.90892098099994,75Z,75Z,2025-07-06T23:23:00.000000,911_calls,2025-07-06 23:23:00,Sunday,23,7,3.0
call_744,40.68801044400004,-73.94483984799996,68Q1,68Q1,2025-07-05T00:24:00.000000,911_calls,2025-07-05 00:24:00,Saturday,0,7,3.0
call_745,40.77082722200004,-73.99261118899994,34Q1,34Q1,2025-07-04T01:25:00.000000,911_calls,2025-07-04 01:25:00,Friday,1,7,3.0
call_746,40.65665674200005,-73.83937339799996,75D,75D,2025-07-03T02:26:00.000000,911_calls,2025-07-03 02:26:00,Thursday,2,7,3.0
call_747,40.767587810000066,-73.98596172099997,54U1,54U1,2025-07-02T03:27:00.000000,911_calls,2025-07-02 03:27:00,Wednesday,3,7,3.0
call_748,40.85583766800005,-73.90013974599998,54S9,54S9,2025-07-01T04:28:00.000000,911_calls,2025-07-01 04:28:00,Tuesday,4,7,3.0
call_749,40.76002030400008,-73.85465671199995,75D,75D,2025-06-30T05:29:00.000000,911_calls,2025-06-30 05:29:00,Monday,5,6,3.0
call_750,40.57628456500004,-73.98139061299997,54S9,54S9,2025-07-29T06:30:00.000000,911_calls,2025-07-29 06:30:00,Tuesday,6,7,3.0
call_751,40.84852831000006,-73.91347379299998,10H1,10H1,2025-07-28T07:31:00.000000,911_calls,2025-07-28 07:31:00,Monday,7,7,3.0
call_752,40.873377987000026,-73.88708546399994,54S9,54S9,2025-07-27T08:32:00.000000,911_calls,2025-07-27 08:32:00,Sunday,8,7,3.0
call_753,40.67039952700003,-73.95662425699999,75M,75M,2025-07-26T09:33:00.000000,911_calls,2025-07-26 09:33:00,Saturday,9,7,3.0
call_754,40.651146864000054,-73.94236206999994,54S1,54S1,2025-07-25T10:34:00.000000,911_calls,2025-07-25 10:34:00,Friday,10,7,3.0
call_755,40.64976764200003,-73.89716156499998,54U1,54U1,2025-07-24T11:35:00.000000,911_calls,2025-07-24 11:35:00,Thursday,11,7,3.0
call_756,40.72636105500004,-73.76612039299994,10V8,10V8,2025-07-23T12:36:00.000000,911_calls,2025-07-23 12:36:00,Wednesday,12,7,3.0
call_757,40.61018936700003,-74.11557684699994,75Z,75Z,2025-07-22T13:37:00.000000,911_calls,2025-07-22 13:37:00,Tuesday,13,7,3.0
call_758,40.714150577000055,-73.94854808099996,29H1,29H1,2025-07-21T14:38:00.000000,911_calls,2025-07-21 14:38:00,Monday,14,7,3.0
call_759,40.827899467000066,-73.92588369299995,75O,75O,2025-07-20T15:39:00.000000,911_calls,2025-07-20 15:39:00,Sunday,15,7,3.0
call_760,40.75053554700003,-73.77507656999995,68Q2,68Q2,2025-07-19T16:40:00.000000,911_calls,2025-07-19 16:40:00,Saturday,16,7,3.0
call_761,40.660783550000076,-73.96147833599997,75S,75S,2025-07-18T17:41:00.000000,911_calls,2025-07-18 17:41:00,Friday,17,7,3.0
call_762,40.71677420700007,-73.98576319599994,68Q1,68Q1,2025-07-17T18:42:00.000000,911_calls,2025-07-17 18:42:00,Thursday,18,7,3.0
call_763,40.81072849200007,-73.92171959199999,10S4,10S4,2025-07-16T19:43:00.000000,911_calls,2025-07-16 19:43:00,Wednesday,19,7,3.0
call_764,40.64535093400008,-73.95737565299999,54S1,54S1,2025-07-15T20:44:00.000000,911_calls,2025-07-15 20:44:00,Tuesday,20,7,3.0
call_765,40.81602577600006,-73.91773211999998,39Q9,39Q9,2025-07-14T21:45:00.000000,911_calls,2025-07-14 21:45:00,Monday,21,7,3.0
call_766,40.50576911100006,-74.24074155899996,11R4,11R4,2025-07-13T22:46:00.000000,911_calls,2025-07-13 22:46:00,Sunday,22,7,3.0
call_767,40.83508322200004,-73.85035134199995,59R4,59R4,2025-07-12T23:47:00.000000,911_calls,2025-07-12 23:47:00,Saturday,23,7,3.0
call_768,40.83527723200007,-73.93999815299998,75T,75T,2025-07-11T00:48:00.000000,911_calls,2025-07-11 00:48:00,Friday,0,7,3.0
call_769,40.68346026200004,-73.87288383999999,75S,75S,2025-07-10T01:49:00.000000,911_calls,2025-07-10 01:49:00,Thursday,1,7,3.0
call_770,40.72083446800008,-74.00522883099995,75M,75M,2025-07-09T02:50:00.000000,911_calls,2025-07-09 02:50:00,Wednesday,2,7,3.0
call_771,40.85853931200006,-73.90439060499995,54S2,54S2,2025-07-08T03:51:00.000000,911_calls,2025-07-08 03:51:00,Tuesday,3,7,3.0
call_772,40.645870305000074,-73.95195201299998,54E1,54E1,2025-07-07T04:52:00.000000,911_calls,2025-07-07 04:52:00,Monday,4,7,3.0
call_773,40.827899467000066,-73.92588369299995,75M,75M,2025-07-06T05:53:00.000000,911_calls,2025-07-06 05:53:00,Sunday,5,7,3.0
call_774,40.82017603300005,-73.93534020299995,75D,75D,2025-07-05T06:54:00.000000,911_calls,2025-07-05 06:54:00,Saturday,6,7,3.0
call_775,40.66983535600008,-73.91469332599996,75D,75D,2025-07-04T07:55:00.000000,911_calls,2025-07-04 07:55:00,Friday,7,7,3.0
call_776,40.82639692600003,-73.90220376499997,75I,75I,2025-07-03T08:56:00.000000,911_calls,2025-07-03 08:56:00,Thursday,8,7,3.0
call_777,40.86092831600007,-73.92030842899999,75D,75D,2025-07-02T09:57:00.000000,911_calls,2025-07-02 09:57:00,Wednesday,9,7,3.0
call_778,40.82612303500008,-73.93890435399999,75D,75D,2025-07-01T10:58:00.000000,911_calls,2025-07-01 10:58:00,Tuesday,10,7,3.0
call_779,40.68346026200004,-73.87288383999999,75O,75O,2025-06-30T11:59:00.000000,911_calls,2025-06-30 11:59:00,Monday,11,6,3.0
call_780,40.57628456500004,-73.98139061299997,50G9,50G9,2025-07-29T12:00:00.000000,911_calls,2025-07-29 12:00:00,Tuesday,12,7,3.0
call_781,40.67159056500003,-73.76418193799998,10V2,10V2,2025-07-28T13:01:00.000000,911_calls,2025-07-28 13:01:00,Monday,13,7,3.0
call_782,40.71735156900007,-73.94990920399994,54U2,54U2,2025-07-27T14:02:00.000000,911_calls,2025-07-27 14:02:00,Sunday,14,7,3.0
call_783,40.62970762400005,-74.02702134899994,68Q2,68Q2,2025-07-26T15:03:00.000000,911_calls,2025-07-26 15:03:00,Saturday,15,7,3.0
call_784,40.81111301300007,-73.95234931199997,75D,75D,2025-07-25T16:04:00.000000,911_calls,2025-07-25 16:04:00,Friday,16,7,3.0
call_785,40.57628456500004,-73.98139061299997,50P9,50P9,2025-07-24T17:05:00.000000,911_calls,2025-07-24 17:05:00,Thursday,17,7,3.0
call_786,40.62285052300007,-74.08093757199998,68Q1,68Q1,2025-07-23T18:06:00.000000,911_calls,2025-07-23 18:06:00,Wednesday,18,7,3.0
call_787,40.62285052300007,-74.08093757199998,68Q1,68Q1,2025-07-22T19:07:00.000000,911_calls,2025-07-22 19:07:00,Tuesday,19,7,3.0
call_788,40.67778272900006,-74.00654858099995,75D,75D,2025-07-21T20:08:00.000000,911_calls,2025-07-21 20:08:00,Monday,20,7,3.0
call_789,40.74394974900008,-73.98362456899997,54U2,54U2,2025-07-20T21:09:00.000000,911_calls,2025-07-20 21:09:00,Sunday,21,7,3.0
call_790,40.624672230000044,-74.02078718799999,68Q2,68Q2,2025-07-19T22:10:00.000000,911_calls,2025-07-19 22:10:00,Saturday,22,7,3.0
call_791,40.81366497300007,-73.94477906099996,75D,75D,2025-07-18T23:11:00.000000,911_calls,2025-07-18 23:11:00,Friday,23,7,3.0
call_792,40.79564142800007,-73.95341859399997,75D,75D,2025-07-17T00:12:00.000000,911_calls,2025-07-17 00:12:00,Thursday,0,7,3.0
call_793,40.69010641500006,-73.98897094299997,68Q1,68Q1,2025-07-16T01:13:00.000000,911_calls,2025-07-16 01:13:00,Wednesday,1,7,3.0
call_794,40.77152949400005,-73.95483265599995,68Q1,68Q1,2025-07-15T02:14:00.000000,911_calls,2025-07-15 02:14:00,Tuesday,2,7,3.0
call_795,40.623349088000055,-74.02161530799998,68Q2,68Q2,2025-07-14T03:15:00.000000,911_calls,2025-07-14 03:15:00,Monday,3,7,3.0
call_796,40.68196577800006,-73.99369906999993,75D,75D,2025-07-13T04:16:00.000000,911_calls,2025-07-13 04:16:00,Sunday,4,7,3.0
call_797,40.849727216000076,-73.90578765199996,75S,75S,2025-07-12T05:17:00.000000,911_calls,2025-07-12 05:17:00,Saturday,5,7,3.0
call_798,40.81893169800003,-73.81348183999995,68Q1,68Q1,2025-07-11T06:18:00.000000,911_calls,2025-07-11 06:18:00,Friday,6,7,3.0
call_799,40.86188627300004,-73.89320748999995,11C4,11C4,2025-07-10T07:19:00.000000,911_calls,2025-07-10 07:19:00,Thursday,7,7,3.0
call_800,40.81914502800004,-73.93716572399995,75D,75D,2025-07-09T08:20:00.000000,911_calls,2025-07-09 08:20:00,Wednesday,8,7,3.0
call_801,40.713461969000036,-73.96383584799997,68Q1,68Q1,2025-07-08T09:21:00.000000,911_calls,2025-07-08 09:21:00,Tuesday,9,7,3.0
call_802,40.57898609200004,-73.83663345199994,68Q1,68Q1,2025-07-07T10:22:00.000000,911_calls,2025-07-07 10:22:00,Monday,10,7,3.0
call_803,40.694189649000066,-73.98134689099999,10Y3,10Y3,2025-07-06T11:23:00.000000,911_calls,2025-07-06 11:23:00,Sunday,11,7,3.0
call_804,40.70254440000008,-73.81414288499997,11C4,11C4,2025-07-05T12:24:00.000000,911_calls,2025-07-05 12:24:00,Saturday,12,7,3.0
call_805,40.62507529800007,-74.02297397299998,68Q2,68Q2,2025-07-04T13:25:00.000000,911_calls,2025-07-04 13:25:00,Friday,13,7,3.0
call_806,40.74690206500003,-73.89096656299995,75S,75S,2025-07-03T14:26:00.000000,911_calls,2025-07-03 14:26:00,Thursday,14,7,3.0
call_807,40.84395961600006,-73.83620321899997,50P9,50P9,2025-07-02T15:27:00.000000,911_calls,2025-07-02 15:27:00,Wednesday,15,7,3.0
call_808,40.77313587500004,-73.95667648699998,68Q1,68Q1,2025-07-01T16:28:00.000000,911_calls,2025-07-01 16:28:00,Tuesday,16,7,3.0
call_809,40.743332244000044,-73.98407582099998,75T,75T,2025-06-30T17:29:00.000000,911_calls,2025-06-30 17:29:00,Monday,17,6,3.0
call_810,40.80904299700006,-73.91369851599995,10H2,10H2,2025-07-29T18:30:00.000000,911_calls,2025-07-29 18:30:00,Tuesday,18,7,3.0
call_811,40.79884745600003,-73.95387866199997,75S,75S,2025-07-28T19:31:00.000000,911_calls,2025-07-28 19:31:00,Monday,19,7,3.0
call_812,40.799631850000026,-73.94616681699995,11C4,11C4,2025-07-27T20:32:00.000000,911_calls,2025-07-27 20:32:00,Sunday,20,7,3.0
call_813,40.611453152000024,-73.97836621399995,75I,75I,2025-07-26T21:33:00.000000,911_calls,2025-07-26 21:33:00,Saturday,21,7,3.0
call_814,40.57628456500004,-73.98139061299997,75M,75M,2025-07-25T22:34:00.000000,911_calls,2025-07-25 22:34:00,Friday,22,7,3.0
call_815,40.781462248000025,-73.98430140899995,39T1,39T1,2025-07-24T23:35:00.000000,911_calls,2025-07-24 23:35:00,Thursday,23,7,3.0
call_816,40.744385116000046,-73.85379943099997,59W,59W,2025-07-23T00:36:00.000000,911_calls,2025-07-23 00:36:00,Wednesday,0,7,3.0
call_817,40.76178801400005,-73.96129719099997,68Q1,68Q1,2025-07-22T01:37:00.000000,911_calls,2025-07-22 01:37:00,Tuesday,1,7,3.0
call_818,40.67459999000005,-73.93057482199998,54S1,54S1,2025-07-21T02:38:00.000000,911_calls,2025-07-21 02:38:00,Monday,2,7,3.0
call_819,40.68599964600003,-73.75194007899995,53S,53S,2025-07-20T03:39:00.000000,911_calls,2025-07-20 03:39:00,Sunday,3,7,3.0
call_820,40.722198683000045,-74.00337099599994,68Q1,68Q1,2025-07-19T04:40:00.000000,911_calls,2025-07-19 04:40:00,Saturday,4,7,3.0
call_821,40.67558382800007,-73.98903463099998,10P2,10P2,2025-07-18T05:41:00.000000,911_calls,2025-07-18 05:41:00,Friday,5,7,3.0
call_822,40.701047309000046,-73.92010282599995,75D,75D,2025-07-17T06:42:00.000000,911_calls,2025-07-17 06:42:00,Thursday,6,7,3.0
call_823,40.59122761900005,-73.98370522199997,68Q1,68Q1,2025-07-16T07:43:00.000000,911_calls,2025-07-16 07:43:00,Wednesday,7,7,3.0
call_824,40.70740920000003,-73.93219259199998,68Q1,68Q1,2025-07-15T08:44:00.000000,911_calls,2025-07-15 08:44:00,Tuesday,8,7,3.0
call_825,40.809711323000045,-73.88955598299998,68Q1,68Q1,2025-07-14T09:45:00.000000,911_calls,2025-07-14 09:45:00,Monday,9,7,3.0
call_826,40.762416409000025,-73.96084920699997,68Q1,68Q1,2025-07-13T10:46:00.000000,911_calls,2025-07-13 10:46:00,Sunday,10,7,3.0
call_827,40.83716885100006,-73.90418641199994,68Q1,68Q1,2025-07-12T11:47:00.000000,911_calls,2025-07-12 11:47:00,Saturday,11,7,3.0
call_828,40.69521241600006,-73.75253688899994,75D,75D,2025-07-11T12:48:00.000000,911_calls,2025-07-11 12:48:00,Friday,12,7,3.0
call_829,40.753831441000045,-73.98856336499995,10H2,10H2,2025-07-10T13:49:00.000000,911_calls,2025-07-10 13:49:00,Thursday,13,7,3.0
call_830,40.82954483300006,-73.90187031199997,69S,69S,2025-07-09T14:50:00.000000,911_calls,2025-07-09 14:50:00,Wednesday,14,7,3.0
call_831,40.64683278100006,-73.99956540899996,54S2,54S2,2025-07-08T15:51:00.000000,911_calls,2025-07-08 15:51:00,Tuesday,15,7,3.0
call_832,40.71753847200006,-73.73889010799996,10P2,10P2,2025-07-07T16:52:00.000000,911_calls,2025-07-07 16:52:00,Monday,16,7,3.0
call_833,40.65290208700003,-73.89402853999997,75I,75I,2025-07-06T17:53:00.000000,911_calls,2025-07-06 17:53:00,Sunday,17,7,3.0
call_834,40.67790752700006,-73.91078571399999,75S,75S,2025-07-05T18:54:00.000000,911_calls,2025-07-05 18:54:00,Saturday,18,7,3.0
call_835,40.74361566300007,-73.99051387699996,10V2,10V2,2025-07-04T19:55:00.000000,911_calls,2025-07-04 19:55:00,Friday,19,7,3.0
call_836,40.66905010500005,-73.87035911599997,10Y3,10Y3,2025-07-03T20:56:00.000000,911_calls,2025-07-03 20:56:00,Thursday,20,7,3.0
call_837,40.60887741600004,-73.75497462099997,10S4,10S4,2025-07-02T21:57:00.000000,911_calls,2025-07-02 21:57:00,Wednesday,21,7,3.0
call_838,40.71222373400008,-73.96274717099999,68Q1,68Q1,2025-07-01T22:58:00.000000,911_calls,2025-07-01 22:58:00,Tuesday,22,7,3.0
call_839,40.81341444100008,-73.94321139999994,68Q1,68Q1,2025-06-30T23:59:00.000000,911_calls,2025-06-30 23:59:00,Monday,23,6,3.0
call_840,40.707881161000046,-73.78621429599997,75D,75D,2025-07-29T00:00:00.000000,911_calls,2025-07-29 00:00:00,Tuesday,0,7,3.0
call_841,40.84009408900005,-73.91383171199993,75D,75D,2025-07-28T01:01:00.000000,911_calls,2025-07-28 01:01:00,Monday,1,7,3.0
call_842,40.826222044000076,-73.87719278299994,53H,53H,2025-07-27T02:02:00.000000,911_calls,2025-07-27 02:02:00,Sunday,2,7,3.0
call_843,40.726849369000035,-73.80103248999995,39H1,39H1,2025-07-26T03:03:00.000000,911_calls,2025-07-26 03:03:00,Saturday,3,7,3.0
call_844,40.592336182000054,-73.98148695899994,75D,75D,2025-07-25T04:04:00.000000,911_calls,2025-07-25 04:04:00,Friday,4,7,3.0
call_845,40.535586626000054,-74.22283941599994,75D,75D,2025-07-24T05:05:00.000000,911_calls,2025-07-24 05:05:00,Thursday,5,7,3.0
call_846,40.79494394100004,-73.94075321199995,68Q1,68Q1,2025-07-23T06:06:00.000000,911_calls,2025-07-23 06:06:00,Wednesday,6,7,3.0
call_847,40.69272611000008,-73.93966846299998,54U1,54U1,2025-07-22T07:07:00.000000,911_calls,2025-07-22 07:07:00,Tuesday,7,7,3.0
call_848,40.67348635900004,-73.93662880999995,75D,75D,2025-07-21T08:08:00.000000,911_calls,2025-07-21 08:08:00,Monday,8,7,3.0
call_849,40.609477420000076,-74.08537288999997,68Q1,68Q1,2025-07-20T09:09:00.000000,911_calls,2025-07-20 09:09:00,Sunday,9,7,3.0
call_850,40.57806954000006,-73.95480508199995,68Q1,68Q1,2025-07-19T10:10:00.000000,911_calls,2025-07-19 10:10:00,Saturday,10,7,3.0
call_851,40.721120186000064,-73.97553112599996,75I,75I,2025-07-18T11:11:00.000000,911_calls,2025-07-18 11:11:00,Friday,11,7,3.0
call_852,40.60232281200007,-73.75886635399996,75Z,75Z,2025-07-17T12:12:00.000000,911_calls,2025-07-17 12:12:00,Thursday,12,7,3.0
call_853,40.75664204200007,-73.98837157699995,75S,75S,2025-07-16T13:13:00.000000,911_calls,2025-07-16 13:13:00,Wednesday,13,7,3.0
call_854,40.67811077700003,-73.96870049799998,50P1,50P1,2025-07-15T14:14:00.000000,911_calls,2025-07-15 14:14:00,Tuesday,14,7,3.0
call_855,40.69139260500003,-73.90732034599995,10V2,10V2,2025-07-14T15:15:00.000000,911_calls,2025-07-14 15:15:00,Monday,15,7,3.0
call_856,40.69628382500008,-73.80435852099998,75D,75D,2025-07-13T16:16:00.000000,911_calls,2025-07-13 16:16:00,Sunday,16,7,3.0
call_857,40.86479447100004,-73.91869494699995,75Z,75Z,2025-07-12T17:17:00.000000,911_calls,2025-07-12 17:17:00,Saturday,17,7,3.0
call_858,40.84833817400005,-73.91247643899999,75M,75M,2025-07-11T18:18:00.000000,911_calls,2025-07-11 18:18:00,Friday,18,7,3.0
call_859,40.78138350000006,-73.94919302799997,34Q1,34Q1,2025-07-10T19:19:00.000000,911_calls,2025-07-10 19:19:00,Thursday,19,7,3.0
call_860,40.743746747000046,-73.88372159999994,50G2,50G2,2025-07-09T20:20:00.000000,911_calls,2025-07-09 20:20:00,Wednesday,20,7,3.0
call_861,40.88661151500003,-73.84356275699997,68Q1,68Q1,2025-07-08T21:21:00.000000,911_calls,2025-07-08 21:21:00,Tuesday,21,7,3.0
call_862,40.81072622700003,-73.92662169499994,75S,75S,2025-07-07T22:22:00.000000,911_calls,2025-07-07 22:22:00,Monday,22,7,3.0
call_863,40.67424444300008,-73.94869783199994,75D,75D,2025-07-06T23:23:00.000000,911_calls,2025-07-06 23:23:00,Sunday,23,7,3.0
call_864,40.826036645000045,-73.88926150299994,52D6,52D6,2025-07-05T00:24:00.000000,911_calls,2025-07-05 00:24:00,Saturday,0,7,3.0
call_865,40.68942044000005,-73.99153483799995,10H1,10H1,2025-07-04T01:25:00.000000,911_calls,2025-07-04 01:25:00,Friday,1,7,3.0
call_866,40.71308482200004,-73.93602844599997,52D1,52D1,2025-07-03T02:26:00.000000,911_calls,2025-07-03 02:26:00,Thursday,2,7,3.0
call_867,40.74260718200003,-73.95252822099997,10H2,10H2,2025-07-02T03:27:00.000000,911_calls,2025-07-02 03:27:00,Wednesday,3,7,3.0
call_868,40.636099595000076,-74.11344911299994,54E1,54E1,2025-07-01T04:28:00.000000,911_calls,2025-07-01 04:28:00,Tuesday,4,7,3.0
call_869,40.636099595000076,-74.11344911299994,54E1,54E1,2025-06-30T05:29:00.000000,911_calls,2025-06-30 05:29:00,Monday,5,6,3.0
call_870,40.717669485000044,-73.99047067299995,68Q1,68Q1,2025-07-29T06:30:00.000000,911_calls,2025-07-29 06:30:00,Tuesday,6,7,3.0
call_871,40.82280248200004,-73.90032661699996,68Q1,68Q1,2025-07-28T07:31:00.000000,911_calls,2025-07-28 07:31:00,Monday,7,7,3.0
call_872,40.86990589100003,-73.91982763299995,75D,75D,2025-07-27T08:32:00.000000,911_calls,2025-07-27 08:32:00,Sunday,8,7,3.0
call_873,40.65114909700003,-73.89504039199994,75D,75D,2025-07-26T09:33:00.000000,911_calls,2025-07-26 09:33:00,Saturday,9,7,3.0
call_874,40.677419358000066,-73.98305685499997,10Y3,10Y3,2025-07-25T10:34:00.000000,911_calls,2025-07-25 10:34:00,Friday,10,7,3.0
call_875,40.701332285000035,-73.98676549999993,75S,75S,2025-07-24T11:35:00.000000,911_calls,2025-07-24 11:35:00,Thursday,11,7,3.0
call_876,40.74562679700006,-73.93149326299994,10H1,10H1,2025-07-23T12:36:00.000000,911_calls,2025-07-23 12:36:00,Wednesday,12,7,3.0
call_877,40.70042942600003,-73.80820890199993,54S9,54S9,2025-07-22T13:37:00.000000,911_calls,2025-07-22 13:37:00,Tuesday,13,7,3.0
call_878,40.793361256000026,-73.97273815999995,75D,75D,2025-07-21T14:38:00.000000,911_calls,2025-07-21 14:38:00,Monday,14,7,3.0
call_879,40.83527723200007,-73.93999815299998,75T,75T,2025-07-20T15:39:00.000000,911_calls,2025-07-20 15:39:00,Sunday,15,7,3.0
call_880,40.71626346000005,-73.98407867999998,75D,75D,2025-07-19T16:40:00.000000,911_calls,2025-07-19 16:40:00,Saturday,16,7,3.0
call_881,40.874064909000026,-73.89071465699999,75S,75S,2025-07-18T17:41:00.000000,911_calls,2025-07-18 17:41:00,Friday,17,7,3.0
call_882,40.63488631000007,-74.08111069899996,68Q1,68Q1,2025-07-17T18:42:00.000000,911_calls,2025-07-17 18:42:00,Thursday,18,7,3.0
call_883,40.71761420900003,-73.94222162299997,54U2,54U2,2025-07-16T19:43:00.000000,911_calls,2025-07-16 19:43:00,Wednesday,19,7,3.0
call_884,40.59097419900007,-73.97827563199996,75I,75I,2025-07-15T20:44:00.000000,911_calls,2025-07-15 20:44:00,Tuesday,20,7,3.0
call_885,40.82782501300005,-73.92534538199999,75M,75M,2025-07-14T21:45:00.000000,911_calls,2025-07-14 21:45:00,Monday,21,7,3.0
call_886,40.519176436000066,-74.20760660399998,68Q1,68Q1,2025-07-13T22:46:00.000000,911_calls,2025-07-13 22:46:00,Sunday,22,7,3.0
call_887,40.75909625400004,-73.73737357299996,75D,75D,2025-07-12T23:47:00.000000,911_calls,2025-07-12 23:47:00,Saturday,23,7,3.0
call_888,40.68696870400004,-73.91166421199995,68Q2,68Q2,2025-07-11T00:48:00.000000,911_calls,2025-07-11 00:48:00,Friday,0,7,3.0
call_889,40.72634048200007,-73.99545191299995,22Q1,22Q1,2025-07-10T01:49:00.000000,911_calls,2025-07-10 01:49:00,Thursday,1,7,3.0
call_890,40.86131332800005,-73.92554639399998,54S2,54S2,2025-07-09T02:50:00.000000,911_calls,2025-07-09 02:50:00,Wednesday,2,7,3.0
call_891,40.77677219000003,-73.82369882599994,75D,75D,2025-07-08T03:51:00.000000,911_calls,2025-07-08 03:51:00,Tuesday,3,7,3.0
call_892,40.638878797000075,-74.11194411599996,68Q1,68Q1,2025-07-07T04:52:00.000000,911_calls,2025-07-07 04:52:00,Monday,4,7,3.0
call_893,40.69100673300005,-73.98932778499994,68Q1,68Q1,2025-07-06T05:53:00.000000,911_calls,2025-07-06 05:53:00,Sunday,5,7,3.0
call_894,40.751669512000035,-73.97658102499997,54U1,54U1,2025-07-05T06:54:00.000000,911_calls,2025-07-05 06:54:00,Saturday,6,7,3.0
call_895,40.65008644000005,-73.93071204599994,13U2,13U2,2025-07-04T07:55:00.000000,911_calls,2025-07-04 07:55:00,Friday,7,7,3.0
call_896,40.65008644000005,-73.93071204599994,13U2,13U2,2025-07-03T08:56:00.000000,911_calls,2025-07-03 08:56:00,Thursday,8,7,3.0
call_897,40.812296927000034,-73.92350234199995,68U2,68U2,2025-07-02T09:57:00.000000,911_calls,2025-07-02 09:57:00,Wednesday,9,7,3.0
call_898,40.757509699000025,-73.80343512399998,75D,75D,2025-07-01T10:58:00.000000,911_calls,2025-07-01 10:58:00,Tuesday,10,7,3.0
call_899,40.65433902400008,-73.89557597099997,75I,75I,2025-06-30T11:59:00.000000,911_calls,2025-06-30 11:59:00,Monday,11,6,3.0
call_900,40.80767256000007,-73.94927049299997,10V2,10V2,2025-07-29T12:00:00.000000,911_calls,2025-07-29 12:00:00,Tuesday,12,7,3.0
call_901,40.708612996000056,-73.81925501399996,75M,75M,2025-07-28T13:01:00.000000,911_calls,2025-07-28 13:01:00,Monday,13,7,3.0
call_902,40.758467661000054,-73.86673789699995,52D6,52D6,2025-07-27T14:02:00.000000,911_calls,2025-07-27 14:02:00,Sunday,14,7,3.0
call_903,40.72455178800004,-73.85403054499994,10Y3,10Y3,2025-07-26T15:03:00.000000,911_calls,2025-07-26 15:03:00,Saturday,15,7,3.0
call_904,40.81604099200007,-73.95535519699996,10Y3,10Y3,2025-07-25T16:04:00.000000,911_calls,2025-07-25 16:04:00,Friday,16,7,3.0
call_905,40.72597435900008,-73.84214312599994,11R4,11R4,2025-07-24T17:05:00.000000,911_calls,2025-07-24 17:05:00,Thursday,17,7,3.0
call_906,40.68739746400007,-73.91241724999998,68Q2,68Q2,2025-07-23T18:06:00.000000,911_calls,2025-07-23 18:06:00,Wednesday,18,7,3.0
call_907,40.75092782300004,-73.99253038399996,10P2,10P2,2025-07-22T19:07:00.000000,911_calls,2025-07-22 19:07:00,Tuesday,19,7,3.0
call_908,40.82640185900004,-73.93679392799999,68Q1,68Q1,2025-07-21T20:08:00.000000,911_calls,2025-07-21 20:08:00,Monday,20,7,3.0
call_909,40.69010896100008,-73.90506842999997,10Y3,10Y3,2025-07-20T21:09:00.000000,911_calls,2025-07-20 21:09:00,Sunday,21,7,3.0
call_910,40.69198273200004,-73.76475529599998,10V2,10V2,2025-07-19T22:10:00.000000,911_calls,2025-07-19 22:10:00,Saturday,22,7,3.0
call_911,40.688604586000054,-73.98507328299996,75O,75O,2025-07-18T23:11:00.000000,911_calls,2025-07-18 23:11:00,Friday,23,7,3.0
call_912,40.64564719600003,-73.90287588699994,75M,75M,2025-07-17T00:12:00.000000,911_calls,2025-07-17 00:12:00,Thursday,0,7,3.0
call_913,40.708409465000045,-73.80880272499996,24Q1,24Q1,2025-07-16T01:13:00.000000,911_calls,2025-07-16 01:13:00,Wednesday,1,7,3.0
call_914,40.75092782300004,-73.99253038399996,10P2,10P2,2025-07-15T02:14:00.000000,911_calls,2025-07-15 02:14:00,Tuesday,2,7,3.0
call_915,40.69454230000008,-73.99336250999994,75S,75S,2025-07-14T03:15:00.000000,911_calls,2025-07-14 03:15:00,Monday,3,7,3.0
call_916,40.74168920000005,-74.00298585099995,54S1,54S1,2025-07-13T04:16:00.000000,911_calls,2025-07-13 04:16:00,Sunday,4,7,3.0
call_917,40.79153542000006,-73.97034815299997,68Q1,68Q1,2025-07-12T05:17:00.000000,911_calls,2025-07-12 05:17:00,Saturday,5,7,3.0
call_918,40.678812065000045,-73.85771433899998,75S,75S,2025-07-11T06:18:00.000000,911_calls,2025-07-11 06:18:00,Friday,6,7,3.0
call_919,40.81095467400007,-73.91935316099995,10S4,10S4,2025-07-10T07:19:00.000000,911_calls,2025-07-10 07:19:00,Thursday,7,7,3.0
call_920,40.56539505300003,-74.11191815299998,68Q1,68Q1,2025-07-09T08:20:00.000000,911_calls,2025-07-09 08:20:00,Wednesday,8,7,3.0
call_921,40.70864267700006,-73.73173632899994,10Y3,10Y3,2025-07-08T09:21:00.000000,911_calls,2025-07-08 09:21:00,Tuesday,9,7,3.0
call_922,40.82032379100008,-73.86272285299998,10S4,10S4,2025-07-07T10:22:00.000000,911_calls,2025-07-07 10:22:00,Monday,10,7,3.0
call_923,40.68960040700006,-73.94080714699999,52D6,52D6,2025-07-06T11:23:00.000000,911_calls,2025-07-06 11:23:00,Sunday,11,7,3.0
call_924,40.70712299300004,-73.92231735799999,75D,75D,2025-07-05T12:24:00.000000,911_calls,2025-07-05 12:24:00,Saturday,12,7,3.0
call_925,40.74970646600008,-73.99342558899997,10P2,10P2,2025-07-04T13:25:00.000000,911_calls,2025-07-04 13:25:00,Friday,13,7,3.0
call_926,40.60817874400004,-74.16219114199998,68Q1,68Q1,2025-07-03T14:26:00.000000,911_calls,2025-07-03 14:26:00,Thursday,14,7,3.0
call_927,40.662767503000055,-73.90752952599996,75S,75S,2025-07-02T15:27:00.000000,911_calls,2025-07-02 15:27:00,Wednesday,15,7,3.0
call_928,40.83391300900007,-73.94531515399996,68Q1,68Q1,2025-07-01T16:28:00.000000,911_calls,2025-07-01 16:28:00,Tuesday,16,7,3.0
call_929,40.64395993900007,-73.97966371899997,75O,75O,2025-06-30T17:29:00.000000,911_calls,2025-06-30 17:29:00,Monday,17,6,3.0
call_930,40.84448348800004,-73.91465008299997,75S,75S,2025-07-29T18:30:00.000000,911_calls,2025-07-29 18:30:00,Tuesday,18,7,3.0
call_931,40.62169154900005,-73.91073477399993,68Q1,68Q1,2025-07-28T19:31:00.000000,911_calls,2025-07-28 19:31:00,Monday,19,7,3.0
call_932,40.83666953000005,-73.90444732999998,68Q1,68Q1,2025-07-27T20:32:00.000000,911_calls,2025-07-27 20:32:00,Sunday,20,7,3.0
call_933,40.78182730700007,-73.94732225099995,68Q1,68Q1,2025-07-26T21:33:00.000000,911_calls,2025-07-26 21:33:00,Saturday,21,7,3.0
call_934,40.68714813300005,-73.97510368799993,75D,75D,2025-07-25T22:34:00.000000,911_calls,2025-07-25 22:34:00,Friday,22,7,3.0
call_935,40.81113019400004,-73.93671450599999,75D,75D,2025-07-24T23:35:00.000000,911_calls,2025-07-24 23:35:00,Thursday,23,7,3.0
call_936,40.75208922000007,-73.70251378999995,54S1,54S1,2025-07-23T00:36:00.000000,911_calls,2025-07-23 00:36:00,Wednesday,0,7,3.0
call_937,40.69569116200006,-73.93113706899999,68Q1,68Q1,2025-07-22T01:37:00.000000,911_calls,2025-07-22 01:37:00,Tuesday,1,7,3.0
call_938,40.83885865800005,-73.94464250299995,75D,75D,2025-07-21T02:38:00.000000,911_calls,2025-07-21 02:38:00,Monday,2,7,3.0
call_939,40.59294471900006,-73.79466219699998,75D,75D,2025-07-20T03:39:00.000000,911_calls,2025-07-20 03:39:00,Sunday,3,7,3.0
call_940,40.74611788500005,-73.98216241299997,68Q9,68Q9,2025-07-19T04:40:00.000000,911_calls,2025-07-19 04:40:00,Saturday,4,7,3.0
call_941,40.50582943500007,-74.25101912599996,10P2,10P2,2025-07-18T05:41:00.000000,911_calls,2025-07-18 05:41:00,Friday,5,7,3.0
call_942,40.714946965000024,-73.82942115899993,75S,75S,2025-07-17T06:42:00.000000,911_calls,2025-07-17 06:42:00,Thursday,6,7,3.0
call_943,40.78738543700007,-73.94170967999997,75D,75D,2025-07-16T07:43:00.000000,911_calls,2025-07-16 07:43:00,Wednesday,7,7,3.0
call_944,40.87878297800006,-73.90624912699997,68Q1,68Q1,2025-07-15T08:44:00.000000,911_calls,2025-07-15 08:44:00,Tuesday,8,7,3.0
call_945,40.82097993300005,-73.84964238799995,10H1,10H1,2025-07-14T09:45:00.000000,911_calls,2025-07-14 09:45:00,Monday,9,7,3.0
call_946,40.76226872900003,-73.98798795399995,39T1,39T1,2025-07-13T10:46:00.000000,911_calls,2025-07-13 10:46:00,Sunday,10,7,3.0
call_947,40.61922541600006,-73.99194356899994,68Q2,68Q2,2025-07-12T11:47:00.000000,911_calls,2025-07-12 11:47:00,Saturday,11,7,3.0
call_948,40.825471779000054,-73.90199555699996,75I,75I,2025-07-11T12:48:00.000000,911_calls,2025-07-11 12:48:00,Friday,12,7,3.0
call_949,40.603056396000056,-73.93900403699996,53I,53I,2025-07-10T13:49:00.000000,911_calls,2025-07-10 13:49:00,Thursday,13,7,3.0
call_950,40.706206045000044,-73.93060322199995,68Q1,68Q1,2025-07-09T14:50:00.000000,911_calls,2025-07-09 14:50:00,Wednesday,14,7,3.0
call_951,40.71222373400008,-73.96274717099999,68Q1,68Q1,2025-07-08T15:51:00.000000,911_calls,2025-07-08 15:51:00,Tuesday,15,7,3.0
call_952,40.61922541600006,-73.99194356899994,68Q2,68Q2,2025-07-07T16:52:00.000000,911_calls,2025-07-07 16:52:00,Monday,16,7,3.0
call_953,40.643283042000064,-73.91566054899994,11C4,11C4,2025-07-06T17:53:00.000000,911_calls,2025-07-06 17:53:00,Sunday,17,7,3.0
call_954,40.71854485400007,-73.98821227999997,75T,75T,2025-07-05T18:54:00.000000,911_calls,2025-07-05 18:54:00,Saturday,18,7,3.0
call_955,40.76755406400008,-73.91809524399997,10V2,10V2,2025-07-04T19:55:00.000000,911_calls,2025-07-04 19:55:00,Friday,19,7,3.0
call_956,40.70793565500003,-73.80290681699995,75M,75M,2025-07-03T20:56:00.000000,911_calls,2025-07-03 20:56:00,Thursday,20,7,3.0
call_957,40.86327901900006,-73.90067809799996,75O,75O,2025-07-02T21:57:00.000000,911_calls,2025-07-02 21:57:00,Wednesday,21,7,3.0
call_958,40.610468884000056,-73.95412045199998,11C4,11C4,2025-07-01T22:58:00.000000,911_calls,2025-07-01 22:58:00,Tuesday,22,7,3.0
call_959,40.66905010500005,-73.87035911599997,75I,75I,2025-06-30T23:59:00.000000,911_calls,2025-06-30 23:59:00,Monday,23,6,3.0
call_960,40.58685598400007,-74.10082545299997,75D,75D,2025-07-29T00:00:00.000000,911_calls,2025-07-29 00:00:00,Tuesday,0,7,3.0
call_961,40.81602577600006,-73.91773211999998,75S,75S,2025-07-28T01:01:00.000000,911_calls,2025-07-28 01:01:00,Monday,1,7,3.0
call_962,40.82164100000006,-73.93907105599999,75D,75D,2025-07-27T02:02:00.000000,911_calls,2025-07-27 02:02:00,Sunday,2,7,3.0
call_963,40.815079394000065,-73.91850279199997,10N2,10N2,2025-07-26T03:03:00.000000,911_calls,2025-07-26 03:03:00,Saturday,3,7,3.0
call_964,40.75416455100003,-73.94465152299995,75D,75D,2025-07-25T04:04:00.000000,911_calls,2025-07-25 04:04:00,Friday,4,7,3.0
call_965,40.84445978200006,-73.83281539699993,68Q1,68Q1,2025-07-24T05:05:00.000000,911_calls,2025-07-24 05:05:00,Thursday,5,7,3.0
call_966,40.788120813000035,-73.78590609199995,75D,75D,2025-07-23T06:06:00.000000,911_calls,2025-07-23 06:06:00,Wednesday,6,7,3.0
call_967,40.71107159500008,-73.95000409899995,54U2,54U2,2025-07-22T07:07:00.000000,911_calls,2025-07-22 07:07:00,Tuesday,7,7,3.0
call_968,40.65433902400008,-73.89557597099997,75D,75D,2025-07-21T08:08:00.000000,911_calls,2025-07-21 08:08:00,Monday,8,7,3.0
call_969,40.86085841600004,-73.89778957199997,75S,75S,2025-07-20T09:09:00.000000,911_calls,2025-07-20 09:09:00,Sunday,9,7,3.0
call_970,40.73201947000007,-74.00073390899996,75M,75M,2025-07-19T10:10:00.000000,911_calls,2025-07-19 10:10:00,Saturday,10,7,3.0
call_971,40.66018199800004,-73.83047308599998,75S,75S,2025-07-18T11:11:00.000000,911_calls,2025-07-18 11:11:00,Friday,11,7,3.0
call_972,40.77313587500004,-73.95667648699998,68Q1,68Q1,2025-07-17T12:12:00.000000,911_calls,2025-07-17 12:12:00,Thursday,12,7,3.0
call_973,40.64968737300006,-73.89341019999995,75I,75I,2025-07-16T13:13:00.000000,911_calls,2025-07-16 13:13:00,Wednesday,13,7,3.0
call_974,40.70184190100008,-73.80592549099998,75D,75D,2025-07-15T14:14:00.000000,911_calls,2025-07-15 14:14:00,Tuesday,14,7,3.0
call_975,40.612930541000026,-73.98241049899997,75M,75M,2025-07-14T15:15:00.000000,911_calls,2025-07-14 15:15:00,Monday,15,7,3.0
call_976,40.834045428000024,-73.82123066499997,54U1,54U1,2025-07-13T16:16:00.000000,911_calls,2025-07-13 16:16:00,Sunday,16,7,3.0
call_977,40.77336128700006,-73.93421226799995,75D,75D,2025-07-12T17:17:00.000000,911_calls,2025-07-12 17:17:00,Saturday,17,7,3.0
call_978,40.84080819600007,-73.84175138099994,75T,75T,2025-07-11T18:18:00.000000,911_calls,2025-07-11 18:18:00,Friday,18,7,3.0
call_979,40.740769733000036,-74.00178773499994,75M,75M,2025-07-10T19:19:00.000000,911_calls,2025-07-10 19:19:00,Thursday,19,7,3.0
call_980,40.68151004300006,-73.95574450999999,75S,75S,2025-07-09T20:20:00.000000,911_calls,2025-07-09 20:20:00,Wednesday,20,7,3.0
call_981,40.83302355200004,-73.93947981799994,75D,75D,2025-07-08T21:21:00.000000,911_calls,2025-07-08 21:21:00,Tuesday,21,7,3.0
call_982,40.618871273000025,-74.00892736899993,75D,75D,2025-07-07T22:22:00.000000,911_calls,2025-07-07 22:22:00,Monday,22,7,3.0
call_983,40.811588415000074,-73.91894056699994,75D,75D,2025-07-06T23:23:00.000000,911_calls,2025-07-06 23:23:00,Sunday,23,7,3.0
call_984,40.623427986000024,-74.08330139199995,52K6,52K6,2025-07-05T00:24:00.000000,911_calls,2025-07-05 00:24:00,Saturday,0,7,3.0
call_985,40.714074580000045,-73.95049964199995,75S,75S,2025-07-04T01:25:00.000000,911_calls,2025-07-04 01:25:00,Friday,1,7,3.0
call_986,40.821417315000076,-73.91901530799998,75D,75D,2025-07-03T02:26:00.000000,911_calls,2025-07-03 02:26:00,Thursday,2,7,3.0
call_987,40.77573313600004,-73.92167407599999,11R3,11R3,2025-07-02T03:27:00.000000,911_calls,2025-07-02 03:27:00,Wednesday,3,7,3.0
call_988,40.81464181000007,-73.94418938599995,75D,75D,2025-07-01T04:28:00.000000,911_calls,2025-07-01 04:28:00,Tuesday,4,7,3.0
call_989,40.75338394900007,-73.86401579099999,53H,53H,2025-06-30T05:29:00.000000,911_calls,2025-06-30 05:29:00,Monday,5,6,3.0
call_990,40.69720337700005,-73.93561453399997,75S,75S,2025-07-29T06:30:00.000000,911_calls,2025-07-29 06:30:00,Tuesday,6,7,3.0
call_991,40.82023013700007,-73.90622322499996,68Q1,68Q1,2025-07-28T07:31:00.000000,911_calls,2025-07-28 07:31:00,Monday,7,7,3.0
call_992,40.66460637300003,-73.95239629299994,68Q1,68Q1,2025-07-27T08:32:00.000000,911_calls,2025-07-27 08:32:00,Sunday,8,7,3.0
call_993,40.87473406700008,-73.90906803099995,13X,13X,2025-07-26T09:33:00.000000,911_calls,2025-07-26 09:33:00,Saturday,9,7,3.0
call_994,40.87473406700008,-73.90906803099995,13X,13X,2025-07-25T10:34:00.000000,911_calls,2025-07-25 10:34:00,Friday,10,7,3.0
call_995,40.89547896300007,-73.85571330899995,10V2,10V2,2025-07-24T11:35:00.000000,911_calls,2025-07-24 11:35:00,Thursday,11,7,3.0
call_996,40.68514493500004,-73.97746253099996,54E9,54E9,2025-07-23T12:36:00.000000,911_calls,2025-07-23 12:36:00,Wednesday,12,7,3.0
call_997,40.85557168400004,-73.86766034499993,75S,75S,2025-07-22T13:37:00.000000,911_calls,2025-07-22 13:37:00,Tuesday,13,7,3.0
call_998,40.75058041300008,-73.94016827599995,75M,75M,2025-07-21T14:38:00.000000,911_calls,2025-07-21 14:38:00,Monday,14,7,3.0
call_999,40.761308306000046,-73.99054023599996,34Q2,34Q2,2025-07-20T15:39:00.000000,911_calls,2025-07-20 15:39:00,Sunday,15,7,3.0
call_1000,40.70504474200004,-73.75795017399997,75L,75L,2025-07-19T16:40:00.000000,911_calls,2025-07-19 16:40:00,Saturday,16,7,3.0
call_1001,40.84858283500006,-73.90267717899997,54E1,54E1,2025-07-18T17:41:00.000000,911_calls,2025-07-18 17:41:00,Friday,17,7,3.0
call_1002,40.84858283500006,-73.90267717899997,54E1,54E1,2025-07-17T18:42:00.000000,911_calls,2025-07-17 18:42:00,Thursday,18,7,3.0
call_1003,40.81334708700007,-73.93048428399999,75S,75S,2025-07-16T19:43:00.000000,911_calls,2025-07-16 19:43:00,Wednesday,19,7,3.0
call_1004,40.71239662200003,-73.78490845799996,75S,75S,2025-07-15T20:44:00.000000,911_calls,2025-07-15 20:44:00,Tuesday,20,7,3.0
call_1005,40.77931023000008,-73.98326924399998,75S,75S,2025-07-14T21:45:00.000000,911_calls,2025-07-14 21:45:00,Monday,21,7,3.0
call_1006,40.66888376700007,-73.93250571899995,75O,75O,2025-07-13T22:46:00.000000,911_calls,2025-07-13 22:46:00,Sunday,22,7,3.0
call_1007,40.81909583700008,-73.94285248799997,52D6,52D6,2025-07-12T23:47:00.000000,911_calls,2025-07-12 23:47:00,Saturday,23,7,3.0
call_1008,40.83568607500007,-73.92565457699999,54E1,54E1,2025-07-11T00:48:00.000000,911_calls,2025-07-11 00:48:00,Friday,0,7,3.0
call_1009,40.83568607500007,-73.92565457699999,54E1,54E1,2025-07-10T01:49:00.000000,911_calls,2025-07-10 01:49:00,Thursday,1,7,3.0
call_1010,40.69768508400006,-73.99381298799995,75S,75S,2025-07-09T02:50:00.000000,911_calls,2025-07-09 02:50:00,Wednesday,2,7,3.0
call_1011,40.76511454900003,-73.98405256399997,53I,53I,2025-07-08T03:51:00.000000,911_calls,2025-07-08 03:51:00,Tuesday,3,7,3.0
call_1012,40.66508262600007,-73.99307707399998,54S9,54S9,2025-07-07T04:52:00.000000,911_calls,2025-07-07 04:52:00,Monday,4,7,3.0
call_1013,40.817217733000064,-73.95347213499997,11C4,11C4,2025-07-06T05:53:00.000000,911_calls,2025-07-06 05:53:00,Sunday,5,7,3.0
call_1014,40.57628456500004,-73.98139061299997,75M,75M,2025-07-05T06:54:00.000000,911_calls,2025-07-05 06:54:00,Saturday,6,7,3.0
call_1015,40.79409372500004,-73.93681015499999,68Q1,68Q1,2025-07-04T07:55:00.000000,911_calls,2025-07-04 07:55:00,Friday,7,7,3.0
call_1016,40.72187751800004,-74.00420434399996,54U1,54U1,2025-07-03T08:56:00.000000,911_calls,2025-07-03 08:56:00,Thursday,8,7,3.0
call_1017,40.728916629000025,-73.98289583599995,54U2,54U2,2025-07-02T09:57:00.000000,911_calls,2025-07-02 09:57:00,Wednesday,9,7,3.0
call_1018,40.58737417000003,-73.95417232099999,75S,75S,2025-07-01T10:58:00.000000,911_calls,2025-07-01 10:58:00,Tuesday,10,7,3.0
call_1019,40.67836827600007,-73.90352044899998,75M,75M,2025-06-30T11:59:00.000000,911_calls,2025-06-30 11:59:00,Monday,11,6,3.0
call_1020,40.74788104700008,-73.99104019099997,68U1,68U1,2025-07-29T12:00:00.000000,911_calls,2025-07-29 12:00:00,Tuesday,12,7,3.0
call_1021,40.74788104700008,-73.99104019099997,68U1,68U1,2025-07-28T13:01:00.000000,911_calls,2025-07-28 13:01:00,Monday,13,7,3.0
call_1022,40.743334066000045,-73.77546898099996,67S8,67S8,2025-07-27T14:02:00.000000,911_calls,2025-07-27 14:02:00,Sunday,14,7,3.0
call_1023,40.64579935100005,-73.91113854899999,75D,75D,2025-07-26T15:03:00.000000,911_calls,2025-07-26 15:03:00,Saturday,15,7,3.0
call_1024,40.678795070000035,-73.98761000799993,10H1,10H1,2025-07-25T16:04:00.000000,911_calls,2025-07-25 16:04:00,Friday,16,7,3.0
call_1025,40.72525633500004,-73.99636476499995,75O,75O,2025-07-24T17:05:00.000000,911_calls,2025-07-24 17:05:00,Thursday,17,7,3.0
call_1026,40.60937187800005,-73.99848158299994,68Q2,68Q2,2025-07-23T18:06:00.000000,911_calls,2025-07-23 18:06:00,Wednesday,18,7,3.0
call_1027,40.86327901900006,-73.90067809799996,75S,75S,2025-07-22T19:07:00.000000,911_calls,2025-07-22 19:07:00,Tuesday,19,7,3.0
call_1028,40.74559137400007,-73.98559463699996,22Q1,22Q1,2025-07-21T20:08:00.000000,911_calls,2025-07-21 20:08:00,Monday,20,7,3.0
call_1029,40.61051921200004,-74.00037961099997,68Q2,68Q2,2025-07-20T21:09:00.000000,911_calls,2025-07-20 21:09:00,Sunday,21,7,3.0
call_1030,40.70722010500003,-73.92388261399998,75M,75M,2025-07-19T22:10:00.000000,911_calls,2025-07-19 22:10:00,Saturday,22,7,3.0
call_1031,40.73709779600006,-73.90324416399994,68Q2,68Q2,2025-07-18T23:11:00.000000,911_calls,2025-07-18 23:11:00,Friday,23,7,3.0
call_1032,40.84084902400008,-73.94005456699995,54S9,54S9,2025-07-17T00:12:00.000000,911_calls,2025-07-17 00:12:00,Thursday,0,7,3.0
call_1033,40.86604021200003,-73.89452046199995,75M,75M,2025-07-16T01:13:00.000000,911_calls,2025-07-16 01:13:00,Wednesday,1,7,3.0
call_1034,40.740769733000036,-74.00178773499994,75S,75S,2025-07-15T02:14:00.000000,911_calls,2025-07-15 02:14:00,Tuesday,2,7,3.0
call_1035,40.66968264500008,-73.87146456599999,75I,75I,2025-07-14T03:15:00.000000,911_calls,2025-07-14 03:15:00,Monday,3,7,3.0
call_1036,40.711952093000036,-73.98985467599994,75I,75I,2025-07-13T04:16:00.000000,911_calls,2025-07-13 04:16:00,Sunday,4,7,3.0
call_1037,40.667148205000046,-73.88340093999994,75O,75O,2025-07-12T05:17:00.000000,911_calls,2025-07-12 05:17:00,Saturday,5,7,3.0
call_1038,40.758711971000025,-73.99328753499998,54U1,54U1,2025-07-11T06:18:00.000000,911_calls,2025-07-11 06:18:00,Friday,6,7,3.0
call_1039,40.60749290200005,-73.91458210599995,68Q1,68Q1,2025-07-10T07:19:00.000000,911_calls,2025-07-10 07:19:00,Thursday,7,7,3.0
call_1040,40.72028377500004,-73.73912466699994,10V2,10V2,2025-07-09T08:20:00.000000,911_calls,2025-07-09 08:20:00,Wednesday,8,7,3.0
call_1041,40.84813252600003,-73.89927299199996,68Q1,68Q1,2025-07-08T09:21:00.000000,911_calls,2025-07-08 09:21:00,Tuesday,9,7,3.0
call_1042,40.861100159000046,-73.89199404799996,68Q1,68Q1,2025-07-07T10:22:00.000000,911_calls,2025-07-07 10:22:00,Monday,10,7,3.0
call_1043,40.75664204200007,-73.98837157699995,10P9,10P9,2025-07-06T11:23:00.000000,911_calls,2025-07-06 11:23:00,Sunday,11,7,3.0
call_1044,40.79063522100006,-73.94745973599998,10H2,10H2,2025-07-05T12:24:00.000000,911_calls,2025-07-05 12:24:00,Saturday,12,7,3.0
call_1045,40.75757811200003,-73.98954452399994,22Q1,22Q1,2025-07-04T13:25:00.000000,911_calls,2025-07-04 13:25:00,Friday,13,7,3.0
call_1046,40.67800758000004,-73.77360146599995,10H1,10H1,2025-07-03T14:26:00.000000,911_calls,2025-07-03 14:26:00,Thursday,14,7,3.0
call_1047,40.75197560600003,-73.86377323599999,10P2,10P2,2025-07-02T15:27:00.000000,911_calls,2025-07-02 15:27:00,Wednesday,15,7,3.0
call_1048,40.782779309000034,-73.98152067899997,56S,56S,2025-07-01T16:28:00.000000,911_calls,2025-07-01 16:28:00,Tuesday,16,7,3.0
call_1049,40.75848796300005,-73.96735965999994,75D,75D,2025-06-30T17:29:00.000000,911_calls,2025-06-30 17:29:00,Monday,17,6,3.0
call_1050,40.80789202400007,-73.95564964599998,10P2,10P2,2025-07-29T18:30:00.000000,911_calls,2025-07-29 18:30:00,Tuesday,18,7,3.0
call_1051,40.68397420800005,-73.98547093299999,75I,75I,2025-07-28T19:31:00.000000,911_calls,2025-07-28 19:31:00,Monday,19,7,3.0
call_1052,40.69924381800007,-73.93757084499998,68Q2,68Q2,2025-07-27T20:32:00.000000,911_calls,2025-07-27 20:32:00,Sunday,20,7,3.0
call_1053,40.592336182000054,-73.98148695899994,75D,75D,2025-07-26T21:33:00.000000,911_calls,2025-07-26 21:33:00,Saturday,21,7,3.0
call_1054,40.60316728600003,-73.82150674399998,68Q1,68Q1,2025-07-25T22:34:00.000000,911_calls,2025-07-25 22:34:00,Friday,22,7,3.0
call_1055,40.78379559800004,-73.85711445599998,75D,75D,2025-07-24T23:35:00.000000,911_calls,2025-07-24 23:35:00,Thursday,23,7,3.0
call_1056,40.628252744000065,-74.02761878699994,75D,75D,2025-07-23T00:36:00.000000,911_calls,2025-07-23 00:36:00,Wednesday,0,7,3.0
call_1057,40.68073899600006,-73.94963745499996,11C4,11C4,2025-07-22T01:37:00.000000,911_calls,2025-07-22 01:37:00,Tuesday,1,7,3.0
call_1058,40.62559358000004,-73.99715551999998,75S,75S,2025-07-21T02:38:00.000000,911_calls,2025-07-21 02:38:00,Monday,2,7,3.0
call_1059,40.849727216000076,-73.90578765199996,75M,75M,2025-07-20T03:39:00.000000,911_calls,2025-07-20 03:39:00,Sunday,3,7,3.0
call_1060,40.72562407400005,-74.00516787399994,68Q1,68Q1,2025-07-19T04:40:00.000000,911_calls,2025-07-19 04:40:00,Saturday,4,7,3.0
call_1061,40.64968737300006,-73.89341019999995,75I,75I,2025-07-18T05:41:00.000000,911_calls,2025-07-18 05:41:00,Friday,5,7,3.0
call_1062,40.77119077100008,-73.95206016799995,22Q1,22Q1,2025-07-17T06:42:00.000000,911_calls,2025-07-17 06:42:00,Thursday,6,7,3.0
call_1063,40.69226368000005,-73.98774453499993,50P9,50P9,2025-07-16T07:43:00.000000,911_calls,2025-07-16 07:43:00,Wednesday,7,7,3.0
call_1064,40.702916049000066,-73.80006160699998,22P9,22P9,2025-07-15T08:44:00.000000,911_calls,2025-07-15 08:44:00,Tuesday,8,7,3.0
call_1065,40.60875051100004,-73.95379029299994,53X,53X,2025-07-14T09:45:00.000000,911_calls,2025-07-14 09:45:00,Monday,9,7,3.0
call_1066,40.60875051100004,-73.95379029299994,53X,53X,2025-07-13T10:46:00.000000,911_calls,2025-07-13 10:46:00,Sunday,10,7,3.0
call_1067,40.82138013500003,-73.95710393599995,75D,75D,2025-07-12T11:47:00.000000,911_calls,2025-07-12 11:47:00,Saturday,11,7,3.0
call_1068,40.66562605000007,-73.73275641599997,10V2,10V2,2025-07-11T12:48:00.000000,911_calls,2025-07-11 12:48:00,Friday,12,7,3.0
call_1069,40.69098523100007,-73.99700128199999,75Z,75Z,2025-07-10T13:49:00.000000,911_calls,2025-07-10 13:49:00,Thursday,13,7,3.0
call_1070,40.82254248000004,-73.90444954999998,75D,75D,2025-07-09T14:50:00.000000,911_calls,2025-07-09 14:50:00,Wednesday,14,7,3.0
call_1071,40.71250695400005,-73.77796435699997,52D2,52D2,2025-07-08T15:51:00.000000,911_calls,2025-07-08 15:51:00,Tuesday,15,7,3.0
call_1072,40.81608766100004,-73.89582435399996,54S1,54S1,2025-07-07T16:52:00.000000,911_calls,2025-07-07 16:52:00,Monday,16,7,3.0
call_1073,40.74632881800005,-73.88852423299994,10P2,10P2,2025-07-06T17:53:00.000000,911_calls,2025-07-06 17:53:00,Sunday,17,7,3.0
call_1074,40.67906840200004,-73.90376820299997,75S,75S,2025-07-05T18:54:00.000000,911_calls,2025-07-05 18:54:00,Saturday,18,7,3.0
call_1075,40.69086153600006,-73.95588614699994,10V2,10V2,2025-07-04T19:55:00.000000,911_calls,2025-07-04 19:55:00,Friday,19,7,3.0
call_1076,40.81251295800007,-73.95268066399996,68Q1,68Q1,2025-07-03T20:56:00.000000,911_calls,2025-07-03 20:56:00,Thursday,20,7,3.0
call_1077,40.81821683800007,-73.85028810799997,68Q1,68Q1,2025-07-02T21:57:00.000000,911_calls,2025-07-02 21:57:00,Wednesday,21,7,3.0
call_1078,40.651621539000075,-74.01430507399994,75D,75D,2025-07-01T22:58:00.000000,911_calls,2025-07-01 22:58:00,Tuesday,22,7,3.0
call_1079,40.82173633200006,-73.89286725999995,68Q1,68Q1,2025-06-30T23:59:00.000000,911_calls,2025-06-30 23:59:00,Monday,23,6,3.0
call_1080,40.69972934400005,-73.93219318999996,75Z,75Z,2025-07-29T00:00:00.000000,911_calls,2025-07-29 00:00:00,Tuesday,0,7,3.0
call_1081,40.80789202400007,-73.95564964599998,50G2,50G2,2025-07-28T01:01:00.000000,911_calls,2025-07-28 01:01:00,Monday,1,7,3.0
call_1082,40.68346026200004,-73.87288383999999,75M,75M,2025-07-27T02:02:00.000000,911_calls,2025-07-27 02:02:00,Sunday,2,7,3.0
call_1083,40.813897919000055,-73.89953433599999,68Q1,68Q1,2025-07-26T03:03:00.000000,911_calls,2025-07-26 03:03:00,Saturday,3,7,3.0
call_1084,40.69972934400005,-73.93219318999996,10V2,10V2,2025-07-25T04:04:00.000000,911_calls,2025-07-25 04:04:00,Friday,4,7,3.0
call_1085,40.79884745600003,-73.95387866199997,75D,75D,2025-07-24T05:05:00.000000,911_calls,2025-07-24 05:05:00,Thursday,5,7,3.0
call_1086,40.73280433300005,-74.00566636699995,54C1,54C1,2025-07-23T06:06:00.000000,911_calls,2025-07-23 06:06:00,Wednesday,6,7,3.0
call_1087,40.82027627300005,-73.89600928499993,68Q1,68Q1,2025-07-22T07:07:00.000000,911_calls,2025-07-22 07:07:00,Tuesday,7,7,3.0
call_1088,40.592336182000054,-73.98148695899994,75I,75I,2025-07-21T08:08:00.000000,911_calls,2025-07-21 08:08:00,Monday,8,7,3.0
call_1089,40.75664204200007,-73.98837157699995,75S,75S,2025-07-20T09:09:00.000000,911_calls,2025-07-20 09:09:00,Sunday,9,7,3.0
call_1090,40.59865825600008,-74.07214705999996,53S,53S,2025-07-19T10:10:00.000000,911_calls,2025-07-19 10:10:00,Saturday,10,7,3.0
call_1091,40.852477202000046,-73.90223771399997,52D2,52D2,2025-07-18T11:11:00.000000,911_calls,2025-07-18 11:11:00,Friday,11,7,3.0
call_1092,40.69226368000005,-73.98774453499993,75S,75S,2025-07-17T12:12:00.000000,911_calls,2025-07-17 12:12:00,Thursday,12,7,3.0
call_1093,40.84522350700007,-73.93396048499994,52F1,52F1,2025-07-16T13:13:00.000000,911_calls,2025-07-16 13:13:00,Wednesday,13,7,3.0
call_1094,40.590669658000024,-73.97898143899994,75I,75I,2025-07-15T14:14:00.000000,911_calls,2025-07-15 14:14:00,Tuesday,14,7,3.0
call_1095,40.75016710300008,-73.97195820899998,75D,75D,2025-07-14T15:15:00.000000,911_calls,2025-07-14 15:15:00,Monday,15,7,3.0
call_1096,40.61261362700003,-74.08312221699998,75I,75I,2025-07-13T16:16:00.000000,911_calls,2025-07-13 16:16:00,Sunday,16,7,3.0
call_1097,40.687029720000055,-73.99120341199995,75T,75T,2025-07-12T17:17:00.000000,911_calls,2025-07-12 17:17:00,Saturday,17,7,3.0
call_1098,40.847483502000046,-73.88335592999994,10Y3,10Y3,2025-07-11T18:18:00.000000,911_calls,2025-07-11 18:18:00,Friday,18,7,3.0
call_1099,40.67571118700005,-73.73907549899997,75D,75D,2025-07-10T19:19:00.000000,911_calls,2025-07-10 19:19:00,Thursday,19,7,3.0
call_1100,40.57628456500004,-73.98139061299997,75M,75M,2025-07-09T20:20:00.000000,911_calls,2025-07-09 20:20:00,Wednesday,20,7,3.0
call_1101,40.79691358000008,-73.95686688099994,75D,75D,2025-07-08T21:21:00.000000,911_calls,2025-07-08 21:21:00,Tuesday,21,7,3.0
call_1102,40.75107189400006,-73.96820063099995,75D,75D,2025-07-07T22:22:00.000000,911_calls,2025-07-07 22:22:00,Monday,22,7,3.0
call_1103,40.84889368900008,-73.93485685799999,20Q2,20Q2,2025-07-06T23:23:00.000000,911_calls,2025-07-06 23:23:00,Sunday,23,7,3.0
call_1104,40.687029720000055,-73.99120341199995,75T,75T,2025-07-05T00:24:00.000000,911_calls,2025-07-05 00:24:00,Saturday,0,7,3.0
call_1105,40.579975037000054,-73.97465403799998,75Z,75Z,2025-07-04T01:25:00.000000,911_calls,2025-07-04 01:25:00,Friday,1,7,3.0
call_1106,40.668630731000064,-73.90463038099995,10S4,10S4,2025-07-03T02:26:00.000000,911_calls,2025-07-03 02:26:00,Thursday,2,7,3.0
call_1107,40.86309029500006,-73.92734482299994,10P2,10P2,2025-07-02T03:27:00.000000,911_calls,2025-07-02 03:27:00,Wednesday,3,7,3.0
call_1108,40.84951150900008,-73.90717594899996,54U2,54U2,2025-07-01T04:28:00.000000,911_calls,2025-07-01 04:28:00,Tuesday,4,7,3.0
call_1109,40.85476109900003,-73.93351000399997,56S,56S,2025-06-30T05:29:00.000000,911_calls,2025-06-30 05:29:00,Monday,5,6,3.0
call_1110,40.64968737300006,-73.89341019999995,75D,75D,2025-07-29T06:30:00.000000,911_calls,2025-07-29 06:30:00,Tuesday,6,7,3.0
call_1111,40.808985749000044,-73.89438330099995,11C4,11C4,2025-07-28T07:31:00.000000,911_calls,2025-07-28 07:31:00,Monday,7,7,3.0
call_1112,40.686307691000025,-73.98937901699998,68Q1,68Q1,2025-07-27T08:32:00.000000,911_calls,2025-07-27 08:32:00,Sunday,8,7,3.0
call_1113,40.85168795000004,-73.82812705699996,68Q1,68Q1,2025-07-26T09:33:00.000000,911_calls,2025-07-26 09:33:00,Saturday,9,7,3.0
call_1114,40.70062134500006,-73.91934958099995,68Q2,68Q2,2025-07-25T10:34:00.000000,911_calls,2025-07-25 10:34:00,Friday,10,7,3.0
call_1115,40.659610961000055,-73.88332761199996,10S4,10S4,2025-07-24T11:35:00.000000,911_calls,2025-07-24 11:35:00,Thursday,11,7,3.0
call_1116,40.836520601000075,-73.94002594299997,75S,75S,2025-07-23T12:36:00.000000,911_calls,2025-07-23 12:36:00,Wednesday,12,7,3.0
call_1117,40.84459203900008,-73.90268663199998,10V2,10V2,2025-07-22T13:37:00.000000,911_calls,2025-07-22 13:37:00,Tuesday,13,7,3.0
call_1118,40.63015221300003,-74.08016104299998,34Q6,34Q6,2025-07-21T14:38:00.000000,911_calls,2025-07-21 14:38:00,Monday,14,7,3.0
call_1119,40.66888376700007,-73.93250571899995,75O,75O,2025-07-20T15:39:00.000000,911_calls,2025-07-20 15:39:00,Sunday,15,7,3.0
call_1120,40.68507713300005,-73.98211383699999,68Q1,68Q1,2025-07-19T16:40:00.000000,911_calls,2025-07-19 16:40:00,Saturday,16,7,3.0
call_1121,40.70062134500006,-73.91934958099995,68Q2,68Q2,2025-07-18T17:41:00.000000,911_calls,2025-07-18 17:41:00,Friday,17,7,3.0
call_1122,40.85188898200005,-73.83421006899994,68Q1,68Q1,2025-07-17T18:42:00.000000,911_calls,2025-07-17 18:42:00,Thursday,18,7,3.0
call_1123,40.693043457000044,-73.92827657699996,75M,75M,2025-07-16T19:43:00.000000,911_calls,2025-07-16 19:43:00,Wednesday,19,7,3.0
call_1124,40.735674104000054,-73.71608972199994,11C4,11C4,2025-07-15T20:44:00.000000,911_calls,2025-07-15 20:44:00,Tuesday,20,7,3.0
call_1125,40.606271599000024,-73.94100707299998,52D2,52D2,2025-07-14T21:45:00.000000,911_calls,2025-07-14 21:45:00,Monday,21,7,3.0
call_1126,40.59514856000004,-73.79299905299996,75D,75D,2025-07-13T22:46:00.000000,911_calls,2025-07-13 22:46:00,Sunday,22,7,3.0
call_1127,40.650433838000026,-74.00478364999998,75D,75D,2025-07-12T23:47:00.000000,911_calls,2025-07-12 23:47:00,Saturday,23,7,3.0
call_1128,40.69446338000006,-73.93434420699998,75D,75D,2025-07-11T00:48:00.000000,911_calls,2025-07-11 00:48:00,Friday,0,7,3.0
call_1129,40.58946324600004,-73.81000379799997,75D,75D,2025-07-10T01:49:00.000000,911_calls,2025-07-10 01:49:00,Thursday,1,7,3.0
call_1130,40.75461336400008,-73.98561795299997,54S2,54S2,2025-07-09T02:50:00.000000,911_calls,2025-07-09 02:50:00,Wednesday,2,7,3.0
call_1131,40.74850681300006,-73.99058897199995,10P2,10P2,2025-07-08T03:51:00.000000,911_calls,2025-07-08 03:51:00,Tuesday,3,7,3.0
call_1132,40.69090837700003,-73.91658113199998,68Q2,68Q2,2025-07-07T04:52:00.000000,911_calls,2025-07-07 04:52:00,Monday,4,7,3.0
call_1133,40.57978019500007,-73.99842465499995,75I,75I,2025-07-06T05:53:00.000000,911_calls,2025-07-06 05:53:00,Sunday,5,7,3.0
call_1134,40.57628456500004,-73.98139061299997,75M,75M,2025-07-05T06:54:00.000000,911_calls,2025-07-05 06:54:00,Saturday,6,7,3.0
call_1135,40.70818790700008,-73.95970159899997,68Q1,68Q1,2025-07-04T07:55:00.000000,911_calls,2025-07-04 07:55:00,Friday,7,7,3.0
call_1136,40.75087795600007,-73.87362501799998,10P2,10P2,2025-07-03T08:56:00.000000,911_calls,2025-07-03 08:56:00,Thursday,8,7,3.0
call_1137,40.76506619600008,-73.99656114199996,34Q2,34Q2,2025-07-02T09:57:00.000000,911_calls,2025-07-02 09:57:00,Wednesday,9,7,3.0
call_1138,40.72636681100005,-73.98331500399996,68Q1,68Q1,2025-07-01T10:58:00.000000,911_calls,2025-07-01 10:58:00,Tuesday,10,7,3.0
call_1139,40.59262934700007,-73.97844792499995,75M,75M,2025-06-30T11:59:00.000000,911_calls,2025-06-30 11:59:00,Monday,11,6,3.0
call_1140,40.88281315200004,-73.87792724899998,10P2,10P2,2025-07-29T12:00:00.000000,911_calls,2025-07-29 12:00:00,Tuesday,12,7,3.0
call_1141,40.57628456500004,-73.98139061299997,50G9,50G9,2025-07-28T13:01:00.000000,911_calls,2025-07-28 13:01:00,Monday,13,7,3.0
call_1142,40.68671915300007,-73.92346972299998,59W,59W,2025-07-27T14:02:00.000000,911_calls,2025-07-27 14:02:00,Sunday,14,7,3.0
call_1143,40.68671915300007,-73.92346972299998,59W,59W,2025-07-26T15:03:00.000000,911_calls,2025-07-26 15:03:00,Saturday,15,7,3.0
call_1144,40.66512493100004,-73.95898867799997,75D,75D,2025-07-25T16:04:00.000000,911_calls,2025-07-25 16:04:00,Friday,16,7,3.0
call_1145,40.69720337700005,-73.93561453399997,75S,75S,2025-07-24T17:05:00.000000,911_calls,2025-07-24 17:05:00,Thursday,17,7,3.0
call_1146,40.63553758900008,-74.08755360199996,10S4,10S4,2025-07-23T18:06:00.000000,911_calls,2025-07-23 18:06:00,Wednesday,18,7,3.0
call_1147,40.814040017000025,-73.94276289999993,10S4,10S4,2025-07-22T19:07:00.000000,911_calls,2025-07-22 19:07:00,Tuesday,19,7,3.0
call_1148,40.64395993900007,-73.97966371899997,75S,75S,2025-07-21T20:08:00.000000,911_calls,2025-07-21 20:08:00,Monday,20,7,3.0
call_1149,40.86085841600004,-73.89778957199997,75S,75S,2025-07-20T21:09:00.000000,911_calls,2025-07-20 21:09:00,Sunday,21,7,3.0
call_1150,40.68933206100007,-73.98594934699997,54C1,54C1,2025-07-19T22:10:00.000000,911_calls,2025-07-19 22:10:00,Saturday,22,7,3.0
call_1151,40.769477005000056,-73.87172324099998,50G2,50G2,2025-07-18T23:11:00.000000,911_calls,2025-07-18 23:11:00,Friday,23,7,3.0
call_1152,40.63830720000004,-74.02635825499993,68Q2,68Q2,2025-07-17T00:12:00.000000,911_calls,2025-07-17 00:12:00,Thursday,0,7,3.0
call_1153,40.68023991100006,-73.84538446799996,75S,75S,2025-07-16T01:13:00.000000,911_calls,2025-07-16 01:13:00,Wednesday,1,7,3.0
call_1154,40.826282132000074,-73.92070763799995,68Q1,68Q1,2025-07-15T02:14:00.000000,911_calls,2025-07-15 02:14:00,Tuesday,2,7,3.0
call_1155,40.63190918200007,-74.00668098299997,75T,75T,2025-07-14T03:15:00.000000,911_calls,2025-07-14 03:15:00,Monday,3,7,3.0
call_1156,40.75991354900003,-73.98629182099995,24Q1,24Q1,2025-07-13T04:16:00.000000,911_calls,2025-07-13 04:16:00,Sunday,4,7,3.0
call_1157,40.67500776000003,-74.00657714899995,75D,75D,2025-07-12T05:17:00.000000,911_calls,2025-07-12 05:17:00,Saturday,5,7,3.0
call_1158,40.84459203900008,-73.90268663199998,10V2,10V2,2025-07-11T06:18:00.000000,911_calls,2025-07-11 06:18:00,Friday,6,7,3.0
call_1159,40.798294748000046,-73.93977143699993,75D,75D,2025-07-10T07:19:00.000000,911_calls,2025-07-10 07:19:00,Thursday,7,7,3.0
call_1160,40.88296335500007,-73.89381734999995,68Q1,68Q1,2025-07-09T08:20:00.000000,911_calls,2025-07-09 08:20:00,Wednesday,8,7,3.0
call_1161,40.74479335700005,-73.99329254599996,54E1,54E1,2025-07-08T09:21:00.000000,911_calls,2025-07-08 09:21:00,Tuesday,9,7,3.0
call_1162,40.826667745000066,-73.88625055599994,75T,75T,2025-07-07T10:22:00.000000,911_calls,2025-07-07 10:22:00,Monday,10,7,3.0
call_1163,40.68044128100007,-73.98256214799994,10H2,10H2,2025-07-06T11:23:00.000000,911_calls,2025-07-06 11:23:00,Sunday,11,7,3.0
call_1164,40.698431106000044,-73.91564127499998,68Q2,68Q2,2025-07-05T12:24:00.000000,911_calls,2025-07-05 12:24:00,Saturday,12,7,3.0
call_1165,40.71161053700007,-73.94049903499996,75S,75S,2025-07-04T13:25:00.000000,911_calls,2025-07-04 13:25:00,Friday,13,7,3.0
call_1166,40.62325763300004,-74.00616138399994,75D,75D,2025-07-03T14:26:00.000000,911_calls,2025-07-03 14:26:00,Thursday,14,7,3.0
call_1167,40.83925377200006,-73.91325094499996,75S,75S,2025-07-02T15:27:00.000000,911_calls,2025-07-02 15:27:00,Wednesday,15,7,3.0
call_1168,40.73754363100005,-73.74684062499995,50G2,50G2,2025-07-01T16:28:00.000000,911_calls,2025-07-01 16:28:00,Tuesday,16,7,3.0
call_1169,40.86085841600004,-73.89778957199997,75S,75S,2025-06-30T17:29:00.000000,911_calls,2025-06-30 17:29:00,Monday,17,6,3.0
call_1170,40.70996548200003,-73.93870422099997,50P2,50P2,2025-07-29T18:30:00.000000,911_calls,2025-07-29 18:30:00,Tuesday,18,7,3.0
call_1171,40.862230304000036,-73.91044446099994,29H2,29H2,2025-07-28T19:31:00.000000,911_calls,2025-07-28 19:31:00,Monday,19,7,3.0
call_1172,40.68725954200005,-73.96113131099997,52K2,52K2,2025-07-27T20:32:00.000000,911_calls,2025-07-27 20:32:00,Sunday,20,7,3.0
call_1173,40.874064909000026,-73.89071465699999,75S,75S,2025-07-26T21:33:00.000000,911_calls,2025-07-26 21:33:00,Saturday,21,7,3.0
call_1174,40.824192598000025,-73.93722599499995,75D,75D,2025-07-25T22:34:00.000000,911_calls,2025-07-25 22:34:00,Friday,22,7,3.0
call_1175,40.78738543700007,-73.94170967999997,10V2,10V2,2025-07-24T23:35:00.000000,911_calls,2025-07-24 23:35:00,Thursday,23,7,3.0
call_1176,40.68073899600006,-73.94963745499996,75S,75S,2025-07-23T00:36:00.000000,911_calls,2025-07-23 00:36:00,Wednesday,0,7,3.0
call_1177,40.686515635000035,-73.98374684299995,68Q1,68Q1,2025-07-22T01:37:00.000000,911_calls,2025-07-22 01:37:00,Tuesday,1,7,3.0
call_1178,40.64425425200005,-74.01644754099993,53S,53S,2025-07-21T02:38:00.000000,911_calls,2025-07-21 02:38:00,Monday,2,7,3.0
call_1179,40.78785561600006,-73.81504588699994,11C4,11C4,2025-07-20T03:39:00.000000,911_calls,2025-07-20 03:39:00,Sunday,3,7,3.0
call_1180,40.710178357000075,-73.79211160999995,24K1,24K1,2025-07-19T04:40:00.000000,911_calls,2025-07-19 04:40:00,Saturday,4,7,3.0
call_1181,40.595394560000045,-73.74104212099996,68Q1,68Q1,2025-07-18T05:41:00.000000,911_calls,2025-07-18 05:41:00,Friday,5,7,3.0
call_1182,40.727169282000034,-73.71995037399995,68Q1,68Q1,2025-07-17T06:42:00.000000,911_calls,2025-07-17 06:42:00,Thursday,6,7,3.0
call_1183,40.58795031200003,-73.98359800899993,75M,75M,2025-07-16T07:43:00.000000,911_calls,2025-07-16 07:43:00,Wednesday,7,7,3.0
call_1184,40.61314611900008,-73.92076270099994,68Q1,68Q1,2025-07-15T08:44:00.000000,911_calls,2025-07-15 08:44:00,Tuesday,8,7,3.0
call_1185,40.83882088100006,-73.94043586199996,54S1,54S1,2025-07-14T09:45:00.000000,911_calls,2025-07-14 09:45:00,Monday,9,7,3.0
call_1186,40.85185051700006,-73.90119037599999,34Q1,34Q1,2025-07-13T10:46:00.000000,911_calls,2025-07-13 10:46:00,Sunday,10,7,3.0
call_1187,40.60968444700006,-74.00893694499996,68Q2,68Q2,2025-07-12T11:47:00.000000,911_calls,2025-07-12 11:47:00,Saturday,11,7,3.0
call_1188,40.759150161000036,-73.96084390699997,54U1,54U1,2025-07-11T12:48:00.000000,911_calls,2025-07-11 12:48:00,Friday,12,7,3.0
call_1189,40.66639803400005,-73.97702188899996,68Q1,68Q1,2025-07-10T13:49:00.000000,911_calls,2025-07-10 13:49:00,Thursday,13,7,3.0
call_1190,40.69426487000004,-73.93280818499994,68Q2,68Q2,2025-07-09T14:50:00.000000,911_calls,2025-07-09 14:50:00,Wednesday,14,7,3.0
call_1191,40.84448348800004,-73.91465008299997,75M,75M,2025-07-08T15:51:00.000000,911_calls,2025-07-08 15:51:00,Tuesday,15,7,3.0
call_1192,40.75461336400008,-73.98561795299997,10Y3,10Y3,2025-07-07T16:52:00.000000,911_calls,2025-07-07 16:52:00,Monday,16,7,3.0
call_1193,40.696197031000054,-73.98868504299998,75Z,75Z,2025-07-06T17:53:00.000000,911_calls,2025-07-06 17:53:00,Sunday,17,7,3.0
call_1194,40.676912869000034,-73.89952437999995,75S,75S,2025-07-05T18:54:00.000000,911_calls,2025-07-05 18:54:00,Saturday,18,7,3.0
call_1195,40.84413994500005,-73.90038861799997,68Q1,68Q1,2025-07-04T19:55:00.000000,911_calls,2025-07-04 19:55:00,Friday,19,7,3.0
call_1196,40.75664204200007,-73.98837157699995,75S,75S,2025-07-03T20:56:00.000000,911_calls,2025-07-03 20:56:00,Thursday,20,7,3.0
call_1197,40.85209439700003,-73.93079802899996,53S,53S,2025-07-02T21:57:00.000000,911_calls,2025-07-02 21:57:00,Wednesday,21,7,3.0
call_1198,40.67790752700006,-73.91078571399999,75M,75M,2025-07-01T22:58:00.000000,911_calls,2025-07-01 22:58:00,Tuesday,22,7,3.0
call_1199,40.60559823400007,-73.75409351699994,34Q1,34Q1,2025-06-30T23:59:00.000000,911_calls,2025-06-30 23:59:00,Monday,23,6,3.0
call_1200,40.60968444700006,-74.00893694499996,68Q2,68Q2,2025-07-29T00:00:00.000000,911_calls,2025-07-29 00:00:00,Tuesday,0,7,3.0
call_1201,40.75664204200007,-73.98837157699995,75S,75S,2025-07-28T01:01:00.000000,911_calls,2025-07-28 01:01:00,Monday,1,7,3.0
call_1202,40.80128280400004,-73.95585631799997,10H1,10H1,2025-07-27T02:02:00.000000,911_calls,2025-07-27 02:02:00,Sunday,2,7,3.0
call_1203,40.77544584100008,-73.91154323799998,75S,75S,2025-07-26T03:03:00.000000,911_calls,2025-07-26 03:03:00,Saturday,3,7,3.0
call_1204,40.721359988000074,-73.98084865299995,10H1,10H1,2025-07-25T04:04:00.000000,911_calls,2025-07-25 04:04:00,Friday,4,7,3.0
call_1205,40.862777925000046,-73.92818391099996,10Y3,10Y3,2025-07-24T05:05:00.000000,911_calls,2025-07-24 05:05:00,Thursday,5,7,3.0
call_1206,40.791995291000035,-73.95069089899994,10H2,10H2,2025-07-23T06:06:00.000000,911_calls,2025-07-23 06:06:00,Wednesday,6,7,3.0
call_1207,40.61101273600008,-74.01113772799994,68Q2,68Q2,2025-07-22T07:07:00.000000,911_calls,2025-07-22 07:07:00,Tuesday,7,7,3.0
call_1208,40.65734573700007,-73.90319404099995,54S2,54S2,2025-07-21T08:08:00.000000,911_calls,2025-07-21 08:08:00,Monday,8,7,3.0
call_1209,40.78385224500005,-73.97998931899997,75Z,75Z,2025-07-20T09:09:00.000000,911_calls,2025-07-20 09:09:00,Sunday,9,7,3.0
call_1210,40.68546825900006,-73.97476538199999,68Q1,68Q1,2025-07-19T10:10:00.000000,911_calls,2025-07-19 10:10:00,Saturday,10,7,3.0
call_1211,40.74657843500006,-73.94542653799994,54Q9,54Q9,2025-07-18T11:11:00.000000,911_calls,2025-07-18 11:11:00,Friday,11,7,3.0
call_1212,40.70827517600003,-73.94506834899994,68Q1,68Q1,2025-07-17T12:12:00.000000,911_calls,2025-07-17 12:12:00,Thursday,12,7,3.0
call_1213,40.795295372000055,-73.92243116999998,75D,75D,2025-07-16T13:13:00.000000,911_calls,2025-07-16 13:13:00,Wednesday,13,7,3.0
call_1214,40.57628456500004,-73.98139061299997,50P9,50P9,2025-07-15T14:14:00.000000,911_calls,2025-07-15 14:14:00,Tuesday,14,7,3.0
call_1215,40.64591936100004,-73.95807437399998,11C4,11C4,2025-07-14T15:15:00.000000,911_calls,2025-07-14 15:15:00,Monday,15,7,3.0
call_1216,40.759699236000074,-73.96121538099999,68Q1,68Q1,2025-07-13T16:16:00.000000,911_calls,2025-07-13 16:16:00,Sunday,16,7,3.0
call_1217,40.75213017200008,-73.99537074899996,10P2,10P2,2025-07-12T17:17:00.000000,911_calls,2025-07-12 17:17:00,Saturday,17,7,3.0
call_1218,40.69226368000005,-73.98774453499993,75O,75O,2025-07-11T18:18:00.000000,911_calls,2025-07-11 18:18:00,Friday,18,7,3.0
call_1219,40.824045452000064,-73.95072496199998,10Y3,10Y3,2025-07-10T19:19:00.000000,911_calls,2025-07-10 19:19:00,Thursday,19,7,3.0
call_1220,40.808374136000054,-73.94688582299995,54E9,54E9,2025-07-09T20:20:00.000000,911_calls,2025-07-09 20:20:00,Wednesday,20,7,3.0
call_1221,40.755186784000045,-73.98387085899998,54E2,54E2,2025-07-08T21:21:00.000000,911_calls,2025-07-08 21:21:00,Tuesday,21,7,3.0
call_1222,40.755186784000045,-73.98387085899998,54E2,54E2,2025-07-07T22:22:00.000000,911_calls,2025-07-07 22:22:00,Monday,22,7,3.0
call_1223,40.81643210000004,-73.91411162799994,68Q1,68Q1,2025-07-06T23:23:00.000000,911_calls,2025-07-06 23:23:00,Sunday,23,7,3.0
call_1224,40.817536560000065,-73.92769441999997,75S,75S,2025-07-05T00:24:00.000000,911_calls,2025-07-05 00:24:00,Saturday,0,7,3.0
call_1225,40.83509424700003,-73.90804891499994,75D,75D,2025-07-04T01:25:00.000000,911_calls,2025-07-04 01:25:00,Friday,1,7,3.0
call_1226,40.698697527000036,-73.98881805399998,75S,75S,2025-07-03T02:26:00.000000,911_calls,2025-07-03 02:26:00,Thursday,2,7,3.0
call_1227,40.650433838000026,-74.00478364999998,75D,75D,2025-07-02T03:27:00.000000,911_calls,2025-07-02 03:27:00,Wednesday,3,7,3.0
call_1228,40.80040837100006,-73.95183686199994,75D,75D,2025-07-01T04:28:00.000000,911_calls,2025-07-01 04:28:00,Tuesday,4,7,3.0
call_1229,40.749681321000025,-73.98795774099995,75M,75M,2025-06-30T05:29:00.000000,911_calls,2025-06-30 05:29:00,Monday,5,6,3.0
call_1230,40.67935656600008,-73.75034598599996,75D,75D,2025-07-29T06:30:00.000000,911_calls,2025-07-29 06:30:00,Tuesday,6,7,3.0
call_1231,40.78738543700007,-73.94170967999997,10P2,10P2,2025-07-28T07:31:00.000000,911_calls,2025-07-28 07:31:00,Monday,7,7,3.0
call_1232,40.68650412100004,-73.92207094799994,10H2,10H2,2025-07-27T08:32:00.000000,911_calls,2025-07-27 08:32:00,Sunday,8,7,3.0
call_1233,40.75273446700004,-73.97654816699998,54U9,54U9,2025-07-26T09:33:00.000000,911_calls,2025-07-26 09:33:00,Saturday,9,7,3.0
call_1234,40.87536751500005,-73.91186230599999,39C2,39C2,2025-07-25T10:34:00.000000,911_calls,2025-07-25 10:34:00,Friday,10,7,3.0
call_1235,40.77544584100008,-73.91154323799998,75M,75M,2025-07-24T11:35:00.000000,911_calls,2025-07-24 11:35:00,Thursday,11,7,3.0
call_1236,40.760462294000035,-73.98467455099996,54S2,54S2,2025-07-23T12:36:00.000000,911_calls,2025-07-23 12:36:00,Wednesday,12,7,3.0
call_1237,40.852121056000044,-73.90302624299994,10H2,10H2,2025-07-22T13:37:00.000000,911_calls,2025-07-22 13:37:00,Tuesday,13,7,3.0
call_1238,40.64047529100003,-73.94846436099994,75D,75D,2025-07-21T14:38:00.000000,911_calls,2025-07-21 14:38:00,Monday,14,7,3.0
call_1239,40.83458517400004,-73.90643065799998,75D,75D,2025-07-20T15:39:00.000000,911_calls,2025-07-20 15:39:00,Sunday,15,7,3.0
call_1240,40.57807271200005,-74.16291000599995,54H1,54H1,2025-07-19T16:40:00.000000,911_calls,2025-07-19 16:40:00,Saturday,16,7,3.0
call_1241,40.70178809300006,-73.80657122199995,10H2,10H2,2025-07-18T17:41:00.000000,911_calls,2025-07-18 17:41:00,Friday,17,7,3.0
call_1242,40.731699724000066,-73.98231781399994,75D,75D,2025-07-17T18:42:00.000000,911_calls,2025-07-17 18:42:00,Thursday,18,7,3.0
call_1243,40.70221511200003,-73.91424795699999,68Q2,68Q2,2025-07-16T19:43:00.000000,911_calls,2025-07-16 19:43:00,Wednesday,19,7,3.0
call_1244,40.67550993700007,-74.00837615699999,75D,75D,2025-07-15T20:44:00.000000,911_calls,2025-07-15 20:44:00,Tuesday,20,7,3.0
call_1245,40.78927025100006,-73.94565155699996,10Y3,10Y3,2025-07-14T21:45:00.000000,911_calls,2025-07-14 21:45:00,Monday,21,7,3.0
call_1246,40.71854485400007,-73.98821227999997,75T,75T,2025-07-13T22:46:00.000000,911_calls,2025-07-13 22:46:00,Sunday,22,7,3.0
call_1247,40.86327901900006,-73.90067809799996,75M,75M,2025-07-12T23:47:00.000000,911_calls,2025-07-12 23:47:00,Saturday,23,7,3.0
call_1248,40.827979381000034,-73.89760520499993,75D,75D,2025-07-11T00:48:00.000000,911_calls,2025-07-11 00:48:00,Friday,0,7,3.0
call_1249,40.68316293700008,-73.96532333899995,75Z,75Z,2025-07-10T01:49:00.000000,911_calls,2025-07-10 01:49:00,Thursday,1,7,3.0
call_1250,40.68819651900003,-73.92042471799994,54U2,54U2,2025-07-09T02:50:00.000000,911_calls,2025-07-09 02:50:00,Wednesday,2,7,3.0
call_1251,40.74014929700007,-74.00558038399998,10P2,10P2,2025-07-08T03:51:00.000000,911_calls,2025-07-08 03:51:00,Tuesday,3,7,3.0
call_1252,40.69226368000005,-73.98774453499993,54S9,54S9,2025-07-07T04:52:00.000000,911_calls,2025-07-07 04:52:00,Monday,4,7,3.0
call_1253,40.79168823400005,-73.77683353899994,75D,75D,2025-07-06T05:53:00.000000,911_calls,2025-07-06 05:53:00,Sunday,5,7,3.0
call_1254,40.85874494300003,-73.86561513299995,56S,56S,2025-07-05T06:54:00.000000,911_calls,2025-07-05 06:54:00,Saturday,6,7,3.0
call_1255,40.67678362100003,-73.99326333099998,22V2,22V2,2025-07-04T07:55:00.000000,911_calls,2025-07-04 07:55:00,Friday,7,7,3.0
call_1256,40.77544584100008,-73.91154323799998,10P9,10P9,2025-07-03T08:56:00.000000,911_calls,2025-07-03 08:56:00,Thursday,8,7,3.0
call_1257,40.68151004300006,-73.95574450999999,75S,75S,2025-07-02T09:57:00.000000,911_calls,2025-07-02 09:57:00,Wednesday,9,7,3.0
call_1258,40.89460888600007,-73.85570434599998,24Q6,24Q6,2025-07-01T10:58:00.000000,911_calls,2025-07-01 10:58:00,Tuesday,10,7,3.0
call_1259,40.679128551000076,-73.96678559399999,68Q1,68Q1,2025-06-30T11:59:00.000000,911_calls,2025-06-30 11:59:00,Monday,11,6,3.0
call_1260,40.72557069100003,-73.98237355799995,75D,75D,2025-07-29T12:00:00.000000,911_calls,2025-07-29 12:00:00,Tuesday,12,7,3.0
call_1261,40.68365977800005,-73.85154206999994,10Y3,10Y3,2025-07-28T13:01:00.000000,911_calls,2025-07-28 13:01:00,Monday,13,7,3.0
call_1262,40.705768326000054,-73.92012962899997,68Q1,68Q1,2025-07-27T14:02:00.000000,911_calls,2025-07-27 14:02:00,Sunday,14,7,3.0
call_1263,40.80218076500006,-73.95700794699997,10H2,10H2,2025-07-26T15:03:00.000000,911_calls,2025-07-26 15:03:00,Saturday,15,7,3.0
call_1264,40.58648912700005,-73.92997875399993,50G2,50G2,2025-07-25T16:04:00.000000,911_calls,2025-07-25 16:04:00,Friday,16,7,3.0
call_1265,40.65198701700007,-74.01037334499995,75D,75D,2025-07-24T17:05:00.000000,911_calls,2025-07-24 17:05:00,Thursday,17,7,3.0
call_1266,40.841349886000046,-73.83083905999996,68Q1,68Q1,2025-07-23T18:06:00.000000,911_calls,2025-07-23 18:06:00,Wednesday,18,7,3.0
call_1267,40.844267444000025,-73.90851693499997,52D1,52D1,2025-07-22T19:07:00.000000,911_calls,2025-07-22 19:07:00,Tuesday,19,7,3.0
call_1268,40.71008001100006,-73.98823541899998,54S2,54S2,2025-07-21T20:08:00.000000,911_calls,2025-07-21 20:08:00,Monday,20,7,3.0
call_1269,40.69528709600007,-73.80413786199995,52D1,52D1,2025-07-20T21:09:00.000000,911_calls,2025-07-20 21:09:00,Sunday,21,7,3.0
call_1270,40.72677824700003,-73.98149651899996,75D,75D,2025-07-19T22:10:00.000000,911_calls,2025-07-19 22:10:00,Saturday,22,7,3.0
call_1271,40.83894442600007,-73.90064214799997,54E1,54E1,2025-07-18T23:11:00.000000,911_calls,2025-07-18 23:11:00,Friday,23,7,3.0
call_1272,40.83894442600007,-73.90064214799997,54E1,54E1,2025-07-17T00:12:00.000000,911_calls,2025-07-17 00:12:00,Thursday,0,7,3.0
call_1273,40.750664208000046,-73.99086657499998,10P2,10P2,2025-07-16T01:13:00.000000,911_calls,2025-07-16 01:13:00,Wednesday,1,7,3.0
call_1274,40.71239662200003,-73.78490845799996,75S,75S,2025-07-15T02:14:00.000000,911_calls,2025-07-15 02:14:00,Tuesday,2,7,3.0
call_1275,40.82100441500006,-73.89092463699996,75S,75S,2025-07-14T03:15:00.000000,911_calls,2025-07-14 03:15:00,Monday,3,7,3.0
call_1276,40.59468632000005,-74.07670853999997,75D,75D,2025-07-13T04:16:00.000000,911_calls,2025-07-13 04:16:00,Sunday,4,7,3.0
call_1277,40.728615975000025,-74.00005917499993,54U2,54U2,2025-07-12T05:17:00.000000,911_calls,2025-07-12 05:17:00,Saturday,5,7,3.0
call_1278,40.608288909000066,-73.81617002399997,75S,75S,2025-07-11T06:18:00.000000,911_calls,2025-07-11 06:18:00,Friday,6,7,3.0
call_1279,40.67914894300003,-73.80160023399998,10Y3,10Y3,2025-07-10T07:19:00.000000,911_calls,2025-07-10 07:19:00,Thursday,7,7,3.0
call_1280,40.85854705700007,-73.90380133999997,75S,75S,2025-07-09T08:20:00.000000,911_calls,2025-07-09 08:20:00,Wednesday,8,7,3.0
call_1281,40.76226872900003,-73.98798795399995,34Q2,34Q2,2025-07-08T09:21:00.000000,911_calls,2025-07-08 09:21:00,Tuesday,9,7,3.0
call_1282,40.82487717500004,-73.90317795599998,75I,75I,2025-07-07T10:22:00.000000,911_calls,2025-07-07 10:22:00,Monday,10,7,3.0
call_1283,40.60520581900005,-73.75031714899995,10S4,10S4,2025-07-06T11:23:00.000000,911_calls,2025-07-06 11:23:00,Sunday,11,7,3.0
call_1284,40.743491445000075,-73.92291010399998,75D,75D,2025-07-05T12:24:00.000000,911_calls,2025-07-05 12:24:00,Saturday,12,7,3.0
call_1285,40.77089564100004,-73.95529881199997,53S,53S,2025-07-04T13:25:00.000000,911_calls,2025-07-04 13:25:00,Friday,13,7,3.0
call_1286,40.88275512300004,-73.83178245599998,10H1,10H1,2025-07-03T14:26:00.000000,911_calls,2025-07-03 14:26:00,Thursday,14,7,3.0
call_1287,40.63498821500008,-74.01367819899997,59W,59W,2025-07-02T15:27:00.000000,911_calls,2025-07-02 15:27:00,Wednesday,15,7,3.0
call_1288,40.69292022700006,-73.90582170299996,68Q2,68Q2,2025-07-01T16:28:00.000000,911_calls,2025-07-01 16:28:00,Tuesday,16,7,3.0
call_1289,40.698602393000044,-73.95062653499997,54S1,54S1,2025-06-30T17:29:00.000000,911_calls,2025-06-30 17:29:00,Monday,17,6,3.0
call_1290,40.78984839000003,-73.81171431699994,75H,75H,2025-07-29T18:30:00.000000,911_calls,2025-07-29 18:30:00,Tuesday,18,7,3.0
call_1291,40.57801531800004,-73.96454995799996,34Q1,34Q1,2025-07-28T19:31:00.000000,911_calls,2025-07-28 19:31:00,Monday,19,7,3.0
call_1292,40.669484613000066,-73.98605085699995,75D,75D,2025-07-27T20:32:00.000000,911_calls,2025-07-27 20:32:00,Sunday,20,7,3.0
call_1293,40.79984474200006,-73.96428735899997,75D,75D,2025-07-26T21:33:00.000000,911_calls,2025-07-26 21:33:00,Saturday,21,7,3.0
call_1294,40.57522723400007,-73.96667526999994,10Y3,10Y3,2025-07-25T22:34:00.000000,911_calls,2025-07-25 22:34:00,Friday,22,7,3.0
call_1295,40.71854485400007,-73.98821227999997,75T,75T,2025-07-24T23:35:00.000000,911_calls,2025-07-24 23:35:00,Thursday,23,7,3.0
call_1296,40.67505367800004,-73.97091546699994,75O,75O,2025-07-23T00:36:00.000000,911_calls,2025-07-23 00:36:00,Wednesday,0,7,3.0
call_1297,40.727509928000075,-73.86008902499998,68Q2,68Q2,2025-07-22T01:37:00.000000,911_calls,2025-07-22 01:37:00,Tuesday,1,7,3.0
call_1298,40.71467550500006,-73.96497147299993,68Q1,68Q1,2025-07-21T02:38:00.000000,911_calls,2025-07-21 02:38:00,Monday,2,7,3.0
call_1299,40.74850993700005,-74.00114552699995,54U1,54U1,2025-07-20T03:39:00.000000,911_calls,2025-07-20 03:39:00,Sunday,3,7,3.0
call_1300,40.874064909000026,-73.89071465699999,75S,75S,2025-07-19T04:40:00.000000,911_calls,2025-07-19 04:40:00,Saturday,4,7,3.0
call_1301,40.683645298000044,-73.98977605399995,75I,75I,2025-07-18T05:41:00.000000,911_calls,2025-07-18 05:41:00,Friday,5,7,3.0
call_1302,40.86802685400005,-73.89698312799999,75S,75S,2025-07-17T06:42:00.000000,911_calls,2025-07-17 06:42:00,Thursday,6,7,3.0
call_1303,40.57978019500007,-73.99842465499995,75I,75I,2025-07-16T07:43:00.000000,911_calls,2025-07-16 07:43:00,Wednesday,7,7,3.0
call_1304,40.737925493000034,-73.81480198199995,10H2,10H2,2025-07-15T08:44:00.000000,911_calls,2025-07-15 08:44:00,Tuesday,8,7,3.0
call_1305,40.71327959000007,-73.85446284199998,68Q2,68Q2,2025-07-14T09:45:00.000000,911_calls,2025-07-14 09:45:00,Monday,9,7,3.0
call_1306,40.71290191700007,-74.00846021499996,52D2,52D2,2025-07-13T10:46:00.000000,911_calls,2025-07-13 10:46:00,Sunday,10,7,3.0
call_1307,40.689868372000035,-73.73528796999994,10V2,10V2,2025-07-12T11:47:00.000000,911_calls,2025-07-12 11:47:00,Saturday,11,7,3.0
call_1308,40.70993753300007,-74.00898285199997,75S,75S,2025-07-11T12:48:00.000000,911_calls,2025-07-11 12:48:00,Friday,12,7,3.0
call_1309,40.72559185000006,-73.97775912699996,10P2,10P2,2025-07-10T13:49:00.000000,911_calls,2025-07-10 13:49:00,Thursday,13,7,3.0
call_1310,40.67836827600007,-73.90352044899998,75S,75S,2025-07-09T14:50:00.000000,911_calls,2025-07-09 14:50:00,Wednesday,14,7,3.0
call_1311,40.86604021200003,-73.89452046199995,24Q2,24Q2,2025-07-08T15:51:00.000000,911_calls,2025-07-08 15:51:00,Tuesday,15,7,3.0
call_1312,40.725304202000075,-73.94618356199999,39H1,39H1,2025-07-07T16:52:00.000000,911_calls,2025-07-07 16:52:00,Monday,16,7,3.0
call_1313,40.75160025400004,-73.99204306099995,54S9,54S9,2025-07-06T17:53:00.000000,911_calls,2025-07-06 17:53:00,Sunday,17,7,3.0
call_1314,40.69249416900004,-73.90506863999997,22P2,22P2,2025-07-05T18:54:00.000000,911_calls,2025-07-05 18:54:00,Saturday,18,7,3.0
call_1315,40.67705128500006,-73.92231633299997,10V2,10V2,2025-07-04T19:55:00.000000,911_calls,2025-07-04 19:55:00,Friday,19,7,3.0
call_1316,40.695956498000044,-73.96594416999994,75D,75D,2025-07-03T20:56:00.000000,911_calls,2025-07-03 20:56:00,Thursday,20,7,3.0
call_1317,40.62559358000004,-73.99715551999998,75S,75S,2025-07-02T21:57:00.000000,911_calls,2025-07-02 21:57:00,Wednesday,21,7,3.0
call_1318,40.722705560000065,-73.95400350699998,39H1,39H1,2025-07-01T22:58:00.000000,911_calls,2025-07-01 22:58:00,Tuesday,22,7,3.0
call_1319,40.75885707500004,-73.98861664699996,54S2,54S2,2025-06-30T23:59:00.000000,911_calls,2025-06-30 23:59:00,Monday,23,6,3.0
call_1320,40.84445978200006,-73.83281539699993,39H1,39H1,2025-07-29T00:00:00.000000,911_calls,2025-07-29 00:00:00,Tuesday,0,7,3.0
call_1321,40.72441873200006,-73.98916730199994,68Q1,68Q1,2025-07-28T01:01:00.000000,911_calls,2025-07-28 01:01:00,Monday,1,7,3.0
call_1322,40.701752284000065,-73.92351016999999,75D,75D,2025-07-27T02:02:00.000000,911_calls,2025-07-27 02:02:00,Sunday,2,7,3.0
call_1323,40.61549122300005,-74.08165622999996,10V2,10V2,2025-07-26T03:03:00.000000,911_calls,2025-07-26 03:03:00,Saturday,3,7,3.0
call_1324,40.62890106800006,-74.00208014699996,68Q2,68Q2,2025-07-25T04:04:00.000000,911_calls,2025-07-25 04:04:00,Friday,4,7,3.0
call_1325,40.70386081600003,-73.99392782799998,75D,75D,2025-07-24T05:05:00.000000,911_calls,2025-07-24 05:05:00,Thursday,5,7,3.0
call_1326,40.604078962000074,-73.75472573599995,75S,75S,2025-07-23T06:06:00.000000,911_calls,2025-07-23 06:06:00,Wednesday,6,7,3.0
call_1327,40.76035134000006,-73.82981746199994,10V2,10V2,2025-07-22T07:07:00.000000,911_calls,2025-07-22 07:07:00,Tuesday,7,7,3.0
call_1328,40.817229145000056,-73.94228687999998,75D,75D,2025-07-21T08:08:00.000000,911_calls,2025-07-21 08:08:00,Monday,8,7,3.0
call_1329,40.798072594000075,-73.93033047999995,10Y3,10Y3,2025-07-20T09:09:00.000000,911_calls,2025-07-20 09:09:00,Sunday,9,7,3.0
call_1330,40.821427723000056,-73.93551602499997,75D,75D,2025-07-19T10:10:00.000000,911_calls,2025-07-19 10:10:00,Saturday,10,7,3.0
call_1331,40.75176221900006,-73.97373329099997,11C4,11C4,2025-07-18T11:11:00.000000,911_calls,2025-07-18 11:11:00,Friday,11,7,3.0
call_1332,40.70590213300005,-73.91167519099997,34Q6,34Q6,2025-07-17T12:12:00.000000,911_calls,2025-07-17 12:12:00,Thursday,12,7,3.0
call_1333,40.57790712700006,-73.98393166299996,68Q1,68Q1,2025-07-16T13:13:00.000000,911_calls,2025-07-16 13:13:00,Wednesday,13,7,3.0
call_1334,40.70307489900006,-73.80791636699996,75D,75D,2025-07-15T14:14:00.000000,911_calls,2025-07-15 14:14:00,Tuesday,14,7,3.0
call_1335,40.73943264900004,-73.99035569499995,10P2,10P2,2025-07-14T15:15:00.000000,911_calls,2025-07-14 15:15:00,Monday,15,7,3.0
call_1336,40.76443186900008,-73.97332759099999,68Q9,68Q9,2025-07-13T16:16:00.000000,911_calls,2025-07-13 16:16:00,Sunday,16,7,3.0
call_1337,40.76516078900005,-73.98125842699994,34Q6,34Q6,2025-07-12T17:17:00.000000,911_calls,2025-07-12 17:17:00,Saturday,17,7,3.0
call_1338,40.78164000800007,-73.94590332499996,75C,75C,2025-07-11T18:18:00.000000,911_calls,2025-07-11 18:18:00,Friday,18,7,3.0
call_1339,40.52101670300004,-74.21732010099998,75M,75M,2025-07-10T19:19:00.000000,911_calls,2025-07-10 19:19:00,Thursday,19,7,3.0
call_1340,40.69554895700003,-73.94778709999997,68Q1,68Q1,2025-07-09T20:20:00.000000,911_calls,2025-07-09 20:20:00,Wednesday,20,7,3.0
call_1341,40.667148205000046,-73.88340093999994,75S,75S,2025-07-08T21:21:00.000000,911_calls,2025-07-08 21:21:00,Tuesday,21,7,3.0
call_1342,40.76071027900008,-73.97457083099994,68Q2,68Q2,2025-07-07T22:22:00.000000,911_calls,2025-07-07 22:22:00,Monday,22,7,3.0
call_1343,40.84301251800008,-73.88625152199995,52D6,52D6,2025-07-06T23:23:00.000000,911_calls,2025-07-06 23:23:00,Sunday,23,7,3.0
call_1344,40.76760643000006,-73.98173427399996,54S9,54S9,2025-07-05T00:24:00.000000,911_calls,2025-07-05 00:24:00,Saturday,0,7,3.0
call_1345,40.74690206500003,-73.89096656299995,39Q9,39Q9,2025-07-04T01:25:00.000000,911_calls,2025-07-04 01:25:00,Friday,1,7,3.0
call_1346,40.77877371100004,-73.97595044999997,68Q1,68Q1,2025-07-03T02:26:00.000000,911_calls,2025-07-03 02:26:00,Thursday,2,7,3.0
call_1347,40.90112420200006,-73.86664721599993,10Y3,10Y3,2025-07-02T03:27:00.000000,911_calls,2025-07-02 03:27:00,Wednesday,3,7,3.0
call_1348,40.827899467000066,-73.92588369299995,75S,75S,2025-07-01T04:28:00.000000,911_calls,2025-07-01 04:28:00,Tuesday,4,7,3.0
call_1349,40.70112962700006,-73.80837999999994,54E2,54E2,2025-06-30T05:29:00.000000,911_calls,2025-06-30 05:29:00,Monday,5,6,3.0
call_1350,40.667148205000046,-73.88340093999994,54S9,54S9,2025-07-29T06:30:00.000000,911_calls,2025-07-29 06:30:00,Tuesday,6,7,3.0
call_1351,40.85557168400004,-73.86766034499993,50P1,50P1,2025-07-28T07:31:00.000000,911_calls,2025-07-28 07:31:00,Monday,7,7,3.0
call_1352,40.50675509000007,-74.24564651599997,10V2,10V2,2025-07-27T08:32:00.000000,911_calls,2025-07-27 08:32:00,Sunday,8,7,3.0
call_1353,40.68207498100003,-73.98676571599998,68Q1,68Q1,2025-07-26T09:33:00.000000,911_calls,2025-07-26 09:33:00,Saturday,9,7,3.0
call_1354,40.61986423400003,-73.93182405399995,10H2,10H2,2025-07-25T10:34:00.000000,911_calls,2025-07-25 10:34:00,Friday,10,7,3.0
call_1355,40.82240600500006,-73.94877510899994,68Q1,68Q1,2025-07-24T11:35:00.000000,911_calls,2025-07-24 11:35:00,Thursday,11,7,3.0
call_1356,40.67130014900005,-73.73420809099997,68Q1,68Q1,2025-07-23T12:36:00.000000,911_calls,2025-07-23 12:36:00,Wednesday,12,7,3.0
call_1357,40.83256016900003,-73.93057623299995,59R4,59R4,2025-07-22T13:37:00.000000,911_calls,2025-07-22 13:37:00,Tuesday,13,7,3.0
call_1358,40.78589784300004,-73.97075510799993,68Q1,68Q1,2025-07-21T14:38:00.000000,911_calls,2025-07-21 14:38:00,Monday,14,7,3.0
call_1359,40.712997905000066,-74.00946301699997,54S9,54S9,2025-07-20T15:39:00.000000,911_calls,2025-07-20 15:39:00,Sunday,15,7,3.0
call_1360,40.706870769000034,-73.81452035999996,52D1,52D1,2025-07-19T16:40:00.000000,911_calls,2025-07-19 16:40:00,Saturday,16,7,3.0
call_1361,40.650864289000026,-74.01154800699999,75D,75D,2025-07-18T17:41:00.000000,911_calls,2025-07-18 17:41:00,Friday,17,7,3.0
call_1362,40.640291819000026,-73.99433356799994,75T,75T,2025-07-17T18:42:00.000000,911_calls,2025-07-17 18:42:00,Thursday,18,7,3.0
call_1363,40.83715438300004,-73.90329380299994,75I,75I,2025-07-16T19:43:00.000000,911_calls,2025-07-16 19:43:00,Wednesday,19,7,3.0
call_1364,40.84159462000008,-73.85538925299994,52D6,52D6,2025-07-15T20:44:00.000000,911_calls,2025-07-15 20:44:00,Tuesday,20,7,3.0
call_1365,40.62152039800003,-73.92471519499998,68Q1,68Q1,2025-07-14T21:45:00.000000,911_calls,2025-07-14 21:45:00,Monday,21,7,3.0
call_1366,40.79063840500004,-73.94843119099994,68Q1,68Q1,2025-07-13T22:46:00.000000,911_calls,2025-07-13 22:46:00,Sunday,22,7,3.0
call_1367,40.660783550000076,-73.96147833599997,75S,75S,2025-07-12T23:47:00.000000,911_calls,2025-07-12 23:47:00,Saturday,23,7,3.0
call_1368,40.83739247600005,-73.91645167499996,54U1,54U1,2025-07-11T00:48:00.000000,911_calls,2025-07-11 00:48:00,Friday,0,7,3.0
call_1369,40.80023655600007,-73.96214891299996,68Q1,68Q1,2025-07-10T01:49:00.000000,911_calls,2025-07-10 01:49:00,Thursday,1,7,3.0
call_1370,40.51660333800004,-74.23256600399998,75D,75D,2025-07-09T02:50:00.000000,911_calls,2025-07-09 02:50:00,Wednesday,2,7,3.0
call_1371,40.83070203200003,-73.92203937899995,10Y3,10Y3,2025-07-08T03:51:00.000000,911_calls,2025-07-08 03:51:00,Tuesday,3,7,3.0
call_1372,40.75861762200003,-73.98320946699994,22Q1,22Q1,2025-07-07T04:52:00.000000,911_calls,2025-07-07 04:52:00,Monday,4,7,3.0
call_1373,40.814041821000046,-73.92238041999997,52D6,52D6,2025-07-06T05:53:00.000000,911_calls,2025-07-06 05:53:00,Sunday,5,7,3.0
call_1374,40.83015118700007,-73.89238395399997,75S,75S,2025-07-05T06:54:00.000000,911_calls,2025-07-05 06:54:00,Saturday,6,7,3.0
call_1375,40.747508390000064,-73.85359768999996,10V2,10V2,2025-07-04T07:55:00.000000,911_calls,2025-07-04 07:55:00,Friday,7,7,3.0
call_1376,40.58795031200003,-73.98359800899993,75M,75M,2025-07-03T08:56:00.000000,911_calls,2025-07-03 08:56:00,Thursday,8,7,3.0
call_1377,40.79006207800006,-73.97269617499995,75D,75D,2025-07-02T09:57:00.000000,911_calls,2025-07-02 09:57:00,Wednesday,9,7,3.0
call_1378,40.699162124000054,-73.92078308999999,10P2,10P2,2025-07-01T10:58:00.000000,911_calls,2025-07-01 10:58:00,Tuesday,10,7,3.0
call_1379,40.82437748600006,-73.94451363399997,39H9,39H9,2025-06-30T11:59:00.000000,911_calls,2025-06-30 11:59:00,Monday,11,6,3.0
call_1380,40.74911885500006,-73.99014135499993,10P2,10P2,2025-07-29T12:00:00.000000,911_calls,2025-07-29 12:00:00,Tuesday,12,7,3.0
call_1381,40.721355481000046,-73.98814684599995,10P2,10P2,2025-07-28T13:01:00.000000,911_calls,2025-07-28 13:01:00,Monday,13,7,3.0
call_1382,40.71652158200004,-73.98492995199996,53S,53S,2025-07-27T14:02:00.000000,911_calls,2025-07-27 14:02:00,Sunday,14,7,3.0
call_1383,40.66048172400008,-73.88129685699994,10S4,10S4,2025-07-26T15:03:00.000000,911_calls,2025-07-26 15:03:00,Saturday,15,7,3.0
call_1384,40.67459999000005,-73.93057482199998,54E1,54E1,2025-07-25T16:04:00.000000,911_calls,2025-07-25 16:04:00,Friday,16,7,3.0
call_1385,40.660670174000074,-73.88579112099995,59V,59V,2025-07-24T17:05:00.000000,911_calls,2025-07-24 17:05:00,Thursday,17,7,3.0
call_1386,40.81535900800003,-73.95927543799996,68Q1,68Q1,2025-07-23T18:06:00.000000,911_calls,2025-07-23 18:06:00,Wednesday,18,7,3.0
call_1387,40.70880562700006,-73.79192111599997,24Q2,24Q2,2025-07-22T19:07:00.000000,911_calls,2025-07-22 19:07:00,Tuesday,19,7,3.0
call_1388,40.632407353000076,-73.93558337299999,11C4,11C4,2025-07-21T20:08:00.000000,911_calls,2025-07-21 20:08:00,Monday,20,7,3.0
call_1389,40.82779397400003,-73.89900386999994,75I,75I,2025-07-20T21:09:00.000000,911_calls,2025-07-20 21:09:00,Sunday,21,7,3.0
call_1390,40.63781546100006,-74.02814159099995,68Q2,68Q2,2025-07-19T22:10:00.000000,911_calls,2025-07-19 22:10:00,Saturday,22,7,3.0
call_1391,40.71465309600006,-74.00816464399998,75S,75S,2025-07-18T23:11:00.000000,911_calls,2025-07-18 23:11:00,Friday,23,7,3.0
call_1392,40.817229145000056,-73.94228687999998,75D,75D,2025-07-17T00:12:00.000000,911_calls,2025-07-17 00:12:00,Thursday,0,7,3.0
call_1393,40.74452451700006,-73.86929921099994,34Q2,34Q2,2025-07-16T01:13:00.000000,911_calls,2025-07-16 01:13:00,Wednesday,1,7,3.0
call_1394,40.62252460800005,-74.00871172199999,68Q2,68Q2,2025-07-15T02:14:00.000000,911_calls,2025-07-15 02:14:00,Tuesday,2,7,3.0
call_1395,40.75991354900003,-73.98629182099995,54S2,54S2,2025-07-14T03:15:00.000000,911_calls,2025-07-14 03:15:00,Monday,3,7,3.0
call_1396,40.675727746000064,-73.92149590099996,75D,75D,2025-07-13T04:16:00.000000,911_calls,2025-07-13 04:16:00,Sunday,4,7,3.0
call_1397,40.839991756000074,-73.84283753799997,10H9,10H9,2025-07-12T05:17:00.000000,911_calls,2025-07-12 05:17:00,Saturday,5,7,3.0
call_1398,40.63175124700007,-73.94605003999999,10V2,10V2,2025-07-11T06:18:00.000000,911_calls,2025-07-11 06:18:00,Friday,6,7,3.0
call_1399,40.63082998100003,-74.01262535399997,68Q2,68Q2,2025-07-10T07:19:00.000000,911_calls,2025-07-10 07:19:00,Thursday,7,7,3.0
call_1400,40.592336182000054,-73.98148695899994,75D,75D,2025-07-09T08:20:00.000000,911_calls,2025-07-09 08:20:00,Wednesday,8,7,3.0
call_1401,40.87745403900004,-73.86667299299995,75S,75S,2025-07-08T09:21:00.000000,911_calls,2025-07-08 09:21:00,Tuesday,9,7,3.0
call_1402,40.592886099000054,-73.79565256399997,75C,75C,2025-07-07T10:22:00.000000,911_calls,2025-07-07 10:22:00,Monday,10,7,3.0
call_1403,40.68414956600003,-73.77881595499997,10V2,10V2,2025-07-06T11:23:00.000000,911_calls,2025-07-06 11:23:00,Sunday,11,7,3.0
call_1404,40.81257998400008,-73.94894884799999,75D,75D,2025-07-05T12:24:00.000000,911_calls,2025-07-05 12:24:00,Saturday,12,7,3.0
call_1405,40.66983535600008,-73.91469332599996,75D,75D,2025-07-04T13:25:00.000000,911_calls,2025-07-04 13:25:00,Friday,13,7,3.0
call_1406,40.74363195800004,-73.98860481199995,10P2,10P2,2025-07-03T14:26:00.000000,911_calls,2025-07-03 14:26:00,Thursday,14,7,3.0
call_1407,40.62361769300003,-74.02357145699995,68Q2,68Q2,2025-07-02T15:27:00.000000,911_calls,2025-07-02 15:27:00,Wednesday,15,7,3.0
call_1408,40.63242975400004,-73.94722400499995,75S,75S,2025-07-01T16:28:00.000000,911_calls,2025-07-01 16:28:00,Tuesday,16,7,3.0
call_1409,40.66692937100004,-73.89561033099994,54S2,54S2,2025-06-30T17:29:00.000000,911_calls,2025-06-30 17:29:00,Monday,17,6,3.0
call_1410,40.81142203400003,-73.88471240199993,68Q1,68Q1,2025-07-29T18:30:00.000000,911_calls,2025-07-29 18:30:00,Tuesday,18,7,3.0
call_1411,40.63186591900006,-73.92533040699993,68Q1,68Q1,2025-07-28T19:31:00.000000,911_calls,2025-07-28 19:31:00,Monday,19,7,3.0
call_1412,40.75558209600007,-73.91514298499999,54C2,54C2,2025-07-27T20:32:00.000000,911_calls,2025-07-27 20:32:00,Sunday,20,7,3.0
call_1413,40.72420015400007,-73.97722564299994,29Q1,29Q1,2025-07-26T21:33:00.000000,911_calls,2025-07-26 21:33:00,Saturday,21,7,3.0
call_1414,40.70149136200007,-73.98575563899993,75S,75S,2025-07-25T22:34:00.000000,911_calls,2025-07-25 22:34:00,Friday,22,7,3.0
call_1415,40.64048931100007,-73.99209594199993,54E1,54E1,2025-07-24T23:35:00.000000,911_calls,2025-07-24 23:35:00,Thursday,23,7,3.0
call_1416,40.64048931100007,-73.99209594199993,54E1,54E1,2025-07-23T00:36:00.000000,911_calls,2025-07-23 00:36:00,Wednesday,0,7,3.0
call_1417,40.626117444000045,-74.02699828099998,68Q2,68Q2,2025-07-22T01:37:00.000000,911_calls,2025-07-22 01:37:00,Tuesday,1,7,3.0
call_1418,40.82581777900003,-73.94897843799998,75D,75D,2025-07-21T02:38:00.000000,911_calls,2025-07-21 02:38:00,Monday,2,7,3.0
call_1419,40.79588378900007,-73.94888941899995,68Q1,68Q1,2025-07-20T03:39:00.000000,911_calls,2025-07-20 03:39:00,Sunday,3,7,3.0
call_1420,40.751646125000036,-73.98433730999994,39T1,39T1,2025-07-19T04:40:00.000000,911_calls,2025-07-19 04:40:00,Saturday,4,7,3.0
call_1421,40.75655452900003,-73.99214714599998,10P2,10P2,2025-07-18T05:41:00.000000,911_calls,2025-07-18 05:41:00,Friday,5,7,3.0
call_1422,40.826282132000074,-73.92070763799995,68Q1,68Q1,2025-07-17T06:42:00.000000,911_calls,2025-07-17 06:42:00,Thursday,6,7,3.0
call_1423,40.663185499000065,-73.96228074399994,10V2,10V2,2025-07-16T07:43:00.000000,911_calls,2025-07-16 07:43:00,Wednesday,7,7,3.0
call_1424,40.73903358500007,-73.98154724399996,59R4,59R4,2025-07-15T08:44:00.000000,911_calls,2025-07-15 08:44:00,Tuesday,8,7,3.0
call_1425,40.71239662200003,-73.78490845799996,75M,75M,2025-07-14T09:45:00.000000,911_calls,2025-07-14 09:45:00,Monday,9,7,3.0
call_1426,40.81142203400003,-73.88471240199993,68Q1,68Q1,2025-07-13T10:46:00.000000,911_calls,2025-07-13 10:46:00,Sunday,10,7,3.0
call_1427,40.60629019800007,-73.75422061799998,68Q1,68Q1,2025-07-12T11:47:00.000000,911_calls,2025-07-12 11:47:00,Saturday,11,7,3.0
call_1428,40.843336710000074,-73.90478110499998,10P2,10P2,2025-07-11T12:48:00.000000,911_calls,2025-07-11 12:48:00,Friday,12,7,3.0
call_1429,40.684345009000026,-73.92784965399994,68Q1,68Q1,2025-07-10T13:49:00.000000,911_calls,2025-07-10 13:49:00,Thursday,13,7,3.0
call_1430,40.708477462000076,-74.00690868199996,68Q1,68Q1,2025-07-09T14:50:00.000000,911_calls,2025-07-09 14:50:00,Wednesday,14,7,3.0
call_1431,40.78379559800004,-73.85711445599998,75D,75D,2025-07-08T15:51:00.000000,911_calls,2025-07-08 15:51:00,Tuesday,15,7,3.0
call_1432,40.68301403800007,-73.99020881399997,75I,75I,2025-07-07T16:52:00.000000,911_calls,2025-07-07 16:52:00,Monday,16,7,3.0
call_1433,40.69974268200008,-73.91142368699997,75S,75S,2025-07-06T17:53:00.000000,911_calls,2025-07-06 17:53:00,Sunday,17,7,3.0
call_1434,40.57981858900007,-73.83721101099997,75D,75D,2025-07-05T18:54:00.000000,911_calls,2025-07-05 18:54:00,Saturday,18,7,3.0
call_1435,40.688604586000054,-73.98507328299996,75O,75O,2025-07-04T19:55:00.000000,911_calls,2025-07-04 19:55:00,Friday,19,7,3.0
call_1436,40.617594620000034,-74.03763154099994,68Q2,68Q2,2025-07-03T20:56:00.000000,911_calls,2025-07-03 20:56:00,Thursday,20,7,3.0
call_1437,40.638706899000056,-73.94681909099995,75D,75D,2025-07-02T21:57:00.000000,911_calls,2025-07-02 21:57:00,Wednesday,21,7,3.0
call_1438,40.867108012000074,-73.89769319299995,10S4,10S4,2025-07-01T22:58:00.000000,911_calls,2025-07-01 22:58:00,Tuesday,22,7,3.0
call_1439,40.624327452000045,-74.03806761999994,68Q2,68Q2,2025-06-30T23:59:00.000000,911_calls,2025-06-30 23:59:00,Monday,23,6,3.0
call_1440,40.826323649000074,-73.93937751299995,75D,75D,2025-07-29T00:00:00.000000,911_calls,2025-07-29 00:00:00,Tuesday,0,7,3.0
call_1441,40.69010327500007,-73.98542272099996,75T,75T,2025-07-28T01:01:00.000000,911_calls,2025-07-28 01:01:00,Monday,1,7,3.0
call_1442,40.73237453300004,-73.81077620999997,10V2,10V2,2025-07-27T02:02:00.000000,911_calls,2025-07-27 02:02:00,Sunday,2,7,3.0
call_1443,40.88323554800007,-73.86299798899995,75M,75M,2025-07-26T03:03:00.000000,911_calls,2025-07-26 03:03:00,Saturday,3,7,3.0
call_1444,40.76140476000006,-73.99967656899997,52D1,52D1,2025-07-25T04:04:00.000000,911_calls,2025-07-25 04:04:00,Friday,4,7,3.0
call_1445,40.77544584100008,-73.91154323799998,75M,75M,2025-07-24T05:05:00.000000,911_calls,2025-07-24 05:05:00,Thursday,5,7,3.0
call_1446,40.73393724300007,-73.87106639099994,11C4,11C4,2025-07-23T06:06:00.000000,911_calls,2025-07-23 06:06:00,Wednesday,6,7,3.0
call_1447,40.74077247500003,-73.99807442399998,75T,75T,2025-07-22T07:07:00.000000,911_calls,2025-07-22 07:07:00,Tuesday,7,7,3.0
call_1448,40.69768508400006,-73.99381298799995,75S,75S,2025-07-21T08:08:00.000000,911_calls,2025-07-21 08:08:00,Monday,8,7,3.0
call_1449,40.75664204200007,-73.98837157699995,39Q9,39Q9,2025-07-20T09:09:00.000000,911_calls,2025-07-20 09:09:00,Sunday,9,7,3.0
call_1450,40.73552127500005,-73.95513490699994,68Q1,68Q1,2025-07-19T10:10:00.000000,911_calls,2025-07-19 10:10:00,Saturday,10,7,3.0
call_1451,40.80191116900005,-73.95539356899997,75D,75D,2025-07-18T11:11:00.000000,911_calls,2025-07-18 11:11:00,Friday,11,7,3.0
call_1452,40.672740178000026,-73.98839701699995,68Q1,68Q1,2025-07-17T12:12:00.000000,911_calls,2025-07-17 12:12:00,Thursday,12,7,3.0
call_1453,40.73977318800007,-73.99298631899995,68Q1,68Q1,2025-07-16T13:13:00.000000,911_calls,2025-07-16 13:13:00,Wednesday,13,7,3.0
call_1454,40.78119897000005,-73.94777771499997,68Q1,68Q1,2025-07-15T14:14:00.000000,911_calls,2025-07-15 14:14:00,Tuesday,14,7,3.0
call_1455,40.57628456500004,-73.98139061299997,75M,75M,2025-07-14T15:15:00.000000,911_calls,2025-07-14 15:15:00,Monday,15,7,3.0
call_1456,40.83456194200005,-73.91544337999994,54S1,54S1,2025-07-13T16:16:00.000000,911_calls,2025-07-13 16:16:00,Sunday,16,7,3.0
call_1457,40.64639898000007,-73.99463214499997,75S,75S,2025-07-12T17:17:00.000000,911_calls,2025-07-12 17:17:00,Saturday,17,7,3.0
call_1458,40.724141753000026,-74.00785193099995,54R1,54R1,2025-07-11T18:18:00.000000,911_calls,2025-07-11 18:18:00,Friday,18,7,3.0
call_1459,40.724141753000026,-74.00785193099995,54R1,54R1,2025-07-10T19:19:00.000000,911_calls,2025-07-10 19:19:00,Thursday,19,7,3.0
call_1460,40.702986784000075,-73.93594075699997,68Q1,68Q1,2025-07-09T20:20:00.000000,911_calls,2025-07-09 20:20:00,Wednesday,20,7,3.0
call_1461,40.674881362000065,-74.00866088199996,75D,75D,2025-07-08T21:21:00.000000,911_calls,2025-07-08 21:21:00,Tuesday,21,7,3.0
call_1462,40.849727216000076,-73.90578765199996,68U9,68U9,2025-07-07T22:22:00.000000,911_calls,2025-07-07 22:22:00,Monday,22,7,3.0
call_1463,40.73201947000007,-74.00073390899996,34Q9,34Q9,2025-07-06T23:23:00.000000,911_calls,2025-07-06 23:23:00,Sunday,23,7,3.0
call_1464,40.698855309000066,-73.95156040199998,75D,75D,2025-07-05T00:24:00.000000,911_calls,2025-07-05 00:24:00,Saturday,0,7,3.0
call_1465,40.67158592800007,-73.90684678399998,10V2,10V2,2025-07-04T01:25:00.000000,911_calls,2025-07-04 01:25:00,Friday,1,7,3.0
call_1466,40.818815405000066,-73.95408520999996,34Q6,34Q6,2025-07-03T02:26:00.000000,911_calls,2025-07-03 02:26:00,Thursday,2,7,3.0
call_1467,40.72146384000007,-73.95835514799995,54U1,54U1,2025-07-02T03:27:00.000000,911_calls,2025-07-02 03:27:00,Wednesday,3,7,3.0
call_1468,40.71095979100005,-73.79317685999996,75S,75S,2025-07-01T04:28:00.000000,911_calls,2025-07-01 04:28:00,Tuesday,4,7,3.0
call_1469,40.63595344100003,-73.96783393499999,10S4,10S4,2025-06-30T05:29:00.000000,911_calls,2025-06-30 05:29:00,Monday,5,6,3.0
call_1470,40.66905010500005,-73.87035911599997,75I,75I,2025-07-29T06:30:00.000000,911_calls,2025-07-29 06:30:00,Tuesday,6,7,3.0
call_1471,40.693724908000036,-73.95055441699998,39G,39G,2025-07-28T07:31:00.000000,911_calls,2025-07-28 07:31:00,Monday,7,7,3.0
call_1472,40.78895849100007,-73.81134487299994,75H,75H,2025-07-27T08:32:00.000000,911_calls,2025-07-27 08:32:00,Sunday,8,7,3.0
call_1473,40.71266395500004,-73.79606450499995,52D6,52D6,2025-07-26T09:33:00.000000,911_calls,2025-07-26 09:33:00,Saturday,9,7,3.0
call_1474,40.71095979100005,-73.79317685999996,50P9,50P9,2025-07-25T10:34:00.000000,911_calls,2025-07-25 10:34:00,Friday,10,7,3.0
call_1475,40.85239263300008,-73.89964247199998,10V2,10V2,2025-07-24T11:35:00.000000,911_calls,2025-07-24 11:35:00,Thursday,11,7,3.0
call_1476,40.62276777200003,-73.92244795299996,10P2,10P2,2025-07-23T12:36:00.000000,911_calls,2025-07-23 12:36:00,Wednesday,12,7,3.0
call_1477,40.69010641500006,-73.98897094299997,68Q1,68Q1,2025-07-22T13:37:00.000000,911_calls,2025-07-22 13:37:00,Tuesday,13,7,3.0
call_1478,40.67778272900006,-74.00654858099995,75I,75I,2025-07-21T14:38:00.000000,911_calls,2025-07-21 14:38:00,Monday,14,7,3.0
call_1479,40.60551791300003,-73.95575526599998,54U1,54U1,2025-07-20T15:39:00.000000,911_calls,2025-07-20 15:39:00,Sunday,15,7,3.0
call_1480,40.65462789000003,-74.00418568699996,75S,75S,2025-07-19T16:40:00.000000,911_calls,2025-07-19 16:40:00,Saturday,16,7,3.0
call_1481,40.79074641400007,-73.95063404199993,75D,75D,2025-07-18T17:41:00.000000,911_calls,2025-07-18 17:41:00,Friday,17,7,3.0
call_1482,40.78641190700006,-73.97409517999995,68Q1,68Q1,2025-07-17T18:42:00.000000,911_calls,2025-07-17 18:42:00,Thursday,18,7,3.0
call_1483,40.74690206500003,-73.89096656299995,10P9,10P9,2025-07-16T19:43:00.000000,911_calls,2025-07-16 19:43:00,Wednesday,19,7,3.0
call_1484,40.84566696100006,-73.88380729499994,54E2,54E2,2025-07-15T20:44:00.000000,911_calls,2025-07-15 20:44:00,Tuesday,20,7,3.0
call_1485,40.84566696100006,-73.88380729499994,54E2,54E2,2025-07-14T21:45:00.000000,911_calls,2025-07-14 21:45:00,Monday,21,7,3.0
call_1486,40.643652762000045,-74.08907047599996,10S4,10S4,2025-07-13T22:46:00.000000,911_calls,2025-07-13 22:46:00,Sunday,22,7,3.0
call_1487,40.743323160000045,-73.83760545199993,54E8,54E8,2025-07-12T23:47:00.000000,911_calls,2025-07-12 23:47:00,Saturday,23,7,3.0
call_1488,40.66571097100007,-73.91992887599997,75D,75D,2025-07-11T00:48:00.000000,911_calls,2025-07-11 00:48:00,Friday,0,7,3.0
call_1489,40.66738645300006,-73.85405471499996,34Q2,34Q2,2025-07-10T01:49:00.000000,911_calls,2025-07-10 01:49:00,Thursday,1,7,3.0
call_1490,40.71830890700005,-73.98926569499997,68Q1,68Q1,2025-07-09T02:50:00.000000,911_calls,2025-07-09 02:50:00,Wednesday,2,7,3.0
call_1491,40.73364563600006,-73.75944475299997,75H,75H,2025-07-08T03:51:00.000000,911_calls,2025-07-08 03:51:00,Tuesday,3,7,3.0
call_1492,40.67009720800007,-73.87403762199995,75I,75I,2025-07-07T04:52:00.000000,911_calls,2025-07-07 04:52:00,Monday,4,7,3.0
call_1493,40.71888168700008,-73.98220577599994,52D6,52D6,2025-07-06T05:53:00.000000,911_calls,2025-07-06 05:53:00,Sunday,5,7,3.0
call_1494,40.67277409600007,-73.73420582399996,75D,75D,2025-07-05T06:54:00.000000,911_calls,2025-07-05 06:54:00,Saturday,6,7,3.0
call_1495,40.69292022700006,-73.90582170299996,68Q1,68Q1,2025-07-04T07:55:00.000000,911_calls,2025-07-04 07:55:00,Friday,7,7,3.0
call_1496,40.68207498100003,-73.98676571599998,68Q1,68Q1,2025-07-03T08:56:00.000000,911_calls,2025-07-03 08:56:00,Thursday,8,7,3.0
call_1497,40.762416409000025,-73.96084920699997,68Q1,68Q1,2025-07-02T09:57:00.000000,911_calls,2025-07-02 09:57:00,Wednesday,9,7,3.0
call_1498,40.66556617400005,-73.92090589299994,54U2,54U2,2025-07-01T10:58:00.000000,911_calls,2025-07-01 10:58:00,Tuesday,10,7,3.0
call_1499,40.82748529600008,-73.84576861199997,10V2,10V2,2025-06-30T11:59:00.000000,911_calls,2025-06-30 11:59:00,Monday,11,6,3.0
call_1500,40.849894662000054,-73.86446188799994,10H1,10H1,2025-07-29T12:00:00.000000,911_calls,2025-07-29 12:00:00,Tuesday,12,7,3.0
call_1501,40.68152250900005,-73.98121703199996,54E1,54E1,2025-07-28T13:01:00.000000,911_calls,2025-07-28 13:01:00,Monday,13,7,3.0
call_1502,40.68152250900005,-73.98121703199996,54E1,54E1,2025-07-27T14:02:00.000000,911_calls,2025-07-27 14:02:00,Sunday,14,7,3.0
call_1503,40.61320355000004,-74.00407143399997,54Q2,54Q2,2025-07-26T15:03:00.000000,911_calls,2025-07-26 15:03:00,Saturday,15,7,3.0
call_1504,40.68684131600003,-73.73787810399995,75D,75D,2025-07-25T16:04:00.000000,911_calls,2025-07-25 16:04:00,Friday,16,7,3.0
call_1505,40.65462789000003,-74.00418568699996,75S,75S,2025-07-24T17:05:00.000000,911_calls,2025-07-24 17:05:00,Thursday,17,7,3.0
call_1506,40.697832591000065,-73.92326222299994,54U2,54U2,2025-07-23T18:06:00.000000,911_calls,2025-07-23 18:06:00,Wednesday,18,7,3.0
call_1507,40.67258587100008,-73.87326145799994,75I,75I,2025-07-22T19:07:00.000000,911_calls,2025-07-22 19:07:00,Tuesday,19,7,3.0
call_1508,40.755178493000074,-73.83427390599996,75D,75D,2025-07-21T20:08:00.000000,911_calls,2025-07-21 20:08:00,Monday,20,7,3.0
call_1509,40.74306071800004,-73.91919716199999,75S,75S,2025-07-20T21:09:00.000000,911_calls,2025-07-20 21:09:00,Sunday,21,7,3.0
call_1510,40.833290075000036,-73.87248917799997,68Q1,68Q1,2025-07-19T22:10:00.000000,911_calls,2025-07-19 22:10:00,Saturday,22,7,3.0
call_1511,40.689048255000046,-73.95861337799994,75D,75D,2025-07-18T23:11:00.000000,911_calls,2025-07-18 23:11:00,Friday,23,7,3.0
call_1512,40.74231632600004,-73.98165820599996,10P2,10P2,2025-07-17T00:12:00.000000,911_calls,2025-07-17 00:12:00,Thursday,0,7,3.0
call_1513,40.82782501300005,-73.92534538199999,75M,75M,2025-07-16T01:13:00.000000,911_calls,2025-07-16 01:13:00,Wednesday,1,7,3.0
call_1514,40.82935045800008,-73.92032095499997,10S4,10S4,2025-07-15T02:14:00.000000,911_calls,2025-07-15 02:14:00,Tuesday,2,7,3.0
call_1515,40.65030703900004,-74.01212090899998,75D,75D,2025-07-14T03:15:00.000000,911_calls,2025-07-14 03:15:00,Monday,3,7,3.0
call_1516,40.52766323700007,-74.23071237699997,68Q1,68Q1,2025-07-13T04:16:00.000000,911_calls,2025-07-13 04:16:00,Sunday,4,7,3.0
call_1517,40.659406052000065,-73.96263609899995,68Q1,68Q1,2025-07-12T05:17:00.000000,911_calls,2025-07-12 05:17:00,Saturday,5,7,3.0
call_1518,40.82186668700007,-73.89737253599998,52D6,52D6,2025-07-11T06:18:00.000000,911_calls,2025-07-11 06:18:00,Friday,6,7,3.0
call_1519,40.747301899000036,-73.88718365899996,75D,75D,2025-07-10T07:19:00.000000,911_calls,2025-07-10 07:19:00,Thursday,7,7,3.0
call_1520,40.786061036000035,-73.97620781899997,10Y3,10Y3,2025-07-09T08:20:00.000000,911_calls,2025-07-09 08:20:00,Wednesday,8,7,3.0
call_1521,40.668647132000046,-73.87327975599999,75I,75I,2025-07-08T09:21:00.000000,911_calls,2025-07-08 09:21:00,Tuesday,9,7,3.0
call_1522,40.830447407000065,-73.87579016199999,13U2,13U2,2025-07-07T10:22:00.000000,911_calls,2025-07-07 10:22:00,Monday,10,7,3.0
call_1523,40.830447407000065,-73.87579016199999,13U2,13U2,2025-07-06T11:23:00.000000,911_calls,2025-07-06 11:23:00,Sunday,11,7,3.0
call_1524,40.80595974100004,-73.93293384199995,75D,75D,2025-07-05T12:24:00.000000,911_calls,2025-07-05 12:24:00,Saturday,12,7,3.0
call_1525,40.61567390000005,-73.92458131399997,10S4,10S4,2025-07-04T13:25:00.000000,911_calls,2025-07-04 13:25:00,Friday,13,7,3.0
call_1526,40.65568192500007,-74.00291352099998,68Q1,68Q1,2025-07-03T14:26:00.000000,911_calls,2025-07-03 14:26:00,Thursday,14,7,3.0
call_1527,40.85328009600005,-73.88587248599998,68Q1,68Q1,2025-07-02T15:27:00.000000,911_calls,2025-07-02 15:27:00,Wednesday,15,7,3.0
call_1528,40.67779167400005,-73.74517107599996,75D,75D,2025-07-01T16:28:00.000000,911_calls,2025-07-01 16:28:00,Tuesday,16,7,3.0
call_1529,40.843216237000036,-73.93728755699993,75D,75D,2025-06-30T17:29:00.000000,911_calls,2025-06-30 17:29:00,Monday,17,6,3.0
call_1530,40.66646466200007,-73.90410359499998,75D,75D,2025-07-29T18:30:00.000000,911_calls,2025-07-29 18:30:00,Tuesday,18,7,3.0
call_1531,40.776822493000054,-73.97738095799997,75S,75S,2025-07-28T19:31:00.000000,911_calls,2025-07-28 19:31:00,Monday,19,7,3.0
call_1532,40.719963868000036,-73.98794867999999,75D,75D,2025-07-27T20:32:00.000000,911_calls,2025-07-27 20:32:00,Sunday,20,7,3.0
call_1533,40.667148205000046,-73.88340093999994,75O,75O,2025-07-26T21:33:00.000000,911_calls,2025-07-26 21:33:00,Saturday,21,7,3.0
call_1534,40.82603459000006,-73.89898124699994,52V6,52V6,2025-07-25T22:34:00.000000,911_calls,2025-07-25 22:34:00,Friday,22,7,3.0
call_1535,40.68151004300006,-73.95574450999999,75S,75S,2025-07-24T23:35:00.000000,911_calls,2025-07-24 23:35:00,Thursday,23,7,3.0
call_1536,40.68684981600006,-73.97947756399998,10H2,10H2,2025-07-23T00:36:00.000000,911_calls,2025-07-23 00:36:00,Wednesday,0,7,3.0
call_1537,40.677419358000066,-73.98305685499997,10Y3,10Y3,2025-07-22T01:37:00.000000,911_calls,2025-07-22 01:37:00,Tuesday,1,7,3.0
call_1538,40.76941270300006,-73.98326811999993,56S,56S,2025-07-21T02:38:00.000000,911_calls,2025-07-21 02:38:00,Monday,2,7,3.0
call_1539,40.869762252000044,-73.90097574599997,68Q1,68Q1,2025-07-20T03:39:00.000000,911_calls,2025-07-20 03:39:00,Sunday,3,7,3.0
call_1540,40.705650897000055,-73.79442684699995,75H,75H,2025-07-19T04:40:00.000000,911_calls,2025-07-19 04:40:00,Saturday,4,7,3.0
call_1541,40.66457188700008,-73.99018268399993,68Q1,68Q1,2025-07-18T05:41:00.000000,911_calls,2025-07-18 05:41:00,Friday,5,7,3.0
call_1542,40.83371524300003,-73.94500815199996,68Q1,68Q1,2025-07-17T06:42:00.000000,911_calls,2025-07-17 06:42:00,Thursday,6,7,3.0
call_1543,40.68112594000007,-73.97436682299997,68Q1,68Q1,2025-07-16T07:43:00.000000,911_calls,2025-07-16 07:43:00,Wednesday,7,7,3.0
call_1544,40.70993753300007,-74.00898285199997,75S,75S,2025-07-15T08:44:00.000000,911_calls,2025-07-15 08:44:00,Tuesday,8,7,3.0
call_1545,40.88680259100005,-73.84687148999996,54U1,54U1,2025-07-14T09:45:00.000000,911_calls,2025-07-14 09:45:00,Monday,9,7,3.0
call_1546,40.670550854000055,-73.97687986999995,75H,75H,2025-07-13T10:46:00.000000,911_calls,2025-07-13 10:46:00,Sunday,10,7,3.0
call_1547,40.65462789000003,-74.00418568699996,75O,75O,2025-07-12T11:47:00.000000,911_calls,2025-07-12 11:47:00,Saturday,11,7,3.0
call_1548,40.84524211200005,-73.90889148399998,10V2,10V2,2025-07-11T12:48:00.000000,911_calls,2025-07-11 12:48:00,Friday,12,7,3.0
call_1549,40.658381415000065,-73.88618429299999,10V2,10V2,2025-07-10T13:49:00.000000,911_calls,2025-07-10 13:49:00,Thursday,13,7,3.0
call_1550,40.746645976000025,-73.99193899199997,68Q1,68Q1,2025-07-09T14:50:00.000000,911_calls,2025-07-09 14:50:00,Wednesday,14,7,3.0
call_1551,40.749733638000066,-73.98967568499995,10P2,10P2,2025-07-08T15:51:00.000000,911_calls,2025-07-08 15:51:00,Tuesday,15,7,3.0
call_1552,40.729963292000036,-73.99090549299996,52D9,52D9,2025-07-07T16:52:00.000000,911_calls,2025-07-07 16:52:00,Monday,16,7,3.0
call_1553,40.69768508400006,-73.99381298799995,75M,75M,2025-07-06T17:53:00.000000,911_calls,2025-07-06 17:53:00,Sunday,17,7,3.0
call_1554,40.66633234200003,-73.87242985499995,60I,60I,2025-07-05T18:54:00.000000,911_calls,2025-07-05 18:54:00,Saturday,18,7,3.0
call_1555,40.748774970000056,-73.98327691099996,10H2,10H2,2025-07-04T19:55:00.000000,911_calls,2025-07-04 19:55:00,Friday,19,7,3.0
call_1556,40.64579935100005,-73.91113854899999,75Z,75Z,2025-07-03T20:56:00.000000,911_calls,2025-07-03 20:56:00,Thursday,20,7,3.0
call_1557,40.82484750900005,-73.85412127399997,10M2,10M2,2025-07-02T21:57:00.000000,911_calls,2025-07-02 21:57:00,Wednesday,21,7,3.0
call_1558,40.744172707000075,-73.98894034199998,54S1,54S1,2025-07-01T22:58:00.000000,911_calls,2025-07-01 22:58:00,Tuesday,22,7,3.0
call_1559,40.86211447300008,-73.92507190099997,75D,75D,2025-06-30T23:59:00.000000,911_calls,2025-06-30 23:59:00,Monday,23,6,3.0
call_1560,40.69149695300007,-73.95963596099995,68Q1,68Q1,2025-07-29T00:00:00.000000,911_calls,2025-07-29 00:00:00,Tuesday,0,7,3.0
call_1561,40.68004872600005,-73.77590919399995,54S1,54S1,2025-07-28T01:01:00.000000,911_calls,2025-07-28 01:01:00,Monday,1,7,3.0
call_1562,40.80323524100004,-73.93469926599994,68Q1,68Q1,2025-07-27T02:02:00.000000,911_calls,2025-07-27 02:02:00,Sunday,2,7,3.0
call_1563,40.67068366800004,-73.72996399399995,50G1,50G1,2025-07-26T03:03:00.000000,911_calls,2025-07-26 03:03:00,Saturday,3,7,3.0
call_1564,40.659835679000025,-73.97919392699998,75M,75M,2025-07-25T04:04:00.000000,911_calls,2025-07-25 04:04:00,Friday,4,7,3.0
call_1565,40.642239516000075,-74.01688665099994,75D,75D,2025-07-24T05:05:00.000000,911_calls,2025-07-24 05:05:00,Thursday,5,7,3.0
call_1566,40.86733746700003,-73.91681537799997,75D,75D,2025-07-23T06:06:00.000000,911_calls,2025-07-23 06:06:00,Wednesday,6,7,3.0
call_1567,40.75808862800005,-73.85735368899998,68Q1,68Q1,2025-07-22T07:07:00.000000,911_calls,2025-07-22 07:07:00,Tuesday,7,7,3.0
call_1568,40.71107159500008,-73.95000409899995,53H,53H,2025-07-21T08:08:00.000000,911_calls,2025-07-21 08:08:00,Monday,8,7,3.0
call_1569,40.75757811200003,-73.98954452399994,68Q1,68Q1,2025-07-20T09:09:00.000000,911_calls,2025-07-20 09:09:00,Sunday,9,7,3.0
call_1570,40.64763400100003,-74.00769877999994,75D,75D,2025-07-19T10:10:00.000000,911_calls,2025-07-19 10:10:00,Saturday,10,7,3.0
call_1571,40.77082722200004,-73.99261118899994,24Q1,24Q1,2025-07-18T11:11:00.000000,911_calls,2025-07-18 11:11:00,Friday,11,7,3.0
call_1572,40.65290208700003,-73.89402853999997,75D,75D,2025-07-17T12:12:00.000000,911_calls,2025-07-17 12:12:00,Thursday,12,7,3.0
call_1573,40.69240388700007,-73.99007040599997,75M,75M,2025-07-16T13:13:00.000000,911_calls,2025-07-16 13:13:00,Wednesday,13,7,3.0
call_1574,40.812296927000034,-73.92350234199995,75D,75D,2025-07-15T14:14:00.000000,911_calls,2025-07-15 14:14:00,Tuesday,14,7,3.0
call_1575,40.84219105100004,-73.82616380099995,68Q1,68Q1,2025-07-14T15:15:00.000000,911_calls,2025-07-14 15:15:00,Monday,15,7,3.0
call_1576,40.83786234100006,-73.92956602799995,54S1,54S1,2025-07-13T16:16:00.000000,911_calls,2025-07-13 16:16:00,Sunday,16,7,3.0
call_1577,40.78783760700003,-73.81071608499997,75H,75H,2025-07-12T17:17:00.000000,911_calls,2025-07-12 17:17:00,Saturday,17,7,3.0
call_1578,40.800334261000046,-73.94565697199994,75D,75D,2025-07-11T18:18:00.000000,911_calls,2025-07-11 18:18:00,Friday,18,7,3.0
call_1579,40.86345833400003,-73.90174073399999,10P2,10P2,2025-07-10T19:19:00.000000,911_calls,2025-07-10 19:19:00,Thursday,19,7,3.0
call_1580,40.608861932000025,-73.95804002099999,75S,75S,2025-07-09T20:20:00.000000,911_calls,2025-07-09 20:20:00,Wednesday,20,7,3.0
call_1581,40.826282132000074,-73.92070763799995,68Q1,68Q1,2025-07-08T21:21:00.000000,911_calls,2025-07-08 21:21:00,Tuesday,21,7,3.0
call_1582,40.75736191000004,-73.92912776099996,10P2,10P2,2025-07-07T22:22:00.000000,911_calls,2025-07-07 22:22:00,Monday,22,7,3.0
call_1583,40.711952093000036,-73.98985467599994,68Q1,68Q1,2025-07-06T23:23:00.000000,911_calls,2025-07-06 23:23:00,Sunday,23,7,3.0
call_1584,40.744172707000075,-73.98894034199998,54S2,54S2,2025-07-05T00:24:00.000000,911_calls,2025-07-05 00:24:00,Saturday,0,7,3.0
call_1585,40.60780806200006,-73.81931183899997,75D,75D,2025-07-04T01:25:00.000000,911_calls,2025-07-04 01:25:00,Friday,1,7,3.0
call_1586,40.84980933200006,-73.94318032999996,53S8,53S8,2025-07-03T02:26:00.000000,911_calls,2025-07-03 02:26:00,Thursday,2,7,3.0
call_1587,40.763808604000076,-73.98872409799998,68Q1,68Q1,2025-07-02T03:27:00.000000,911_calls,2025-07-02 03:27:00,Wednesday,3,7,3.0
call_1588,40.82782501300005,-73.92534538199999,54E9,54E9,2025-07-01T04:28:00.000000,911_calls,2025-07-01 04:28:00,Tuesday,4,7,3.0
call_1589,40.67210040400005,-73.87111383099995,75I,75I,2025-06-30T05:29:00.000000,911_calls,2025-06-30 05:29:00,Monday,5,6,3.0
call_1590,40.71465309600006,-74.00816464399998,68Q9,68Q9,2025-07-29T06:30:00.000000,911_calls,2025-07-29 06:30:00,Tuesday,6,7,3.0
call_1591,40.68723707300006,-73.92221432099996,68Q1,68Q1,2025-07-28T07:31:00.000000,911_calls,2025-07-28 07:31:00,Monday,7,7,3.0
call_1592,40.62449533600005,-74.07996332299996,75D,75D,2025-07-27T08:32:00.000000,911_calls,2025-07-27 08:32:00,Sunday,8,7,3.0
call_1593,40.849727216000076,-73.90578765199996,75S,75S,2025-07-26T09:33:00.000000,911_calls,2025-07-26 09:33:00,Saturday,9,7,3.0
call_1594,40.65184534600007,-73.92988853999998,75Z,75Z,2025-07-25T10:34:00.000000,911_calls,2025-07-25 10:34:00,Friday,10,7,3.0
call_1595,40.76535388900004,-73.87374556099996,22V2,22V2,2025-07-24T11:35:00.000000,911_calls,2025-07-24 11:35:00,Thursday,11,7,3.0
call_1596,40.70283977200006,-73.99410103799994,54U2,54U2,2025-07-23T12:36:00.000000,911_calls,2025-07-23 12:36:00,Wednesday,12,7,3.0
call_1597,40.66744666500006,-73.87237725799997,75I,75I,2025-07-22T13:37:00.000000,911_calls,2025-07-22 13:37:00,Tuesday,13,7,3.0
call_1598,40.85501743800006,-73.88307521799999,39H1,39H1,2025-07-21T14:38:00.000000,911_calls,2025-07-21 14:38:00,Monday,14,7,3.0
call_1599,40.679011668000044,-73.91922068399998,52D6,52D6,2025-07-20T15:39:00.000000,911_calls,2025-07-20 15:39:00,Sunday,15,7,3.0
call_1600,40.66888376700007,-73.93250571899995,54S9,54S9,2025-07-19T16:40:00.000000,911_calls,2025-07-19 16:40:00,Saturday,16,7,3.0
call_1601,40.768783520000056,-73.91046181299998,54S2,54S2,2025-07-18T17:41:00.000000,911_calls,2025-07-18 17:41:00,Friday,17,7,3.0
call_1602,40.76456598800007,-73.97175720899997,54S2,54S2,2025-07-17T18:42:00.000000,911_calls,2025-07-17 18:42:00,Thursday,18,7,3.0
call_1603,40.77543410700008,-73.95198490299998,68Q1,68Q1,2025-07-16T19:43:00.000000,911_calls,2025-07-16 19:43:00,Wednesday,19,7,3.0
call_1604,40.69519897600003,-73.95084903199995,75M,75M,2025-07-15T20:44:00.000000,911_calls,2025-07-15 20:44:00,Tuesday,20,7,3.0
call_1605,40.661078030000056,-73.99371545899999,68Q1,68Q1,2025-07-14T21:45:00.000000,911_calls,2025-07-14 21:45:00,Monday,21,7,3.0
call_1606,40.696493892000035,-73.94943081499997,24Q2,24Q2,2025-07-13T22:46:00.000000,911_calls,2025-07-13 22:46:00,Sunday,22,7,3.0
call_1607,40.81468002500003,-73.91656689099995,10H1,10H1,2025-07-12T23:47:00.000000,911_calls,2025-07-12 23:47:00,Saturday,23,7,3.0
call_1608,40.84364319300005,-73.94016047699995,54E1,54E1,2025-07-11T00:48:00.000000,911_calls,2025-07-11 00:48:00,Friday,0,7,3.0
call_1609,40.84364319300005,-73.94016047699995,54E1,54E1,2025-07-10T01:49:00.000000,911_calls,2025-07-10 01:49:00,Thursday,1,7,3.0
call_1610,40.80377589700004,-73.91373785399998,53S,53S,2025-07-09T02:50:00.000000,911_calls,2025-07-09 02:50:00,Wednesday,2,7,3.0
call_1611,40.67009720800007,-73.87403762199995,75I,75I,2025-07-08T03:51:00.000000,911_calls,2025-07-08 03:51:00,Tuesday,3,7,3.0
call_1612,40.76178801400005,-73.96129719099997,68Q1,68Q1,2025-07-07T04:52:00.000000,911_calls,2025-07-07 04:52:00,Monday,4,7,3.0
call_1613,40.827899467000066,-73.92588369299995,75M,75M,2025-07-06T05:53:00.000000,911_calls,2025-07-06 05:53:00,Sunday,5,7,3.0
call_1614,40.74526492500007,-73.90503314699998,68Q2,68Q2,2025-07-05T06:54:00.000000,911_calls,2025-07-05 06:54:00,Saturday,6,7,3.0
call_1615,40.86600470600007,-73.87043794899995,39C1,39C1,2025-07-04T07:55:00.000000,911_calls,2025-07-04 07:55:00,Friday,7,7,3.0
call_1616,40.668883566000034,-73.98655204599999,75D,75D,2025-07-03T08:56:00.000000,911_calls,2025-07-03 08:56:00,Thursday,8,7,3.0
call_1617,40.87745403900004,-73.86667299299995,75S,75S,2025-07-02T09:57:00.000000,911_calls,2025-07-02 09:57:00,Wednesday,9,7,3.0
call_1618,40.81464181000007,-73.94418938599995,75D,75D,2025-07-01T10:58:00.000000,911_calls,2025-07-01 10:58:00,Tuesday,10,7,3.0
call_1619,40.76198309100005,-73.98633471299996,34K1,34K1,2025-06-30T11:59:00.000000,911_calls,2025-06-30 11:59:00,Monday,11,6,3.0
call_1620,40.76198309100005,-73.98633471299996,34K1,34K1,2025-07-29T12:00:00.000000,911_calls,2025-07-29 12:00:00,Tuesday,12,7,3.0
call_1621,40.75664204200007,-73.98837157699995,75S,75S,2025-07-28T13:01:00.000000,911_calls,2025-07-28 13:01:00,Monday,13,7,3.0
call_1622,40.84450299200006,-73.93635024499997,68Q1,68Q1,2025-07-27T14:02:00.000000,911_calls,2025-07-27 14:02:00,Sunday,14,7,3.0
call_1623,40.65462789000003,-74.00418568699996,75O,75O,2025-07-26T15:03:00.000000,911_calls,2025-07-26 15:03:00,Saturday,15,7,3.0
call_1624,40.64026568200006,-74.01901565699995,75Z,75Z,2025-07-25T16:04:00.000000,911_calls,2025-07-25 16:04:00,Friday,16,7,3.0
call_1625,40.60440637700003,-73.97409016599994,68Q1,68Q1,2025-07-24T17:05:00.000000,911_calls,2025-07-24 17:05:00,Thursday,17,7,3.0
call_1626,40.605002926000054,-73.97860599099994,68Q1,68Q1,2025-07-23T18:06:00.000000,911_calls,2025-07-23 18:06:00,Wednesday,18,7,3.0
call_1627,40.68913703900006,-73.93178928699996,75D,75D,2025-07-22T19:07:00.000000,911_calls,2025-07-22 19:07:00,Tuesday,19,7,3.0
call_1628,40.60424683600007,-73.97261370299998,68Q1,68Q1,2025-07-21T20:08:00.000000,911_calls,2025-07-21 20:08:00,Monday,20,7,3.0
call_1629,40.70254187100005,-73.79955059199995,75T,75T,2025-07-20T21:09:00.000000,911_calls,2025-07-20 21:09:00,Sunday,21,7,3.0
call_1630,40.75664204200007,-73.98837157699995,75O,75O,2025-07-19T22:10:00.000000,911_calls,2025-07-19 22:10:00,Saturday,22,7,3.0
call_1631,40.58095849000006,-73.83778063799997,75T,75T,2025-07-18T23:11:00.000000,911_calls,2025-07-18 23:11:00,Friday,23,7,3.0
call_1632,40.80404600700007,-73.93662010299994,75O,75O,2025-07-17T00:12:00.000000,911_calls,2025-07-17 00:12:00,Thursday,0,7,3.0
call_1633,40.821942740000054,-73.93873476499994,75D,75D,2025-07-16T01:13:00.000000,911_calls,2025-07-16 01:13:00,Wednesday,1,7,3.0
call_1634,40.736218594000036,-73.99098402399994,68Q1,68Q1,2025-07-15T02:14:00.000000,911_calls,2025-07-15 02:14:00,Tuesday,2,7,3.0
call_1635,40.60551356800005,-73.97920365199997,68Q1,68Q1,2025-07-14T03:15:00.000000,911_calls,2025-07-14 03:15:00,Monday,3,7,3.0
call_1636,40.75545687600004,-74.00223209299998,75M,75M,2025-07-13T04:16:00.000000,911_calls,2025-07-13 04:16:00,Sunday,4,7,3.0
call_1637,40.68346026200004,-73.87288383999999,75S,75S,2025-07-12T05:17:00.000000,911_calls,2025-07-12 05:17:00,Saturday,5,7,3.0
call_1638,40.75521188700003,-73.98704355199999,10H1,10H1,2025-07-11T06:18:00.000000,911_calls,2025-07-11 06:18:00,Friday,6,7,3.0
call_1639,40.79447877000007,-73.94361037899995,13X1,13X1,2025-07-10T07:19:00.000000,911_calls,2025-07-10 07:19:00,Thursday,7,7,3.0
call_1640,40.79447877000007,-73.94361037899995,13X1,13X1,2025-07-09T08:20:00.000000,911_calls,2025-07-09 08:20:00,Wednesday,8,7,3.0
call_1641,40.75058041300008,-73.94016827599995,10P9,10P9,2025-07-08T09:21:00.000000,911_calls,2025-07-08 09:21:00,Tuesday,9,7,3.0
call_1642,40.725745937000056,-73.83775651999997,53X,53X,2025-07-07T10:22:00.000000,911_calls,2025-07-07 10:22:00,Monday,10,7,3.0
call_1643,40.725745937000056,-73.83775651999997,53X,53X,2025-07-06T11:23:00.000000,911_calls,2025-07-06 11:23:00,Sunday,11,7,3.0
call_1644,40.64395993900007,-73.97966371899997,75S,75S,2025-07-05T12:24:00.000000,911_calls,2025-07-05 12:24:00,Saturday,12,7,3.0
call_1645,40.67245786700005,-73.87417375699994,75I,75I,2025-07-04T13:25:00.000000,911_calls,2025-07-04 13:25:00,Friday,13,7,3.0
call_1646,40.65046717200005,-73.95726787499996,10V2,10V2,2025-07-03T14:26:00.000000,911_calls,2025-07-03 14:26:00,Thursday,14,7,3.0
call_1647,40.742384009000034,-73.90634361999997,68Q2,68Q2,2025-07-02T15:27:00.000000,911_calls,2025-07-02 15:27:00,Wednesday,15,7,3.0
call_1648,40.89371668000007,-73.89644055699995,10Y3,10Y3,2025-07-01T16:28:00.000000,911_calls,2025-07-01 16:28:00,Tuesday,16,7,3.0
call_1649,40.744893027000046,-73.89403740299997,68Q2,68Q2,2025-06-30T17:29:00.000000,911_calls,2025-06-30 17:29:00,Monday,17,6,3.0
call_1650,40.65462789000003,-74.00418568699996,75O,75O,2025-07-29T18:30:00.000000,911_calls,2025-07-29 18:30:00,Tuesday,18,7,3.0
call_1651,40.81334708700007,-73.93048428399999,75M,75M,2025-07-28T19:31:00.000000,911_calls,2025-07-28 19:31:00,Monday,19,7,3.0
call_1652,40.70355491400005,-73.79967738599998,75D,75D,2025-07-27T20:32:00.000000,911_calls,2025-07-27 20:32:00,Sunday,20,7,3.0
call_1653,40.76992308300004,-73.95298530199995,75D,75D,2025-07-26T21:33:00.000000,911_calls,2025-07-26 21:33:00,Saturday,21,7,3.0
call_1654,40.75664204200007,-73.98837157699995,11C4,11C4,2025-07-25T22:34:00.000000,911_calls,2025-07-25 22:34:00,Friday,22,7,3.0
call_1655,40.67338152900004,-73.83414910199997,54U1,54U1,2025-07-24T23:35:00.000000,911_calls,2025-07-24 23:35:00,Thursday,23,7,3.0
call_1656,40.79763487500003,-73.96314001099995,75D,75D,2025-07-23T00:36:00.000000,911_calls,2025-07-23 00:36:00,Wednesday,0,7,3.0
call_1657,40.70808588800003,-73.75147916499998,10H1,10H1,2025-07-22T01:37:00.000000,911_calls,2025-07-22 01:37:00,Tuesday,1,7,3.0
call_1658,40.72020968000004,-73.97938071199997,68Q1,68Q1,2025-07-21T02:38:00.000000,911_calls,2025-07-21 02:38:00,Monday,2,7,3.0
call_1659,40.81339064900004,-73.94508997099996,75D,75D,2025-07-20T03:39:00.000000,911_calls,2025-07-20 03:39:00,Sunday,3,7,3.0
call_1660,40.66744666500006,-73.87237725799997,75I,75I,2025-07-19T04:40:00.000000,911_calls,2025-07-19 04:40:00,Saturday,4,7,3.0
call_1661,40.74590243000006,-73.99990761599997,50G2,50G2,2025-07-18T05:41:00.000000,911_calls,2025-07-18 05:41:00,Friday,5,7,3.0
call_1662,40.729107200000044,-74.00446457899994,11C4,11C4,2025-07-17T06:42:00.000000,911_calls,2025-07-17 06:42:00,Thursday,6,7,3.0
call_1663,40.82173304600008,-73.90476143399997,75D,75D,2025-07-16T07:43:00.000000,911_calls,2025-07-16 07:43:00,Wednesday,7,7,3.0
call_1664,40.682907777000025,-73.97661959299995,10V2,10V2,2025-07-15T08:44:00.000000,911_calls,2025-07-15 08:44:00,Tuesday,8,7,3.0
call_1665,40.75979352100006,-73.99585391499994,34Q1,34Q1,2025-07-14T09:45:00.000000,911_calls,2025-07-14 09:45:00,Monday,9,7,3.0
call_1666,40.76729627000003,-73.77291888299999,50P2,50P2,2025-07-13T10:46:00.000000,911_calls,2025-07-13 10:46:00,Sunday,10,7,3.0
call_1667,40.65462789000003,-74.00418568699996,75S,75S,2025-07-12T11:47:00.000000,911_calls,2025-07-12 11:47:00,Saturday,11,7,3.0
call_1668,40.72082690500008,-73.94492452399999,53S,53S,2025-07-11T12:48:00.000000,911_calls,2025-07-11 12:48:00,Friday,12,7,3.0
call_1669,40.65254790900008,-73.89098381599996,75D,75D,2025-07-10T13:49:00.000000,911_calls,2025-07-10 13:49:00,Thursday,13,7,3.0
call_1670,40.828754623000066,-73.86659351599997,68Q1,68Q1,2025-07-09T14:50:00.000000,911_calls,2025-07-09 14:50:00,Wednesday,14,7,3.0
call_1671,40.62559358000004,-73.99715551999998,75M,75M,2025-07-08T15:51:00.000000,911_calls,2025-07-08 15:51:00,Tuesday,15,7,3.0
call_1672,40.66744666500006,-73.87237725799997,75I,75I,2025-07-07T16:52:00.000000,911_calls,2025-07-07 16:52:00,Monday,16,7,3.0
call_1673,40.517089544000044,-74.24037950699994,75D,75D,2025-07-06T17:53:00.000000,911_calls,2025-07-06 17:53:00,Sunday,17,7,3.0
call_1674,40.67277409600007,-73.73420582399996,54S2,54S2,2025-07-05T18:54:00.000000,911_calls,2025-07-05 18:54:00,Saturday,18,7,3.0
call_1675,40.78379559800004,-73.85711445599998,75D,75D,2025-07-04T19:55:00.000000,911_calls,2025-07-04 19:55:00,Friday,19,7,3.0
call_1676,40.66191021100008,-73.88246574399994,22Q1,22Q1,2025-07-03T20:56:00.000000,911_calls,2025-07-03 20:56:00,Thursday,20,7,3.0
call_1677,40.72078298800005,-73.97752984799996,75I,75I,2025-07-02T21:57:00.000000,911_calls,2025-07-02 21:57:00,Wednesday,21,7,3.0
call_1678,40.81179819500005,-73.94998985099994,75D,75D,2025-07-01T22:58:00.000000,911_calls,2025-07-01 22:58:00,Tuesday,22,7,3.0
call_1679,40.86085841600004,-73.89778957199997,75O,75O,2025-06-30T23:59:00.000000,911_calls,2025-06-30 23:59:00,Monday,23,6,3.0
call_1680,40.64498150400004,-74.07732129999994,68Q1,68Q1,2025-07-29T00:00:00.000000,911_calls,2025-07-29 00:00:00,Tuesday,0,7,3.0
call_1681,40.681161720000034,-73.96441581099998,10H2,10H2,2025-07-28T01:01:00.000000,911_calls,2025-07-28 01:01:00,Monday,1,7,3.0
call_1682,40.54059638700005,-74.17683949599996,75D,75D,2025-07-27T02:02:00.000000,911_calls,2025-07-27 02:02:00,Sunday,2,7,3.0
call_1683,40.65462789000003,-74.00418568699996,75O,75O,2025-07-26T03:03:00.000000,911_calls,2025-07-26 03:03:00,Saturday,3,7,3.0
call_1684,40.85111921300006,-73.90631703399998,10Y3,10Y3,2025-07-25T04:04:00.000000,911_calls,2025-07-25 04:04:00,Friday,4,7,3.0
call_1685,40.861487398000065,-73.92312039299998,52D1,52D1,2025-07-24T05:05:00.000000,911_calls,2025-07-24 05:05:00,Thursday,5,7,3.0
call_1686,40.72907407900004,-73.86437568899998,68Q2,68Q2,2025-07-23T06:06:00.000000,911_calls,2025-07-23 06:06:00,Wednesday,6,7,3.0
call_1687,40.745850535000045,-73.88502436299996,10V2,10V2,2025-07-22T07:07:00.000000,911_calls,2025-07-22 07:07:00,Tuesday,7,7,3.0
call_1688,40.67485050400006,-73.98489249999994,68Q1,68Q1,2025-07-21T08:08:00.000000,911_calls,2025-07-21 08:08:00,Monday,8,7,3.0
call_1689,40.693724908000036,-73.95055441699998,10V2,10V2,2025-07-20T09:09:00.000000,911_calls,2025-07-20 09:09:00,Sunday,9,7,3.0
call_1690,40.68004872600005,-73.77590919399995,54S1,54S1,2025-07-19T10:10:00.000000,911_calls,2025-07-19 10:10:00,Saturday,10,7,3.0
call_1691,40.671634710000035,-73.87442765599997,75I,75I,2025-07-18T11:11:00.000000,911_calls,2025-07-18 11:11:00,Friday,11,7,3.0
call_1692,40.685851213000035,-73.96036412099994,52K6,52K6,2025-07-17T12:12:00.000000,911_calls,2025-07-17 12:12:00,Thursday,12,7,3.0
call_1693,40.57720791600008,-73.99028911799996,75I,75I,2025-07-16T13:13:00.000000,911_calls,2025-07-16 13:13:00,Wednesday,13,7,3.0
call_1694,40.62966608800008,-74.02853084299994,68Q1,68Q1,2025-07-15T14:14:00.000000,911_calls,2025-07-15 14:14:00,Tuesday,14,7,3.0
call_1695,40.816366145000075,-73.86762631099998,59R4,59R4,2025-07-14T15:15:00.000000,911_calls,2025-07-14 15:15:00,Monday,15,7,3.0
call_1696,40.84690651400007,-73.88276417699996,54S1,54S1,2025-07-13T16:16:00.000000,911_calls,2025-07-13 16:16:00,Sunday,16,7,3.0
call_1697,40.86275525800005,-73.90449300199998,75D,75D,2025-07-12T17:17:00.000000,911_calls,2025-07-12 17:17:00,Saturday,17,7,3.0
call_1698,40.84833817400005,-73.91247643899999,75S,75S,2025-07-11T18:18:00.000000,911_calls,2025-07-11 18:18:00,Friday,18,7,3.0
call_1699,40.62236021500007,-73.99713764599994,68Q1,68Q1,2025-07-10T19:19:00.000000,911_calls,2025-07-10 19:19:00,Thursday,19,7,3.0
call_1700,40.75894852500005,-73.82780325099998,75H,75H,2025-07-09T20:20:00.000000,911_calls,2025-07-09 20:20:00,Wednesday,20,7,3.0
call_1701,40.83732773700007,-73.90381756699998,75I,75I,2025-07-08T21:21:00.000000,911_calls,2025-07-08 21:21:00,Tuesday,21,7,3.0
call_1702,40.64475207900006,-74.08724138199995,75D,75D,2025-07-07T22:22:00.000000,911_calls,2025-07-07 22:22:00,Monday,22,7,3.0
call_1703,40.83590005600007,-73.87732669899998,75D,75D,2025-07-06T23:23:00.000000,911_calls,2025-07-06 23:23:00,Sunday,23,7,3.0
call_1704,40.61761420700003,-73.99172764299993,68Q1,68Q1,2025-07-05T00:24:00.000000,911_calls,2025-07-05 00:24:00,Saturday,0,7,3.0
call_1705,40.57801531800004,-73.96454995799996,68Q1,68Q1,2025-07-04T01:25:00.000000,911_calls,2025-07-04 01:25:00,Friday,1,7,3.0
call_1706,40.71095979100005,-73.79317685999996,75M,75M,2025-07-03T02:26:00.000000,911_calls,2025-07-03 02:26:00,Thursday,2,7,3.0
call_1707,40.66968264500008,-73.87146456599999,75I,75I,2025-07-02T03:27:00.000000,911_calls,2025-07-02 03:27:00,Wednesday,3,7,3.0
call_1708,40.605276651000054,-73.99935680099998,68Q1,68Q1,2025-07-01T04:28:00.000000,911_calls,2025-07-01 04:28:00,Tuesday,4,7,3.0
call_1709,40.796705606000046,-73.82624645999994,75D,75D,2025-06-30T05:29:00.000000,911_calls,2025-06-30 05:29:00,Monday,5,6,3.0
call_1710,40.67677262400008,-73.97389981999999,75H,75H,2025-07-29T06:30:00.000000,911_calls,2025-07-29 06:30:00,Tuesday,6,7,3.0
call_1711,40.84354252300005,-73.91162978899996,68Q1,68Q1,2025-07-28T07:31:00.000000,911_calls,2025-07-28 07:31:00,Monday,7,7,3.0
call_1712,40.776822493000054,-73.97738095799997,75M,75M,2025-07-27T08:32:00.000000,911_calls,2025-07-27 08:32:00,Sunday,8,7,3.0
call_1713,40.749733638000066,-73.98967568499995,54S2,54S2,2025-07-26T09:33:00.000000,911_calls,2025-07-26 09:33:00,Saturday,9,7,3.0
call_1714,40.785573905000035,-73.80948030299999,75H,75H,2025-07-25T10:34:00.000000,911_calls,2025-07-25 10:34:00,Friday,10,7,3.0
call_1715,40.668647132000046,-73.87327975599999,75I,75I,2025-07-24T11:35:00.000000,911_calls,2025-07-24 11:35:00,Thursday,11,7,3.0
call_1716,40.52461153300004,-74.23044285999998,75Z,75Z,2025-07-23T12:36:00.000000,911_calls,2025-07-23 12:36:00,Wednesday,12,7,3.0
call_1717,40.67210040400005,-73.87111383099995,75I,75I,2025-07-22T13:37:00.000000,911_calls,2025-07-22 13:37:00,Tuesday,13,7,3.0
call_1718,40.68151004300006,-73.95574450999999,75S,75S,2025-07-21T14:38:00.000000,911_calls,2025-07-21 14:38:00,Monday,14,7,3.0
call_1719,40.89818459800006,-73.84465685499998,52D6,52D6,2025-07-20T15:39:00.000000,911_calls,2025-07-20 15:39:00,Sunday,15,7,3.0
call_1720,40.69177551300004,-73.86442991999996,75D,75D,2025-07-19T16:40:00.000000,911_calls,2025-07-19 16:40:00,Saturday,16,7,3.0
call_1721,40.76944622800005,-73.95480879699994,75D,75D,2025-07-18T17:41:00.000000,911_calls,2025-07-18 17:41:00,Friday,17,7,3.0
call_1722,40.88855868600007,-73.85497967499998,10S4,10S4,2025-07-17T18:42:00.000000,911_calls,2025-07-17 18:42:00,Thursday,18,7,3.0
call_1723,40.790601054000035,-73.93936309199995,54U2,54U2,2025-07-16T19:43:00.000000,911_calls,2025-07-16 19:43:00,Wednesday,19,7,3.0
call_1724,40.70598235800003,-73.80509469799995,52D1,52D1,2025-07-15T20:44:00.000000,911_calls,2025-07-15 20:44:00,Tuesday,20,7,3.0
call_1725,40.74435360000007,-73.98649711799999,59R4,59R4,2025-07-14T21:45:00.000000,911_calls,2025-07-14 21:45:00,Monday,21,7,3.0
call_1726,40.72078298800005,-73.97752984799996,75I,75I,2025-07-13T22:46:00.000000,911_calls,2025-07-13 22:46:00,Sunday,22,7,3.0
call_1727,40.74292949900007,-73.99079545899997,39Q1,39Q1,2025-07-12T23:47:00.000000,911_calls,2025-07-12 23:47:00,Saturday,23,7,3.0
call_1728,40.83173741000007,-73.85248004899995,53I,53I,2025-07-11T00:48:00.000000,911_calls,2025-07-11 00:48:00,Friday,0,7,3.0
call_1729,40.68057825600005,-73.95246421199994,75Z,75Z,2025-07-10T01:49:00.000000,911_calls,2025-07-10 01:49:00,Thursday,1,7,3.0
call_1730,40.679450865000035,-73.75079630299996,75D,75D,2025-07-09T02:50:00.000000,911_calls,2025-07-09 02:50:00,Wednesday,2,7,3.0
call_1731,40.75664204200007,-73.98837157699995,75O,75O,2025-07-08T03:51:00.000000,911_calls,2025-07-08 03:51:00,Tuesday,3,7,3.0
call_1732,40.726865400000065,-73.86049446299995,10Y3,10Y3,2025-07-07T04:52:00.000000,911_calls,2025-07-07 04:52:00,Monday,4,7,3.0
call_1733,40.66888376700007,-73.93250571899995,50P9,50P9,2025-07-06T05:53:00.000000,911_calls,2025-07-06 05:53:00,Sunday,5,7,3.0
call_1734,40.67834756000008,-73.91191357999998,75D,75D,2025-07-05T06:54:00.000000,911_calls,2025-07-05 06:54:00,Saturday,6,7,3.0
call_1735,40.82226207200006,-73.94053739799995,68Q1,68Q1,2025-07-04T07:55:00.000000,911_calls,2025-07-04 07:55:00,Friday,7,7,3.0
call_1736,40.69377100300005,-73.92021251599994,10S4,10S4,2025-07-03T08:56:00.000000,911_calls,2025-07-03 08:56:00,Thursday,8,7,3.0
call_1737,40.838424184000075,-73.86653075899994,10H1,10H1,2025-07-02T09:57:00.000000,911_calls,2025-07-02 09:57:00,Wednesday,9,7,3.0
call_1738,40.71626346000005,-73.98407867999998,75D,75D,2025-07-01T10:58:00.000000,911_calls,2025-07-01 10:58:00,Tuesday,10,7,3.0
call_1739,40.80814283800004,-73.94530020299999,68Q1,68Q1,2025-06-30T11:59:00.000000,911_calls,2025-06-30 11:59:00,Monday,11,6,3.0
call_1740,40.72047063700006,-73.80920103299997,75D,75D,2025-07-29T12:00:00.000000,911_calls,2025-07-29 12:00:00,Tuesday,12,7,3.0
call_1741,40.82232314000004,-73.93666773099994,68Q1,68Q1,2025-07-28T13:01:00.000000,911_calls,2025-07-28 13:01:00,Monday,13,7,3.0
call_1742,40.75924936100006,-73.98663487499994,54U2,54U2,2025-07-27T14:02:00.000000,911_calls,2025-07-27 14:02:00,Sunday,14,7,3.0
call_1743,40.75058041300008,-73.94016827599995,75M,75M,2025-07-26T15:03:00.000000,911_calls,2025-07-26 15:03:00,Saturday,15,7,3.0
call_1744,40.753668041000026,-73.90345831399998,10V2,10V2,2025-07-25T16:04:00.000000,911_calls,2025-07-25 16:04:00,Friday,16,7,3.0
call_1745,40.58469474000003,-73.96018653899995,10V8,10V8,2025-07-24T17:05:00.000000,911_calls,2025-07-24 17:05:00,Thursday,17,7,3.0
call_1746,40.691849912000066,-73.95656703099996,10V2,10V2,2025-07-23T18:06:00.000000,911_calls,2025-07-23 18:06:00,Wednesday,18,7,3.0
call_1747,40.656923240000026,-73.93964677899999,10Y3,10Y3,2025-07-22T19:07:00.000000,911_calls,2025-07-22 19:07:00,Tuesday,19,7,3.0
call_1748,40.751112050000074,-73.97524941899997,54C1,54C1,2025-07-21T20:08:00.000000,911_calls,2025-07-21 20:08:00,Monday,20,7,3.0
call_1749,40.80959683800006,-73.94978559799995,10H2,10H2,2025-07-20T21:09:00.000000,911_calls,2025-07-20 21:09:00,Sunday,21,7,3.0
call_1750,40.67270571600005,-73.87242487399999,75I,75I,2025-07-19T22:10:00.000000,911_calls,2025-07-19 22:10:00,Saturday,22,7,3.0
call_1751,40.676330602000064,-74.00868270099994,75D,75D,2025-07-18T23:11:00.000000,911_calls,2025-07-18 23:11:00,Friday,23,7,3.0
call_1752,40.70787580000007,-74.01327836699994,54S9,54S9,2025-07-17T00:12:00.000000,911_calls,2025-07-17 00:12:00,Thursday,0,7,3.0
call_1753,40.826667745000066,-73.88625055599994,75T,75T,2025-07-16T01:13:00.000000,911_calls,2025-07-16 01:13:00,Wednesday,1,7,3.0
call_1754,40.84582439900004,-73.93856819599995,68Q1,68Q1,2025-07-15T02:14:00.000000,911_calls,2025-07-15 02:14:00,Tuesday,2,7,3.0
call_1755,40.78819836000008,-73.94266955599994,11C4,11C4,2025-07-14T03:15:00.000000,911_calls,2025-07-14 03:15:00,Monday,3,7,3.0
call_1756,40.69587104300007,-73.82054813399998,75D,75D,2025-07-13T04:16:00.000000,911_calls,2025-07-13 04:16:00,Sunday,4,7,3.0
call_1757,40.86281598200003,-73.90829619399994,11C4,11C4,2025-07-12T05:17:00.000000,911_calls,2025-07-12 05:17:00,Saturday,5,7,3.0
call_1758,40.65859540800005,-73.98134963399997,75D,75D,2025-07-11T06:18:00.000000,911_calls,2025-07-11 06:18:00,Friday,6,7,3.0
call_1759,40.70607933000008,-73.80081315199999,75D,75D,2025-07-10T07:19:00.000000,911_calls,2025-07-10 07:19:00,Thursday,7,7,3.0
call_1760,40.628252744000065,-74.02761878699994,75D,75D,2025-07-09T08:20:00.000000,911_calls,2025-07-09 08:20:00,Wednesday,8,7,3.0
call_1761,40.749899665000044,-73.88291684499995,10V2,10V2,2025-07-08T09:21:00.000000,911_calls,2025-07-08 09:21:00,Tuesday,9,7,3.0
call_1762,40.705628483000055,-73.81014159699998,75S,75S,2025-07-07T10:22:00.000000,911_calls,2025-07-07 10:22:00,Monday,10,7,3.0
call_1763,40.621779237000055,-74.07815174999996,75D,75D,2025-07-06T11:23:00.000000,911_calls,2025-07-06 11:23:00,Sunday,11,7,3.0
call_1764,40.70451983100003,-73.89347040299998,54S1,54S1,2025-07-05T12:24:00.000000,911_calls,2025-07-05 12:24:00,Saturday,12,7,3.0
call_1765,40.67836827600007,-73.90352044899998,75S,75S,2025-07-04T13:25:00.000000,911_calls,2025-07-04 13:25:00,Friday,13,7,3.0
call_1766,40.64214714600007,-73.97358906299996,10S4,10S4,2025-07-03T14:26:00.000000,911_calls,2025-07-03 14:26:00,Thursday,14,7,3.0
call_1767,40.80191116900005,-73.95539356899997,68U2,68U2,2025-07-02T15:27:00.000000,911_calls,2025-07-02 15:27:00,Wednesday,15,7,3.0
call_1768,40.86560949600005,-73.89474168599997,75S,75S,2025-07-01T16:28:00.000000,911_calls,2025-07-01 16:28:00,Tuesday,16,7,3.0
call_1769,40.60541396900004,-73.95669528599996,50G2,50G2,2025-06-30T17:29:00.000000,911_calls,2025-06-30 17:29:00,Monday,17,6,3.0
call_1770,40.70686081400004,-74.00661996799994,68Q1,68Q1,2025-07-29T18:30:00.000000,911_calls,2025-07-29 18:30:00,Tuesday,18,7,3.0
call_1771,40.722669980000035,-73.98600364999999,10H1,10H1,2025-07-28T19:31:00.000000,911_calls,2025-07-28 19:31:00,Monday,19,7,3.0
call_1772,40.75506923000006,-73.98767162199994,22Q1,22Q1,2025-07-27T20:32:00.000000,911_calls,2025-07-27 20:32:00,Sunday,20,7,3.0
call_1773,40.75664204200007,-73.98837157699995,75S,75S,2025-07-26T21:33:00.000000,911_calls,2025-07-26 21:33:00,Saturday,21,7,3.0
call_1774,40.675575887000036,-74.00726217999994,75D,75D,2025-07-25T22:34:00.000000,911_calls,2025-07-25 22:34:00,Friday,22,7,3.0
call_1775,40.81756136700005,-73.92786058299998,75S,75S,2025-07-24T23:35:00.000000,911_calls,2025-07-24 23:35:00,Thursday,23,7,3.0
call_1776,40.64564719600003,-73.90287588699994,75S,75S,2025-07-23T00:36:00.000000,911_calls,2025-07-23 00:36:00,Wednesday,0,7,3.0
call_1777,40.88311992000007,-73.90332096899994,54S1,54S1,2025-07-22T01:37:00.000000,911_calls,2025-07-22 01:37:00,Tuesday,1,7,3.0
call_1778,40.794952884000054,-73.97143733299998,75S,75S,2025-07-21T02:38:00.000000,911_calls,2025-07-21 02:38:00,Monday,2,7,3.0
call_1779,40.793361256000026,-73.97273815999995,75D,75D,2025-07-20T03:39:00.000000,911_calls,2025-07-20 03:39:00,Sunday,3,7,3.0
call_1780,40.56528940800007,-74.10757736099998,68Q1,68Q1,2025-07-19T04:40:00.000000,911_calls,2025-07-19 04:40:00,Saturday,4,7,3.0
call_1781,40.762268335000044,-73.75699498299997,75D,75D,2025-07-18T05:41:00.000000,911_calls,2025-07-18 05:41:00,Friday,5,7,3.0
call_1782,40.827899467000066,-73.92588369299995,75S,75S,2025-07-17T06:42:00.000000,911_calls,2025-07-17 06:42:00,Thursday,6,7,3.0
call_1783,40.747301899000036,-73.88718365899996,75D,75D,2025-07-16T07:43:00.000000,911_calls,2025-07-16 07:43:00,Wednesday,7,7,3.0
call_1784,40.76914830000004,-73.95811593899998,75D,75D,2025-07-15T08:44:00.000000,911_calls,2025-07-15 08:44:00,Tuesday,8,7,3.0
call_1785,40.65462789000003,-74.00418568699996,75S,75S,2025-07-14T09:45:00.000000,911_calls,2025-07-14 09:45:00,Monday,9,7,3.0
call_1786,40.675727746000064,-73.92149590099996,75D,75D,2025-07-13T10:46:00.000000,911_calls,2025-07-13 10:46:00,Sunday,10,7,3.0
call_1787,40.804538456000046,-73.93376967299997,75D,75D,2025-07-12T11:47:00.000000,911_calls,2025-07-12 11:47:00,Saturday,11,7,3.0
call_1788,40.76198309100005,-73.98633471299996,75S,75S,2025-07-11T12:48:00.000000,911_calls,2025-07-11 12:48:00,Friday,12,7,3.0
call_1789,40.752596391000054,-73.98946951099998,29H1,29H1,2025-07-10T13:49:00.000000,911_calls,2025-07-10 13:49:00,Thursday,13,7,3.0
call_1790,40.70545056800006,-73.92104973099998,75D,75D,2025-07-09T14:50:00.000000,911_calls,2025-07-09 14:50:00,Wednesday,14,7,3.0
call_1791,40.87562216300006,-73.87802723399994,10P2,10P2,2025-07-08T15:51:00.000000,911_calls,2025-07-08 15:51:00,Tuesday,15,7,3.0
call_1792,40.70213290600003,-73.75812664799997,11R4,11R4,2025-07-07T16:52:00.000000,911_calls,2025-07-07 16:52:00,Monday,16,7,3.0
call_1793,40.60900645400005,-73.97321320799995,68Q1,68Q1,2025-07-06T17:53:00.000000,911_calls,2025-07-06 17:53:00,Sunday,17,7,3.0
call_1794,40.75231007200006,-73.83416554499996,11C4,11C4,2025-07-05T18:54:00.000000,911_calls,2025-07-05 18:54:00,Saturday,18,7,3.0
call_1795,40.68714051200004,-73.85614609099997,52D6,52D6,2025-07-04T19:55:00.000000,911_calls,2025-07-04 19:55:00,Friday,19,7,3.0
call_1796,40.72418006500004,-73.95545280999994,29H2,29H2,2025-07-03T20:56:00.000000,911_calls,2025-07-03 20:56:00,Thursday,20,7,3.0
call_1797,40.834409864000065,-73.91769131999996,75S,75S,2025-07-02T21:57:00.000000,911_calls,2025-07-02 21:57:00,Wednesday,21,7,3.0
call_1798,40.69226368000005,-73.98774453499993,75O,75O,2025-07-01T22:58:00.000000,911_calls,2025-07-01 22:58:00,Tuesday,22,7,3.0
call_1799,40.70087665300008,-73.91558408399999,68Q1,68Q1,2025-06-30T23:59:00.000000,911_calls,2025-06-30 23:59:00,Monday,23,6,3.0
call_1800,40.749600533000034,-73.86537333399997,75D,75D,2025-07-29T00:00:00.000000,911_calls,2025-07-29 00:00:00,Tuesday,0,7,3.0
call_1801,40.64805055900007,-74.01444124599993,75D,75D,2025-07-28T01:01:00.000000,911_calls,2025-07-28 01:01:00,Monday,1,7,3.0
call_1802,40.855241729000056,-73.92940664399998,10V2,10V2,2025-07-27T02:02:00.000000,911_calls,2025-07-27 02:02:00,Sunday,2,7,3.0
call_1803,40.81747422800004,-73.89636049399996,68Q1,68Q1,2025-07-26T03:03:00.000000,911_calls,2025-07-26 03:03:00,Saturday,3,7,3.0
call_1804,40.65819694400005,-73.95853880799996,75Z,75Z,2025-07-25T04:04:00.000000,911_calls,2025-07-25 04:04:00,Friday,4,7,3.0
call_1805,40.76941550300006,-73.96085592299994,50P1,50P1,2025-07-24T05:05:00.000000,911_calls,2025-07-24 05:05:00,Thursday,5,7,3.0
call_1806,40.79719864200007,-73.94329385599997,68Q1,68Q1,2025-07-23T06:06:00.000000,911_calls,2025-07-23 06:06:00,Wednesday,6,7,3.0
call_1807,40.67061051200005,-73.97350930099998,75H,75H,2025-07-22T07:07:00.000000,911_calls,2025-07-22 07:07:00,Tuesday,7,7,3.0
call_1808,40.75058041300008,-73.94016827599995,10P9,10P9,2025-07-21T08:08:00.000000,911_calls,2025-07-21 08:08:00,Monday,8,7,3.0
call_1809,40.63799559500006,-73.90725038199997,75D,75D,2025-07-20T09:09:00.000000,911_calls,2025-07-20 09:09:00,Sunday,9,7,3.0
call_1810,40.68476079800007,-73.82631099299994,52K6,52K6,2025-07-19T10:10:00.000000,911_calls,2025-07-19 10:10:00,Saturday,10,7,3.0
call_1811,40.69974268200008,-73.91142368699997,75S,75S,2025-07-18T11:11:00.000000,911_calls,2025-07-18 11:11:00,Friday,11,7,3.0
call_1812,40.736720354000056,-73.98573728399998,68Q1,68Q1,2025-07-17T12:12:00.000000,911_calls,2025-07-17 12:12:00,Thursday,12,7,3.0
call_1813,40.69867719400003,-73.83024897799999,10H2,10H2,2025-07-16T13:13:00.000000,911_calls,2025-07-16 13:13:00,Wednesday,13,7,3.0
call_1814,40.76778482100008,-73.98162231199996,75S,75S,2025-07-15T14:14:00.000000,911_calls,2025-07-15 14:14:00,Tuesday,14,7,3.0
call_1815,40.63575578000007,-74.11957359999997,75I,75I,2025-07-14T15:15:00.000000,911_calls,2025-07-14 15:15:00,Monday,15,7,3.0
call_1816,40.63449190100005,-74.11815178699999,75I,75I,2025-07-13T16:16:00.000000,911_calls,2025-07-13 16:16:00,Sunday,16,7,3.0
call_1817,40.74308261700003,-73.95398943899994,75S,75S,2025-07-12T17:17:00.000000,911_calls,2025-07-12 17:17:00,Saturday,17,7,3.0
call_1818,40.84132291000003,-73.92442309199998,75D,75D,2025-07-11T18:18:00.000000,911_calls,2025-07-11 18:18:00,Friday,18,7,3.0
call_1819,40.812336766000044,-73.92566259599994,52K1,52K1,2025-07-10T19:19:00.000000,911_calls,2025-07-10 19:19:00,Thursday,19,7,3.0
call_1820,40.82075983800007,-73.92082260699993,75I,75I,2025-07-09T20:20:00.000000,911_calls,2025-07-09 20:20:00,Wednesday,20,7,3.0
call_1821,40.68346026200004,-73.87288383999999,75O,75O,2025-07-08T21:21:00.000000,911_calls,2025-07-08 21:21:00,Tuesday,21,7,3.0
call_1822,40.661580695000055,-73.95700124099994,24Q2,24Q2,2025-07-07T22:22:00.000000,911_calls,2025-07-07 22:22:00,Monday,22,7,3.0
call_1823,40.714946965000024,-73.82942115899993,75M,75M,2025-07-06T23:23:00.000000,911_calls,2025-07-06 23:23:00,Sunday,23,7,3.0
call_1824,40.565054547000045,-74.18438692599995,75H,75H,2025-07-05T00:24:00.000000,911_calls,2025-07-05 00:24:00,Saturday,0,7,3.0
call_1825,40.63093648500006,-74.16174567299998,34Q6,34Q6,2025-07-04T01:25:00.000000,911_calls,2025-07-04 01:25:00,Friday,1,7,3.0
call_1826,40.79958346600006,-73.96262243699994,34Q2,34Q2,2025-07-03T02:26:00.000000,911_calls,2025-07-03 02:26:00,Thursday,2,7,3.0
call_1827,40.67210040400005,-73.87111383099995,75D,75D,2025-07-02T03:27:00.000000,911_calls,2025-07-02 03:27:00,Wednesday,3,7,3.0
call_1828,40.71441921200005,-73.73957327599999,10V2,10V2,2025-07-01T04:28:00.000000,911_calls,2025-07-01 04:28:00,Tuesday,4,7,3.0
call_1829,40.71830890700005,-73.98926569499997,54U1,54U1,2025-06-30T05:29:00.000000,911_calls,2025-06-30 05:29:00,Monday,5,6,3.0
call_1830,40.57564361900006,-73.99378828999994,75D,75D,2025-07-29T06:30:00.000000,911_calls,2025-07-29 06:30:00,Tuesday,6,7,3.0
call_1831,40.71634415200003,-74.00125319299997,68Q1,68Q1,2025-07-28T07:31:00.000000,911_calls,2025-07-28 07:31:00,Monday,7,7,3.0
call_1832,40.667497300000036,-73.87101818999997,75I,75I,2025-07-27T08:32:00.000000,911_calls,2025-07-27 08:32:00,Sunday,8,7,3.0
call_1833,40.671015340000054,-73.91071923099997,10V2,10V2,2025-07-26T09:33:00.000000,911_calls,2025-07-26 09:33:00,Saturday,9,7,3.0
call_1834,40.604078962000074,-73.75472573599995,75S,75S,2025-07-25T10:34:00.000000,911_calls,2025-07-25 10:34:00,Friday,10,7,3.0
call_1835,40.85501743800006,-73.88307521799999,68Q1,68Q1,2025-07-24T11:35:00.000000,911_calls,2025-07-24 11:35:00,Thursday,11,7,3.0
call_1836,40.716621029000066,-73.99100831799996,68Q1,68Q1,2025-07-23T12:36:00.000000,911_calls,2025-07-23 12:36:00,Wednesday,12,7,3.0
call_1837,40.86735588200003,-73.92786441499999,10V2,10V2,2025-07-22T13:37:00.000000,911_calls,2025-07-22 13:37:00,Tuesday,13,7,3.0
call_1838,40.75226444800006,-73.99155933799995,54U1,54U1,2025-07-21T14:38:00.000000,911_calls,2025-07-21 14:38:00,Monday,14,7,3.0
call_1839,40.84659512200005,-73.89576934899998,10V2,10V2,2025-07-20T15:39:00.000000,911_calls,2025-07-20 15:39:00,Sunday,15,7,3.0
call_1840,40.656923240000026,-73.93964677899999,54S1,54S1,2025-07-19T16:40:00.000000,911_calls,2025-07-19 16:40:00,Saturday,16,7,3.0
call_1841,40.65088416300006,-73.89348036399997,54S1,54S1,2025-07-18T17:41:00.000000,911_calls,2025-07-18 17:41:00,Friday,17,7,3.0
call_1842,40.677419358000066,-73.98305685499997,10Y3,10Y3,2025-07-17T18:42:00.000000,911_calls,2025-07-17 18:42:00,Thursday,18,7,3.0
call_1843,40.75924936100006,-73.98663487499994,54S2,54S2,2025-07-16T19:43:00.000000,911_calls,2025-07-16 19:43:00,Wednesday,19,7,3.0
call_1844,40.75664204200007,-73.98837157699995,54S9,54S9,2025-07-15T20:44:00.000000,911_calls,2025-07-15 20:44:00,Tuesday,20,7,3.0
call_1845,40.871159334000026,-73.88894772099997,68Q1,68Q1,2025-07-14T21:45:00.000000,911_calls,2025-07-14 21:45:00,Monday,21,7,3.0
call_1846,40.65539077500006,-73.89313078399994,75D,75D,2025-07-13T22:46:00.000000,911_calls,2025-07-13 22:46:00,Sunday,22,7,3.0
call_1847,40.83507919300007,-73.91715926599994,68Q1,68Q1,2025-07-12T23:47:00.000000,911_calls,2025-07-12 23:47:00,Saturday,23,7,3.0
call_1848,40.667497300000036,-73.87101818999997,75I,75I,2025-07-11T00:48:00.000000,911_calls,2025-07-11 00:48:00,Friday,0,7,3.0
call_1849,40.68757877200005,-73.99260598799998,68Q1,68Q1,2025-07-10T01:49:00.000000,911_calls,2025-07-10 01:49:00,Thursday,1,7,3.0
call_1850,40.87182617500008,-73.89170905799995,68Q1,68Q1,2025-07-09T02:50:00.000000,911_calls,2025-07-09 02:50:00,Wednesday,2,7,3.0
call_1851,40.70945823400007,-73.81742037999999,39T1,39T1,2025-07-08T03:51:00.000000,911_calls,2025-07-08 03:51:00,Tuesday,3,7,3.0
call_1852,40.669051068000044,-73.90182525899996,75S,75S,2025-07-07T04:52:00.000000,911_calls,2025-07-07 04:52:00,Monday,4,7,3.0
call_1853,40.636034375000065,-74.02696626299996,75D,75D,2025-07-06T05:53:00.000000,911_calls,2025-07-06 05:53:00,Sunday,5,7,3.0
call_1854,40.80550434700007,-73.91647725199994,10Y3,10Y3,2025-07-05T06:54:00.000000,911_calls,2025-07-05 06:54:00,Saturday,6,7,3.0
call_1855,40.68023991100006,-73.84538446799996,75S,75S,2025-07-04T07:55:00.000000,911_calls,2025-07-04 07:55:00,Friday,7,7,3.0
call_1856,40.75211177400007,-73.87242800499996,10P2,10P2,2025-07-03T08:56:00.000000,911_calls,2025-07-03 08:56:00,Thursday,8,7,3.0
call_1857,40.82138013500003,-73.95710393599995,75D,75D,2025-07-02T09:57:00.000000,911_calls,2025-07-02 09:57:00,Wednesday,9,7,3.0
call_1858,40.83722494500006,-73.88729499199997,75T,75T,2025-07-01T10:58:00.000000,911_calls,2025-07-01 10:58:00,Tuesday,10,7,3.0
call_1859,40.68121575400005,-73.94203683199999,52D1,52D1,2025-06-30T11:59:00.000000,911_calls,2025-06-30 11:59:00,Monday,11,6,3.0
call_1860,40.87016298000003,-73.90422926499997,44H1,44H1,2025-07-29T12:00:00.000000,911_calls,2025-07-29 12:00:00,Tuesday,12,7,3.0
call_1861,40.852009200000055,-73.86778671699994,54C1,54C1,2025-07-28T13:01:00.000000,911_calls,2025-07-28 13:01:00,Monday,13,7,3.0
call_1862,40.68195166000004,-73.97239070399996,68Q1,68Q1,2025-07-27T14:02:00.000000,911_calls,2025-07-27 14:02:00,Sunday,14,7,3.0
call_1863,40.68933550400004,-73.80040882999998,52D2,52D2,2025-07-26T15:03:00.000000,911_calls,2025-07-26 15:03:00,Saturday,15,7,3.0
call_1864,40.770555718000026,-73.73502501899998,75D,75D,2025-07-25T16:04:00.000000,911_calls,2025-07-25 16:04:00,Friday,16,7,3.0
call_1865,40.69666565400007,-73.92265049999997,34K1,34K1,2025-07-24T17:05:00.000000,911_calls,2025-07-24 17:05:00,Thursday,17,7,3.0
call_1866,40.682635445000074,-73.97383262699998,68Q1,68Q1,2025-07-23T18:06:00.000000,911_calls,2025-07-23 18:06:00,Wednesday,18,7,3.0
call_1867,40.80941319900006,-73.94436716399997,68Q1,68Q1,2025-07-22T19:07:00.000000,911_calls,2025-07-22 19:07:00,Tuesday,19,7,3.0
call_1868,40.874064909000026,-73.89071465699999,75M,75M,2025-07-21T20:08:00.000000,911_calls,2025-07-21 20:08:00,Monday,20,7,3.0
call_1869,40.67906840200004,-73.90376820299997,75S,75S,2025-07-20T21:09:00.000000,911_calls,2025-07-20 21:09:00,Sunday,21,7,3.0
call_1870,40.69587104300007,-73.82054813399998,54S2,54S2,2025-07-19T22:10:00.000000,911_calls,2025-07-19 22:10:00,Saturday,22,7,3.0
call_1871,40.69501448600005,-73.99507900599997,10H2,10H2,2025-07-18T23:11:00.000000,911_calls,2025-07-18 23:11:00,Friday,23,7,3.0
call_1872,40.69038962900004,-73.99753859299994,68Q1,68Q1,2025-07-17T00:12:00.000000,911_calls,2025-07-17 00:12:00,Thursday,0,7,3.0
call_1873,40.81334708700007,-73.93048428399999,75O,75O,2025-07-16T01:13:00.000000,911_calls,2025-07-16 01:13:00,Wednesday,1,7,3.0
call_1874,40.65399938500008,-73.89636577299996,75I,75I,2025-07-15T02:14:00.000000,911_calls,2025-07-15 02:14:00,Tuesday,2,7,3.0
call_1875,40.68280264100008,-73.97281940899995,68Q1,68Q1,2025-07-14T03:15:00.000000,911_calls,2025-07-14 03:15:00,Monday,3,7,3.0
call_1876,40.721574160000046,-73.84390324699996,75S,75S,2025-07-13T04:16:00.000000,911_calls,2025-07-13 04:16:00,Sunday,4,7,3.0
call_1877,40.628252744000065,-74.02761878699994,75D,75D,2025-07-12T05:17:00.000000,911_calls,2025-07-12 05:17:00,Saturday,5,7,3.0
call_1878,40.68041746400007,-73.97295017499994,68Q1,68Q1,2025-07-11T06:18:00.000000,911_calls,2025-07-11 06:18:00,Friday,6,7,3.0
call_1879,40.75783900300007,-73.99121211099998,54U2,54U2,2025-07-10T07:19:00.000000,911_calls,2025-07-10 07:19:00,Thursday,7,7,3.0
call_1880,40.75783900300007,-73.99121211099998,54U2,54U2,2025-07-09T08:20:00.000000,911_calls,2025-07-09 08:20:00,Wednesday,8,7,3.0
call_1881,40.72876985400006,-73.78235525199995,75D,75D,2025-07-08T09:21:00.000000,911_calls,2025-07-08 09:21:00,Tuesday,9,7,3.0
call_1882,40.72173239000006,-73.94433212399997,54E1,54E1,2025-07-07T10:22:00.000000,911_calls,2025-07-07 10:22:00,Monday,10,7,3.0
call_1883,40.72173239000006,-73.94433212399997,54E1,54E1,2025-07-06T11:23:00.000000,911_calls,2025-07-06 11:23:00,Sunday,11,7,3.0
call_1884,40.67910832800004,-73.99150730399998,68Q1,68Q1,2025-07-05T12:24:00.000000,911_calls,2025-07-05 12:24:00,Saturday,12,7,3.0
call_1885,40.63809837200006,-74.08017058899998,75D,75D,2025-07-04T13:25:00.000000,911_calls,2025-07-04 13:25:00,Friday,13,7,3.0
call_1886,40.75531670700008,-73.99305326199999,54C1,54C1,2025-07-03T14:26:00.000000,911_calls,2025-07-03 14:26:00,Thursday,14,7,3.0
call_1887,40.608288909000066,-73.81617002399997,75O,75O,2025-07-02T15:27:00.000000,911_calls,2025-07-02 15:27:00,Wednesday,15,7,3.0
call_1888,40.70511006900006,-73.88231383799996,52D2,52D2,2025-07-01T16:28:00.000000,911_calls,2025-07-01 16:28:00,Tuesday,16,7,3.0
call_1889,40.73338396100007,-73.76031889899997,75H,75H,2025-06-30T17:29:00.000000,911_calls,2025-06-30 17:29:00,Monday,17,6,3.0
call_1890,40.76972363800007,-73.98998306599998,53S,53S,2025-07-29T18:30:00.000000,911_calls,2025-07-29 18:30:00,Tuesday,18,7,3.0
call_1891,40.66604157200004,-73.90696627099999,10V2,10V2,2025-07-28T19:31:00.000000,911_calls,2025-07-28 19:31:00,Monday,19,7,3.0
call_1892,40.69974144100007,-73.95055356099994,68Q1,68Q1,2025-07-27T20:32:00.000000,911_calls,2025-07-27 20:32:00,Sunday,20,7,3.0
call_1893,40.76443186900008,-73.97332759099999,56S9,56S9,2025-07-26T21:33:00.000000,911_calls,2025-07-26 21:33:00,Saturday,21,7,3.0
call_1894,40.74492419000006,-73.98401408999996,68Q1,68Q1,2025-07-25T22:34:00.000000,911_calls,2025-07-25 22:34:00,Friday,22,7,3.0
call_1895,40.57916262500004,-74.00037223199996,75D,75D,2025-07-24T23:35:00.000000,911_calls,2025-07-24 23:35:00,Thursday,23,7,3.0
call_1896,40.65462789000003,-74.00418568699996,75O,75O,2025-07-23T00:36:00.000000,911_calls,2025-07-23 00:36:00,Wednesday,0,7,3.0
call_1897,40.63854586200006,-73.97305362199995,39C2,39C2,2025-07-22T01:37:00.000000,911_calls,2025-07-22 01:37:00,Tuesday,1,7,3.0
call_1898,40.84912847900006,-73.89276530999996,68Q1,68Q1,2025-07-21T02:38:00.000000,911_calls,2025-07-21 02:38:00,Monday,2,7,3.0
call_1899,40.71880019500003,-73.98901309299998,34Q2,34Q2,2025-07-20T03:39:00.000000,911_calls,2025-07-20 03:39:00,Sunday,3,7,3.0
call_1900,40.82514828500007,-73.94947035199993,39H2,39H2,2025-07-19T04:40:00.000000,911_calls,2025-07-19 04:40:00,Saturday,4,7,3.0
call_1901,40.688604586000054,-73.98507328299996,75M,75M,2025-07-18T05:41:00.000000,911_calls,2025-07-18 05:41:00,Friday,5,7,3.0
call_1902,40.83590005600007,-73.87732669899998,68Q1,68Q1,2025-07-17T06:42:00.000000,911_calls,2025-07-17 06:42:00,Thursday,6,7,3.0
call_1903,40.866485013000045,-73.90089385499994,10P2,10P2,2025-07-16T07:43:00.000000,911_calls,2025-07-16 07:43:00,Wednesday,7,7,3.0
call_1904,40.591214867000076,-73.97405567699997,50P9,50P9,2025-07-15T08:44:00.000000,911_calls,2025-07-15 08:44:00,Tuesday,8,7,3.0
call_1905,40.75896588000006,-73.98111578499999,54S2,54S2,2025-07-14T09:45:00.000000,911_calls,2025-07-14 09:45:00,Monday,9,7,3.0
call_1906,40.81879602600003,-73.89210605999995,53S,53S,2025-07-13T10:46:00.000000,911_calls,2025-07-13 10:46:00,Sunday,10,7,3.0
call_1907,40.847127862000036,-73.82018707899994,52D6,52D6,2025-07-12T11:47:00.000000,911_calls,2025-07-12 11:47:00,Saturday,11,7,3.0
call_1908,40.74492419000006,-73.98401408999996,68Q1,68Q1,2025-07-11T12:48:00.000000,911_calls,2025-07-11 12:48:00,Friday,12,7,3.0
call_1909,40.74134137300007,-73.97839260899997,10H2,10H2,2025-07-10T13:49:00.000000,911_calls,2025-07-10 13:49:00,Thursday,13,7,3.0
call_1910,40.848341256000026,-73.93354533699994,52D6,52D6,2025-07-09T14:50:00.000000,911_calls,2025-07-09 14:50:00,Wednesday,14,7,3.0
call_1911,40.70364237800004,-73.94029335399995,68Q1,68Q1,2025-07-08T15:51:00.000000,911_calls,2025-07-08 15:51:00,Tuesday,15,7,3.0
call_1912,40.671634710000035,-73.87442765599997,75I,75I,2025-07-07T16:52:00.000000,911_calls,2025-07-07 16:52:00,Monday,16,7,3.0
call_1913,40.63214589000006,-73.90324140299998,68Q1,68Q1,2025-07-06T17:53:00.000000,911_calls,2025-07-06 17:53:00,Sunday,17,7,3.0
call_1914,40.68711272400003,-73.97640177399995,75S,75S,2025-07-05T18:54:00.000000,911_calls,2025-07-05 18:54:00,Saturday,18,7,3.0
call_1915,40.874064909000026,-73.89071465699999,75M,75M,2025-07-04T19:55:00.000000,911_calls,2025-07-04 19:55:00,Friday,19,7,3.0
call_1916,40.66727380300006,-73.97796601499994,75H,75H,2025-07-03T20:56:00.000000,911_calls,2025-07-03 20:56:00,Thursday,20,7,3.0
call_1917,40.88605550700004,-73.87875671899997,75O,75O,2025-07-02T21:57:00.000000,911_calls,2025-07-02 21:57:00,Wednesday,21,7,3.0
call_1918,40.75393423100007,-73.88270401999995,68Q1,68Q1,2025-07-01T22:58:00.000000,911_calls,2025-07-01 22:58:00,Tuesday,22,7,3.0
call_1919,40.783916057000056,-73.94733504199996,54S9,54S9,2025-06-30T23:59:00.000000,911_calls,2025-06-30 23:59:00,Monday,23,6,3.0
call_1920,40.771594675000074,-73.98261771199998,54U1,54U1,2025-07-29T00:00:00.000000,911_calls,2025-07-29 00:00:00,Tuesday,0,7,3.0
call_1921,40.65399938500008,-73.89636577299996,75I,75I,2025-07-28T01:01:00.000000,911_calls,2025-07-28 01:01:00,Monday,1,7,3.0
call_1922,40.883646028000044,-73.84674495299998,68Q1,68Q1,2025-07-27T02:02:00.000000,911_calls,2025-07-27 02:02:00,Sunday,2,7,3.0
call_1923,40.75521188700003,-73.98704355199999,52K2,52K2,2025-07-26T03:03:00.000000,911_calls,2025-07-26 03:03:00,Saturday,3,7,3.0
call_1924,40.74034258800003,-73.72269892899999,10V2,10V2,2025-07-25T04:04:00.000000,911_calls,2025-07-25 04:04:00,Friday,4,7,3.0
call_1925,40.75757811200003,-73.98954452399994,50P2,50P2,2025-07-24T05:05:00.000000,911_calls,2025-07-24 05:05:00,Thursday,5,7,3.0
call_1926,40.65209148800005,-74.00829032799999,68Q1,68Q1,2025-07-23T06:06:00.000000,911_calls,2025-07-23 06:06:00,Wednesday,6,7,3.0
call_1927,40.78060492100008,-73.97832570699995,24Q2,24Q2,2025-07-22T07:07:00.000000,911_calls,2025-07-22 07:07:00,Tuesday,7,7,3.0
call_1928,40.70626243900006,-73.80194514099998,75H,75H,2025-07-21T08:08:00.000000,911_calls,2025-07-21 08:08:00,Monday,8,7,3.0
call_1929,40.68151004300006,-73.95574450999999,75S,75S,2025-07-20T09:09:00.000000,911_calls,2025-07-20 09:09:00,Sunday,9,7,3.0
call_1930,40.640878962000045,-74.00934468899999,68Q1,68Q1,2025-07-19T10:10:00.000000,911_calls,2025-07-19 10:10:00,Saturday,10,7,3.0
call_1931,40.57503125100004,-73.98988266699996,75I,75I,2025-07-18T11:11:00.000000,911_calls,2025-07-18 11:11:00,Friday,11,7,3.0
call_1932,40.702273406000074,-74.01587398599997,75S,75S,2025-07-17T12:12:00.000000,911_calls,2025-07-17 12:12:00,Thursday,12,7,3.0
call_1933,40.68346026200004,-73.87288383999999,75O,75O,2025-07-16T13:13:00.000000,911_calls,2025-07-16 13:13:00,Wednesday,13,7,3.0
call_1934,40.660783550000076,-73.96147833599997,75S,75S,2025-07-15T14:14:00.000000,911_calls,2025-07-15 14:14:00,Tuesday,14,7,3.0
call_1935,40.60711566300006,-74.00077214699996,75D,75D,2025-07-14T15:15:00.000000,911_calls,2025-07-14 15:15:00,Monday,15,7,3.0
call_1936,40.69448042700003,-73.91073468999997,39H1,39H1,2025-07-13T16:16:00.000000,911_calls,2025-07-13 16:16:00,Sunday,16,7,3.0
call_1937,40.70993753300007,-74.00898285199997,54S9,54S9,2025-07-12T17:17:00.000000,911_calls,2025-07-12 17:17:00,Saturday,17,7,3.0
call_1938,40.76042997600007,-73.88435666599997,68Q1,68Q1,2025-07-11T18:18:00.000000,911_calls,2025-07-11 18:18:00,Friday,18,7,3.0
call_1939,40.69805961700007,-73.93538650699998,56S,56S,2025-07-10T19:19:00.000000,911_calls,2025-07-10 19:19:00,Thursday,19,7,3.0
call_1940,40.74054710400003,-74.00854672499997,10P2,10P2,2025-07-09T20:20:00.000000,911_calls,2025-07-09 20:20:00,Wednesday,20,7,3.0
call_1941,40.798292547000074,-73.94082246699998,75O,75O,2025-07-08T21:21:00.000000,911_calls,2025-07-08 21:21:00,Tuesday,21,7,3.0
call_1942,40.68946016800004,-73.81591739499999,75D,75D,2025-07-07T22:22:00.000000,911_calls,2025-07-07 22:22:00,Monday,22,7,3.0
call_1943,40.70905899500008,-74.01139217199994,10Y3,10Y3,2025-07-06T23:23:00.000000,911_calls,2025-07-06 23:23:00,Sunday,23,7,3.0
call_1944,40.836520601000075,-73.94002594299997,75S,75S,2025-07-05T00:24:00.000000,911_calls,2025-07-05 00:24:00,Saturday,0,7,3.0
call_1945,40.75058041300008,-73.94016827599995,75M,75M,2025-07-04T01:25:00.000000,911_calls,2025-07-04 01:25:00,Friday,1,7,3.0
call_1946,40.67009720800007,-73.87403762199995,75I,75I,2025-07-03T02:26:00.000000,911_calls,2025-07-03 02:26:00,Thursday,2,7,3.0
call_1947,40.67533223700008,-73.81217821599995,75D,75D,2025-07-02T03:27:00.000000,911_calls,2025-07-02 03:27:00,Wednesday,3,7,3.0
call_1948,40.81656871100006,-73.89662924999999,75T,75T,2025-07-01T04:28:00.000000,911_calls,2025-07-01 04:28:00,Tuesday,4,7,3.0
call_1949,40.77220507900006,-73.93304365199998,10P2,10P2,2025-06-30T05:29:00.000000,911_calls,2025-06-30 05:29:00,Monday,5,6,3.0
call_1950,40.718905214000074,-73.73761491699997,68Q1,68Q1,2025-07-29T06:30:00.000000,911_calls,2025-07-29 06:30:00,Tuesday,6,7,3.0
call_1951,40.63743489600006,-73.92935961599994,75C,75C,2025-07-28T07:31:00.000000,911_calls,2025-07-28 07:31:00,Monday,7,7,3.0
call_1952,40.63452592700003,-73.92166686799999,75D,75D,2025-07-27T08:32:00.000000,911_calls,2025-07-27 08:32:00,Sunday,8,7,3.0
call_1953,40.608756767000045,-73.97359866999994,54S2,54S2,2025-07-26T09:33:00.000000,911_calls,2025-07-26 09:33:00,Saturday,9,7,3.0
call_1954,40.88214192200007,-73.86662742799996,68Q1,68Q1,2025-07-25T10:34:00.000000,911_calls,2025-07-25 10:34:00,Friday,10,7,3.0
call_1955,40.831003846000044,-73.86072781499996,10S4,10S4,2025-07-24T11:35:00.000000,911_calls,2025-07-24 11:35:00,Thursday,11,7,3.0
call_1956,40.66331345300006,-73.72860610399994,68Q1,68Q1,2025-07-23T12:36:00.000000,911_calls,2025-07-23 12:36:00,Wednesday,12,7,3.0
call_1957,40.67155977800007,-73.93225427199997,10V2,10V2,2025-07-22T13:37:00.000000,911_calls,2025-07-22 13:37:00,Tuesday,13,7,3.0
call_1958,40.673018624000065,-73.91020103399995,54I1,54I1,2025-07-21T14:38:00.000000,911_calls,2025-07-21 14:38:00,Monday,14,7,3.0
call_1959,40.743686429000036,-73.98491659099994,54U2,54U2,2025-07-20T15:39:00.000000,911_calls,2025-07-20 15:39:00,Sunday,15,7,3.0
call_1960,40.57599199300006,-73.99060607299998,75D,75D,2025-07-19T16:40:00.000000,911_calls,2025-07-19 16:40:00,Saturday,16,7,3.0
call_1961,40.69839253400005,-73.93201062499998,53S,53S,2025-07-18T17:41:00.000000,911_calls,2025-07-18 17:41:00,Friday,17,7,3.0
call_1962,40.830406321000055,-73.91527521199998,75I,75I,2025-07-17T18:42:00.000000,911_calls,2025-07-17 18:42:00,Thursday,18,7,3.0
call_1963,40.84956706400004,-73.88368120199993,68Q1,68Q1,2025-07-16T19:43:00.000000,911_calls,2025-07-16 19:43:00,Wednesday,19,7,3.0
call_1964,40.810269084000026,-73.94930463799994,75D,75D,2025-07-15T20:44:00.000000,911_calls,2025-07-15 20:44:00,Tuesday,20,7,3.0
call_1965,40.836891096000045,-73.88279628099997,54C1,54C1,2025-07-14T21:45:00.000000,911_calls,2025-07-14 21:45:00,Monday,21,7,3.0
call_1966,40.826556227000026,-73.93801869399994,75D,75D,2025-07-13T22:46:00.000000,911_calls,2025-07-13 22:46:00,Sunday,22,7,3.0
call_1967,40.784796096000036,-73.97813295799995,10Y3,10Y3,2025-07-12T23:47:00.000000,911_calls,2025-07-12 23:47:00,Saturday,23,7,3.0
call_1968,40.72181718100006,-74.00259172699998,52D1,52D1,2025-07-11T00:48:00.000000,911_calls,2025-07-11 00:48:00,Friday,0,7,3.0
call_1969,40.75804408300007,-73.97019701999994,54S9,54S9,2025-07-10T01:49:00.000000,911_calls,2025-07-10 01:49:00,Thursday,1,7,3.0
call_1970,40.83015118700007,-73.89238395399997,75T,75T,2025-07-09T02:50:00.000000,911_calls,2025-07-09 02:50:00,Wednesday,2,7,3.0
call_1971,40.694304239000076,-73.97748467799994,68Q1,68Q1,2025-07-08T03:51:00.000000,911_calls,2025-07-08 03:51:00,Tuesday,3,7,3.0
call_1972,40.60412090600005,-74.00654135299999,68Q1,68Q1,2025-07-07T04:52:00.000000,911_calls,2025-07-07 04:52:00,Monday,4,7,3.0
call_1973,40.77089564100004,-73.95529881199997,75D,75D,2025-07-06T05:53:00.000000,911_calls,2025-07-06 05:53:00,Sunday,5,7,3.0
call_1974,40.66795334400007,-73.98897820999997,75D,75D,2025-07-05T06:54:00.000000,911_calls,2025-07-05 06:54:00,Saturday,6,7,3.0
call_1975,40.59881263200003,-73.99770761099995,68Q1,68Q1,2025-07-04T07:55:00.000000,911_calls,2025-07-04 07:55:00,Friday,7,7,3.0
call_1976,40.69974268200008,-73.91142368699997,75S,75S,2025-07-03T08:56:00.000000,911_calls,2025-07-03 08:56:00,Thursday,8,7,3.0
call_1977,40.60884895600003,-74.08146082599995,68Q2,68Q2,2025-07-02T09:57:00.000000,911_calls,2025-07-02 09:57:00,Wednesday,9,7,3.0
call_1978,40.714074580000045,-73.95049964199995,75S,75S,2025-07-01T10:58:00.000000,911_calls,2025-07-01 10:58:00,Tuesday,10,7,3.0
call_1979,40.61413064200008,-74.06286029499995,68Q2,68Q2,2025-06-30T11:59:00.000000,911_calls,2025-06-30 11:59:00,Monday,11,6,3.0
call_1980,40.773824905000026,-73.95013751199997,68Q1,68Q1,2025-07-29T12:00:00.000000,911_calls,2025-07-29 12:00:00,Tuesday,12,7,3.0
call_1981,40.740512143000046,-73.79287943199995,11C4,11C4,2025-07-28T13:01:00.000000,911_calls,2025-07-28 13:01:00,Monday,13,7,3.0
call_1982,40.767543157000034,-73.77145955099996,68Q1,68Q1,2025-07-27T14:02:00.000000,911_calls,2025-07-27 14:02:00,Sunday,14,7,3.0
call_1983,40.60700035900004,-73.99756687399997,10Y3,10Y3,2025-07-26T15:03:00.000000,911_calls,2025-07-26 15:03:00,Saturday,15,7,3.0
call_1984,40.77146191600008,-73.90641464799995,10V2,10V2,2025-07-25T16:04:00.000000,911_calls,2025-07-25 16:04:00,Friday,16,7,3.0
call_1985,40.58795031200003,-73.98359800899993,75T,75T,2025-07-24T17:05:00.000000,911_calls,2025-07-24 17:05:00,Thursday,17,7,3.0
call_1986,40.600154743000076,-73.76298300899998,68Q1,68Q1,2025-07-23T18:06:00.000000,911_calls,2025-07-23 18:06:00,Wednesday,18,7,3.0
call_1987,40.77082722200004,-73.99261118899994,24Q1,24Q1,2025-07-22T19:07:00.000000,911_calls,2025-07-22 19:07:00,Tuesday,19,7,3.0
call_1988,40.621415599000045,-74.08007850499996,75I,75I,2025-07-21T20:08:00.000000,911_calls,2025-07-21 20:08:00,Monday,20,7,3.0
call_1989,40.76126636400005,-73.98365640999998,75S,75S,2025-07-20T21:09:00.000000,911_calls,2025-07-20 21:09:00,Sunday,21,7,3.0
call_1990,40.64291042600007,-74.00364804999998,10S4,10S4,2025-07-19T22:10:00.000000,911_calls,2025-07-19 22:10:00,Saturday,22,7,3.0
call_1991,40.86216301400003,-73.93256986999995,75D,75D,2025-07-18T23:11:00.000000,911_calls,2025-07-18 23:11:00,Friday,23,7,3.0
call_1992,40.61756053800008,-73.91061062599994,75Z,75Z,2025-07-17T00:12:00.000000,911_calls,2025-07-17 00:12:00,Thursday,0,7,3.0
call_1993,40.77589130500007,-73.90235736899996,75D,75D,2025-07-16T01:13:00.000000,911_calls,2025-07-16 01:13:00,Wednesday,1,7,3.0
call_1994,40.621415599000045,-74.08007850499996,75I,75I,2025-07-15T02:14:00.000000,911_calls,2025-07-15 02:14:00,Tuesday,2,7,3.0
call_1995,40.816043904000026,-73.91622558399996,24Q1,24Q1,2025-07-14T03:15:00.000000,911_calls,2025-07-14 03:15:00,Monday,3,7,3.0
call_1996,40.783585352000046,-73.95051296599996,68Q1,68Q1,2025-07-13T04:16:00.000000,911_calls,2025-07-13 04:16:00,Sunday,4,7,3.0
call_1997,40.72946043700006,-73.89233729399996,10Y3,10Y3,2025-07-12T05:17:00.000000,911_calls,2025-07-12 05:17:00,Saturday,5,7,3.0
call_1998,40.645870305000074,-73.95195201299998,75D,75D,2025-07-11T06:18:00.000000,911_calls,2025-07-11 06:18:00,Friday,6,7,3.0
call_1999,40.75664204200007,-73.98837157699995,75O,75O,2025-07-10T07:19:00.000000,911_calls,2025-07-10 07:19:00,Thursday,7,7,3.0
call_2000,40.71249165100005,-73.96834528499994,68Q2,68Q2,2025-07-09T08:20:00.000000,911_calls,2025-07-09 08:20:00,Wednesday,8,7,3.0
call_2001,40.75493348100008,-73.91039019299996,75I,75I,2025-07-08T09:21:00.000000,911_calls,2025-07-08 09:21:00,Tuesday,9,7,3.0
call_2002,40.81660632400008,-73.94274985399994,52D2,52D2,2025-07-07T10:22:00.000000,911_calls,2025-07-07 10:22:00,Monday,10,7,3.0
call_2003,40.870182380000074,-73.89498031499994,10P2,10P2,2025-07-06T11:23:00.000000,911_calls,2025-07-06 11:23:00,Sunday,11,7,3.0
call_2004,40.86084242800007,-73.91915529099998,10V2,10V2,2025-07-05T12:24:00.000000,911_calls,2025-07-05 12:24:00,Saturday,12,7,3.0
call_2005,40.83017747100007,-73.83748742299997,10V2,10V2,2025-07-04T13:25:00.000000,911_calls,2025-07-04 13:25:00,Friday,13,7,3.0
call_2006,40.82851311300004,-73.89594220999999,75D,75D,2025-07-03T14:26:00.000000,911_calls,2025-07-03 14:26:00,Thursday,14,7,3.0
call_2007,40.74483329900005,-73.98188487199997,68Q1,68Q1,2025-07-02T15:27:00.000000,911_calls,2025-07-02 15:27:00,Wednesday,15,7,3.0
call_2008,40.69405440100007,-73.90998157899998,39H1,39H1,2025-07-01T16:28:00.000000,911_calls,2025-07-01 16:28:00,Tuesday,16,7,3.0
call_2009,40.77437520800004,-73.98337879799993,34Q9,34Q9,2025-06-30T17:29:00.000000,911_calls,2025-06-30 17:29:00,Monday,17,6,3.0
call_2010,40.607523650000076,-73.96140102199996,54C2,54C2,2025-07-29T18:30:00.000000,911_calls,2025-07-29 18:30:00,Tuesday,18,7,3.0
call_2011,40.61676270800007,-74.02898637799996,68Q1,68Q1,2025-07-28T19:31:00.000000,911_calls,2025-07-28 19:31:00,Monday,19,7,3.0
call_2012,40.66945424600004,-73.86851987999995,10Y3,10Y3,2025-07-27T20:32:00.000000,911_calls,2025-07-27 20:32:00,Sunday,20,7,3.0
call_2013,40.66945424600004,-73.86851987999995,10Y3,10Y3,2025-07-26T21:33:00.000000,911_calls,2025-07-26 21:33:00,Saturday,21,7,3.0
call_2014,40.834409864000065,-73.91769131999996,54S9,54S9,2025-07-25T22:34:00.000000,911_calls,2025-07-25 22:34:00,Friday,22,7,3.0
call_2015,40.74178632500008,-73.91802587499996,68Q2,68Q2,2025-07-24T23:35:00.000000,911_calls,2025-07-24 23:35:00,Thursday,23,7,3.0
call_2016,40.64639898000007,-73.99463214499997,75M,75M,2025-07-23T00:36:00.000000,911_calls,2025-07-23 00:36:00,Wednesday,0,7,3.0
call_2017,40.83802433000005,-73.83154861999998,10V2,10V2,2025-07-22T01:37:00.000000,911_calls,2025-07-22 01:37:00,Tuesday,1,7,3.0
call_2018,40.81095467400007,-73.91935316099995,10S4,10S4,2025-07-21T02:38:00.000000,911_calls,2025-07-21 02:38:00,Monday,2,7,3.0
call_2019,40.703688826000075,-73.93988215399997,10Y3,10Y3,2025-07-20T03:39:00.000000,911_calls,2025-07-20 03:39:00,Sunday,3,7,3.0
call_2020,40.71222373400008,-73.96274717099999,68Q1,68Q1,2025-07-19T04:40:00.000000,911_calls,2025-07-19 04:40:00,Saturday,4,7,3.0
call_2021,40.82193193200004,-73.89977873599997,75D,75D,2025-07-18T05:41:00.000000,911_calls,2025-07-18 05:41:00,Friday,5,7,3.0
call_2022,40.73185913100008,-73.98375382699999,39H1,39H1,2025-07-17T06:42:00.000000,911_calls,2025-07-17 06:42:00,Thursday,6,7,3.0
call_2023,40.65433902400008,-73.89557597099997,75D,75D,2025-07-16T07:43:00.000000,911_calls,2025-07-16 07:43:00,Wednesday,7,7,3.0
call_2024,40.83333029800008,-73.90576389199998,75D,75D,2025-07-15T08:44:00.000000,911_calls,2025-07-15 08:44:00,Tuesday,8,7,3.0
call_2025,40.57628456500004,-73.98139061299997,50P9,50P9,2025-07-14T09:45:00.000000,911_calls,2025-07-14 09:45:00,Monday,9,7,3.0
call_2026,40.63417125600006,-73.89359350899997,10S4,10S4,2025-07-13T10:46:00.000000,911_calls,2025-07-13 10:46:00,Sunday,10,7,3.0
call_2027,40.70206381500003,-73.82091015399999,53D,53D,2025-07-12T11:47:00.000000,911_calls,2025-07-12 11:47:00,Saturday,11,7,3.0
call_2028,40.67992781300006,-73.87802822699996,11C4,11C4,2025-07-11T12:48:00.000000,911_calls,2025-07-11 12:48:00,Friday,12,7,3.0
call_2029,40.67277409600007,-73.73420582399996,34Q2,34Q2,2025-07-10T13:49:00.000000,911_calls,2025-07-10 13:49:00,Thursday,13,7,3.0
call_2030,40.634446457000024,-74.02061729299999,68Q1,68Q1,2025-07-09T14:50:00.000000,911_calls,2025-07-09 14:50:00,Wednesday,14,7,3.0
call_2031,40.75877504400006,-73.99238511899995,54U2,54U2,2025-07-08T15:51:00.000000,911_calls,2025-07-08 15:51:00,Tuesday,15,7,3.0
call_2032,40.624327452000045,-74.03806761999994,68Q1,68Q1,2025-07-07T16:52:00.000000,911_calls,2025-07-07 16:52:00,Monday,16,7,3.0
call_2033,40.753101075000075,-73.86860382899994,68Q1,68Q1,2025-07-06T17:53:00.000000,911_calls,2025-07-06 17:53:00,Sunday,17,7,3.0
call_2034,40.626294322000035,-74.02122359199996,68Q1,68Q1,2025-07-05T18:54:00.000000,911_calls,2025-07-05 18:54:00,Saturday,18,7,3.0
call_2035,40.68953228600003,-73.97063870999995,75D,75D,2025-07-04T19:55:00.000000,911_calls,2025-07-04 19:55:00,Friday,19,7,3.0
call_2036,40.62303466900005,-74.01356047599995,68Q1,68Q1,2025-07-03T20:56:00.000000,911_calls,2025-07-03 20:56:00,Thursday,20,7,3.0
call_2037,40.64537834300006,-74.09021148699998,68Q2,68Q2,2025-07-02T21:57:00.000000,911_calls,2025-07-02 21:57:00,Wednesday,21,7,3.0
call_2038,40.683612062000066,-73.92770261899994,68Q1,68Q1,2025-07-01T22:58:00.000000,911_calls,2025-07-01 22:58:00,Tuesday,22,7,3.0
call_2039,40.84116729400006,-73.87239095599995,54E9,54E9,2025-06-30T23:59:00.000000,911_calls,2025-06-30 23:59:00,Monday,23,6,3.0
call_2040,40.84116729400006,-73.87239095599995,54E9,54E9,2025-07-29T00:00:00.000000,911_calls,2025-07-29 00:00:00,Tuesday,0,7,3.0
call_2041,40.68739746400007,-73.91241724999998,11A2,11A2,2025-07-28T01:01:00.000000,911_calls,2025-07-28 01:01:00,Monday,1,7,3.0
call_2042,40.65217686500006,-73.94972027999995,75D,75D,2025-07-27T02:02:00.000000,911_calls,2025-07-27 02:02:00,Sunday,2,7,3.0
call_2043,40.674369253000066,-73.86304850799996,24Q1,24Q1,2025-07-26T03:03:00.000000,911_calls,2025-07-26 03:03:00,Saturday,3,7,3.0
call_2044,40.75896588000006,-73.98111578499999,54S1,54S1,2025-07-25T04:04:00.000000,911_calls,2025-07-25 04:04:00,Friday,4,7,3.0
call_2045,40.67690313600008,-73.98171945599995,75D,75D,2025-07-24T05:05:00.000000,911_calls,2025-07-24 05:05:00,Thursday,5,7,3.0
call_2046,40.74978718600005,-73.86775138799999,75D,75D,2025-07-23T06:06:00.000000,911_calls,2025-07-23 06:06:00,Wednesday,6,7,3.0
call_2047,40.86940749200005,-73.87999831299999,24Q1,24Q1,2025-07-22T07:07:00.000000,911_calls,2025-07-22 07:07:00,Tuesday,7,7,3.0
call_2048,40.80673436100005,-73.93896910899997,10Y3,10Y3,2025-07-21T08:08:00.000000,911_calls,2025-07-21 08:08:00,Monday,8,7,3.0
call_2049,40.587298374000056,-73.81553653299994,68Q2,68Q2,2025-07-20T09:09:00.000000,911_calls,2025-07-20 09:09:00,Sunday,9,7,3.0
call_2050,40.57503125100004,-73.98988266699996,75I,75I,2025-07-19T10:10:00.000000,911_calls,2025-07-19 10:10:00,Saturday,10,7,3.0
call_2051,40.78803738200003,-73.97688241099996,10Y3,10Y3,2025-07-18T11:11:00.000000,911_calls,2025-07-18 11:11:00,Friday,11,7,3.0
call_2052,40.619442536000065,-73.99984655099996,75M,75M,2025-07-17T12:12:00.000000,911_calls,2025-07-17 12:12:00,Thursday,12,7,3.0
call_2053,40.82173633200006,-73.89286725999995,68Q1,68Q1,2025-07-16T13:13:00.000000,911_calls,2025-07-16 13:13:00,Wednesday,13,7,3.0
call_2054,40.675743977000025,-73.89685472999997,53S,53S,2025-07-15T14:14:00.000000,911_calls,2025-07-15 14:14:00,Tuesday,14,7,3.0
call_2055,40.786944463000054,-73.94357342599994,50P1,50P1,2025-07-14T15:15:00.000000,911_calls,2025-07-14 15:15:00,Monday,15,7,3.0
call_2056,40.86437491500004,-73.90156584299996,10P2,10P2,2025-07-13T16:16:00.000000,911_calls,2025-07-13 16:16:00,Sunday,16,7,3.0
call_2057,40.63575578000007,-74.11957359999997,75I,75I,2025-07-12T17:17:00.000000,911_calls,2025-07-12 17:17:00,Saturday,17,7,3.0
call_2058,40.67906840200004,-73.90376820299997,75M,75M,2025-07-11T18:18:00.000000,911_calls,2025-07-11 18:18:00,Friday,18,7,3.0
call_2059,40.82100441500006,-73.89092463699996,75T,75T,2025-07-10T19:19:00.000000,911_calls,2025-07-10 19:19:00,Thursday,19,7,3.0
call_2060,40.836520601000075,-73.94002594299997,75M,75M,2025-07-09T20:20:00.000000,911_calls,2025-07-09 20:20:00,Wednesday,20,7,3.0
call_2061,40.69628382500008,-73.80435852099998,34Q2,34Q2,2025-07-08T21:21:00.000000,911_calls,2025-07-08 21:21:00,Tuesday,21,7,3.0
call_2062,40.76385182800004,-73.91489058399998,54S2,54S2,2025-07-07T22:22:00.000000,911_calls,2025-07-07 22:22:00,Monday,22,7,3.0
call_2063,40.758711971000025,-73.99328753499998,22Q1,22Q1,2025-07-06T23:23:00.000000,911_calls,2025-07-06 23:23:00,Sunday,23,7,3.0
call_2064,40.733790087000045,-73.93887715399995,53S,53S,2025-07-05T00:24:00.000000,911_calls,2025-07-05 00:24:00,Saturday,0,7,3.0
call_2065,40.733790087000045,-73.93887715399995,53S,53S,2025-07-04T01:25:00.000000,911_calls,2025-07-04 01:25:00,Friday,1,7,3.0
call_2066,40.78560859400005,-73.82804846799996,59R3,59R3,2025-07-03T02:26:00.000000,911_calls,2025-07-03 02:26:00,Thursday,2,7,3.0
call_2067,40.64564719600003,-73.90287588699994,75S,75S,2025-07-02T03:27:00.000000,911_calls,2025-07-02 03:27:00,Wednesday,3,7,3.0
call_2068,40.630070957000044,-74.15645844399995,68Q2,68Q2,2025-07-01T04:28:00.000000,911_calls,2025-07-01 04:28:00,Tuesday,4,7,3.0
call_2069,40.70190196600004,-73.92160573599995,75D,75D,2025-06-30T05:29:00.000000,911_calls,2025-06-30 05:29:00,Monday,5,6,3.0
call_2070,40.664515169000026,-73.90658992299996,10P1,10P1,2025-07-29T06:30:00.000000,911_calls,2025-07-29 06:30:00,Tuesday,6,7,3.0
call_2071,40.65462789000003,-74.00418568699996,75O,75O,2025-07-28T07:31:00.000000,911_calls,2025-07-28 07:31:00,Monday,7,7,3.0
call_2072,40.630990895000025,-73.90068153899995,52D6,52D6,2025-07-27T08:32:00.000000,911_calls,2025-07-27 08:32:00,Sunday,8,7,3.0
call_2073,40.75493348100008,-73.91039019299996,75I,75I,2025-07-26T09:33:00.000000,911_calls,2025-07-26 09:33:00,Saturday,9,7,3.0
call_2074,40.75591165800006,-73.86384098499997,75D,75D,2025-07-25T10:34:00.000000,911_calls,2025-07-25 10:34:00,Friday,10,7,3.0
call_2075,40.85308435600007,-73.88500166699998,68Q1,68Q1,2025-07-24T11:35:00.000000,911_calls,2025-07-24 11:35:00,Thursday,11,7,3.0
call_2076,40.81373916300004,-73.94495240499998,75D,75D,2025-07-23T12:36:00.000000,911_calls,2025-07-23 12:36:00,Wednesday,12,7,3.0
call_2077,40.60845031500003,-74.18243951499994,53X8,53X8,2025-07-22T13:37:00.000000,911_calls,2025-07-22 13:37:00,Tuesday,13,7,3.0
call_2078,40.60845031500003,-74.18243951499994,53X8,53X8,2025-07-21T14:38:00.000000,911_calls,2025-07-21 14:38:00,Monday,14,7,3.0
call_2079,40.79984474200006,-73.96428735899997,68Q1,68Q1,2025-07-20T15:39:00.000000,911_calls,2025-07-20 15:39:00,Sunday,15,7,3.0
call_2080,40.84001840900004,-73.87343400399999,10Y3,10Y3,2025-07-19T16:40:00.000000,911_calls,2025-07-19 16:40:00,Saturday,16,7,3.0
call_2081,40.676410676000046,-73.74131519199995,10V2,10V2,2025-07-18T17:41:00.000000,911_calls,2025-07-18 17:41:00,Friday,17,7,3.0
call_2082,40.69313582600006,-73.96932090399997,75D,75D,2025-07-17T18:42:00.000000,911_calls,2025-07-17 18:42:00,Thursday,18,7,3.0
call_2083,40.753570910000064,-73.86663580299995,68Q1,68Q1,2025-07-16T19:43:00.000000,911_calls,2025-07-16 19:43:00,Wednesday,19,7,3.0
call_2084,40.849727216000076,-73.90578765199996,75S,75S,2025-07-15T20:44:00.000000,911_calls,2025-07-15 20:44:00,Tuesday,20,7,3.0
call_2085,40.84354666300004,-73.92524822599995,54S1,54S1,2025-07-14T21:45:00.000000,911_calls,2025-07-14 21:45:00,Monday,21,7,3.0
call_2086,40.811751909000066,-73.95086049999998,75D,75D,2025-07-13T22:46:00.000000,911_calls,2025-07-13 22:46:00,Sunday,22,7,3.0
call_2087,40.82396264100004,-73.89933848299995,75D,75D,2025-07-12T23:47:00.000000,911_calls,2025-07-12 23:47:00,Saturday,23,7,3.0
call_2088,40.643843305000075,-73.94882570499993,75D,75D,2025-07-11T00:48:00.000000,911_calls,2025-07-11 00:48:00,Friday,0,7,3.0
call_2089,40.73103081900007,-73.98883427899995,54U2,54U2,2025-07-10T01:49:00.000000,911_calls,2025-07-10 01:49:00,Thursday,1,7,3.0
call_2090,40.74964352000006,-73.86226577299993,29H2,29H2,2025-07-09T02:50:00.000000,911_calls,2025-07-09 02:50:00,Wednesday,2,7,3.0
call_2091,40.76133597900008,-73.97411215099999,54U1,54U1,2025-07-08T03:51:00.000000,911_calls,2025-07-08 03:51:00,Tuesday,3,7,3.0
call_2092,40.79760857300005,-73.96691790599994,54S1,54S1,2025-07-07T04:52:00.000000,911_calls,2025-07-07 04:52:00,Monday,4,7,3.0
call_2093,40.87225751200003,-73.85033637999999,10H1,10H1,2025-07-06T05:53:00.000000,911_calls,2025-07-06 05:53:00,Sunday,5,7,3.0
call_2094,40.67854208700004,-73.98386055099996,54E2,54E2,2025-07-05T06:54:00.000000,911_calls,2025-07-05 06:54:00,Saturday,6,7,3.0
call_2095,40.67854208700004,-73.98386055099996,54E2,54E2,2025-07-04T07:55:00.000000,911_calls,2025-07-04 07:55:00,Friday,7,7,3.0
call_2096,40.67042575000005,-73.98361017399998,10H1,10H1,2025-07-03T08:56:00.000000,911_calls,2025-07-03 08:56:00,Thursday,8,7,3.0
call_2097,40.708595426000045,-73.93792277999995,75Z,75Z,2025-07-02T09:57:00.000000,911_calls,2025-07-02 09:57:00,Wednesday,9,7,3.0
call_2098,40.81028743300004,-73.94737558699995,75D,75D,2025-07-01T10:58:00.000000,911_calls,2025-07-01 10:58:00,Tuesday,10,7,3.0
call_2099,40.592336182000054,-73.98148695899994,75I,75I,2025-06-30T11:59:00.000000,911_calls,2025-06-30 11:59:00,Monday,11,6,3.0
call_2100,40.596259048000036,-73.76392225799998,68Q1,68Q1,2025-07-29T12:00:00.000000,911_calls,2025-07-29 12:00:00,Tuesday,12,7,3.0
call_2101,40.60521184900006,-73.98038858399997,75S,75S,2025-07-28T13:01:00.000000,911_calls,2025-07-28 13:01:00,Monday,13,7,3.0
call_2102,40.75924936100006,-73.98663487499994,54I2,54I2,2025-07-27T14:02:00.000000,911_calls,2025-07-27 14:02:00,Sunday,14,7,3.0
call_2103,40.72988130400006,-73.99898757999995,22Q1,22Q1,2025-07-26T15:03:00.000000,911_calls,2025-07-26 15:03:00,Saturday,15,7,3.0
call_2104,40.75804408300007,-73.97019701999994,50P9,50P9,2025-07-25T16:04:00.000000,911_calls,2025-07-25 16:04:00,Friday,16,7,3.0
call_2105,40.85872682100006,-73.86655508699994,34Q7,34Q7,2025-07-24T17:05:00.000000,911_calls,2025-07-24 17:05:00,Thursday,17,7,3.0
call_2106,40.74709910900003,-74.00274789999997,10V2,10V2,2025-07-23T18:06:00.000000,911_calls,2025-07-23 18:06:00,Wednesday,18,7,3.0
call_2107,40.749420067000074,-73.98385060099997,68Q1,68Q1,2025-07-22T19:07:00.000000,911_calls,2025-07-22 19:07:00,Tuesday,19,7,3.0
call_2108,40.75966939600005,-73.77193055999999,75D,75D,2025-07-21T20:08:00.000000,911_calls,2025-07-21 20:08:00,Monday,20,7,3.0
call_2109,40.86327901900006,-73.90067809799996,75S,75S,2025-07-20T21:09:00.000000,911_calls,2025-07-20 21:09:00,Sunday,21,7,3.0
call_2110,40.87490600500007,-73.87822380899996,39H2,39H2,2025-07-19T22:10:00.000000,911_calls,2025-07-19 22:10:00,Saturday,22,7,3.0
call_2111,40.65462789000003,-74.00418568699996,75S,75S,2025-07-18T23:11:00.000000,911_calls,2025-07-18 23:11:00,Friday,23,7,3.0
call_2112,40.75664204200007,-73.98837157699995,50P9,50P9,2025-07-17T00:12:00.000000,911_calls,2025-07-17 00:12:00,Thursday,0,7,3.0
call_2113,40.65184534600007,-73.92988853999998,75D,75D,2025-07-16T01:13:00.000000,911_calls,2025-07-16 01:13:00,Wednesday,1,7,3.0
call_2114,40.61697323900006,-74.17874196899999,10Y3,10Y3,2025-07-15T02:14:00.000000,911_calls,2025-07-15 02:14:00,Tuesday,2,7,3.0
call_2115,40.75160025400004,-73.99204306099995,68Q1,68Q1,2025-07-14T03:15:00.000000,911_calls,2025-07-14 03:15:00,Monday,3,7,3.0
call_2116,40.70752831500005,-73.78836512199996,39H2,39H2,2025-07-13T04:16:00.000000,911_calls,2025-07-13 04:16:00,Sunday,4,7,3.0
call_2117,40.64579935100005,-73.91113854899999,75D,75D,2025-07-12T05:17:00.000000,911_calls,2025-07-12 05:17:00,Saturday,5,7,3.0
call_2118,40.676330602000064,-74.00868270099994,75D,75D,2025-07-11T06:18:00.000000,911_calls,2025-07-11 06:18:00,Friday,6,7,3.0
call_2119,40.658206592000056,-73.84065996899994,54S1,54S1,2025-07-10T07:19:00.000000,911_calls,2025-07-10 07:19:00,Thursday,7,7,3.0
call_2120,40.65462789000003,-74.00418568699996,75O,75O,2025-07-09T08:20:00.000000,911_calls,2025-07-09 08:20:00,Wednesday,8,7,3.0
call_2121,40.755178493000074,-73.83427390599996,75D,75D,2025-07-08T09:21:00.000000,911_calls,2025-07-08 09:21:00,Tuesday,9,7,3.0
call_2122,40.874064909000026,-73.89071465699999,75M,75M,2025-07-07T10:22:00.000000,911_calls,2025-07-07 10:22:00,Monday,10,7,3.0
call_2123,40.74536440900005,-73.99658381199998,68Q1,68Q1,2025-07-06T11:23:00.000000,911_calls,2025-07-06 11:23:00,Sunday,11,7,3.0
call_2124,40.69081260000007,-73.81375008199996,75D,75D,2025-07-05T12:24:00.000000,911_calls,2025-07-05 12:24:00,Saturday,12,7,3.0
call_2125,40.74403050400008,-74.00127175899996,68Q1,68Q1,2025-07-04T13:25:00.000000,911_calls,2025-07-04 13:25:00,Friday,13,7,3.0
call_2126,40.70988270500004,-74.00808109899998,54S9,54S9,2025-07-03T14:26:00.000000,911_calls,2025-07-03 14:26:00,Thursday,14,7,3.0
call_2127,40.739624149000065,-73.89220900499998,10H2,10H2,2025-07-02T15:27:00.000000,911_calls,2025-07-02 15:27:00,Wednesday,15,7,3.0
call_2128,40.82232314000004,-73.93666773099994,68Q1,68Q1,2025-07-01T16:28:00.000000,911_calls,2025-07-01 16:28:00,Tuesday,16,7,3.0
call_2129,40.82782501300005,-73.92534538199999,75S,75S,2025-06-30T17:29:00.000000,911_calls,2025-06-30 17:29:00,Monday,17,6,3.0
call_2130,40.68781645100006,-73.96928729299998,75D,75D,2025-07-29T18:30:00.000000,911_calls,2025-07-29 18:30:00,Tuesday,18,7,3.0
call_2131,40.67505367800004,-73.97091546699994,75O,75O,2025-07-28T19:31:00.000000,911_calls,2025-07-28 19:31:00,Monday,19,7,3.0
call_2132,40.677628782000056,-73.97298375299994,75S,75S,2025-07-27T20:32:00.000000,911_calls,2025-07-27 20:32:00,Sunday,20,7,3.0
call_2133,40.71777915100006,-73.98907458699995,54U2,54U2,2025-07-26T21:33:00.000000,911_calls,2025-07-26 21:33:00,Saturday,21,7,3.0
call_2134,40.71854485400007,-73.98821227999997,75T,75T,2025-07-25T22:34:00.000000,911_calls,2025-07-25 22:34:00,Friday,22,7,3.0
call_2135,40.70929476100008,-74.01397479299999,24Q2,24Q2,2025-07-24T23:35:00.000000,911_calls,2025-07-24 23:35:00,Thursday,23,7,3.0
call_2136,40.82480441300004,-73.93675569999994,75D,75D,2025-07-23T00:36:00.000000,911_calls,2025-07-23 00:36:00,Wednesday,0,7,3.0
call_2137,40.84833817400005,-73.91247643899999,75S,75S,2025-07-22T01:37:00.000000,911_calls,2025-07-22 01:37:00,Tuesday,1,7,3.0
call_2138,40.69325241000007,-73.93835537099994,75D,75D,2025-07-21T02:38:00.000000,911_calls,2025-07-21 02:38:00,Monday,2,7,3.0
call_2139,40.68413233900003,-73.97863829699997,75S,75S,2025-07-20T03:39:00.000000,911_calls,2025-07-20 03:39:00,Sunday,3,7,3.0
call_2140,40.72153050400004,-73.80452251399998,59C,59C,2025-07-19T04:40:00.000000,911_calls,2025-07-19 04:40:00,Saturday,4,7,3.0
call_2141,40.67552416900003,-73.92491380499996,10S4,10S4,2025-07-18T05:41:00.000000,911_calls,2025-07-18 05:41:00,Friday,5,7,3.0
call_2142,40.76228795000003,-73.96248453299995,53H,53H,2025-07-17T06:42:00.000000,911_calls,2025-07-17 06:42:00,Thursday,6,7,3.0
call_2143,40.664769120000074,-73.77622365899998,68Q1,68Q1,2025-07-16T07:43:00.000000,911_calls,2025-07-16 07:43:00,Wednesday,7,7,3.0
call_2144,40.83065037800003,-73.93624786199996,68Q1,68Q1,2025-07-15T08:44:00.000000,911_calls,2025-07-15 08:44:00,Tuesday,8,7,3.0
call_2145,40.55033855900007,-74.14048924799994,68Q2,68Q2,2025-07-14T09:45:00.000000,911_calls,2025-07-14 09:45:00,Monday,9,7,3.0
call_2146,40.591214867000076,-73.97405567699997,75S,75S,2025-07-13T10:46:00.000000,911_calls,2025-07-13 10:46:00,Sunday,10,7,3.0
call_2147,40.64385460400007,-74.00445526699997,10P2,10P2,2025-07-12T11:47:00.000000,911_calls,2025-07-12 11:47:00,Saturday,11,7,3.0
call_2148,40.64430037100004,-73.95215133199997,75D,75D,2025-07-11T12:48:00.000000,911_calls,2025-07-11 12:48:00,Friday,12,7,3.0
call_2149,40.74034258800003,-73.72269892899999,10V2,10V2,2025-07-10T13:49:00.000000,911_calls,2025-07-10 13:49:00,Thursday,13,7,3.0
call_2150,40.74308261700003,-73.95398943899994,75M,75M,2025-07-09T14:50:00.000000,911_calls,2025-07-09 14:50:00,Wednesday,14,7,3.0
call_2151,40.63242975400004,-73.94722400499995,75S,75S,2025-07-08T15:51:00.000000,911_calls,2025-07-08 15:51:00,Tuesday,15,7,3.0
call_2152,40.75016710300008,-73.97195820899998,75D,75D,2025-07-07T16:52:00.000000,911_calls,2025-07-07 16:52:00,Monday,16,7,3.0
call_2153,40.64430037100004,-73.95215133199997,75D,75D,2025-07-06T17:53:00.000000,911_calls,2025-07-06 17:53:00,Sunday,17,7,3.0
call_2154,40.67836827600007,-73.90352044899998,75S,75S,2025-07-05T18:54:00.000000,911_calls,2025-07-05 18:54:00,Saturday,18,7,3.0
call_2155,40.565072196000074,-74.09882742599996,68Q2,68Q2,2025-07-04T19:55:00.000000,911_calls,2025-07-04 19:55:00,Friday,19,7,3.0
call_2156,40.696150319000026,-73.94256478599993,39H1,39H1,2025-07-03T20:56:00.000000,911_calls,2025-07-03 20:56:00,Thursday,20,7,3.0
call_2157,40.677628782000056,-73.97298375299994,75O,75O,2025-07-02T21:57:00.000000,911_calls,2025-07-02 21:57:00,Wednesday,21,7,3.0
call_2158,40.57516617400006,-73.99802879599997,75D,75D,2025-07-01T22:58:00.000000,911_calls,2025-07-01 22:58:00,Tuesday,22,7,3.0
call_2159,40.66778740600006,-73.90058709799996,31R,31R,2025-06-30T23:59:00.000000,911_calls,2025-06-30 23:59:00,Monday,23,6,3.0
call_2160,40.84413994500005,-73.90038861799997,54S1,54S1,2025-07-29T00:00:00.000000,911_calls,2025-07-29 00:00:00,Tuesday,0,7,3.0
call_2161,40.705628483000055,-73.81014159699998,75M,75M,2025-07-28T01:01:00.000000,911_calls,2025-07-28 01:01:00,Monday,1,7,3.0
call_2162,40.75714208100004,-73.79876905299994,21R,21R,2025-07-27T02:02:00.000000,911_calls,2025-07-27 02:02:00,Sunday,2,7,3.0
call_2163,40.67862861700007,-73.89370644699994,34Q2,34Q2,2025-07-26T03:03:00.000000,911_calls,2025-07-26 03:03:00,Saturday,3,7,3.0
call_2164,40.52966160100004,-74.16155095199997,68Q2,68Q2,2025-07-25T04:04:00.000000,911_calls,2025-07-25 04:04:00,Friday,4,7,3.0
call_2165,40.77997097400004,-73.97879170499994,54S1,54S1,2025-07-24T05:05:00.000000,911_calls,2025-07-24 05:05:00,Thursday,5,7,3.0
call_2166,40.57559435600007,-73.96440365399997,68Q1,68Q1,2025-07-23T06:06:00.000000,911_calls,2025-07-23 06:06:00,Wednesday,6,7,3.0
call_2167,40.734290464000026,-73.98041554799994,68Q1,68Q1,2025-07-22T07:07:00.000000,911_calls,2025-07-22 07:07:00,Tuesday,7,7,3.0
call_2168,40.82490603000008,-73.94785181199995,75D,75D,2025-07-21T08:08:00.000000,911_calls,2025-07-21 08:08:00,Monday,8,7,3.0
call_2169,40.81777551600004,-73.94262962499994,50P1,50P1,2025-07-20T09:09:00.000000,911_calls,2025-07-20 09:09:00,Sunday,9,7,3.0
call_2170,40.86667188500007,-73.86348404999995,52D1,52D1,2025-07-19T10:10:00.000000,911_calls,2025-07-19 10:10:00,Saturday,10,7,3.0
call_2171,40.74095063100003,-73.99212733199994,13U2,13U2,2025-07-18T11:11:00.000000,911_calls,2025-07-18 11:11:00,Friday,11,7,3.0
call_2172,40.74095063100003,-73.99212733199994,13U2,13U2,2025-07-17T12:12:00.000000,911_calls,2025-07-17 12:12:00,Thursday,12,7,3.0
call_2173,40.66888376700007,-73.93250571899995,75S,75S,2025-07-16T13:13:00.000000,911_calls,2025-07-16 13:13:00,Wednesday,13,7,3.0
call_2174,40.85854705700007,-73.90380133999997,75M,75M,2025-07-15T14:14:00.000000,911_calls,2025-07-15 14:14:00,Tuesday,14,7,3.0
call_2175,40.752530799000056,-73.99322318999998,54U1,54U1,2025-07-14T15:15:00.000000,911_calls,2025-07-14 15:15:00,Monday,15,7,3.0
call_2176,40.84084902400008,-73.94005456699995,75S,75S,2025-07-13T16:16:00.000000,911_calls,2025-07-13 16:16:00,Sunday,16,7,3.0
call_2177,40.65462789000003,-74.00418568699996,75S,75S,2025-07-12T17:17:00.000000,911_calls,2025-07-12 17:17:00,Saturday,17,7,3.0
call_2178,40.87617249700003,-73.91289903399996,75D,75D,2025-07-11T18:18:00.000000,911_calls,2025-07-11 18:18:00,Friday,18,7,3.0
call_2179,40.68024832700007,-73.84148341499997,50P1,50P1,2025-07-10T19:19:00.000000,911_calls,2025-07-10 19:19:00,Thursday,19,7,3.0
call_2180,40.739198739000074,-73.89223856199999,52D6,52D6,2025-07-09T20:20:00.000000,911_calls,2025-07-09 20:20:00,Wednesday,20,7,3.0
call_2181,40.67998889000006,-73.75208862599999,10V2,10V2,2025-07-08T21:21:00.000000,911_calls,2025-07-08 21:21:00,Tuesday,21,7,3.0
call_2182,40.66709412700004,-73.90520211699999,68Q1,68Q1,2025-07-07T22:22:00.000000,911_calls,2025-07-07 22:22:00,Monday,22,7,3.0
call_2183,40.68073899600006,-73.94963745499996,75S,75S,2025-07-06T23:23:00.000000,911_calls,2025-07-06 23:23:00,Sunday,23,7,3.0
call_2184,40.717643628000076,-73.73091728899993,34Q1,34Q1,2025-07-05T00:24:00.000000,911_calls,2025-07-05 00:24:00,Saturday,0,7,3.0
call_2185,40.667148205000046,-73.88340093999994,75S,75S,2025-07-04T01:25:00.000000,911_calls,2025-07-04 01:25:00,Friday,1,7,3.0
call_2186,40.79884745600003,-73.95387866199997,75D,75D,2025-07-03T02:26:00.000000,911_calls,2025-07-03 02:26:00,Thursday,2,7,3.0
call_2187,40.70343010500005,-73.93853350499995,68Q1,68Q1,2025-07-02T03:27:00.000000,911_calls,2025-07-02 03:27:00,Wednesday,3,7,3.0
call_2188,40.702916049000066,-73.80006160699998,75D,75D,2025-07-01T04:28:00.000000,911_calls,2025-07-01 04:28:00,Tuesday,4,7,3.0
call_2189,40.86194836800007,-73.92713638799995,59R4,59R4,2025-06-30T05:29:00.000000,911_calls,2025-06-30 05:29:00,Monday,5,6,3.0
call_2190,40.64395993900007,-73.97966371899997,56S9,56S9,2025-07-29T06:30:00.000000,911_calls,2025-07-29 06:30:00,Tuesday,6,7,3.0
call_2191,40.818815405000066,-73.95408520999996,39H1,39H1,2025-07-28T07:31:00.000000,911_calls,2025-07-28 07:31:00,Monday,7,7,3.0
call_2192,40.68346026200004,-73.87288383999999,75M,75M,2025-07-27T08:32:00.000000,911_calls,2025-07-27 08:32:00,Sunday,8,7,3.0
call_2193,40.68853062300008,-73.72662481999998,53S8,53S8,2025-07-26T09:33:00.000000,911_calls,2025-07-26 09:33:00,Saturday,9,7,3.0
call_2194,40.82374833200004,-73.90556789899995,75D,75D,2025-07-25T10:34:00.000000,911_calls,2025-07-25 10:34:00,Friday,10,7,3.0
call_2195,40.86736315600007,-73.92216271599995,54E9,54E9,2025-07-24T11:35:00.000000,911_calls,2025-07-24 11:35:00,Thursday,11,7,3.0
call_2196,40.86736315600007,-73.92216271599995,54E9,54E9,2025-07-23T12:36:00.000000,911_calls,2025-07-23 12:36:00,Wednesday,12,7,3.0
call_2197,40.69974268200008,-73.91142368699997,75S,75S,2025-07-22T13:37:00.000000,911_calls,2025-07-22 13:37:00,Tuesday,13,7,3.0
call_2198,40.77206397700007,-73.77859978399994,68Q1,68Q1,2025-07-21T14:38:00.000000,911_calls,2025-07-21 14:38:00,Monday,14,7,3.0
call_2199,40.85872682100006,-73.86655508699994,75D,75D,2025-07-20T15:39:00.000000,911_calls,2025-07-20 15:39:00,Sunday,15,7,3.0
call_2200,40.707519528000034,-74.00709974599994,68Q1,68Q1,2025-07-19T16:40:00.000000,911_calls,2025-07-19 16:40:00,Saturday,16,7,3.0
call_2201,40.70777699400003,-73.93218500399996,10Y3,10Y3,2025-07-18T17:41:00.000000,911_calls,2025-07-18 17:41:00,Friday,17,7,3.0
call_2202,40.85558663900008,-73.90515036099998,52D1,52D1,2025-07-17T18:42:00.000000,911_calls,2025-07-17 18:42:00,Thursday,18,7,3.0
call_2203,40.641300139000066,-74.03268319299997,75D,75D,2025-07-16T19:43:00.000000,911_calls,2025-07-16 19:43:00,Wednesday,19,7,3.0
call_2204,40.75674253700004,-73.86551410899995,68Q1,68Q1,2025-07-15T20:44:00.000000,911_calls,2025-07-15 20:44:00,Tuesday,20,7,3.0
call_2205,40.81260051900006,-73.95202672899995,34Q2,34Q2,2025-07-14T21:45:00.000000,911_calls,2025-07-14 21:45:00,Monday,21,7,3.0
call_2206,40.65462789000003,-74.00418568699996,75O,75O,2025-07-13T22:46:00.000000,911_calls,2025-07-13 22:46:00,Sunday,22,7,3.0
call_2207,40.71693641500008,-73.98812598799998,11C4,11C4,2025-07-12T23:47:00.000000,911_calls,2025-07-12 23:47:00,Saturday,23,7,3.0
call_2208,40.80721846200004,-73.92241727499999,10H1,10H1,2025-07-11T00:48:00.000000,911_calls,2025-07-11 00:48:00,Friday,0,7,3.0
call_2209,40.75107189400006,-73.96820063099995,75D,75D,2025-07-10T01:49:00.000000,911_calls,2025-07-10 01:49:00,Thursday,1,7,3.0
call_2210,40.65171969100004,-73.93088693699997,75D,75D,2025-07-09T02:50:00.000000,911_calls,2025-07-09 02:50:00,Wednesday,2,7,3.0
call_2211,40.64564719600003,-73.90287588699994,75M,75M,2025-07-08T03:51:00.000000,911_calls,2025-07-08 03:51:00,Tuesday,3,7,3.0
call_2212,40.82293874800007,-73.93812684499994,75D,75D,2025-07-07T04:52:00.000000,911_calls,2025-07-07 04:52:00,Monday,4,7,3.0
call_2213,40.71095979100005,-73.79317685999996,75S,75S,2025-07-06T05:53:00.000000,911_calls,2025-07-06 05:53:00,Sunday,5,7,3.0
call_2214,40.84084902400008,-73.94005456699995,75M,75M,2025-07-05T06:54:00.000000,911_calls,2025-07-05 06:54:00,Saturday,6,7,3.0
call_2215,40.83855936400005,-73.89660592299998,75D,75D,2025-07-04T07:55:00.000000,911_calls,2025-07-04 07:55:00,Friday,7,7,3.0
call_2216,40.678812065000045,-73.85771433899998,75M,75M,2025-07-03T08:56:00.000000,911_calls,2025-07-03 08:56:00,Thursday,8,7,3.0
call_2217,40.76944622800005,-73.95480879699994,75D,75D,2025-07-02T09:57:00.000000,911_calls,2025-07-02 09:57:00,Wednesday,9,7,3.0
call_2218,40.890888801000074,-73.85707957599993,39H1,39H1,2025-07-01T10:58:00.000000,911_calls,2025-07-01 10:58:00,Tuesday,10,7,3.0
call_2219,40.86990589100003,-73.91982763299995,75D,75D,2025-06-30T11:59:00.000000,911_calls,2025-06-30 11:59:00,Monday,11,6,3.0
call_2220,40.696847054000045,-73.93650923699994,10P2,10P2,2025-07-29T12:00:00.000000,911_calls,2025-07-29 12:00:00,Tuesday,12,7,3.0
call_2221,40.848308994000035,-73.90342577999996,39H2,39H2,2025-07-28T13:01:00.000000,911_calls,2025-07-28 13:01:00,Monday,13,7,3.0
call_2222,40.79944767500007,-73.96738653099999,68Q1,68Q1,2025-07-27T14:02:00.000000,911_calls,2025-07-27 14:02:00,Sunday,14,7,3.0
call_2223,40.70499992500004,-73.92032170499994,68Q1,68Q1,2025-07-26T15:03:00.000000,911_calls,2025-07-26 15:03:00,Saturday,15,7,3.0
call_2224,40.81602577600006,-73.91773211999998,75O,75O,2025-07-25T16:04:00.000000,911_calls,2025-07-25 16:04:00,Friday,16,7,3.0
call_2225,40.75058041300008,-73.94016827599995,75S,75S,2025-07-24T17:05:00.000000,911_calls,2025-07-24 17:05:00,Thursday,17,7,3.0
call_2226,40.75043055800006,-73.98722494099997,34Q2,34Q2,2025-07-23T18:06:00.000000,911_calls,2025-07-23 18:06:00,Wednesday,18,7,3.0
call_2227,40.74168920000005,-74.00298585099995,54E2,54E2,2025-07-22T19:07:00.000000,911_calls,2025-07-22 19:07:00,Tuesday,19,7,3.0
call_2228,40.74168920000005,-74.00298585099995,54E2,54E2,2025-07-21T20:08:00.000000,911_calls,2025-07-21 20:08:00,Monday,20,7,3.0
call_2229,40.609344615000055,-73.95695564899995,75T,75T,2025-07-20T21:09:00.000000,911_calls,2025-07-20 21:09:00,Sunday,21,7,3.0
call_2230,40.801779330000045,-73.96288126499996,68Q1,68Q1,2025-07-19T22:10:00.000000,911_calls,2025-07-19 22:10:00,Saturday,22,7,3.0
call_2231,40.844554076000065,-73.93444907799994,68Q1,68Q1,2025-07-18T23:11:00.000000,911_calls,2025-07-18 23:11:00,Friday,23,7,3.0
call_2232,40.669051068000044,-73.90182525899996,75S,75S,2025-07-17T00:12:00.000000,911_calls,2025-07-17 00:12:00,Thursday,0,7,3.0
call_2233,40.718188636000036,-74.00076261599997,54U9,54U9,2025-07-16T01:13:00.000000,911_calls,2025-07-16 01:13:00,Wednesday,1,7,3.0
call_2234,40.81960794400004,-73.89155196399997,68Q1,68Q1,2025-07-15T02:14:00.000000,911_calls,2025-07-15 02:14:00,Tuesday,2,7,3.0
call_2235,40.77591602100006,-73.97401982999997,75D,75D,2025-07-14T03:15:00.000000,911_calls,2025-07-14 03:15:00,Monday,3,7,3.0
call_2236,40.81072622700003,-73.92662169499994,10Y9,10Y9,2025-07-13T04:16:00.000000,911_calls,2025-07-13 04:16:00,Sunday,4,7,3.0
call_2237,40.86085841600004,-73.89778957199997,75M,75M,2025-07-12T05:17:00.000000,911_calls,2025-07-12 05:17:00,Saturday,5,7,3.0
call_2238,40.75080503300006,-73.86267121199995,34Q2,34Q2,2025-07-11T06:18:00.000000,911_calls,2025-07-11 06:18:00,Friday,6,7,3.0
call_2239,40.70876084400004,-73.95769940799994,75S,75S,2025-07-10T07:19:00.000000,911_calls,2025-07-10 07:19:00,Thursday,7,7,3.0
call_2240,40.690563893000046,-73.98187797899999,54S9,54S9,2025-07-09T08:20:00.000000,911_calls,2025-07-09 08:20:00,Wednesday,8,7,3.0
call_2241,40.690563893000046,-73.98187797899999,75S,75S,2025-07-08T09:21:00.000000,911_calls,2025-07-08 09:21:00,Tuesday,9,7,3.0
call_2242,40.873463241000024,-73.88725887999993,75M,75M,2025-07-07T10:22:00.000000,911_calls,2025-07-07 10:22:00,Monday,10,7,3.0
call_2243,40.68553341000006,-73.93705725299998,11R4,11R4,2025-07-06T11:23:00.000000,911_calls,2025-07-06 11:23:00,Sunday,11,7,3.0
call_2244,40.86327543800007,-73.90291959499996,10P2,10P2,2025-07-05T12:24:00.000000,911_calls,2025-07-05 12:24:00,Saturday,12,7,3.0
call_2245,40.74769070100007,-73.88346930099993,52D6,52D6,2025-07-04T13:25:00.000000,911_calls,2025-07-04 13:25:00,Friday,13,7,3.0
call_2246,40.65462789000003,-74.00418568699996,75M,75M,2025-07-03T14:26:00.000000,911_calls,2025-07-03 14:26:00,Thursday,14,7,3.0
call_2247,40.70076047200007,-73.98043621699998,68Q1,68Q1,2025-07-02T15:27:00.000000,911_calls,2025-07-02 15:27:00,Wednesday,15,7,3.0
call_2248,40.819776069000056,-73.93672073599998,75D,75D,2025-07-01T16:28:00.000000,911_calls,2025-07-01 16:28:00,Tuesday,16,7,3.0
call_2249,40.57628456500004,-73.98139061299997,50P9,50P9,2025-06-30T17:29:00.000000,911_calls,2025-06-30 17:29:00,Monday,17,6,3.0
call_2250,40.57531202900003,-73.97660685599999,75T,75T,2025-07-29T18:30:00.000000,911_calls,2025-07-29 18:30:00,Tuesday,18,7,3.0
call_2251,40.77469413100005,-73.96233673399996,68Q1,68Q1,2025-07-28T19:31:00.000000,911_calls,2025-07-28 19:31:00,Monday,19,7,3.0
call_2252,40.849727216000076,-73.90578765199996,75O,75O,2025-07-27T20:32:00.000000,911_calls,2025-07-27 20:32:00,Sunday,20,7,3.0
call_2253,40.693365904000075,-73.80422644599997,75H,75H,2025-07-26T21:33:00.000000,911_calls,2025-07-26 21:33:00,Saturday,21,7,3.0
call_2254,40.64427409700005,-74.01119372899996,52D2,52D2,2025-07-25T22:34:00.000000,911_calls,2025-07-25 22:34:00,Friday,22,7,3.0
call_2255,40.592336182000054,-73.98148695899994,75D,75D,2025-07-24T23:35:00.000000,911_calls,2025-07-24 23:35:00,Thursday,23,7,3.0
call_2256,40.784507365000024,-73.97548255699996,54S1,54S1,2025-07-23T00:36:00.000000,911_calls,2025-07-23 00:36:00,Wednesday,0,7,3.0
call_2257,40.86560949600005,-73.89474168599997,75M,75M,2025-07-22T01:37:00.000000,911_calls,2025-07-22 01:37:00,Tuesday,1,7,3.0
call_2258,40.84712548400006,-73.89345889599997,52D1,52D1,2025-07-21T02:38:00.000000,911_calls,2025-07-21 02:38:00,Monday,2,7,3.0
call_2259,40.732188233000045,-73.88069644899997,54C1,54C1,2025-07-20T03:39:00.000000,911_calls,2025-07-20 03:39:00,Sunday,3,7,3.0
call_2260,40.82575378200005,-73.93620557999998,68Q1,68Q1,2025-07-19T04:40:00.000000,911_calls,2025-07-19 04:40:00,Saturday,4,7,3.0
call_2261,40.75798166700008,-73.96316917099995,75D,75D,2025-07-18T05:41:00.000000,911_calls,2025-07-18 05:41:00,Friday,5,7,3.0
call_2262,40.80679103600005,-73.91950991899995,68Q1,68Q1,2025-07-17T06:42:00.000000,911_calls,2025-07-17 06:42:00,Thursday,6,7,3.0
call_2263,40.71626346000005,-73.98407867999998,75D,75D,2025-07-16T07:43:00.000000,911_calls,2025-07-16 07:43:00,Wednesday,7,7,3.0
call_2264,40.64891057700004,-73.96444382199996,11C4,11C4,2025-07-15T08:44:00.000000,911_calls,2025-07-15 08:44:00,Tuesday,8,7,3.0
call_2265,40.75766554000006,-73.98577611499996,10H2,10H2,2025-07-14T09:45:00.000000,911_calls,2025-07-14 09:45:00,Monday,9,7,3.0
call_2266,40.644350056000064,-73.93107474299995,10P2,10P2,2025-07-13T10:46:00.000000,911_calls,2025-07-13 10:46:00,Sunday,10,7,3.0
call_2267,40.79845524000007,-73.94808201499995,75D,75D,2025-07-12T11:47:00.000000,911_calls,2025-07-12 11:47:00,Saturday,11,7,3.0
call_2268,40.81925616600006,-73.91377559499995,10H2,10H2,2025-07-11T12:48:00.000000,911_calls,2025-07-11 12:48:00,Friday,12,7,3.0
call_2269,40.75508862600003,-73.82912345599993,34Q1,34Q1,2025-07-10T13:49:00.000000,911_calls,2025-07-10 13:49:00,Thursday,13,7,3.0
call_2270,40.851189281000075,-73.92313229499996,56S,56S,2025-07-09T14:50:00.000000,911_calls,2025-07-09 14:50:00,Wednesday,14,7,3.0
call_2271,40.712362272000064,-73.89122505999995,50P9,50P9,2025-07-08T15:51:00.000000,911_calls,2025-07-08 15:51:00,Tuesday,15,7,3.0
call_2272,40.759275658000035,-73.82999347399993,54S9,54S9,2025-07-07T16:52:00.000000,911_calls,2025-07-07 16:52:00,Monday,16,7,3.0
call_2273,40.64395993900007,-73.97966371899997,75S,75S,2025-07-06T17:53:00.000000,911_calls,2025-07-06 17:53:00,Sunday,17,7,3.0
call_2274,40.815002838000055,-73.90795384299997,68Q1,68Q1,2025-07-05T18:54:00.000000,911_calls,2025-07-05 18:54:00,Saturday,18,7,3.0
call_2275,40.67552416900003,-73.92491380499996,75I,75I,2025-07-04T19:55:00.000000,911_calls,2025-07-04 19:55:00,Friday,19,7,3.0
call_2276,40.79916969300007,-73.96478615399997,54E1,54E1,2025-07-03T20:56:00.000000,911_calls,2025-07-03 20:56:00,Thursday,20,7,3.0
call_2277,40.79916969300007,-73.96478615399997,54E1,54E1,2025-07-02T21:57:00.000000,911_calls,2025-07-02 21:57:00,Wednesday,21,7,3.0
call_2278,40.57767409600007,-73.98605562899996,52D6,52D6,2025-07-01T22:58:00.000000,911_calls,2025-07-01 22:58:00,Tuesday,22,7,3.0
call_2279,40.64564719600003,-73.90287588699994,50P9,50P9,2025-06-30T23:59:00.000000,911_calls,2025-06-30 23:59:00,Monday,23,6,3.0
call_2280,40.76123367800005,-73.98553710899995,54U1,54U1,2025-07-29T00:00:00.000000,911_calls,2025-07-29 00:00:00,Tuesday,0,7,3.0
call_2281,40.70042942600003,-73.80820890199993,10Y9,10Y9,2025-07-28T01:01:00.000000,911_calls,2025-07-28 01:01:00,Monday,1,7,3.0
call_2282,40.65443832700004,-74.00756621799997,13U8,13U8,2025-07-27T02:02:00.000000,911_calls,2025-07-27 02:02:00,Sunday,2,7,3.0
call_2283,40.65443832700004,-74.00756621799997,13U8,13U8,2025-07-26T03:03:00.000000,911_calls,2025-07-26 03:03:00,Saturday,3,7,3.0
call_2284,40.65443832700004,-74.00756621799997,13U8,13U8,2025-07-25T04:04:00.000000,911_calls,2025-07-25 04:04:00,Friday,4,7,3.0
call_2285,40.68053615600007,-73.95708636499995,52D6,52D6,2025-07-24T05:05:00.000000,911_calls,2025-07-24 05:05:00,Thursday,5,7,3.0
call_2286,40.662767503000055,-73.90752952599996,75S,75S,2025-07-23T06:06:00.000000,911_calls,2025-07-23 06:06:00,Wednesday,6,7,3.0
call_2287,40.75454220600005,-73.98737935799994,54H2,54H2,2025-07-22T07:07:00.000000,911_calls,2025-07-22 07:07:00,Tuesday,7,7,3.0
call_2288,40.55903297200007,-74.12230456199995,34W1,34W1,2025-07-21T08:08:00.000000,911_calls,2025-07-21 08:08:00,Monday,8,7,3.0
call_2289,40.84084902400008,-73.94005456699995,54S9,54S9,2025-07-20T09:09:00.000000,911_calls,2025-07-20 09:09:00,Sunday,9,7,3.0
call_2290,40.60521184900006,-73.98038858399997,75S,75S,2025-07-19T10:10:00.000000,911_calls,2025-07-19 10:10:00,Saturday,10,7,3.0
call_2291,40.643592108000064,-74.07396131599995,75T,75T,2025-07-18T11:11:00.000000,911_calls,2025-07-18 11:11:00,Friday,11,7,3.0
call_2292,40.654579633000026,-73.93068575499996,75D,75D,2025-07-17T12:12:00.000000,911_calls,2025-07-17 12:12:00,Thursday,12,7,3.0
call_2293,40.776011287000074,-73.96137557899993,10H2,10H2,2025-07-16T13:13:00.000000,911_calls,2025-07-16 13:13:00,Wednesday,13,7,3.0
call_2294,40.903436775000046,-73.85001656199995,75S,75S,2025-07-15T14:14:00.000000,911_calls,2025-07-15 14:14:00,Tuesday,14,7,3.0
call_2295,40.73984646800005,-73.98450246999994,54U2,54U2,2025-07-14T15:15:00.000000,911_calls,2025-07-14 15:15:00,Monday,15,7,3.0
call_2296,40.83594048100008,-73.94351019099997,75Z,75Z,2025-07-13T16:16:00.000000,911_calls,2025-07-13 16:16:00,Sunday,16,7,3.0
call_2297,40.88784211400008,-73.83064118999994,10V2,10V2,2025-07-12T17:17:00.000000,911_calls,2025-07-12 17:17:00,Saturday,17,7,3.0
call_2298,40.667148205000046,-73.88340093999994,75O,75O,2025-07-11T18:18:00.000000,911_calls,2025-07-11 18:18:00,Friday,18,7,3.0
call_2299,40.75664204200007,-73.98837157699995,75S,75S,2025-07-10T19:19:00.000000,911_calls,2025-07-10 19:19:00,Thursday,19,7,3.0
call_2300,40.71241149700006,-73.82621729999994,68Q1,68Q1,2025-07-09T20:20:00.000000,911_calls,2025-07-09 20:20:00,Wednesday,20,7,3.0
call_2301,40.596346897000046,-73.93676323199998,75D,75D,2025-07-08T21:21:00.000000,911_calls,2025-07-08 21:21:00,Tuesday,21,7,3.0
call_2302,40.74119115800005,-73.98282411999998,10H2,10H2,2025-07-07T22:22:00.000000,911_calls,2025-07-07 22:22:00,Monday,22,7,3.0
call_2303,40.574070952000056,-73.99620020499998,68Q1,68Q1,2025-07-06T23:23:00.000000,911_calls,2025-07-06 23:23:00,Sunday,23,7,3.0
call_2304,40.754089855000075,-73.99394129799998,59R4,59R4,2025-07-05T00:24:00.000000,911_calls,2025-07-05 00:24:00,Saturday,0,7,3.0
call_2305,40.86131332800005,-73.92554639399998,10V2,10V2,2025-07-04T01:25:00.000000,911_calls,2025-07-04 01:25:00,Friday,1,7,3.0
call_2306,40.812144431000036,-73.89384363399995,75D,75D,2025-07-03T02:26:00.000000,911_calls,2025-07-03 02:26:00,Thursday,2,7,3.0
call_2307,40.73306676100003,-73.76221798199998,75H,75H,2025-07-02T03:27:00.000000,911_calls,2025-07-02 03:27:00,Wednesday,3,7,3.0
call_2308,40.677628782000056,-73.97298375299994,75O,75O,2025-07-01T04:28:00.000000,911_calls,2025-07-01 04:28:00,Tuesday,4,7,3.0
call_2309,40.702732920000074,-73.91668895999999,54S2,54S2,2025-06-30T05:29:00.000000,911_calls,2025-06-30 05:29:00,Monday,5,6,3.0
call_2310,40.87992768500004,-73.89679834299994,54S1,54S1,2025-07-29T06:30:00.000000,911_calls,2025-07-29 06:30:00,Tuesday,6,7,3.0
call_2311,40.57758398400006,-73.95551098099997,68Q1,68Q1,2025-07-28T07:31:00.000000,911_calls,2025-07-28 07:31:00,Monday,7,7,3.0
call_2312,40.59579494500008,-73.77335088999996,59R4,59R4,2025-07-27T08:32:00.000000,911_calls,2025-07-27 08:32:00,Sunday,8,7,3.0
call_2313,40.60521184900006,-73.98038858399997,75M,75M,2025-07-26T09:33:00.000000,911_calls,2025-07-26 09:33:00,Saturday,9,7,3.0
call_2314,40.70763994400005,-74.01147849399996,50P1,50P1,2025-07-25T10:34:00.000000,911_calls,2025-07-25 10:34:00,Friday,10,7,3.0
call_2315,40.74867364600004,-73.86609341599996,54E1,54E1,2025-07-24T11:35:00.000000,911_calls,2025-07-24 11:35:00,Thursday,11,7,3.0
call_2316,40.74867364600004,-73.86609341599996,54E1,54E1,2025-07-23T12:36:00.000000,911_calls,2025-07-23 12:36:00,Wednesday,12,7,3.0
call_2317,40.65944167300006,-73.76129821499995,10S4,10S4,2025-07-22T13:37:00.000000,911_calls,2025-07-22 13:37:00,Tuesday,13,7,3.0
call_2318,40.82191037600006,-73.90346770399998,68Q1,68Q1,2025-07-21T14:38:00.000000,911_calls,2025-07-21 14:38:00,Monday,14,7,3.0
call_2319,40.76126636400005,-73.98365640999998,75M,75M,2025-07-20T15:39:00.000000,911_calls,2025-07-20 15:39:00,Sunday,15,7,3.0
call_2320,40.688604586000054,-73.98507328299996,39H9,39H9,2025-07-19T16:40:00.000000,911_calls,2025-07-19 16:40:00,Saturday,16,7,3.0
call_2321,40.57531202900003,-73.97660685599999,75T,75T,2025-07-18T17:41:00.000000,911_calls,2025-07-18 17:41:00,Friday,17,7,3.0
call_2322,40.62285052300007,-74.08093757199998,68Q1,68Q1,2025-07-17T18:42:00.000000,911_calls,2025-07-17 18:42:00,Thursday,18,7,3.0
call_2323,40.67224288600005,-73.79833665699994,52D1,52D1,2025-07-16T19:43:00.000000,911_calls,2025-07-16 19:43:00,Wednesday,19,7,3.0
call_2324,40.660631961000036,-73.93082363899998,75D,75D,2025-07-15T20:44:00.000000,911_calls,2025-07-15 20:44:00,Tuesday,20,7,3.0
call_2325,40.70590394900006,-73.92177415499998,75D,75D,2025-07-14T21:45:00.000000,911_calls,2025-07-14 21:45:00,Monday,21,7,3.0
call_2326,40.73268576000004,-73.95466774699997,11C4,11C4,2025-07-13T22:46:00.000000,911_calls,2025-07-13 22:46:00,Sunday,22,7,3.0
call_2327,40.85662618200007,-73.86812457499997,50P1,50P1,2025-07-12T23:47:00.000000,911_calls,2025-07-12 23:47:00,Saturday,23,7,3.0
call_2328,40.631712142000026,-73.95752487099998,68Q1,68Q1,2025-07-11T00:48:00.000000,911_calls,2025-07-11 00:48:00,Friday,0,7,3.0
call_2329,40.77821981100004,-73.95149545099997,75D,75D,2025-07-10T01:49:00.000000,911_calls,2025-07-10 01:49:00,Thursday,1,7,3.0
call_2330,40.636122955000076,-73.95050701999998,68Q1,68Q1,2025-07-09T02:50:00.000000,911_calls,2025-07-09 02:50:00,Wednesday,2,7,3.0
call_2331,40.57300153500006,-73.85220196799997,75H,75H,2025-07-08T03:51:00.000000,911_calls,2025-07-08 03:51:00,Tuesday,3,7,3.0
call_2332,40.75739459700003,-73.82753655099998,75H,75H,2025-07-07T04:52:00.000000,911_calls,2025-07-07 04:52:00,Monday,4,7,3.0
call_2333,40.647949898000036,-73.99840863399999,10V2,10V2,2025-07-06T05:53:00.000000,911_calls,2025-07-06 05:53:00,Sunday,5,7,3.0
call_2334,40.72050546500003,-73.97602558699998,68Q1,68Q1,2025-07-05T06:54:00.000000,911_calls,2025-07-05 06:54:00,Saturday,6,7,3.0
call_2335,40.65462789000003,-74.00418568699996,75M,75M,2025-07-04T07:55:00.000000,911_calls,2025-07-04 07:55:00,Friday,7,7,3.0
call_2336,40.713619451000056,-73.96727702199996,54U1,54U1,2025-07-03T08:56:00.000000,911_calls,2025-07-03 08:56:00,Thursday,8,7,3.0
call_2337,40.69218385600004,-73.98577565699998,34Q2,34Q2,2025-07-02T09:57:00.000000,911_calls,2025-07-02 09:57:00,Wednesday,9,7,3.0
call_2338,40.70353936500004,-73.98956021099997,68Q1,68Q1,2025-07-01T10:58:00.000000,911_calls,2025-07-01 10:58:00,Tuesday,10,7,3.0
call_2339,40.69628382500008,-73.80435852099998,34Q1,34Q1,2025-06-30T11:59:00.000000,911_calls,2025-06-30 11:59:00,Monday,11,6,3.0
call_2340,40.71777879600006,-73.93680674999996,24Q1,24Q1,2025-07-29T12:00:00.000000,911_calls,2025-07-29 12:00:00,Tuesday,12,7,3.0
call_2341,40.75273446700004,-73.97654816699998,75S,75S,2025-07-28T13:01:00.000000,911_calls,2025-07-28 13:01:00,Monday,13,7,3.0
call_2342,40.676410676000046,-73.74131519199995,10V2,10V2,2025-07-27T14:02:00.000000,911_calls,2025-07-27 14:02:00,Sunday,14,7,3.0
call_2343,40.68519437200007,-73.83751625099995,56S,56S,2025-07-26T15:03:00.000000,911_calls,2025-07-26 15:03:00,Saturday,15,7,3.0
call_2344,40.787718899000026,-73.78380204499996,75H,75H,2025-07-25T16:04:00.000000,911_calls,2025-07-25 16:04:00,Friday,16,7,3.0
call_2345,40.75664204200007,-73.98837157699995,75S,75S,2025-07-24T17:05:00.000000,911_calls,2025-07-24 17:05:00,Thursday,17,7,3.0
call_2346,40.87663218200004,-73.88886987499995,75D,75D,2025-07-23T18:06:00.000000,911_calls,2025-07-23 18:06:00,Wednesday,18,7,3.0
call_2347,40.64317274800004,-73.93141828099994,68Q1,68Q1,2025-07-22T19:07:00.000000,911_calls,2025-07-22 19:07:00,Tuesday,19,7,3.0
call_2348,40.75896588000006,-73.98111578499999,54S2,54S2,2025-07-21T20:08:00.000000,911_calls,2025-07-21 20:08:00,Monday,20,7,3.0
call_2349,40.78073739100006,-73.98257921799996,50P1,50P1,2025-07-20T21:09:00.000000,911_calls,2025-07-20 21:09:00,Sunday,21,7,3.0
call_2350,40.65862948300003,-73.89007282199998,53D,53D,2025-07-19T22:10:00.000000,911_calls,2025-07-19 22:10:00,Saturday,22,7,3.0
call_2351,40.68335414200004,-73.81833915899995,52D6,52D6,2025-07-18T23:11:00.000000,911_calls,2025-07-18 23:11:00,Friday,23,7,3.0
call_2352,40.71784735700004,-73.98535893499997,39H1,39H1,2025-07-17T00:12:00.000000,911_calls,2025-07-17 00:12:00,Thursday,0,7,3.0
call_2353,40.78758996200003,-73.93913471599996,59R4,59R4,2025-07-16T01:13:00.000000,911_calls,2025-07-16 01:13:00,Wednesday,1,7,3.0
call_2354,40.86682917400003,-73.89587863899999,11C4,11C4,2025-07-15T02:14:00.000000,911_calls,2025-07-15 02:14:00,Tuesday,2,7,3.0
call_2355,40.604078962000074,-73.75472573599995,54S9,54S9,2025-07-14T03:15:00.000000,911_calls,2025-07-14 03:15:00,Monday,3,7,3.0
call_2356,40.82835254100007,-73.94042716599995,54E1,54E1,2025-07-13T04:16:00.000000,911_calls,2025-07-13 04:16:00,Sunday,4,7,3.0
call_2357,40.82835254100007,-73.94042716599995,54E1,54E1,2025-07-12T05:17:00.000000,911_calls,2025-07-12 05:17:00,Saturday,5,7,3.0
call_2358,40.82797601800007,-73.95103641499998,10S4,10S4,2025-07-11T06:18:00.000000,911_calls,2025-07-11 06:18:00,Friday,6,7,3.0
call_2359,40.677628782000056,-73.97298375299994,75S,75S,2025-07-10T07:19:00.000000,911_calls,2025-07-10 07:19:00,Thursday,7,7,3.0
call_2360,40.774288392000074,-73.90567052799997,10H2,10H2,2025-07-09T08:20:00.000000,911_calls,2025-07-09 08:20:00,Wednesday,8,7,3.0
call_2361,40.60562342500003,-74.16212731299998,53S,53S,2025-07-08T09:21:00.000000,911_calls,2025-07-08 09:21:00,Tuesday,9,7,3.0
call_2362,40.71239662200003,-73.78490845799996,75S,75S,2025-07-07T10:22:00.000000,911_calls,2025-07-07 10:22:00,Monday,10,7,3.0
call_2363,40.849727216000076,-73.90578765199996,10P9,10P9,2025-07-06T11:23:00.000000,911_calls,2025-07-06 11:23:00,Sunday,11,7,3.0
call_2364,40.76209174600007,-73.97882988499998,52D6,52D6,2025-07-05T12:24:00.000000,911_calls,2025-07-05 12:24:00,Saturday,12,7,3.0
call_2365,40.69524053500004,-73.91408743599999,68Q1,68Q1,2025-07-04T13:25:00.000000,911_calls,2025-07-04 13:25:00,Friday,13,7,3.0
call_2366,40.76034132500007,-73.76890691299997,75Z,75Z,2025-07-03T14:26:00.000000,911_calls,2025-07-03 14:26:00,Thursday,14,7,3.0
call_2367,40.755915970000046,-73.92149524599995,75D,75D,2025-07-02T15:27:00.000000,911_calls,2025-07-02 15:27:00,Wednesday,15,7,3.0
call_2368,40.608288909000066,-73.81617002399997,75S,75S,2025-07-01T16:28:00.000000,911_calls,2025-07-01 16:28:00,Tuesday,16,7,3.0
call_2369,40.71880019500003,-73.98901309299998,75D,75D,2025-06-30T17:29:00.000000,911_calls,2025-06-30 17:29:00,Monday,17,6,3.0
call_2370,40.74747059100008,-73.88294637699994,75D,75D,2025-07-29T18:30:00.000000,911_calls,2025-07-29 18:30:00,Tuesday,18,7,3.0
call_2371,40.69974268200008,-73.91142368699997,75O,75O,2025-07-28T19:31:00.000000,911_calls,2025-07-28 19:31:00,Monday,19,7,3.0
call_2372,40.62253255300004,-74.16324186399999,54U1,54U1,2025-07-27T20:32:00.000000,911_calls,2025-07-27 20:32:00,Sunday,20,7,3.0
call_2373,40.63242975400004,-73.94722400499995,75S,75S,2025-07-26T21:33:00.000000,911_calls,2025-07-26 21:33:00,Saturday,21,7,3.0
call_2374,40.74498524300003,-73.98991821599998,10P2,10P2,2025-07-25T22:34:00.000000,911_calls,2025-07-25 22:34:00,Friday,22,7,3.0
call_2375,40.86010419200005,-73.86853703399998,52D6,52D6,2025-07-24T23:35:00.000000,911_calls,2025-07-24 23:35:00,Thursday,23,7,3.0
call_2376,40.731699724000066,-73.98231781399994,50P1,50P1,2025-07-23T00:36:00.000000,911_calls,2025-07-23 00:36:00,Wednesday,0,7,3.0
call_2377,40.88605550700004,-73.87875671899997,75M,75M,2025-07-22T01:37:00.000000,911_calls,2025-07-22 01:37:00,Tuesday,1,7,3.0
call_2378,40.55903297200007,-74.12230456199995,10Y3,10Y3,2025-07-21T02:38:00.000000,911_calls,2025-07-21 02:38:00,Monday,2,7,3.0
call_2379,40.86858934000003,-73.86725479999996,68U2,68U2,2025-07-20T03:39:00.000000,911_calls,2025-07-20 03:39:00,Sunday,3,7,3.0
call_2380,40.86858934000003,-73.86725479999996,68U2,68U2,2025-07-19T04:40:00.000000,911_calls,2025-07-19 04:40:00,Saturday,4,7,3.0
call_2381,40.81688561100003,-73.90782117699996,75S,75S,2025-07-18T05:41:00.000000,911_calls,2025-07-18 05:41:00,Friday,5,7,3.0
call_2382,40.714074580000045,-73.95049964199995,75S,75S,2025-07-17T06:42:00.000000,911_calls,2025-07-17 06:42:00,Thursday,6,7,3.0
call_2383,40.85365304100003,-73.90689183099994,75T,75T,2025-07-16T07:43:00.000000,911_calls,2025-07-16 07:43:00,Wednesday,7,7,3.0
call_2384,40.60895327700007,-74.14100156599994,68Q2,68Q2,2025-07-15T08:44:00.000000,911_calls,2025-07-15 08:44:00,Tuesday,8,7,3.0
call_2385,40.74435360000007,-73.98649711799999,54S1,54S1,2025-07-14T09:45:00.000000,911_calls,2025-07-14 09:45:00,Monday,9,7,3.0
call_2386,40.57185868200003,-73.99787771299998,75D,75D,2025-07-13T10:46:00.000000,911_calls,2025-07-13 10:46:00,Sunday,10,7,3.0
call_2387,40.73796459700003,-73.99826214699993,54U9,54U9,2025-07-12T11:47:00.000000,911_calls,2025-07-12 11:47:00,Saturday,11,7,3.0
call_2388,40.74563068700007,-73.99824751199998,54U2,54U2,2025-07-11T12:48:00.000000,911_calls,2025-07-11 12:48:00,Friday,12,7,3.0
call_2389,40.668219951000026,-73.93813338199999,10H2,10H2,2025-07-10T13:49:00.000000,911_calls,2025-07-10 13:49:00,Thursday,13,7,3.0
call_2390,40.65594665500004,-73.98110890199996,53I,53I,2025-07-09T14:50:00.000000,911_calls,2025-07-09 14:50:00,Wednesday,14,7,3.0
call_2391,40.821236836000026,-73.94309272199996,68Q1,68Q1,2025-07-08T15:51:00.000000,911_calls,2025-07-08 15:51:00,Tuesday,15,7,3.0
call_2392,40.75304148600003,-74.00283837799998,68U2,68U2,2025-07-07T16:52:00.000000,911_calls,2025-07-07 16:52:00,Monday,16,7,3.0
call_2393,40.702916049000066,-73.80006160699998,75S,75S,2025-07-06T17:53:00.000000,911_calls,2025-07-06 17:53:00,Sunday,17,7,3.0
call_2394,40.84607942300005,-73.93813062199996,75Z,75Z,2025-07-05T18:54:00.000000,911_calls,2025-07-05 18:54:00,Saturday,18,7,3.0
call_2395,40.59262934700007,-73.97844792499995,75S,75S,2025-07-04T19:55:00.000000,911_calls,2025-07-04 19:55:00,Friday,19,7,3.0
call_2396,40.76928053700004,-73.95948412499996,56S9,56S9,2025-07-03T20:56:00.000000,911_calls,2025-07-03 20:56:00,Thursday,20,7,3.0
call_2397,40.731699724000066,-73.98231781399994,75D,75D,2025-07-02T21:57:00.000000,911_calls,2025-07-02 21:57:00,Wednesday,21,7,3.0
call_2398,40.66168754200004,-74.00002306999994,75D,75D,2025-07-01T22:58:00.000000,911_calls,2025-07-01 22:58:00,Tuesday,22,7,3.0
call_2399,40.77758801600004,-73.82055539099997,68Q1,68Q1,2025-06-30T23:59:00.000000,911_calls,2025-06-30 23:59:00,Monday,23,6,3.0
call_2400,40.68424560500006,-73.83242023499997,75D,75D,2025-07-29T00:00:00.000000,911_calls,2025-07-29 00:00:00,Tuesday,0,7,3.0
call_2401,40.67919692000004,-73.97699945299996,75H,75H,2025-07-28T01:01:00.000000,911_calls,2025-07-28 01:01:00,Monday,1,7,3.0
call_2402,40.755977862000066,-73.98886258299996,13X,13X,2025-07-27T02:02:00.000000,911_calls,2025-07-27 02:02:00,Sunday,2,7,3.0
call_2403,40.755977862000066,-73.98886258299996,13X,13X,2025-07-26T03:03:00.000000,911_calls,2025-07-26 03:03:00,Saturday,3,7,3.0
call_2404,40.755977862000066,-73.98886258299996,13X,13X,2025-07-25T04:04:00.000000,911_calls,2025-07-25 04:04:00,Friday,4,7,3.0
call_2405,40.73201947000007,-74.00073390899996,75S,75S,2025-07-24T05:05:00.000000,911_calls,2025-07-24 05:05:00,Thursday,5,7,3.0
call_2406,40.610434088000034,-74.03563581099996,53I8,53I8,2025-07-23T06:06:00.000000,911_calls,2025-07-23 06:06:00,Wednesday,6,7,3.0
call_2407,40.88522183500004,-73.89950250299995,68Q1,68Q1,2025-07-22T07:07:00.000000,911_calls,2025-07-22 07:07:00,Tuesday,7,7,3.0
call_2408,40.759997474000045,-73.87000522899996,50P1,50P1,2025-07-21T08:08:00.000000,911_calls,2025-07-21 08:08:00,Monday,8,7,3.0
call_2409,40.701719971000045,-73.90583812499995,10Y3,10Y3,2025-07-20T09:09:00.000000,911_calls,2025-07-20 09:09:00,Sunday,9,7,3.0
call_2410,40.81688561100003,-73.90782117699996,75T,75T,2025-07-19T10:10:00.000000,911_calls,2025-07-19 10:10:00,Saturday,10,7,3.0
call_2411,40.701476014000036,-73.92085607799999,68Q1,68Q1,2025-07-18T11:11:00.000000,911_calls,2025-07-18 11:11:00,Friday,11,7,3.0
call_2412,40.695671633000075,-73.98019609199997,54R1,54R1,2025-07-17T12:12:00.000000,911_calls,2025-07-17 12:12:00,Thursday,12,7,3.0
call_2413,40.695671633000075,-73.98019609199997,54R1,54R1,2025-07-16T13:13:00.000000,911_calls,2025-07-16 13:13:00,Wednesday,13,7,3.0
call_2414,40.849894662000054,-73.86446188799994,10H1,10H1,2025-07-15T14:14:00.000000,911_calls,2025-07-15 14:14:00,Tuesday,14,7,3.0
call_2415,40.81735615500003,-73.90933068199996,21R,21R,2025-07-14T15:15:00.000000,911_calls,2025-07-14 15:15:00,Monday,15,7,3.0
call_2416,40.84833817400005,-73.91247643899999,10P9,10P9,2025-07-13T16:16:00.000000,911_calls,2025-07-13 16:16:00,Sunday,16,7,3.0
call_2417,40.70685174000005,-73.91902824899995,68Q1,68Q1,2025-07-12T17:17:00.000000,911_calls,2025-07-12 17:17:00,Saturday,17,7,3.0
call_2418,40.85745092700006,-73.92893796499999,34Q6,34Q6,2025-07-11T18:18:00.000000,911_calls,2025-07-11 18:18:00,Friday,18,7,3.0
call_2419,40.747555100000056,-73.94445129999997,68Q1,68Q1,2025-07-10T19:19:00.000000,911_calls,2025-07-10 19:19:00,Thursday,19,7,3.0
call_2420,40.75664204200007,-73.98837157699995,75S,75S,2025-07-09T20:20:00.000000,911_calls,2025-07-09 20:20:00,Wednesday,20,7,3.0
call_2421,40.65088416300006,-73.89348036399997,75I,75I,2025-07-08T21:21:00.000000,911_calls,2025-07-08 21:21:00,Tuesday,21,7,3.0
call_2422,40.698431106000044,-73.91564127499998,68Q1,68Q1,2025-07-07T22:22:00.000000,911_calls,2025-07-07 22:22:00,Monday,22,7,3.0
call_2423,40.82782501300005,-73.92534538199999,75S,75S,2025-07-06T23:23:00.000000,911_calls,2025-07-06 23:23:00,Sunday,23,7,3.0
call_2424,40.702273406000074,-74.01587398599997,75S,75S,2025-07-05T00:24:00.000000,911_calls,2025-07-05 00:24:00,Saturday,0,7,3.0
call_2425,40.55540829600005,-74.19655974999995,54U2,54U2,2025-07-04T01:25:00.000000,911_calls,2025-07-04 01:25:00,Friday,1,7,3.0
call_2426,40.840988293000066,-73.88214936699995,10V2,10V2,2025-07-03T02:26:00.000000,911_calls,2025-07-03 02:26:00,Thursday,2,7,3.0
call_2427,40.794952884000054,-73.97143733299998,75S,75S,2025-07-02T03:27:00.000000,911_calls,2025-07-02 03:27:00,Wednesday,3,7,3.0
call_2428,40.55540829600005,-74.19655974999995,54U2,54U2,2025-07-01T04:28:00.000000,911_calls,2025-07-01 04:28:00,Tuesday,4,7,3.0
call_2429,40.82437748600006,-73.94451363399997,75S,75S,2025-06-30T05:29:00.000000,911_calls,2025-06-30 05:29:00,Monday,5,6,3.0
call_2430,40.64475207900006,-74.08724138199995,75I,75I,2025-07-29T06:30:00.000000,911_calls,2025-07-29 06:30:00,Tuesday,6,7,3.0
call_2431,40.79884745600003,-73.95387866199997,75S,75S,2025-07-28T07:31:00.000000,911_calls,2025-07-28 07:31:00,Monday,7,7,3.0
call_2432,40.75574264800008,-73.90970691299998,68Q2,68Q2,2025-07-27T08:32:00.000000,911_calls,2025-07-27 08:32:00,Sunday,8,7,3.0
call_2433,40.69226368000005,-73.98774453499993,75S,75S,2025-07-26T09:33:00.000000,911_calls,2025-07-26 09:33:00,Saturday,9,7,3.0
call_2434,40.70135761500006,-73.91274513699994,68Q1,68Q1,2025-07-25T10:34:00.000000,911_calls,2025-07-25 10:34:00,Friday,10,7,3.0
call_2435,40.66202177100007,-73.89270204999997,10S4,10S4,2025-07-24T11:35:00.000000,911_calls,2025-07-24 11:35:00,Thursday,11,7,3.0
call_2436,40.78554961000003,-73.78329992399995,68Q1,68Q1,2025-07-23T12:36:00.000000,911_calls,2025-07-23 12:36:00,Wednesday,12,7,3.0
call_2437,40.71412546900007,-73.93190800399998,53X,53X,2025-07-22T13:37:00.000000,911_calls,2025-07-22 13:37:00,Tuesday,13,7,3.0
call_2438,40.71412546900007,-73.93190800399998,53X,53X,2025-07-21T14:38:00.000000,911_calls,2025-07-21 14:38:00,Monday,14,7,3.0
call_2439,40.88733281800006,-73.84725001299995,68Q1,68Q1,2025-07-20T15:39:00.000000,911_calls,2025-07-20 15:39:00,Sunday,15,7,3.0
call_2440,40.70610166300003,-73.79324242899997,75D,75D,2025-07-19T16:40:00.000000,911_calls,2025-07-19 16:40:00,Saturday,16,7,3.0
call_2441,40.74498524300003,-73.98991821599998,10V2,10V2,2025-07-18T17:41:00.000000,911_calls,2025-07-18 17:41:00,Friday,17,7,3.0
call_2442,40.70438706700003,-73.98557829299995,68Q1,68Q1,2025-07-17T18:42:00.000000,911_calls,2025-07-17 18:42:00,Thursday,18,7,3.0
call_2443,40.67672900500003,-73.90606448399996,11R4,11R4,2025-07-16T19:43:00.000000,911_calls,2025-07-16 19:43:00,Wednesday,19,7,3.0
call_2444,40.83786234100006,-73.92956602799995,54S1,54S1,2025-07-15T20:44:00.000000,911_calls,2025-07-15 20:44:00,Tuesday,20,7,3.0
call_2445,40.87650369200003,-73.91169807899996,52D1,52D1,2025-07-14T21:45:00.000000,911_calls,2025-07-14 21:45:00,Monday,21,7,3.0
call_2446,40.631020431000024,-73.97660894699999,68Q1,68Q1,2025-07-13T22:46:00.000000,911_calls,2025-07-13 22:46:00,Sunday,22,7,3.0
call_2447,40.747301899000036,-73.88718365899996,75D,75D,2025-07-12T23:47:00.000000,911_calls,2025-07-12 23:47:00,Saturday,23,7,3.0
call_2448,40.75211177400007,-73.87242800499996,39C2,39C2,2025-07-11T00:48:00.000000,911_calls,2025-07-11 00:48:00,Friday,0,7,3.0
call_2449,40.65088416300006,-73.89348036399997,75I,75I,2025-07-10T01:49:00.000000,911_calls,2025-07-10 01:49:00,Thursday,1,7,3.0
call_2450,40.67163055900005,-73.98260771199995,68Q1,68Q1,2025-07-09T02:50:00.000000,911_calls,2025-07-09 02:50:00,Wednesday,2,7,3.0
call_2451,40.75885707500004,-73.98861664699996,10H1,10H1,2025-07-08T03:51:00.000000,911_calls,2025-07-08 03:51:00,Tuesday,3,7,3.0
call_2452,40.75856415900006,-73.88496632199997,54S1,54S1,2025-07-07T04:52:00.000000,911_calls,2025-07-07 04:52:00,Monday,4,7,3.0
call_2453,40.59289453000008,-73.77658694399997,75M,75M,2025-07-06T05:53:00.000000,911_calls,2025-07-06 05:53:00,Sunday,5,7,3.0
call_2454,40.747301899000036,-73.88718365899996,75D,75D,2025-07-05T06:54:00.000000,911_calls,2025-07-05 06:54:00,Saturday,6,7,3.0
call_2455,40.64915284400007,-73.93010398899997,75D,75D,2025-07-04T07:55:00.000000,911_calls,2025-07-04 07:55:00,Friday,7,7,3.0
call_2456,40.83556756100006,-73.92079414399996,75T,75T,2025-07-03T08:56:00.000000,911_calls,2025-07-03 08:56:00,Thursday,8,7,3.0
call_2457,40.64395993900007,-73.97966371899997,75O,75O,2025-07-02T09:57:00.000000,911_calls,2025-07-02 09:57:00,Wednesday,9,7,3.0
call_2458,40.82236418400004,-73.91146641999995,54S1,54S1,2025-07-01T10:58:00.000000,911_calls,2025-07-01 10:58:00,Tuesday,10,7,3.0
call_2459,40.84409626300004,-73.89151927199998,50P2,50P2,2025-06-30T11:59:00.000000,911_calls,2025-06-30 11:59:00,Monday,11,6,3.0
call_2460,40.596011813000075,-73.74211638099996,56S,56S,2025-07-29T12:00:00.000000,911_calls,2025-07-29 12:00:00,Tuesday,12,7,3.0
call_2461,40.86828428600006,-73.86931629199995,54E1,54E1,2025-07-28T13:01:00.000000,911_calls,2025-07-28 13:01:00,Monday,13,7,3.0
call_2462,40.86828428600006,-73.86931629199995,54E1,54E1,2025-07-27T14:02:00.000000,911_calls,2025-07-27 14:02:00,Sunday,14,7,3.0
call_2463,40.69948865500004,-73.78824638599997,39T1,39T1,2025-07-26T15:03:00.000000,911_calls,2025-07-26 15:03:00,Saturday,15,7,3.0
call_2464,40.70438706700003,-73.98557829299995,68Q1,68Q1,2025-07-25T16:04:00.000000,911_calls,2025-07-25 16:04:00,Friday,16,7,3.0
call_2465,40.679170578000026,-73.98342775999998,39H1,39H1,2025-07-24T17:05:00.000000,911_calls,2025-07-24 17:05:00,Thursday,17,7,3.0
call_2466,40.84084902400008,-73.94005456699995,50P9,50P9,2025-07-23T18:06:00.000000,911_calls,2025-07-23 18:06:00,Wednesday,18,7,3.0
call_2467,40.62285052300007,-74.08093757199998,54C1,54C1,2025-07-22T19:07:00.000000,911_calls,2025-07-22 19:07:00,Tuesday,19,7,3.0
call_2468,40.672103063000066,-73.88123651899997,10S4,10S4,2025-07-21T20:08:00.000000,911_calls,2025-07-21 20:08:00,Monday,20,7,3.0
call_2469,40.70333609100004,-74.01208366699996,68Q1,68Q1,2025-07-20T21:09:00.000000,911_calls,2025-07-20 21:09:00,Sunday,21,7,3.0
call_2470,40.61731981100007,-73.91531154199998,68Q1,68Q1,2025-07-19T22:10:00.000000,911_calls,2025-07-19 22:10:00,Saturday,22,7,3.0
call_2471,40.81133009200005,-73.92666076599994,75S,75S,2025-07-18T23:11:00.000000,911_calls,2025-07-18 23:11:00,Friday,23,7,3.0
call_2472,40.693090174000076,-73.80673348599998,68Q2,68Q2,2025-07-17T00:12:00.000000,911_calls,2025-07-17 00:12:00,Thursday,0,7,3.0
call_2473,40.81602577600006,-73.91773211999998,75S,75S,2025-07-16T01:13:00.000000,911_calls,2025-07-16 01:13:00,Wednesday,1,7,3.0
call_2474,40.62671238000007,-73.93642104499997,68Q1,68Q1,2025-07-15T02:14:00.000000,911_calls,2025-07-15 02:14:00,Tuesday,2,7,3.0
call_2475,40.74050659000005,-73.90301908599997,54E1,54E1,2025-07-14T03:15:00.000000,911_calls,2025-07-14 03:15:00,Monday,3,7,3.0
call_2476,40.74050659000005,-73.90301908599997,54E1,54E1,2025-07-13T04:16:00.000000,911_calls,2025-07-13 04:16:00,Sunday,4,7,3.0
call_2477,40.61633949800006,-74.03095284899996,75S,75S,2025-07-12T05:17:00.000000,911_calls,2025-07-12 05:17:00,Saturday,5,7,3.0
call_2478,40.84418491500003,-73.92332110299998,10V2,10V2,2025-07-11T06:18:00.000000,911_calls,2025-07-11 06:18:00,Friday,6,7,3.0
call_2479,40.70658936700005,-73.93365418499997,10S4,10S4,2025-07-10T07:19:00.000000,911_calls,2025-07-10 07:19:00,Thursday,7,7,3.0
call_2480,40.70929528400006,-74.00865813999997,75S,75S,2025-07-09T08:20:00.000000,911_calls,2025-07-09 08:20:00,Wednesday,8,7,3.0
call_2481,40.78786208300005,-73.96708886399995,75D,75D,2025-07-08T09:21:00.000000,911_calls,2025-07-08 09:21:00,Tuesday,9,7,3.0
call_2482,40.84713495700004,-73.88895168399995,54H1,54H1,2025-07-07T10:22:00.000000,911_calls,2025-07-07 10:22:00,Monday,10,7,3.0
call_2483,40.624374819000025,-74.00499432099997,68Q1,68Q1,2025-07-06T11:23:00.000000,911_calls,2025-07-06 11:23:00,Sunday,11,7,3.0
call_2484,40.856569584000056,-73.90227146299998,54S2,54S2,2025-07-05T12:24:00.000000,911_calls,2025-07-05 12:24:00,Saturday,12,7,3.0
call_2485,40.616062406000026,-74.01722220999994,68Q1,68Q1,2025-07-04T13:25:00.000000,911_calls,2025-07-04 13:25:00,Friday,13,7,3.0
call_2486,40.864328139000065,-73.86840576199995,68Q1,68Q1,2025-07-03T14:26:00.000000,911_calls,2025-07-03 14:26:00,Thursday,14,7,3.0
call_2487,40.707519528000034,-74.00709974599994,68Q1,68Q1,2025-07-02T15:27:00.000000,911_calls,2025-07-02 15:27:00,Wednesday,15,7,3.0
call_2488,40.75522739500008,-73.88862484299995,75Z,75Z,2025-07-01T16:28:00.000000,911_calls,2025-07-01 16:28:00,Tuesday,16,7,3.0
call_2489,40.874064909000026,-73.89071465699999,75M,75M,2025-06-30T17:29:00.000000,911_calls,2025-06-30 17:29:00,Monday,17,6,3.0
call_2490,40.77336128700006,-73.93421226799995,75D,75D,2025-07-29T18:30:00.000000,911_calls,2025-07-29 18:30:00,Tuesday,18,7,3.0
call_2491,40.68272838100006,-73.91579454399994,10H1,10H1,2025-07-28T19:31:00.000000,911_calls,2025-07-28 19:31:00,Monday,19,7,3.0
call_2492,40.70819495500007,-73.99896265999996,54S2,54S2,2025-07-27T20:32:00.000000,911_calls,2025-07-27 20:32:00,Sunday,20,7,3.0
call_2493,40.816872438000075,-73.85068492699997,10S4,10S4,2025-07-26T21:33:00.000000,911_calls,2025-07-26 21:33:00,Saturday,21,7,3.0
call_2494,40.706637201000035,-73.95271614099994,75O,75O,2025-07-25T22:34:00.000000,911_calls,2025-07-25 22:34:00,Friday,22,7,3.0
call_2495,40.84448348800004,-73.91465008299997,75O,75O,2025-07-24T23:35:00.000000,911_calls,2025-07-24 23:35:00,Thursday,23,7,3.0
call_2496,40.87905555300006,-73.90730104699998,50P2,50P2,2025-07-23T00:36:00.000000,911_calls,2025-07-23 00:36:00,Wednesday,0,7,3.0
call_2497,40.72542926800003,-73.99678326499998,52D2,52D2,2025-07-22T01:37:00.000000,911_calls,2025-07-22 01:37:00,Tuesday,1,7,3.0
call_2498,40.81821683800007,-73.85028810799997,68Q1,68Q1,2025-07-21T02:38:00.000000,911_calls,2025-07-21 02:38:00,Monday,2,7,3.0
call_2499,40.66646466200007,-73.90410359499998,75D,75D,2025-07-20T03:39:00.000000,911_calls,2025-07-20 03:39:00,Sunday,3,7,3.0
call_2500,40.76733554700007,-73.95487521099994,75D,75D,2025-07-19T04:40:00.000000,911_calls,2025-07-19 04:40:00,Saturday,4,7,3.0
call_2501,40.628765799000064,-73.88408043899994,75D,75D,2025-07-18T05:41:00.000000,911_calls,2025-07-18 05:41:00,Friday,5,7,3.0
call_2502,40.69143175500005,-73.88666156399995,75Z,75Z,2025-07-17T06:42:00.000000,911_calls,2025-07-17 06:42:00,Thursday,6,7,3.0
call_2503,40.60274595100003,-73.75007786499998,54E1,54E1,2025-07-16T07:43:00.000000,911_calls,2025-07-16 07:43:00,Wednesday,7,7,3.0
call_2504,40.60274595100003,-73.75007786499998,54E1,54E1,2025-07-15T08:44:00.000000,911_calls,2025-07-15 08:44:00,Tuesday,8,7,3.0
call_2505,40.76813711500006,-73.98927932699996,10H2,10H2,2025-07-14T09:45:00.000000,911_calls,2025-07-14 09:45:00,Monday,9,7,3.0
call_2506,40.744758671000056,-73.97883539299994,75D,75D,2025-07-13T10:46:00.000000,911_calls,2025-07-13 10:46:00,Sunday,10,7,3.0
call_2507,40.85211967500004,-73.89823676299994,10V2,10V2,2025-07-12T11:47:00.000000,911_calls,2025-07-12 11:47:00,Saturday,11,7,3.0
call_2508,40.63748737100008,-74.14164916099998,10S4,10S4,2025-07-11T12:48:00.000000,911_calls,2025-07-11 12:48:00,Friday,12,7,3.0
call_2509,40.75047903600006,-73.94051484799996,10V2,10V2,2025-07-10T13:49:00.000000,911_calls,2025-07-10 13:49:00,Thursday,13,7,3.0
call_2510,40.65408281900005,-73.92625698999996,10S4,10S4,2025-07-09T14:50:00.000000,911_calls,2025-07-09 14:50:00,Wednesday,14,7,3.0
call_2511,40.86733746700003,-73.91681537799997,75D,75D,2025-07-08T15:51:00.000000,911_calls,2025-07-08 15:51:00,Tuesday,15,7,3.0
call_2512,40.67517254100005,-74.00461959099994,34Q6,34Q6,2025-07-07T16:52:00.000000,911_calls,2025-07-07 16:52:00,Monday,16,7,3.0
call_2513,40.69048513100006,-73.91582441399999,68Q1,68Q1,2025-07-06T17:53:00.000000,911_calls,2025-07-06 17:53:00,Sunday,17,7,3.0
call_2514,40.70042942600003,-73.80820890199993,54S9,54S9,2025-07-05T18:54:00.000000,911_calls,2025-07-05 18:54:00,Saturday,18,7,3.0
call_2515,40.851656037000055,-73.92761756999994,68Q1,68Q1,2025-07-04T19:55:00.000000,911_calls,2025-07-04 19:55:00,Friday,19,7,3.0
call_2516,40.73033847200003,-73.98330318599994,68Q1,68Q1,2025-07-03T20:56:00.000000,911_calls,2025-07-03 20:56:00,Thursday,20,7,3.0
call_2517,40.79098582700004,-73.82824403999996,11R4,11R4,2025-07-02T21:57:00.000000,911_calls,2025-07-02 21:57:00,Wednesday,21,7,3.0
call_2518,40.69380436300003,-73.79903954799994,20Q1,20Q1,2025-07-01T22:58:00.000000,911_calls,2025-07-01 22:58:00,Tuesday,22,7,3.0
call_2519,40.840477545000056,-73.86680492299996,54U2,54U2,2025-06-30T23:59:00.000000,911_calls,2025-06-30 23:59:00,Monday,23,6,3.0
call_2520,40.672103063000066,-73.88123651899997,10P2,10P2,2025-07-29T00:00:00.000000,911_calls,2025-07-29 00:00:00,Tuesday,0,7,3.0
call_2521,40.755977862000066,-73.98886258299996,54I2,54I2,2025-07-28T01:01:00.000000,911_calls,2025-07-28 01:01:00,Monday,1,7,3.0
call_2522,40.82522502300003,-73.91626822399996,75I,75I,2025-07-27T02:02:00.000000,911_calls,2025-07-27 02:02:00,Sunday,2,7,3.0
call_2523,40.81756136700005,-73.92786058299998,75M,75M,2025-07-26T03:03:00.000000,911_calls,2025-07-26 03:03:00,Saturday,3,7,3.0
call_2524,40.854446635000045,-73.89456776599997,75D,75D,2025-07-25T04:04:00.000000,911_calls,2025-07-25 04:04:00,Friday,4,7,3.0
call_2525,40.84582439900004,-73.93856819599995,68Q1,68Q1,2025-07-24T05:05:00.000000,911_calls,2025-07-24 05:05:00,Thursday,5,7,3.0
call_2526,40.73977318800007,-73.99298631899995,59Q1,59Q1,2025-07-23T06:06:00.000000,911_calls,2025-07-23 06:06:00,Wednesday,6,7,3.0
call_2527,40.65720532200004,-73.89339458399996,68U2,68U2,2025-07-22T07:07:00.000000,911_calls,2025-07-22 07:07:00,Tuesday,7,7,3.0
call_2528,40.604078962000074,-73.75472573599995,75S,75S,2025-07-21T08:08:00.000000,911_calls,2025-07-21 08:08:00,Monday,8,7,3.0
call_2529,40.72146384000007,-73.95835514799995,54E1,54E1,2025-07-20T09:09:00.000000,911_calls,2025-07-20 09:09:00,Sunday,9,7,3.0
call_2530,40.72146384000007,-73.95835514799995,54E1,54E1,2025-07-19T10:10:00.000000,911_calls,2025-07-19 10:10:00,Saturday,10,7,3.0
call_2531,40.766231909000055,-73.92749741499995,10Y3,10Y3,2025-07-18T11:11:00.000000,911_calls,2025-07-18 11:11:00,Friday,11,7,3.0
call_2532,40.76198309100005,-73.98633471299996,54S9,54S9,2025-07-17T12:12:00.000000,911_calls,2025-07-17 12:12:00,Thursday,12,7,3.0
call_2533,40.86085841600004,-73.89778957199997,75S,75S,2025-07-16T13:13:00.000000,911_calls,2025-07-16 13:13:00,Wednesday,13,7,3.0
call_2534,40.66543670900006,-73.90572353299996,50G1,50G1,2025-07-15T14:14:00.000000,911_calls,2025-07-15 14:14:00,Tuesday,14,7,3.0
call_2535,40.83159198900006,-73.85910408199999,10H1,10H1,2025-07-14T15:15:00.000000,911_calls,2025-07-14 15:15:00,Monday,15,7,3.0
call_2536,40.857399170000065,-73.89986989099998,10V2,10V2,2025-07-13T16:16:00.000000,911_calls,2025-07-13 16:16:00,Sunday,16,7,3.0
call_2537,40.70355491400005,-73.79967738599998,75D,75D,2025-07-12T17:17:00.000000,911_calls,2025-07-12 17:17:00,Saturday,17,7,3.0
call_2538,40.75664204200007,-73.98837157699995,75S,75S,2025-07-11T18:18:00.000000,911_calls,2025-07-11 18:18:00,Friday,18,7,3.0
call_2539,40.79897077700008,-73.94137447199995,75D,75D,2025-07-10T19:19:00.000000,911_calls,2025-07-10 19:19:00,Thursday,19,7,3.0
call_2540,40.67836827600007,-73.90352044899998,75S,75S,2025-07-09T20:20:00.000000,911_calls,2025-07-09 20:20:00,Wednesday,20,7,3.0
call_2541,40.74593069300005,-73.89125325799995,10V2,10V2,2025-07-08T21:21:00.000000,911_calls,2025-07-08 21:21:00,Tuesday,21,7,3.0
call_2542,40.59806058500004,-74.06644251199998,39H1,39H1,2025-07-07T22:22:00.000000,911_calls,2025-07-07 22:22:00,Monday,22,7,3.0
call_2543,40.78052257600007,-73.94521817699996,44H1,44H1,2025-07-06T23:23:00.000000,911_calls,2025-07-06 23:23:00,Sunday,23,7,3.0
call_2544,40.88175555600003,-73.88235556099994,10Y3,10Y3,2025-07-05T00:24:00.000000,911_calls,2025-07-05 00:24:00,Saturday,0,7,3.0
call_2545,40.77829193100007,-73.77723950599994,75H,75H,2025-07-04T01:25:00.000000,911_calls,2025-07-04 01:25:00,Friday,1,7,3.0
call_2546,40.57628456500004,-73.98139061299997,24Q2,24Q2,2025-07-03T02:26:00.000000,911_calls,2025-07-03 02:26:00,Thursday,2,7,3.0
call_2547,40.79397933200005,-73.93844629299997,68Q1,68Q1,2025-07-02T03:27:00.000000,911_calls,2025-07-02 03:27:00,Wednesday,3,7,3.0
call_2548,40.63743489600006,-73.92935961599994,68U1,68U1,2025-07-01T04:28:00.000000,911_calls,2025-07-01 04:28:00,Tuesday,4,7,3.0
call_2549,40.866572474000066,-73.91790098199994,10V2,10V2,2025-06-30T05:29:00.000000,911_calls,2025-06-30 05:29:00,Monday,5,6,3.0
call_2550,40.65305773100005,-73.92857183699994,52D6,52D6,2025-07-29T06:30:00.000000,911_calls,2025-07-29 06:30:00,Tuesday,6,7,3.0
call_2551,40.76862061600008,-73.76005489999994,75D,75D,2025-07-28T07:31:00.000000,911_calls,2025-07-28 07:31:00,Monday,7,7,3.0
call_2552,40.86940749200005,-73.87999831299999,68Q1,68Q1,2025-07-27T08:32:00.000000,911_calls,2025-07-27 08:32:00,Sunday,8,7,3.0
call_2553,40.64968737300006,-73.89341019999995,75D,75D,2025-07-26T09:33:00.000000,911_calls,2025-07-26 09:33:00,Saturday,9,7,3.0
call_2554,40.64725881900006,-73.92990056699995,75D,75D,2025-07-25T10:34:00.000000,911_calls,2025-07-25 10:34:00,Friday,10,7,3.0
call_2555,40.641753583000025,-74.01758917199999,75M,75M,2025-07-24T11:35:00.000000,911_calls,2025-07-24 11:35:00,Thursday,11,7,3.0
call_2556,40.65072158400005,-74.01130652899997,10Y3,10Y3,2025-07-23T12:36:00.000000,911_calls,2025-07-23 12:36:00,Wednesday,12,7,3.0
call_2557,40.68151004300006,-73.95574450999999,75M,75M,2025-07-22T13:37:00.000000,911_calls,2025-07-22 13:37:00,Tuesday,13,7,3.0
call_2558,40.71127221800003,-73.72824491399996,75D,75D,2025-07-21T14:38:00.000000,911_calls,2025-07-21 14:38:00,Monday,14,7,3.0
call_2559,40.69612682300004,-73.80242963799998,53X,53X,2025-07-20T15:39:00.000000,911_calls,2025-07-20 15:39:00,Sunday,15,7,3.0
call_2560,40.69612682300004,-73.80242963799998,53X,53X,2025-07-19T16:40:00.000000,911_calls,2025-07-19 16:40:00,Saturday,16,7,3.0
call_2561,40.682000963000064,-73.94822315299996,10S4,10S4,2025-07-18T17:41:00.000000,911_calls,2025-07-18 17:41:00,Friday,17,7,3.0
call_2562,40.821236836000026,-73.94309272199996,75D,75D,2025-07-17T18:42:00.000000,911_calls,2025-07-17 18:42:00,Thursday,18,7,3.0
call_2563,40.80265629200005,-73.93033290599993,54E8,54E8,2025-07-16T19:43:00.000000,911_calls,2025-07-16 19:43:00,Wednesday,19,7,3.0
call_2564,40.80265629200005,-73.93033290599993,54E8,54E8,2025-07-15T20:44:00.000000,911_calls,2025-07-15 20:44:00,Tuesday,20,7,3.0
call_2565,40.74705075800006,-73.89147157999997,75S,75S,2025-07-14T21:45:00.000000,911_calls,2025-07-14 21:45:00,Monday,21,7,3.0
call_2566,40.64188521300008,-73.98163896599993,75D,75D,2025-07-13T22:46:00.000000,911_calls,2025-07-13 22:46:00,Sunday,22,7,3.0
call_2567,40.688007294000045,-73.93367267299993,75D,75D,2025-07-12T23:47:00.000000,911_calls,2025-07-12 23:47:00,Saturday,23,7,3.0
call_2568,40.629542592000064,-74.12632103799996,68Q2,68Q2,2025-07-11T00:48:00.000000,911_calls,2025-07-11 00:48:00,Friday,0,7,3.0
call_2569,40.77832031600008,-73.90896138199997,59R4,59R4,2025-07-10T01:49:00.000000,911_calls,2025-07-10 01:49:00,Thursday,1,7,3.0
call_2570,40.66274742000007,-73.94461563499993,39H2,39H2,2025-07-09T02:50:00.000000,911_calls,2025-07-09 02:50:00,Wednesday,2,7,3.0
call_2571,40.66933299600004,-73.94081431799998,53S,53S,2025-07-08T03:51:00.000000,911_calls,2025-07-08 03:51:00,Tuesday,3,7,3.0
call_2572,40.75664204200007,-73.98837157699995,75S,75S,2025-07-07T04:52:00.000000,911_calls,2025-07-07 04:52:00,Monday,4,7,3.0
call_2573,40.84993577600005,-73.94356336799996,53S8,53S8,2025-07-06T05:53:00.000000,911_calls,2025-07-06 05:53:00,Sunday,5,7,3.0
call_2574,40.63522503300004,-74.10664164299999,68Q2,68Q2,2025-07-05T06:54:00.000000,911_calls,2025-07-05 06:54:00,Saturday,6,7,3.0
call_2575,40.69974268200008,-73.91142368699997,34Q9,34Q9,2025-07-04T07:55:00.000000,911_calls,2025-07-04 07:55:00,Friday,7,7,3.0
call_2576,40.69318664200006,-73.92469557999993,68Q1,68Q1,2025-07-03T08:56:00.000000,911_calls,2025-07-03 08:56:00,Thursday,8,7,3.0
call_2577,40.58795031200003,-73.98359800899993,75M,75M,2025-07-02T09:57:00.000000,911_calls,2025-07-02 09:57:00,Wednesday,9,7,3.0
call_2578,40.683795588000066,-73.88370354499995,10Y3,10Y3,2025-07-01T10:58:00.000000,911_calls,2025-07-01 10:58:00,Tuesday,10,7,3.0
call_2579,40.75655452900003,-73.99214714599998,10Y3,10Y3,2025-06-30T11:59:00.000000,911_calls,2025-06-30 11:59:00,Monday,11,6,3.0
call_2580,40.72279473000003,-73.97668857899998,10V2,10V2,2025-07-29T12:00:00.000000,911_calls,2025-07-29 12:00:00,Tuesday,12,7,3.0
call_2581,40.65093233300007,-73.94716612399998,54U2,54U2,2025-07-28T13:01:00.000000,911_calls,2025-07-28 13:01:00,Monday,13,7,3.0
call_2582,40.660319627000035,-73.94746865899998,10S4,10S4,2025-07-27T14:02:00.000000,911_calls,2025-07-27 14:02:00,Sunday,14,7,3.0
call_2583,40.75664204200007,-73.98837157699995,75M,75M,2025-07-26T15:03:00.000000,911_calls,2025-07-26 15:03:00,Saturday,15,7,3.0
call_2584,40.79199761600006,-73.94971942099994,10Y3,10Y3,2025-07-25T16:04:00.000000,911_calls,2025-07-25 16:04:00,Friday,16,7,3.0
call_2585,40.67258587100008,-73.87326145799994,68Q1,68Q1,2025-07-24T17:05:00.000000,911_calls,2025-07-24 17:05:00,Thursday,17,7,3.0
call_2586,40.65106272200006,-73.92929833799997,52D1,52D1,2025-07-23T18:06:00.000000,911_calls,2025-07-23 18:06:00,Wednesday,18,7,3.0
call_2587,40.69438208200006,-73.98329055199997,68Q1,68Q1,2025-07-22T19:07:00.000000,911_calls,2025-07-22 19:07:00,Tuesday,19,7,3.0
call_2588,40.84084902400008,-73.94005456699995,50P9,50P9,2025-07-21T20:08:00.000000,911_calls,2025-07-21 20:08:00,Monday,20,7,3.0
call_2589,40.84833817400005,-73.91247643899999,75S,75S,2025-07-20T21:09:00.000000,911_calls,2025-07-20 21:09:00,Sunday,21,7,3.0
call_2590,40.72392271900003,-73.95035884199996,75S,75S,2025-07-19T22:10:00.000000,911_calls,2025-07-19 22:10:00,Saturday,22,7,3.0
call_2591,40.70569928200007,-73.93715362999995,10Y3,10Y3,2025-07-18T23:11:00.000000,911_calls,2025-07-18 23:11:00,Friday,23,7,3.0
call_2592,40.689048255000046,-73.95861337799994,75D,75D,2025-07-17T00:12:00.000000,911_calls,2025-07-17 00:12:00,Thursday,0,7,3.0
call_2593,40.705628483000055,-73.81014159699998,75S,75S,2025-07-16T01:13:00.000000,911_calls,2025-07-16 01:13:00,Wednesday,1,7,3.0
call_2594,40.608756767000045,-73.97359866999994,53H,53H,2025-07-15T02:14:00.000000,911_calls,2025-07-15 02:14:00,Tuesday,2,7,3.0
call_2595,40.72100747400003,-74.00273599999997,52D6,52D6,2025-07-14T03:15:00.000000,911_calls,2025-07-14 03:15:00,Monday,3,7,3.0
call_2596,40.71217752600006,-74.00439130099994,75S,75S,2025-07-13T04:16:00.000000,911_calls,2025-07-13 04:16:00,Sunday,4,7,3.0
call_2597,40.607641486000034,-74.08112081399997,68Q2,68Q2,2025-07-12T05:17:00.000000,911_calls,2025-07-12 05:17:00,Saturday,5,7,3.0
call_2598,40.81688561100003,-73.90782117699996,75S,75S,2025-07-11T06:18:00.000000,911_calls,2025-07-11 06:18:00,Friday,6,7,3.0
call_2599,40.81339064900004,-73.94508997099996,75D,75D,2025-07-10T07:19:00.000000,911_calls,2025-07-10 07:19:00,Thursday,7,7,3.0
call_2600,40.68527652300003,-73.92952167199996,68Q1,68Q1,2025-07-09T08:20:00.000000,911_calls,2025-07-09 08:20:00,Wednesday,8,7,3.0
call_2601,40.85307371600004,-73.90332126399994,54E1,54E1,2025-07-08T09:21:00.000000,911_calls,2025-07-08 09:21:00,Tuesday,9,7,3.0
call_2602,40.85307371600004,-73.90332126399994,54E1,54E1,2025-07-07T10:22:00.000000,911_calls,2025-07-07 10:22:00,Monday,10,7,3.0
call_2603,40.883126566000044,-73.86137445299994,75T,75T,2025-07-06T11:23:00.000000,911_calls,2025-07-06 11:23:00,Sunday,11,7,3.0
call_2604,40.763245332000054,-73.96088120799999,54I1,54I1,2025-07-05T12:24:00.000000,911_calls,2025-07-05 12:24:00,Saturday,12,7,3.0
call_2605,40.66888376700007,-73.93250571899995,10V2,10V2,2025-07-04T13:25:00.000000,911_calls,2025-07-04 13:25:00,Friday,13,7,3.0
call_2606,40.78803772200007,-73.82086307199995,11R4,11R4,2025-07-03T14:26:00.000000,911_calls,2025-07-03 14:26:00,Thursday,14,7,3.0
call_2607,40.883126566000044,-73.86137445299994,75T,75T,2025-07-02T15:27:00.000000,911_calls,2025-07-02 15:27:00,Wednesday,15,7,3.0
call_2608,40.66930644100006,-73.89571115099994,11C4,11C4,2025-07-01T16:28:00.000000,911_calls,2025-07-01 16:28:00,Tuesday,16,7,3.0
call_2609,40.79386832300003,-73.94704185799998,68Q1,68Q1,2025-06-30T17:29:00.000000,911_calls,2025-06-30 17:29:00,Monday,17,6,3.0
call_2610,40.849727216000076,-73.90578765199996,75M,75M,2025-07-29T18:30:00.000000,911_calls,2025-07-29 18:30:00,Tuesday,18,7,3.0
call_2611,40.79894382700007,-73.94236052199994,68Q1,68Q1,2025-07-28T19:31:00.000000,911_calls,2025-07-28 19:31:00,Monday,19,7,3.0
call_2612,40.599099900000056,-73.95403103699994,68Q1,68Q1,2025-07-27T20:32:00.000000,911_calls,2025-07-27 20:32:00,Sunday,20,7,3.0
call_2613,40.82258756200008,-73.90256344799997,75D,75D,2025-07-26T21:33:00.000000,911_calls,2025-07-26 21:33:00,Saturday,21,7,3.0
call_2614,40.62771396100004,-74.01779441899998,53I8,53I8,2025-07-25T22:34:00.000000,911_calls,2025-07-25 22:34:00,Friday,22,7,3.0
call_2615,40.63789134000007,-74.01962029999999,68Q1,68Q1,2025-07-24T23:35:00.000000,911_calls,2025-07-24 23:35:00,Thursday,23,7,3.0
call_2616,40.86327901900006,-73.90067809799996,75S,75S,2025-07-23T00:36:00.000000,911_calls,2025-07-23 00:36:00,Wednesday,0,7,3.0
call_2617,40.67322472500007,-73.89138261899996,75D,75D,2025-07-22T01:37:00.000000,911_calls,2025-07-22 01:37:00,Tuesday,1,7,3.0
call_2618,40.65301114500005,-73.94351731599994,75Z,75Z,2025-07-21T02:38:00.000000,911_calls,2025-07-21 02:38:00,Monday,2,7,3.0
call_2619,40.83957595800007,-73.94098451699995,53S,53S,2025-07-20T03:39:00.000000,911_calls,2025-07-20 03:39:00,Sunday,3,7,3.0
call_2620,40.714783932000046,-73.75699495299995,68Q1,68Q1,2025-07-19T04:40:00.000000,911_calls,2025-07-19 04:40:00,Saturday,4,7,3.0
call_2621,40.71034929800004,-73.96348765599998,54U2,54U2,2025-07-18T05:41:00.000000,911_calls,2025-07-18 05:41:00,Friday,5,7,3.0
call_2622,40.75545687600004,-74.00223209299998,75S,75S,2025-07-17T06:42:00.000000,911_calls,2025-07-17 06:42:00,Thursday,6,7,3.0
call_2623,40.79074641400007,-73.95063404199993,68Q1,68Q1,2025-07-16T07:43:00.000000,911_calls,2025-07-16 07:43:00,Wednesday,7,7,3.0
call_2624,40.700468959000034,-73.92125759299995,54S2,54S2,2025-07-15T08:44:00.000000,911_calls,2025-07-15 08:44:00,Tuesday,8,7,3.0
call_2625,40.853939645000025,-73.89243945199996,68Q1,68Q1,2025-07-14T09:45:00.000000,911_calls,2025-07-14 09:45:00,Monday,9,7,3.0
call_2626,40.718792129000065,-73.81333639999997,75D,75D,2025-07-13T10:46:00.000000,911_calls,2025-07-13 10:46:00,Sunday,10,7,3.0
call_2627,40.749480326000025,-73.89798571799997,11C4,11C4,2025-07-12T11:47:00.000000,911_calls,2025-07-12 11:47:00,Saturday,11,7,3.0
call_2628,40.58737417000003,-73.95417232099999,75M,75M,2025-07-11T12:48:00.000000,911_calls,2025-07-11 12:48:00,Friday,12,7,3.0
call_2629,40.81602577600006,-73.91773211999998,54S9,54S9,2025-07-10T13:49:00.000000,911_calls,2025-07-10 13:49:00,Thursday,13,7,3.0
call_2630,40.65318539300006,-73.94069890199995,10V2,10V2,2025-07-09T14:50:00.000000,911_calls,2025-07-09 14:50:00,Wednesday,14,7,3.0
call_2631,40.80812776100004,-73.92360827799996,10H1,10H1,2025-07-08T15:51:00.000000,911_calls,2025-07-08 15:51:00,Tuesday,15,7,3.0
call_2632,40.74563068700007,-73.99824751199998,39H9,39H9,2025-07-07T16:52:00.000000,911_calls,2025-07-07 16:52:00,Monday,16,7,3.0
call_2633,40.62382000400004,-74.15316565899997,68Q2,68Q2,2025-07-06T17:53:00.000000,911_calls,2025-07-06 17:53:00,Sunday,17,7,3.0
call_2634,40.86327901900006,-73.90067809799996,75M,75M,2025-07-05T18:54:00.000000,911_calls,2025-07-05 18:54:00,Saturday,18,7,3.0
call_2635,40.57628456500004,-73.98139061299997,50P9,50P9,2025-07-04T19:55:00.000000,911_calls,2025-07-04 19:55:00,Friday,19,7,3.0
call_2636,40.72525633500004,-73.99636476499995,54I9,54I9,2025-07-03T20:56:00.000000,911_calls,2025-07-03 20:56:00,Thursday,20,7,3.0
call_2637,40.69519897600003,-73.95084903199995,13X2,13X2,2025-07-02T21:57:00.000000,911_calls,2025-07-02 21:57:00,Wednesday,21,7,3.0
call_2638,40.69519897600003,-73.95084903199995,13X2,13X2,2025-07-01T22:58:00.000000,911_calls,2025-07-01 22:58:00,Tuesday,22,7,3.0
call_2639,40.84573435300007,-73.91008716099998,75S,75S,2025-06-30T23:59:00.000000,911_calls,2025-06-30 23:59:00,Monday,23,6,3.0
call_2640,40.85824940800006,-73.90234852599997,10P2,10P2,2025-07-29T00:00:00.000000,911_calls,2025-07-29 00:00:00,Tuesday,0,7,3.0
call_2641,40.75157829500006,-73.89601185499998,68Q1,68Q1,2025-07-28T01:01:00.000000,911_calls,2025-07-28 01:01:00,Monday,1,7,3.0
call_2642,40.865165938000075,-73.93295367399998,53I8,53I8,2025-07-27T02:02:00.000000,911_calls,2025-07-27 02:02:00,Sunday,2,7,3.0
call_2643,40.73485029200003,-73.75539543999997,75H,75H,2025-07-26T03:03:00.000000,911_calls,2025-07-26 03:03:00,Saturday,3,7,3.0
call_2644,40.84448348800004,-73.91465008299997,75M,75M,2025-07-25T04:04:00.000000,911_calls,2025-07-25 04:04:00,Friday,4,7,3.0
call_2645,40.83684634100007,-73.94372625299997,68Q1,68Q1,2025-07-24T05:05:00.000000,911_calls,2025-07-24 05:05:00,Thursday,5,7,3.0
call_2646,40.81843346800008,-73.91474129799997,75D,75D,2025-07-23T06:06:00.000000,911_calls,2025-07-23 06:06:00,Wednesday,6,7,3.0
call_2647,40.60845031500003,-74.18243951499994,10V2,10V2,2025-07-22T07:07:00.000000,911_calls,2025-07-22 07:07:00,Tuesday,7,7,3.0
call_2648,40.74491926600007,-73.98879947199998,10P2,10P2,2025-07-21T08:08:00.000000,911_calls,2025-07-21 08:08:00,Monday,8,7,3.0
call_2649,40.69479374600007,-73.93134354699998,75Z,75Z,2025-07-20T09:09:00.000000,911_calls,2025-07-20 09:09:00,Sunday,9,7,3.0
call_2650,40.66754031000005,-73.97939338699996,10H1,10H1,2025-07-19T10:10:00.000000,911_calls,2025-07-19 10:10:00,Saturday,10,7,3.0
call_2651,40.81262022800007,-73.94689688499994,10H1,10H1,2025-07-18T11:11:00.000000,911_calls,2025-07-18 11:11:00,Friday,11,7,3.0
call_2652,40.624958725000056,-74.13599921999997,68U2,68U2,2025-07-17T12:12:00.000000,911_calls,2025-07-17 12:12:00,Thursday,12,7,3.0
call_2653,40.620836765000035,-73.99461979099993,68Q1,68Q1,2025-07-16T13:13:00.000000,911_calls,2025-07-16 13:13:00,Wednesday,13,7,3.0
call_2654,40.71241149700006,-73.82621729999994,68Q1,68Q1,2025-07-15T14:14:00.000000,911_calls,2025-07-15 14:14:00,Tuesday,14,7,3.0
call_2655,40.903436775000046,-73.85001656199995,75O,75O,2025-07-14T15:15:00.000000,911_calls,2025-07-14 15:15:00,Monday,15,7,3.0
call_2656,40.70531178300007,-73.80138531199998,75D,75D,2025-07-13T16:16:00.000000,911_calls,2025-07-13 16:16:00,Sunday,16,7,3.0
call_2657,40.67257395100006,-73.91017639799998,68Q1,68Q1,2025-07-12T17:17:00.000000,911_calls,2025-07-12 17:17:00,Saturday,17,7,3.0
call_2658,40.62043303200005,-73.99070428199997,68Q1,68Q1,2025-07-11T18:18:00.000000,911_calls,2025-07-11 18:18:00,Friday,18,7,3.0
call_2659,40.72008200000005,-73.96278967699999,10H1,10H1,2025-07-10T19:19:00.000000,911_calls,2025-07-10 19:19:00,Thursday,19,7,3.0
call_2660,40.71626346000005,-73.98407867999998,75D,75D,2025-07-09T20:20:00.000000,911_calls,2025-07-09 20:20:00,Wednesday,20,7,3.0
call_2661,40.62415528400004,-73.99626579999995,68Q1,68Q1,2025-07-08T21:21:00.000000,911_calls,2025-07-08 21:21:00,Tuesday,21,7,3.0
call_2662,40.89482223700003,-73.86183474399996,54E8,54E8,2025-07-07T22:22:00.000000,911_calls,2025-07-07 22:22:00,Monday,22,7,3.0
call_2663,40.89482223700003,-73.86183474399996,54E8,54E8,2025-07-06T23:23:00.000000,911_calls,2025-07-06 23:23:00,Sunday,23,7,3.0
call_2664,40.69628382500008,-73.80435852099998,75Z,75Z,2025-07-05T00:24:00.000000,911_calls,2025-07-05 00:24:00,Saturday,0,7,3.0
call_2665,40.64209790800004,-73.99476220999998,10P1,10P1,2025-07-04T01:25:00.000000,911_calls,2025-07-04 01:25:00,Friday,1,7,3.0
call_2666,40.57628456500004,-73.98139061299997,50P9,50P9,2025-07-03T02:26:00.000000,911_calls,2025-07-03 02:26:00,Thursday,2,7,3.0
call_2667,40.69394970900004,-73.92472717399994,68Q1,68Q1,2025-07-02T03:27:00.000000,911_calls,2025-07-02 03:27:00,Wednesday,3,7,3.0
call_2668,40.79581483100003,-73.93710106499998,54S2,54S2,2025-07-01T04:28:00.000000,911_calls,2025-07-01 04:28:00,Tuesday,4,7,3.0
call_2669,40.79409372500004,-73.93681015499999,75D,75D,2025-06-30T05:29:00.000000,911_calls,2025-06-30 05:29:00,Monday,5,6,3.0
call_2670,40.561852061000025,-74.15613311999994,52K6,52K6,2025-07-29T06:30:00.000000,911_calls,2025-07-29 06:30:00,Tuesday,6,7,3.0
call_2671,40.66274742000007,-73.94461563499993,75I,75I,2025-07-28T07:31:00.000000,911_calls,2025-07-28 07:31:00,Monday,7,7,3.0
call_2672,40.836707767000064,-73.86335761199996,54E1,54E1,2025-07-27T08:32:00.000000,911_calls,2025-07-27 08:32:00,Sunday,8,7,3.0
call_2673,40.836707767000064,-73.86335761199996,54E1,54E1,2025-07-26T09:33:00.000000,911_calls,2025-07-26 09:33:00,Saturday,9,7,3.0
call_2674,40.84655934700004,-73.92371233499995,52D6,52D6,2025-07-25T10:34:00.000000,911_calls,2025-07-25 10:34:00,Friday,10,7,3.0
call_2675,40.75273446700004,-73.97654816699998,75S,75S,2025-07-24T11:35:00.000000,911_calls,2025-07-24 11:35:00,Thursday,11,7,3.0
call_2676,40.667148205000046,-73.88340093999994,75S,75S,2025-07-23T12:36:00.000000,911_calls,2025-07-23 12:36:00,Wednesday,12,7,3.0
call_2677,40.592336182000054,-73.98148695899994,68Q1,68Q1,2025-07-22T13:37:00.000000,911_calls,2025-07-22 13:37:00,Tuesday,13,7,3.0
call_2678,40.64021216000003,-74.07567630599993,11R4,11R4,2025-07-21T14:38:00.000000,911_calls,2025-07-21 14:38:00,Monday,14,7,3.0
call_2679,40.82449489700008,-73.91252947799995,20Q1,20Q1,2025-07-20T15:39:00.000000,911_calls,2025-07-20 15:39:00,Sunday,15,7,3.0
call_2680,40.84925596900007,-73.91028843099997,10Y3,10Y3,2025-07-19T16:40:00.000000,911_calls,2025-07-19 16:40:00,Saturday,16,7,3.0
call_2681,40.81770982900008,-73.92397301399996,68Q1,68Q1,2025-07-18T17:41:00.000000,911_calls,2025-07-18 17:41:00,Friday,17,7,3.0
call_2682,40.684461543000054,-73.97775120999995,75S,75S,2025-07-17T18:42:00.000000,911_calls,2025-07-17 18:42:00,Thursday,18,7,3.0
call_2683,40.608288909000066,-73.81617002399997,75M,75M,2025-07-16T19:43:00.000000,911_calls,2025-07-16 19:43:00,Wednesday,19,7,3.0
call_2684,40.77527040500007,-73.89244736999996,75D,75D,2025-07-15T20:44:00.000000,911_calls,2025-07-15 20:44:00,Tuesday,20,7,3.0
call_2685,40.62900726000004,-74.01417413499996,68Q1,68Q1,2025-07-14T21:45:00.000000,911_calls,2025-07-14 21:45:00,Monday,21,7,3.0
call_2686,40.640780446000065,-73.99559466599999,10H1,10H1,2025-07-13T22:46:00.000000,911_calls,2025-07-13 22:46:00,Sunday,22,7,3.0
call_2687,40.67505367800004,-73.97091546699994,75S,75S,2025-07-12T23:47:00.000000,911_calls,2025-07-12 23:47:00,Saturday,23,7,3.0
call_2688,40.70974283500004,-74.00626316399996,75S,75S,2025-07-11T00:48:00.000000,911_calls,2025-07-11 00:48:00,Friday,0,7,3.0
call_2689,40.73201947000007,-74.00073390899996,34Q9,34Q9,2025-07-10T01:49:00.000000,911_calls,2025-07-10 01:49:00,Thursday,1,7,3.0
call_2690,40.69318664200006,-73.92469557999993,68Q1,68Q1,2025-07-09T02:50:00.000000,911_calls,2025-07-09 02:50:00,Wednesday,2,7,3.0
call_2691,40.882051545000024,-73.85539528099997,10H2,10H2,2025-07-08T03:51:00.000000,911_calls,2025-07-08 03:51:00,Tuesday,3,7,3.0
call_2692,40.746385805000045,-73.94438731299994,11C4,11C4,2025-07-07T04:52:00.000000,911_calls,2025-07-07 04:52:00,Monday,4,7,3.0
call_2693,40.653386761000036,-73.92376023299994,10S4,10S4,2025-07-06T05:53:00.000000,911_calls,2025-07-06 05:53:00,Sunday,5,7,3.0
call_2694,40.75813554800004,-73.99285444099996,54H1,54H1,2025-07-05T06:54:00.000000,911_calls,2025-07-05 06:54:00,Saturday,6,7,3.0
call_2695,40.614528721000056,-73.92792511199997,75D,75D,2025-07-04T07:55:00.000000,911_calls,2025-07-04 07:55:00,Friday,7,7,3.0
call_2696,40.85557168400004,-73.86766034499993,75S,75S,2025-07-03T08:56:00.000000,911_calls,2025-07-03 08:56:00,Thursday,8,7,3.0
call_2697,40.68610485500005,-73.97391059099994,10Y9,10Y9,2025-07-02T09:57:00.000000,911_calls,2025-07-02 09:57:00,Wednesday,9,7,3.0
call_2698,40.66905471000007,-73.90619064399993,75D,75D,2025-07-01T10:58:00.000000,911_calls,2025-07-01 10:58:00,Tuesday,10,7,3.0
call_2699,40.66512818000007,-73.73466883999998,10V2,10V2,2025-06-30T11:59:00.000000,911_calls,2025-06-30 11:59:00,Monday,11,6,3.0
call_2700,40.75638111100005,-73.98670403199998,54C1,54C1,2025-07-29T12:00:00.000000,911_calls,2025-07-29 12:00:00,Tuesday,12,7,3.0
call_2701,40.71241149700006,-73.82621729999994,54S1,54S1,2025-07-28T13:01:00.000000,911_calls,2025-07-28 13:01:00,Monday,13,7,3.0
call_2702,40.68711272400003,-73.97640177399995,75M,75M,2025-07-27T14:02:00.000000,911_calls,2025-07-27 14:02:00,Sunday,14,7,3.0
call_2703,40.85214118700003,-73.92237572199997,39V6,39V6,2025-07-26T15:03:00.000000,911_calls,2025-07-26 15:03:00,Saturday,15,7,3.0
call_2704,40.66512818000007,-73.73466883999998,10V2,10V2,2025-07-25T16:04:00.000000,911_calls,2025-07-25 16:04:00,Friday,16,7,3.0
call_2705,40.676330602000064,-74.00868270099994,54S1,54S1,2025-07-24T17:05:00.000000,911_calls,2025-07-24 17:05:00,Thursday,17,7,3.0
call_2706,40.82239230000005,-73.91988848899996,75D,75D,2025-07-23T18:06:00.000000,911_calls,2025-07-23 18:06:00,Wednesday,18,7,3.0
call_2707,40.754516297000066,-73.87759929199996,10V2,10V2,2025-07-22T19:07:00.000000,911_calls,2025-07-22 19:07:00,Tuesday,19,7,3.0
call_2708,40.743845272000044,-73.85667685499999,39H1,39H1,2025-07-21T20:08:00.000000,911_calls,2025-07-21 20:08:00,Monday,20,7,3.0
call_2709,40.64374258000004,-73.95073198799997,20Q1,20Q1,2025-07-20T21:09:00.000000,911_calls,2025-07-20 21:09:00,Sunday,21,7,3.0
call_2710,40.57556809600004,-73.98093364699997,24Q9,24Q9,2025-07-19T22:10:00.000000,911_calls,2025-07-19 22:10:00,Saturday,22,7,3.0
call_2711,40.734324153000045,-73.98549243099995,54S2,54S2,2025-07-18T23:11:00.000000,911_calls,2025-07-18 23:11:00,Friday,23,7,3.0
call_2712,40.807240696000065,-73.93630640599997,52D1,52D1,2025-07-17T00:12:00.000000,911_calls,2025-07-17 00:12:00,Thursday,0,7,3.0
call_2713,40.84432035400005,-73.84500310999994,11C4,11C4,2025-07-16T01:13:00.000000,911_calls,2025-07-16 01:13:00,Wednesday,1,7,3.0
call_2714,40.651546273000065,-73.93473601299996,75D,75D,2025-07-15T02:14:00.000000,911_calls,2025-07-15 02:14:00,Tuesday,2,7,3.0
call_2715,40.85295170000006,-73.82708274299995,75T,75T,2025-07-14T03:15:00.000000,911_calls,2025-07-14 03:15:00,Monday,3,7,3.0
call_2716,40.68073899600006,-73.94963745499996,75S,75S,2025-07-13T04:16:00.000000,911_calls,2025-07-13 04:16:00,Sunday,4,7,3.0
call_2717,40.87314213500008,-73.85311859199999,13U2,13U2,2025-07-12T05:17:00.000000,911_calls,2025-07-12 05:17:00,Saturday,5,7,3.0
call_2718,40.87314213500008,-73.85311859199999,13U2,13U2,2025-07-11T06:18:00.000000,911_calls,2025-07-11 06:18:00,Friday,6,7,3.0
call_2719,40.70493225800004,-73.79624685499994,75D,75D,2025-07-10T07:19:00.000000,911_calls,2025-07-10 07:19:00,Thursday,7,7,3.0
call_2720,40.78868184600003,-73.97429652799997,75I,75I,2025-07-09T08:20:00.000000,911_calls,2025-07-09 08:20:00,Wednesday,8,7,3.0
call_2721,40.59702184100007,-73.98335452199996,68Q1,68Q1,2025-07-08T09:21:00.000000,911_calls,2025-07-08 09:21:00,Tuesday,9,7,3.0
call_2722,40.70130659600005,-73.88861033399996,10Y3,10Y3,2025-07-07T10:22:00.000000,911_calls,2025-07-07 10:22:00,Monday,10,7,3.0
call_2723,40.854845597000065,-73.90190166799994,10P2,10P2,2025-07-06T11:23:00.000000,911_calls,2025-07-06 11:23:00,Sunday,11,7,3.0
call_2724,40.597328821000076,-73.98057094399996,68Q1,68Q1,2025-07-05T12:24:00.000000,911_calls,2025-07-05 12:24:00,Saturday,12,7,3.0
call_2725,40.74959121900008,-73.85986580099996,32Q2,32Q2,2025-07-04T13:25:00.000000,911_calls,2025-07-04 13:25:00,Friday,13,7,3.0
call_2726,40.82627113600006,-73.94408929999997,54E1,54E1,2025-07-03T14:26:00.000000,911_calls,2025-07-03 14:26:00,Thursday,14,7,3.0
call_2727,40.82627113600006,-73.94408929999997,54E1,54E1,2025-07-02T15:27:00.000000,911_calls,2025-07-02 15:27:00,Wednesday,15,7,3.0
call_2728,40.660783550000076,-73.96147833599997,75S,75S,2025-07-01T16:28:00.000000,911_calls,2025-07-01 16:28:00,Tuesday,16,7,3.0
call_2729,40.66294346500007,-73.94142913899998,68Q1,68Q1,2025-06-30T17:29:00.000000,911_calls,2025-06-30 17:29:00,Monday,17,6,3.0
call_2730,40.87406556800005,-73.88031172099994,10H1,10H1,2025-07-29T18:30:00.000000,911_calls,2025-07-29 18:30:00,Tuesday,18,7,3.0
call_2731,40.76306094600005,-73.95946985899997,53S,53S,2025-07-28T19:31:00.000000,911_calls,2025-07-28 19:31:00,Monday,19,7,3.0
call_2732,40.727484394000044,-73.98692987999993,68Q1,68Q1,2025-07-27T20:32:00.000000,911_calls,2025-07-27 20:32:00,Sunday,20,7,3.0
call_2733,40.70753878200003,-74.00639640999998,68Q1,68Q1,2025-07-26T21:33:00.000000,911_calls,2025-07-26 21:33:00,Saturday,21,7,3.0
call_2734,40.79890265900008,-73.94814667899993,10V2,10V2,2025-07-25T22:34:00.000000,911_calls,2025-07-25 22:34:00,Friday,22,7,3.0
call_2735,40.75664204200007,-73.98837157699995,75S,75S,2025-07-24T23:35:00.000000,911_calls,2025-07-24 23:35:00,Thursday,23,7,3.0
call_2736,40.66261393900004,-73.94676398799999,68Q1,68Q1,2025-07-23T00:36:00.000000,911_calls,2025-07-23 00:36:00,Wednesday,0,7,3.0
call_2737,40.824810945000024,-73.93868515299994,68Q1,68Q1,2025-07-22T01:37:00.000000,911_calls,2025-07-22 01:37:00,Tuesday,1,7,3.0
call_2738,40.63682396200005,-74.15585815699995,52D2,52D2,2025-07-21T02:38:00.000000,911_calls,2025-07-21 02:38:00,Monday,2,7,3.0
call_2739,40.749600533000034,-73.86537333399997,34Q2,34Q2,2025-07-20T03:39:00.000000,911_calls,2025-07-20 03:39:00,Sunday,3,7,3.0
call_2740,40.83493115600004,-73.94501798799996,10H1,10H1,2025-07-19T04:40:00.000000,911_calls,2025-07-19 04:40:00,Saturday,4,7,3.0
call_2741,40.81334708700007,-73.93048428399999,75O,75O,2025-07-18T05:41:00.000000,911_calls,2025-07-18 05:41:00,Friday,5,7,3.0
call_2742,40.68502595700005,-73.99023015199998,10S4,10S4,2025-07-17T06:42:00.000000,911_calls,2025-07-17 06:42:00,Thursday,6,7,3.0
call_2743,40.82418538600007,-73.93913376299997,68Q1,68Q1,2025-07-16T07:43:00.000000,911_calls,2025-07-16 07:43:00,Wednesday,7,7,3.0
call_2744,40.71493704400007,-73.90053120499994,75Z,75Z,2025-07-15T08:44:00.000000,911_calls,2025-07-15 08:44:00,Tuesday,8,7,3.0
call_2745,40.821025398000074,-73.93760473699996,68Q1,68Q1,2025-07-14T09:45:00.000000,911_calls,2025-07-14 09:45:00,Monday,9,7,3.0
call_2746,40.72709757600006,-73.98876277899996,68Q1,68Q1,2025-07-13T10:46:00.000000,911_calls,2025-07-13 10:46:00,Sunday,10,7,3.0
call_2747,40.69714408400006,-73.83678389899995,75T,75T,2025-07-12T11:47:00.000000,911_calls,2025-07-12 11:47:00,Saturday,11,7,3.0
call_2748,40.828874676000055,-73.91514707899995,54S2,54S2,2025-07-11T12:48:00.000000,911_calls,2025-07-11 12:48:00,Friday,12,7,3.0
call_2749,40.660783550000076,-73.96147833599997,75S,75S,2025-07-10T13:49:00.000000,911_calls,2025-07-10 13:49:00,Thursday,13,7,3.0
call_2750,40.675617947000035,-73.73911191499997,68Q1,68Q1,2025-07-09T14:50:00.000000,911_calls,2025-07-09 14:50:00,Wednesday,14,7,3.0
call_2751,40.83558134400005,-73.90967083999993,52D6,52D6,2025-07-08T15:51:00.000000,911_calls,2025-07-08 15:51:00,Tuesday,15,7,3.0
call_2752,40.75252517700005,-73.86198911699995,10H1,10H1,2025-07-07T16:52:00.000000,911_calls,2025-07-07 16:52:00,Monday,16,7,3.0
call_2753,40.604078962000074,-73.75472573599995,75O,75O,2025-07-06T17:53:00.000000,911_calls,2025-07-06 17:53:00,Sunday,17,7,3.0
call_2754,40.75178715100003,-73.97475830899998,75D,75D,2025-07-05T18:54:00.000000,911_calls,2025-07-05 18:54:00,Saturday,18,7,3.0
call_2755,40.90277102300007,-73.85094775299996,75D,75D,2025-07-04T19:55:00.000000,911_calls,2025-07-04 19:55:00,Friday,19,7,3.0
call_2756,40.66729345300007,-73.79800196499997,34K1,34K1,2025-07-03T20:56:00.000000,911_calls,2025-07-03 20:56:00,Thursday,20,7,3.0
call_2757,40.63397280400005,-73.94827482599999,10V2,10V2,2025-07-02T21:57:00.000000,911_calls,2025-07-02 21:57:00,Wednesday,21,7,3.0
call_2758,40.817229145000056,-73.94228687999998,75D,75D,2025-07-01T22:58:00.000000,911_calls,2025-07-01 22:58:00,Tuesday,22,7,3.0
call_2759,40.66438038900003,-73.83345778299997,39H1,39H1,2025-06-30T23:59:00.000000,911_calls,2025-06-30 23:59:00,Monday,23,6,3.0
call_2760,40.63490125200008,-73.96464944699994,68Q1,68Q1,2025-07-29T00:00:00.000000,911_calls,2025-07-29 00:00:00,Tuesday,0,7,3.0
call_2761,40.817536560000065,-73.92769441999997,75S,75S,2025-07-28T01:01:00.000000,911_calls,2025-07-28 01:01:00,Monday,1,7,3.0
call_2762,40.731699724000066,-73.98231781399994,75D,75D,2025-07-27T02:02:00.000000,911_calls,2025-07-27 02:02:00,Sunday,2,7,3.0
call_2763,40.662767503000055,-73.90752952599996,75S,75S,2025-07-26T03:03:00.000000,911_calls,2025-07-26 03:03:00,Saturday,3,7,3.0
call_2764,40.85583766800005,-73.90013974599998,75S,75S,2025-07-25T04:04:00.000000,911_calls,2025-07-25 04:04:00,Friday,4,7,3.0
call_2765,40.83563288500005,-73.90548598199996,10S4,10S4,2025-07-24T05:05:00.000000,911_calls,2025-07-24 05:05:00,Thursday,5,7,3.0
call_2766,40.691500209000026,-73.86606760299998,22Q9,22Q9,2025-07-23T06:06:00.000000,911_calls,2025-07-23 06:06:00,Wednesday,6,7,3.0
call_2767,40.778484838000054,-73.95528288599996,54S1,54S1,2025-07-22T07:07:00.000000,911_calls,2025-07-22 07:07:00,Tuesday,7,7,3.0
call_2768,40.78970953800007,-73.96797272299995,75I,75I,2025-07-21T08:08:00.000000,911_calls,2025-07-21 08:08:00,Monday,8,7,3.0
call_2769,40.669696687000055,-73.94356086499994,34Q2,34Q2,2025-07-20T09:09:00.000000,911_calls,2025-07-20 09:09:00,Sunday,9,7,3.0
call_2770,40.827899467000066,-73.92588369299995,75S,75S,2025-07-19T10:10:00.000000,911_calls,2025-07-19 10:10:00,Saturday,10,7,3.0
call_2771,40.632407353000076,-73.93558337299999,11C4,11C4,2025-07-18T11:11:00.000000,911_calls,2025-07-18 11:11:00,Friday,11,7,3.0
call_2772,40.75015829400007,-73.80287573699997,68Q1,68Q1,2025-07-17T12:12:00.000000,911_calls,2025-07-17 12:12:00,Thursday,12,7,3.0
call_2773,40.768001981000054,-73.98379194399996,68U2,68U2,2025-07-16T13:13:00.000000,911_calls,2025-07-16 13:13:00,Wednesday,13,7,3.0
call_2774,40.81602577600006,-73.91773211999998,75S,75S,2025-07-15T14:14:00.000000,911_calls,2025-07-15 14:14:00,Tuesday,14,7,3.0
call_2775,40.69628382500008,-73.80435852099998,50G2,50G2,2025-07-14T15:15:00.000000,911_calls,2025-07-14 15:15:00,Monday,15,7,3.0
call_2776,40.78349826200008,-73.96817431299996,75D,75D,2025-07-13T16:16:00.000000,911_calls,2025-07-13 16:16:00,Sunday,16,7,3.0
call_2777,40.84080819600007,-73.84175138099994,75T,75T,2025-07-12T17:17:00.000000,911_calls,2025-07-12 17:17:00,Saturday,17,7,3.0
call_2778,40.84768101100008,-73.89770138399996,53S,53S,2025-07-11T18:18:00.000000,911_calls,2025-07-11 18:18:00,Friday,18,7,3.0
call_2779,40.620699873000035,-74.02408193499997,52D6,52D6,2025-07-10T19:19:00.000000,911_calls,2025-07-10 19:19:00,Thursday,19,7,3.0
call_2780,40.74611788500005,-73.98216241299997,68Q1,68Q1,2025-07-09T20:20:00.000000,911_calls,2025-07-09 20:20:00,Wednesday,20,7,3.0
call_2781,40.809859893000066,-73.93764410299997,68Q1,68Q1,2025-07-08T21:21:00.000000,911_calls,2025-07-08 21:21:00,Tuesday,21,7,3.0
call_2782,40.71880019500003,-73.98901309299998,10P2,10P2,2025-07-07T22:22:00.000000,911_calls,2025-07-07 22:22:00,Monday,22,7,3.0
call_2783,40.66646466200007,-73.90410359499998,75D,75D,2025-07-06T23:23:00.000000,911_calls,2025-07-06 23:23:00,Sunday,23,7,3.0
call_2784,40.74703996000005,-73.86328167699997,10H1,10H1,2025-07-05T00:24:00.000000,911_calls,2025-07-05 00:24:00,Saturday,0,7,3.0
call_2785,40.688342111000054,-73.84923473299995,75D,75D,2025-07-04T01:25:00.000000,911_calls,2025-07-04 01:25:00,Friday,1,7,3.0
call_2786,40.756167883000046,-73.91301263599996,10H1,10H1,2025-07-03T02:26:00.000000,911_calls,2025-07-03 02:26:00,Thursday,2,7,3.0
call_2787,40.81392244800003,-73.93832308299994,68Q1,68Q1,2025-07-02T03:27:00.000000,911_calls,2025-07-02 03:27:00,Wednesday,3,7,3.0
call_2788,40.705650897000055,-73.79442684699995,75D,75D,2025-07-01T04:28:00.000000,911_calls,2025-07-01 04:28:00,Tuesday,4,7,3.0
call_2789,40.69010641500006,-73.98897094299997,54S1,54S1,2025-06-30T05:29:00.000000,911_calls,2025-06-30 05:29:00,Monday,5,6,3.0
call_2790,40.638667594000026,-74.02246340399995,52D2,52D2,2025-07-29T06:30:00.000000,911_calls,2025-07-29 06:30:00,Tuesday,6,7,3.0
call_2791,40.70795711900007,-73.79020327599994,10Y3,10Y3,2025-07-28T07:31:00.000000,911_calls,2025-07-28 07:31:00,Monday,7,7,3.0
call_2792,40.79879057000005,-73.93793619199994,10H1,10H1,2025-07-27T08:32:00.000000,911_calls,2025-07-27 08:32:00,Sunday,8,7,3.0
call_2793,40.76505303600004,-73.96613266099996,56S9,56S9,2025-07-26T09:33:00.000000,911_calls,2025-07-26 09:33:00,Saturday,9,7,3.0
call_2794,40.694452556000044,-73.97800030799993,68Q1,68Q1,2025-07-25T10:34:00.000000,911_calls,2025-07-25 10:34:00,Friday,10,7,3.0
call_2795,40.70993753300007,-74.00898285199997,22Q9,22Q9,2025-07-24T11:35:00.000000,911_calls,2025-07-24 11:35:00,Thursday,11,7,3.0
call_2796,40.62935448300004,-74.07459040799995,75L,75L,2025-07-23T12:36:00.000000,911_calls,2025-07-23 12:36:00,Wednesday,12,7,3.0
call_2797,40.63190918200007,-74.00668098299997,75S,75S,2025-07-22T13:37:00.000000,911_calls,2025-07-22 13:37:00,Tuesday,13,7,3.0
call_2798,40.65873168100006,-73.87459971599998,68U2,68U2,2025-07-21T14:38:00.000000,911_calls,2025-07-21 14:38:00,Monday,14,7,3.0
call_2799,40.76944622800005,-73.95480879699994,75D,75D,2025-07-20T15:39:00.000000,911_calls,2025-07-20 15:39:00,Sunday,15,7,3.0
call_2800,40.72075072300004,-73.98128534399996,52D2,52D2,2025-07-19T16:40:00.000000,911_calls,2025-07-19 16:40:00,Saturday,16,7,3.0
call_2801,40.642868140000076,-74.01641476899994,68Q1,68Q1,2025-07-18T17:41:00.000000,911_calls,2025-07-18 17:41:00,Friday,17,7,3.0
call_2802,40.813948295000046,-73.91433881599994,10V2,10V2,2025-07-17T18:42:00.000000,911_calls,2025-07-17 18:42:00,Thursday,18,7,3.0
call_2803,40.72327029600007,-73.98058474099997,24Q1,24Q1,2025-07-16T19:43:00.000000,911_calls,2025-07-16 19:43:00,Wednesday,19,7,3.0
call_2804,40.74524942700003,-73.94427999499999,11C4,11C4,2025-07-15T20:44:00.000000,911_calls,2025-07-15 20:44:00,Tuesday,20,7,3.0
call_2805,40.807719347000045,-73.96423978699994,54S9,54S9,2025-07-14T21:45:00.000000,911_calls,2025-07-14 21:45:00,Monday,21,7,3.0
call_2806,40.877363100000025,-73.86635857699997,10H1,10H1,2025-07-13T22:46:00.000000,911_calls,2025-07-13 22:46:00,Sunday,22,7,3.0
call_2807,40.68413233900003,-73.97863829699997,75S,75S,2025-07-12T23:47:00.000000,911_calls,2025-07-12 23:47:00,Saturday,23,7,3.0
call_2808,40.84833817400005,-73.91247643899999,75M,75M,2025-07-11T00:48:00.000000,911_calls,2025-07-11 00:48:00,Friday,0,7,3.0
call_2809,40.816378229000065,-73.93694434599996,68Q1,68Q1,2025-07-10T01:49:00.000000,911_calls,2025-07-10 01:49:00,Thursday,1,7,3.0
call_2810,40.691500209000026,-73.86606760299998,75T,75T,2025-07-09T02:50:00.000000,911_calls,2025-07-09 02:50:00,Wednesday,2,7,3.0
call_2811,40.72989958900007,-73.86151280499996,54S9,54S9,2025-07-08T03:51:00.000000,911_calls,2025-07-08 03:51:00,Tuesday,3,7,3.0
call_2812,40.753013612000075,-73.97281963799998,75D,75D,2025-07-07T04:52:00.000000,911_calls,2025-07-07 04:52:00,Monday,4,7,3.0
call_2813,40.82945197600003,-73.90241608299993,52D6,52D6,2025-07-06T05:53:00.000000,911_calls,2025-07-06 05:53:00,Sunday,5,7,3.0
call_2814,40.83615310500005,-73.93075317499995,53S8,53S8,2025-07-05T06:54:00.000000,911_calls,2025-07-05 06:54:00,Saturday,6,7,3.0
call_2815,40.84833817400005,-73.91247643899999,75M,75M,2025-07-04T07:55:00.000000,911_calls,2025-07-04 07:55:00,Friday,7,7,3.0
call_2816,40.76841343500007,-73.98205535799997,68Q1,68Q1,2025-07-03T08:56:00.000000,911_calls,2025-07-03 08:56:00,Thursday,8,7,3.0
call_2817,40.85477205700005,-73.91657805299997,53S,53S,2025-07-02T09:57:00.000000,911_calls,2025-07-02 09:57:00,Wednesday,9,7,3.0
call_2818,40.699637566000035,-73.91037074699994,34K1,34K1,2025-07-01T10:58:00.000000,911_calls,2025-07-01 10:58:00,Tuesday,10,7,3.0
call_2819,40.67663738400006,-73.98513724899993,75H,75H,2025-06-30T11:59:00.000000,911_calls,2025-06-30 11:59:00,Monday,11,6,3.0
call_2820,40.75016710300008,-73.97195820899998,75D,75D,2025-07-29T12:00:00.000000,911_calls,2025-07-29 12:00:00,Tuesday,12,7,3.0
call_2821,40.84091806300006,-73.93573927899996,54S2,54S2,2025-07-28T13:01:00.000000,911_calls,2025-07-28 13:01:00,Monday,13,7,3.0
call_2822,40.82100441500006,-73.89092463699996,75S,75S,2025-07-27T14:02:00.000000,911_calls,2025-07-27 14:02:00,Sunday,14,7,3.0
call_2823,40.70364056300008,-73.94785650199998,68Q1,68Q1,2025-07-26T15:03:00.000000,911_calls,2025-07-26 15:03:00,Saturday,15,7,3.0
call_2824,40.83345097700004,-73.94340750599997,68Q1,68Q1,2025-07-25T16:04:00.000000,911_calls,2025-07-25 16:04:00,Friday,16,7,3.0
call_2825,40.833887677000064,-73.92471340799995,10V2,10V2,2025-07-24T17:05:00.000000,911_calls,2025-07-24 17:05:00,Thursday,17,7,3.0
call_2826,40.81688561100003,-73.90782117699996,75S,75S,2025-07-23T18:06:00.000000,911_calls,2025-07-23 18:06:00,Wednesday,18,7,3.0
call_2827,40.81882329700005,-73.94123775899999,68Q1,68Q1,2025-07-22T19:07:00.000000,911_calls,2025-07-22 19:07:00,Tuesday,19,7,3.0
call_2828,40.84084902400008,-73.94005456699995,75S,75S,2025-07-21T20:08:00.000000,911_calls,2025-07-21 20:08:00,Monday,20,7,3.0
call_2829,40.82453835300004,-73.93708114099996,68Q1,68Q1,2025-07-20T21:09:00.000000,911_calls,2025-07-20 21:09:00,Sunday,21,7,3.0
call_2830,40.74769070100007,-73.88346930099993,34Q6,34Q6,2025-07-19T22:10:00.000000,911_calls,2025-07-19 22:10:00,Saturday,22,7,3.0
call_2831,40.848308994000035,-73.90342577999996,10P2,10P2,2025-07-18T23:11:00.000000,911_calls,2025-07-18 23:11:00,Friday,23,7,3.0
call_2832,40.81472921200003,-73.94920008599996,68Q1,68Q1,2025-07-17T00:12:00.000000,911_calls,2025-07-17 00:12:00,Thursday,0,7,3.0
call_2833,40.84448348800004,-73.91465008299997,75S,75S,2025-07-16T01:13:00.000000,911_calls,2025-07-16 01:13:00,Wednesday,1,7,3.0
call_2834,40.655545982000035,-73.98150906499995,68Q1,68Q1,2025-07-15T02:14:00.000000,911_calls,2025-07-15 02:14:00,Tuesday,2,7,3.0
call_2835,40.82193193200004,-73.89977873599997,75D,75D,2025-07-14T03:15:00.000000,911_calls,2025-07-14 03:15:00,Monday,3,7,3.0
call_2836,40.639199749000056,-73.95024531099995,10F1,10F1,2025-07-13T04:16:00.000000,911_calls,2025-07-13 04:16:00,Sunday,4,7,3.0
call_2837,40.828656152000065,-73.94974592199998,34Q1,34Q1,2025-07-12T05:17:00.000000,911_calls,2025-07-12 05:17:00,Saturday,5,7,3.0
call_2838,40.66735978300005,-73.89809328999996,75D,75D,2025-07-11T06:18:00.000000,911_calls,2025-07-11 06:18:00,Friday,6,7,3.0
call_2839,40.88443116000008,-73.83300419699998,75D,75D,2025-07-10T07:19:00.000000,911_calls,2025-07-10 07:19:00,Thursday,7,7,3.0
call_2840,40.676051596000036,-73.93461108799994,68Q2,68Q2,2025-07-09T08:20:00.000000,911_calls,2025-07-09 08:20:00,Wednesday,8,7,3.0
call_2841,40.60547394200006,-74.00878152299998,68Q1,68Q1,2025-07-08T09:21:00.000000,911_calls,2025-07-08 09:21:00,Tuesday,9,7,3.0
call_2842,40.765423843000065,-73.92575105599997,53S,53S,2025-07-07T10:22:00.000000,911_calls,2025-07-07 10:22:00,Monday,10,7,3.0
call_2843,40.69974268200008,-73.91142368699997,52D9,52D9,2025-07-06T11:23:00.000000,911_calls,2025-07-06 11:23:00,Sunday,11,7,3.0
call_2844,40.90765786800006,-73.90388943399995,75D,75D,2025-07-05T12:24:00.000000,911_calls,2025-07-05 12:24:00,Saturday,12,7,3.0
call_2845,40.71292004500003,-73.95291007699996,10Y3,10Y3,2025-07-04T13:25:00.000000,911_calls,2025-07-04 13:25:00,Friday,13,7,3.0
call_2846,40.71967628600004,-74.00165729799994,10V2,10V2,2025-07-03T14:26:00.000000,911_calls,2025-07-03 14:26:00,Thursday,14,7,3.0
call_2847,40.84386351200004,-73.91509543199999,54U2,54U2,2025-07-02T15:27:00.000000,911_calls,2025-07-02 15:27:00,Wednesday,15,7,3.0
call_2848,40.84386351200004,-73.91509543199999,54U2,54U2,2025-07-01T16:28:00.000000,911_calls,2025-07-01 16:28:00,Tuesday,16,7,3.0
call_2849,40.67836827600007,-73.90352044899998,75S,75S,2025-06-30T17:29:00.000000,911_calls,2025-06-30 17:29:00,Monday,17,6,3.0
call_2850,40.730522568000026,-73.98472473199996,10H2,10H2,2025-07-29T18:30:00.000000,911_calls,2025-07-29 18:30:00,Tuesday,18,7,3.0
call_2851,40.59398218500007,-73.93918155899996,75D,75D,2025-07-28T19:31:00.000000,911_calls,2025-07-28 19:31:00,Monday,19,7,3.0
call_2852,40.870681553000054,-73.91827917299997,10H2,10H2,2025-07-27T20:32:00.000000,911_calls,2025-07-27 20:32:00,Sunday,20,7,3.0
call_2853,40.87086132400003,-73.87658244599999,54S1,54S1,2025-07-26T21:33:00.000000,911_calls,2025-07-26 21:33:00,Saturday,21,7,3.0
call_2854,40.67163055900005,-73.98260771199995,10H2,10H2,2025-07-25T22:34:00.000000,911_calls,2025-07-25 22:34:00,Friday,22,7,3.0
call_2855,40.82766862300008,-73.92543589199994,75T,75T,2025-07-24T23:35:00.000000,911_calls,2025-07-24 23:35:00,Thursday,23,7,3.0
call_2856,40.820623040000044,-73.93970064799998,10Y3,10Y3,2025-07-23T00:36:00.000000,911_calls,2025-07-23 00:36:00,Wednesday,0,7,3.0
call_2857,40.631938640000044,-74.16347023099996,68Q1,68Q1,2025-07-22T01:37:00.000000,911_calls,2025-07-22 01:37:00,Tuesday,1,7,3.0
call_2858,40.78486125000006,-73.94958036799994,50P1,50P1,2025-07-21T02:38:00.000000,911_calls,2025-07-21 02:38:00,Monday,2,7,3.0
call_2859,40.70041467000004,-73.88873805099996,10H2,10H2,2025-07-20T03:39:00.000000,911_calls,2025-07-20 03:39:00,Sunday,3,7,3.0
call_2860,40.74278196800003,-73.76028869899994,75H,75H,2025-07-19T04:40:00.000000,911_calls,2025-07-19 04:40:00,Saturday,4,7,3.0
call_2861,40.68396285800003,-73.88086205099995,34W1,34W1,2025-07-18T05:41:00.000000,911_calls,2025-07-18 05:41:00,Friday,5,7,3.0
call_2862,40.839602383000056,-73.93901846599994,54U2,54U2,2025-07-17T06:42:00.000000,911_calls,2025-07-17 06:42:00,Thursday,6,7,3.0
call_2863,40.83248640900007,-73.90423290499996,75D,75D,2025-07-16T07:43:00.000000,911_calls,2025-07-16 07:43:00,Wednesday,7,7,3.0
call_2864,40.615261289000046,-73.98538863499994,68Q1,68Q1,2025-07-15T08:44:00.000000,911_calls,2025-07-15 08:44:00,Tuesday,8,7,3.0
call_2865,40.604078962000074,-73.75472573599995,75S,75S,2025-07-14T09:45:00.000000,911_calls,2025-07-14 09:45:00,Monday,9,7,3.0
call_2866,40.68162609800004,-73.92536482799994,75Z,75Z,2025-07-13T10:46:00.000000,911_calls,2025-07-13 10:46:00,Sunday,10,7,3.0
call_2867,40.82029017800005,-73.92036793199998,75D,75D,2025-07-12T11:47:00.000000,911_calls,2025-07-12 11:47:00,Saturday,11,7,3.0
call_2868,40.616227553000044,-73.98617364499995,68Q1,68Q1,2025-07-11T12:48:00.000000,911_calls,2025-07-11 12:48:00,Friday,12,7,3.0
call_2869,40.750023156000054,-73.86531473199994,34Q2,34Q2,2025-07-10T13:49:00.000000,911_calls,2025-07-10 13:49:00,Thursday,13,7,3.0
call_2870,40.698472829000025,-73.90915335999995,10H1,10H1,2025-07-09T14:50:00.000000,911_calls,2025-07-09 14:50:00,Wednesday,14,7,3.0
call_2871,40.60701776800005,-73.97948769599998,68Q1,68Q1,2025-07-08T15:51:00.000000,911_calls,2025-07-08 15:51:00,Tuesday,15,7,3.0
call_2872,40.784709762000034,-73.92792867499998,10Y3,10Y3,2025-07-07T16:52:00.000000,911_calls,2025-07-07 16:52:00,Monday,16,7,3.0
call_2873,40.79766057200004,-73.95106232399996,30Q1,30Q1,2025-07-06T17:53:00.000000,911_calls,2025-07-06 17:53:00,Sunday,17,7,3.0
call_2874,40.711471206000056,-73.98481927399996,54E1,54E1,2025-07-05T18:54:00.000000,911_calls,2025-07-05 18:54:00,Saturday,18,7,3.0
call_2875,40.711471206000056,-73.98481927399996,54E1,54E1,2025-07-04T19:55:00.000000,911_calls,2025-07-04 19:55:00,Friday,19,7,3.0
call_2876,40.718249849000074,-73.87255414599997,39H2,39H2,2025-07-03T20:56:00.000000,911_calls,2025-07-03 20:56:00,Thursday,20,7,3.0
call_2877,40.81602577600006,-73.91773211999998,75S,75S,2025-07-02T21:57:00.000000,911_calls,2025-07-02 21:57:00,Wednesday,21,7,3.0
call_2878,40.79585588600003,-73.94787095499998,68Q1,68Q1,2025-07-01T22:58:00.000000,911_calls,2025-07-01 22:58:00,Tuesday,22,7,3.0
call_2879,40.79585588600003,-73.94787095499998,68Q1,68Q1,2025-06-30T23:59:00.000000,911_calls,2025-06-30 23:59:00,Monday,23,6,3.0
call_2880,40.74463975500004,-74.00454140599999,10Y3,10Y3,2025-07-29T00:00:00.000000,911_calls,2025-07-29 00:00:00,Tuesday,0,7,3.0
call_2881,40.71396412400003,-73.99132971799997,68Q1,68Q1,2025-07-28T01:01:00.000000,911_calls,2025-07-28 01:01:00,Monday,1,7,3.0
call_2882,40.68845555900003,-73.97977274799996,22V1,22V1,2025-07-27T02:02:00.000000,911_calls,2025-07-27 02:02:00,Sunday,2,7,3.0
call_2883,40.82374833200004,-73.90556789899995,53H,53H,2025-07-26T03:03:00.000000,911_calls,2025-07-26 03:03:00,Saturday,3,7,3.0
call_2884,40.780048115000056,-73.80745240299996,53I,53I,2025-07-25T04:04:00.000000,911_calls,2025-07-25 04:04:00,Friday,4,7,3.0
call_2885,40.753101075000075,-73.86860382899994,68Q1,68Q1,2025-07-24T05:05:00.000000,911_calls,2025-07-24 05:05:00,Thursday,5,7,3.0
call_2886,40.786944463000054,-73.94357342599994,52F6,52F6,2025-07-23T06:06:00.000000,911_calls,2025-07-23 06:06:00,Wednesday,6,7,3.0
call_2887,40.68352341100007,-73.76614804599996,54U1,54U1,2025-07-22T07:07:00.000000,911_calls,2025-07-22 07:07:00,Tuesday,7,7,3.0
call_2888,40.67505367800004,-73.97091546699994,75S,75S,2025-07-21T08:08:00.000000,911_calls,2025-07-21 08:08:00,Monday,8,7,3.0
call_2889,40.73887236100006,-73.70114019499994,54S2,54S2,2025-07-20T09:09:00.000000,911_calls,2025-07-20 09:09:00,Sunday,9,7,3.0
call_2890,40.645870305000074,-73.95195201299998,20Q1,20Q1,2025-07-19T10:10:00.000000,911_calls,2025-07-19 10:10:00,Saturday,10,7,3.0
call_2891,40.853952777000075,-73.93115757599998,54E1,54E1,2025-07-18T11:11:00.000000,911_calls,2025-07-18 11:11:00,Friday,11,7,3.0
call_2892,40.853952777000075,-73.93115757599998,54E1,54E1,2025-07-17T12:12:00.000000,911_calls,2025-07-17 12:12:00,Thursday,12,7,3.0
call_2893,40.68657394300004,-73.89284643599996,10V2,10V2,2025-07-16T13:13:00.000000,911_calls,2025-07-16 13:13:00,Wednesday,13,7,3.0
call_2894,40.84324787600008,-73.88555718999999,75D,75D,2025-07-15T14:14:00.000000,911_calls,2025-07-15 14:14:00,Tuesday,14,7,3.0
call_2895,40.804560226000035,-73.94968825899997,68Q1,68Q1,2025-07-14T15:15:00.000000,911_calls,2025-07-14 15:15:00,Monday,15,7,3.0
call_2896,40.667148205000046,-73.88340093999994,75O,75O,2025-07-13T16:16:00.000000,911_calls,2025-07-13 16:16:00,Sunday,16,7,3.0
call_2897,40.76105770400005,-73.81788176999999,68Q1,68Q1,2025-07-12T17:17:00.000000,911_calls,2025-07-12 17:17:00,Saturday,17,7,3.0
call_2898,40.81909583700008,-73.94285248799997,54C1,54C1,2025-07-11T18:18:00.000000,911_calls,2025-07-11 18:18:00,Friday,18,7,3.0
call_2899,40.69479374600007,-73.93134354699998,75Z,75Z,2025-07-10T19:19:00.000000,911_calls,2025-07-10 19:19:00,Thursday,19,7,3.0
call_2900,40.64014518700003,-74.01726445799994,68Q1,68Q1,2025-07-09T20:20:00.000000,911_calls,2025-07-09 20:20:00,Wednesday,20,7,3.0
call_2901,40.84573435300007,-73.91008716099998,75M,75M,2025-07-08T21:21:00.000000,911_calls,2025-07-08 21:21:00,Tuesday,21,7,3.0
call_2902,40.63242975400004,-73.94722400499995,75S,75S,2025-07-07T22:22:00.000000,911_calls,2025-07-07 22:22:00,Monday,22,7,3.0
call_2903,40.87412679700003,-73.90819381299997,34K2,34K2,2025-07-06T23:23:00.000000,911_calls,2025-07-06 23:23:00,Sunday,23,7,3.0
call_2904,40.71854485400007,-73.98821227999997,75T,75T,2025-07-05T00:24:00.000000,911_calls,2025-07-05 00:24:00,Saturday,0,7,3.0
call_2905,40.63919835300004,-74.01646791399997,68Q1,68Q1,2025-07-04T01:25:00.000000,911_calls,2025-07-04 01:25:00,Friday,1,7,3.0
call_2906,40.67730034400006,-73.74392914499998,10V2,10V2,2025-07-03T02:26:00.000000,911_calls,2025-07-03 02:26:00,Thursday,2,7,3.0
call_2907,40.75545687600004,-74.00223209299998,75M,75M,2025-07-02T03:27:00.000000,911_calls,2025-07-02 03:27:00,Wednesday,3,7,3.0
call_2908,40.64507598300003,-73.99439802399996,22Q1,22Q1,2025-07-01T04:28:00.000000,911_calls,2025-07-01 04:28:00,Tuesday,4,7,3.0
call_2909,40.84391702900007,-73.93396539599996,22Q2,22Q2,2025-06-30T05:29:00.000000,911_calls,2025-06-30 05:29:00,Monday,5,6,3.0
call_2910,40.75505889600004,-73.99818590399997,52D1,52D1,2025-07-29T06:30:00.000000,911_calls,2025-07-29 06:30:00,Tuesday,6,7,3.0
call_2911,40.69962283600006,-73.99287513599995,75D,75D,2025-07-28T07:31:00.000000,911_calls,2025-07-28 07:31:00,Monday,7,7,3.0
call_2912,40.60766918200005,-74.01463419299995,68Q1,68Q1,2025-07-27T08:32:00.000000,911_calls,2025-07-27 08:32:00,Sunday,8,7,3.0
call_2913,40.710074708000036,-74.00976558899998,50P1,50P1,2025-07-26T09:33:00.000000,911_calls,2025-07-26 09:33:00,Saturday,9,7,3.0
call_2914,40.71859430400008,-73.98865238199994,10P2,10P2,2025-07-25T10:34:00.000000,911_calls,2025-07-25 10:34:00,Friday,10,7,3.0
call_2915,40.75211177400007,-73.87242800499996,10P2,10P2,2025-07-24T11:35:00.000000,911_calls,2025-07-24 11:35:00,Thursday,11,7,3.0
call_2916,40.83925377200006,-73.91325094499996,75S,75S,2025-07-23T12:36:00.000000,911_calls,2025-07-23 12:36:00,Wednesday,12,7,3.0
call_2917,40.63046626500005,-73.94516121199996,10V2,10V2,2025-07-22T13:37:00.000000,911_calls,2025-07-22 13:37:00,Tuesday,13,7,3.0
call_2918,40.62776728500006,-74.00684628599998,22Q2,22Q2,2025-07-21T14:38:00.000000,911_calls,2025-07-21 14:38:00,Monday,14,7,3.0
call_2919,40.78379559800004,-73.85711445599998,75D,75D,2025-07-20T15:39:00.000000,911_calls,2025-07-20 15:39:00,Sunday,15,7,3.0
call_2920,40.792411505000075,-73.97242796299997,75I,75I,2025-07-19T16:40:00.000000,911_calls,2025-07-19 16:40:00,Saturday,16,7,3.0
call_2921,40.64226766000007,-73.97249360199999,52D1,52D1,2025-07-18T17:41:00.000000,911_calls,2025-07-18 17:41:00,Friday,17,7,3.0
call_2922,40.81747422800004,-73.89636049399996,68Q1,68Q1,2025-07-17T18:42:00.000000,911_calls,2025-07-17 18:42:00,Thursday,18,7,3.0
call_2923,40.81399932700003,-73.90586351599995,68Q1,68Q1,2025-07-16T19:43:00.000000,911_calls,2025-07-16 19:43:00,Wednesday,19,7,3.0
call_2924,40.75834070600007,-73.98544027599996,68Q1,68Q1,2025-07-15T20:44:00.000000,911_calls,2025-07-15 20:44:00,Tuesday,20,7,3.0
call_2925,40.84801972400004,-73.88435258699997,10H2,10H2,2025-07-14T21:45:00.000000,911_calls,2025-07-14 21:45:00,Monday,21,7,3.0
call_2926,40.62059217900003,-74.02699604499998,75D,75D,2025-07-13T22:46:00.000000,911_calls,2025-07-13 22:46:00,Sunday,22,7,3.0
call_2927,40.60958395900008,-73.95843934199996,75D,75D,2025-07-12T23:47:00.000000,911_calls,2025-07-12 23:47:00,Saturday,23,7,3.0
call_2928,40.63004745500007,-73.96150328199997,75S,75S,2025-07-11T00:48:00.000000,911_calls,2025-07-11 00:48:00,Friday,0,7,3.0
call_2929,40.80191116900005,-73.95539356899997,10S4,10S4,2025-07-10T01:49:00.000000,911_calls,2025-07-10 01:49:00,Thursday,1,7,3.0
call_2930,40.60910733000003,-73.97043277599994,75D,75D,2025-07-09T02:50:00.000000,911_calls,2025-07-09 02:50:00,Wednesday,2,7,3.0
call_2931,40.64420602100006,-74.00050592399998,68Q1,68Q1,2025-07-08T03:51:00.000000,911_calls,2025-07-08 03:51:00,Tuesday,3,7,3.0
call_2932,40.83388946800005,-73.90484882999993,75I,75I,2025-07-07T04:52:00.000000,911_calls,2025-07-07 04:52:00,Monday,4,7,3.0
call_2933,40.60583327200004,-73.75490296099997,54U1,54U1,2025-07-06T05:53:00.000000,911_calls,2025-07-06 05:53:00,Sunday,5,7,3.0
call_2934,40.84305491500004,-73.92047802199994,10Y3,10Y3,2025-07-05T06:54:00.000000,911_calls,2025-07-05 06:54:00,Saturday,6,7,3.0
call_2935,40.744849920000036,-73.98288452799994,11C4,11C4,2025-07-04T07:55:00.000000,911_calls,2025-07-04 07:55:00,Friday,7,7,3.0
call_2936,40.76539747500004,-73.98570226399994,10P2,10P2,2025-07-03T08:56:00.000000,911_calls,2025-07-03 08:56:00,Thursday,8,7,3.0
call_2937,40.805535587000065,-73.95199569899995,10S4,10S4,2025-07-02T09:57:00.000000,911_calls,2025-07-02 09:57:00,Wednesday,9,7,3.0
call_2938,40.58795031200003,-73.98359800899993,75S,75S,2025-07-01T10:58:00.000000,911_calls,2025-07-01 10:58:00,Tuesday,10,7,3.0
call_2939,40.786944463000054,-73.94357342599994,75I,75I,2025-06-30T11:59:00.000000,911_calls,2025-06-30 11:59:00,Monday,11,6,3.0
call_2940,40.69226368000005,-73.98774453499993,75S,75S,2025-07-29T12:00:00.000000,911_calls,2025-07-29 12:00:00,Tuesday,12,7,3.0
call_2941,40.75417102900008,-73.98250314699999,75S,75S,2025-07-28T13:01:00.000000,911_calls,2025-07-28 13:01:00,Monday,13,7,3.0
call_2942,40.783353017000024,-73.98189605899995,68Q1,68Q1,2025-07-27T14:02:00.000000,911_calls,2025-07-27 14:02:00,Sunday,14,7,3.0
call_2943,40.813368414000024,-73.90300322999997,10S4,10S4,2025-07-26T15:03:00.000000,911_calls,2025-07-26 15:03:00,Saturday,15,7,3.0
call_2944,40.89379826900006,-73.85716012799998,75T,75T,2025-07-25T16:04:00.000000,911_calls,2025-07-25 16:04:00,Friday,16,7,3.0
call_2945,40.89379826900006,-73.85716012799998,75T,75T,2025-07-24T17:05:00.000000,911_calls,2025-07-24 17:05:00,Thursday,17,7,3.0
call_2946,40.547368541000026,-74.15345818499998,68Q2,68Q2,2025-07-23T18:06:00.000000,911_calls,2025-07-23 18:06:00,Wednesday,18,7,3.0
call_2947,40.68335231200007,-73.78247103499996,10V2,10V2,2025-07-22T19:07:00.000000,911_calls,2025-07-22 19:07:00,Tuesday,19,7,3.0
call_2948,40.70047788800008,-73.82848082199996,75T,75T,2025-07-21T20:08:00.000000,911_calls,2025-07-21 20:08:00,Monday,20,7,3.0
call_2949,40.74850681300006,-73.99058897199995,31R,31R,2025-07-20T21:09:00.000000,911_calls,2025-07-20 21:09:00,Sunday,21,7,3.0
call_2950,40.62840463100008,-73.91716001299994,22Q1,22Q1,2025-07-19T22:10:00.000000,911_calls,2025-07-19 22:10:00,Saturday,22,7,3.0
call_2951,40.64230787200006,-73.98140102899998,75D,75D,2025-07-18T23:11:00.000000,911_calls,2025-07-18 23:11:00,Friday,23,7,3.0
call_2952,40.59896673500003,-73.96569835499997,75H,75H,2025-07-17T00:12:00.000000,911_calls,2025-07-17 00:12:00,Thursday,0,7,3.0
call_2953,40.80290243500008,-73.94379829299999,50G2,50G2,2025-07-16T01:13:00.000000,911_calls,2025-07-16 01:13:00,Wednesday,1,7,3.0
call_2954,40.87896354700007,-73.87393483899996,53S,53S,2025-07-15T02:14:00.000000,911_calls,2025-07-15 02:14:00,Tuesday,2,7,3.0
call_2955,40.69519897600003,-73.95084903199995,53S,53S,2025-07-14T03:15:00.000000,911_calls,2025-07-14 03:15:00,Monday,3,7,3.0
call_2956,40.78830679200007,-73.94000436999994,24Q6,24Q6,2025-07-13T04:16:00.000000,911_calls,2025-07-13 04:16:00,Sunday,4,7,3.0
call_2957,40.76843961600008,-73.92467547699994,24Q1,24Q1,2025-07-12T05:17:00.000000,911_calls,2025-07-12 05:17:00,Saturday,5,7,3.0
call_2958,40.80351927500004,-73.94233488699996,75D,75D,2025-07-11T06:18:00.000000,911_calls,2025-07-11 06:18:00,Friday,6,7,3.0
call_2959,40.69691954100006,-73.96471393499996,68Q2,68Q2,2025-07-10T07:19:00.000000,911_calls,2025-07-10 07:19:00,Thursday,7,7,3.0
call_2960,40.801281810000035,-73.96979840899996,68Q1,68Q1,2025-07-09T08:20:00.000000,911_calls,2025-07-09 08:20:00,Wednesday,8,7,3.0
call_2961,40.84449635200008,-73.91349710899993,44H1,44H1,2025-07-08T09:21:00.000000,911_calls,2025-07-08 09:21:00,Tuesday,9,7,3.0
call_2962,40.76500555400003,-73.99156133399998,10H2,10H2,2025-07-07T10:22:00.000000,911_calls,2025-07-07 10:22:00,Monday,10,7,3.0
call_2963,40.83388946800005,-73.90484882999993,75I,75I,2025-07-06T11:23:00.000000,911_calls,2025-07-06 11:23:00,Sunday,11,7,3.0
call_2964,40.85557168400004,-73.86766034499993,75S,75S,2025-07-05T12:24:00.000000,911_calls,2025-07-05 12:24:00,Saturday,12,7,3.0
call_2965,40.840469935000044,-73.87986980599999,75T,75T,2025-07-04T13:25:00.000000,911_calls,2025-07-04 13:25:00,Friday,13,7,3.0
call_2966,40.638667594000026,-74.02246340399995,68Q1,68Q1,2025-07-03T14:26:00.000000,911_calls,2025-07-03 14:26:00,Thursday,14,7,3.0
call_2967,40.629863380000074,-73.97015338099999,10S4,10S4,2025-07-02T15:27:00.000000,911_calls,2025-07-02 15:27:00,Wednesday,15,7,3.0
call_2968,40.82635084700007,-73.90620737299997,52D1,52D1,2025-07-01T16:28:00.000000,911_calls,2025-07-01 16:28:00,Tuesday,16,7,3.0
call_2969,40.87683440300003,-73.89989847999993,52D6,52D6,2025-06-30T17:29:00.000000,911_calls,2025-06-30 17:29:00,Monday,17,6,3.0
call_2970,40.66163793100003,-73.99313149699998,11C4,11C4,2025-07-29T18:30:00.000000,911_calls,2025-07-29 18:30:00,Tuesday,18,7,3.0
call_2971,40.69910626600006,-73.91556829299998,75D,75D,2025-07-28T19:31:00.000000,911_calls,2025-07-28 19:31:00,Monday,19,7,3.0
call_2972,40.82557826300007,-73.94736349499993,75D,75D,2025-07-27T20:32:00.000000,911_calls,2025-07-27 20:32:00,Sunday,20,7,3.0
call_2973,40.70307489900006,-73.80791636699996,75D,75D,2025-07-26T21:33:00.000000,911_calls,2025-07-26 21:33:00,Saturday,21,7,3.0
call_2974,40.69511788900007,-73.96133949599994,68Q1,68Q1,2025-07-25T22:34:00.000000,911_calls,2025-07-25 22:34:00,Friday,22,7,3.0
call_2975,40.85557168400004,-73.86766034499993,75D,75D,2025-07-24T23:35:00.000000,911_calls,2025-07-24 23:35:00,Thursday,23,7,3.0
call_2976,40.69771706300003,-73.78758844599997,52D6,52D6,2025-07-23T00:36:00.000000,911_calls,2025-07-23 00:36:00,Wednesday,0,7,3.0
call_2977,40.70652760300004,-73.79199675599995,75D,75D,2025-07-22T01:37:00.000000,911_calls,2025-07-22 01:37:00,Tuesday,1,7,3.0
call_2978,40.740769733000036,-74.00178773499994,75M,75M,2025-07-21T02:38:00.000000,911_calls,2025-07-21 02:38:00,Monday,2,7,3.0
call_2979,40.821942740000054,-73.93873476499994,75D,75D,2025-07-20T03:39:00.000000,911_calls,2025-07-20 03:39:00,Sunday,3,7,3.0
call_2980,40.85284199500006,-73.88417430999993,54S1,54S1,2025-07-19T04:40:00.000000,911_calls,2025-07-19 04:40:00,Saturday,4,7,3.0
call_2981,40.76221690800003,-73.99174217799998,10P2,10P2,2025-07-18T05:41:00.000000,911_calls,2025-07-18 05:41:00,Friday,5,7,3.0
call_2982,40.86483138300008,-73.88747959099999,75D,75D,2025-07-17T06:42:00.000000,911_calls,2025-07-17 06:42:00,Thursday,6,7,3.0
call_2983,40.761376562000066,-73.72305897199993,75H,75H,2025-07-16T07:43:00.000000,911_calls,2025-07-16 07:43:00,Wednesday,7,7,3.0
call_2984,40.69826618400003,-73.96147471199998,53S,53S,2025-07-15T08:44:00.000000,911_calls,2025-07-15 08:44:00,Tuesday,8,7,3.0
call_2985,40.86327901900006,-73.90067809799996,75S,75S,2025-07-14T09:45:00.000000,911_calls,2025-07-14 09:45:00,Monday,9,7,3.0
call_2986,40.581972704000066,-73.95494284499995,10S2,10S2,2025-07-13T10:46:00.000000,911_calls,2025-07-13 10:46:00,Sunday,10,7,3.0
call_2987,40.55897879100007,-73.89209738399995,75D,75D,2025-07-12T11:47:00.000000,911_calls,2025-07-12 11:47:00,Saturday,11,7,3.0
call_2988,40.74705075800006,-73.89147157999997,50P9,50P9,2025-07-11T12:48:00.000000,911_calls,2025-07-11 12:48:00,Friday,12,7,3.0
call_2989,40.76688284900007,-73.99019287699997,10H2,10H2,2025-07-10T13:49:00.000000,911_calls,2025-07-10 13:49:00,Thursday,13,7,3.0
call_2990,40.81092037700006,-73.94504504699995,53S,53S,2025-07-09T14:50:00.000000,911_calls,2025-07-09 14:50:00,Wednesday,14,7,3.0
call_2991,40.840165660000025,-73.88024260399999,75T,75T,2025-07-08T15:51:00.000000,911_calls,2025-07-08 15:51:00,Tuesday,15,7,3.0
call_2992,40.66852791600007,-73.95062716599995,75D,75D,2025-07-07T16:52:00.000000,911_calls,2025-07-07 16:52:00,Monday,16,7,3.0
call_2993,40.66674388100006,-73.95079430199996,75D,75D,2025-07-06T17:53:00.000000,911_calls,2025-07-06 17:53:00,Sunday,17,7,3.0
call_2994,40.63296235400003,-73.97056992299997,53D,53D,2025-07-05T18:54:00.000000,911_calls,2025-07-05 18:54:00,Saturday,18,7,3.0
call_2995,40.71634415200003,-74.00125319299997,54S9,54S9,2025-07-04T19:55:00.000000,911_calls,2025-07-04 19:55:00,Friday,19,7,3.0
call_2996,40.60700035900004,-73.99756687399997,68Q1,68Q1,2025-07-03T20:56:00.000000,911_calls,2025-07-03 20:56:00,Thursday,20,7,3.0
call_2997,40.828629429000046,-73.86751519099994,54S2,54S2,2025-07-02T21:57:00.000000,911_calls,2025-07-02 21:57:00,Wednesday,21,7,3.0
call_2998,40.78929505800005,-73.94031404999998,54S2,54S2,2025-07-01T22:58:00.000000,911_calls,2025-07-01 22:58:00,Tuesday,22,7,3.0
call_2999,40.75107189400006,-73.96820063099995,75D,75D,2025-06-30T23:59:00.000000,911_calls,2025-06-30 23:59:00,Monday,23,6,3.0
call_3000,40.69044864500006,-73.80287556999997,22P1,22P1,2025-07-29T00:00:00.000000,911_calls,2025-07-29 00:00:00,Tuesday,0,7,3.0
call_3001,40.794952884000054,-73.97143733299998,75S,75S,2025-07-28T01:01:00.000000,911_calls,2025-07-28 01:01:00,Monday,1,7,3.0
call_3002,40.79216659000008,-73.96989644099995,75I,75I,2025-07-27T02:02:00.000000,911_calls,2025-07-27 02:02:00,Sunday,2,7,3.0
call_3003,40.702916049000066,-73.80006160699998,75S,75S,2025-07-26T03:03:00.000000,911_calls,2025-07-26 03:03:00,Saturday,3,7,3.0
call_3004,40.762547607000045,-73.96795690399995,75T,75T,2025-07-25T04:04:00.000000,911_calls,2025-07-25 04:04:00,Friday,4,7,3.0
call_3005,40.68684131600003,-73.73787810399995,75D,75D,2025-07-24T05:05:00.000000,911_calls,2025-07-24 05:05:00,Thursday,5,7,3.0
call_3006,40.762547607000045,-73.96795690399995,75T,75T,2025-07-23T06:06:00.000000,911_calls,2025-07-23 06:06:00,Wednesday,6,7,3.0
call_3007,40.75664204200007,-73.98837157699995,75S,75S,2025-07-22T07:07:00.000000,911_calls,2025-07-22 07:07:00,Tuesday,7,7,3.0
call_3008,40.85557168400004,-73.86766034499993,22Q2,22Q2,2025-07-21T08:08:00.000000,911_calls,2025-07-21 08:08:00,Monday,8,7,3.0
call_3009,40.82145435900003,-73.86250735199997,10V2,10V2,2025-07-20T09:09:00.000000,911_calls,2025-07-20 09:09:00,Sunday,9,7,3.0
call_3010,40.66652879500003,-73.95507317199997,75D,75D,2025-07-19T10:10:00.000000,911_calls,2025-07-19 10:10:00,Saturday,10,7,3.0
call_3011,40.66720028800006,-73.98132920499995,75D,75D,2025-07-18T11:11:00.000000,911_calls,2025-07-18 11:11:00,Friday,11,7,3.0
call_3012,40.673708343000044,-73.98253146299999,75D,75D,2025-07-17T12:12:00.000000,911_calls,2025-07-17 12:12:00,Thursday,12,7,3.0
call_3013,40.84324787600008,-73.88555718999999,75D,75D,2025-07-16T13:13:00.000000,911_calls,2025-07-16 13:13:00,Wednesday,13,7,3.0
call_3014,40.840165660000025,-73.88024260399999,75T,75T,2025-07-15T14:14:00.000000,911_calls,2025-07-15 14:14:00,Tuesday,14,7,3.0
call_3015,40.81602577600006,-73.91773211999998,75S,75S,2025-07-14T15:15:00.000000,911_calls,2025-07-14 15:15:00,Monday,15,7,3.0
call_3016,40.67474392400004,-73.88990205899995,11R4,11R4,2025-07-13T16:16:00.000000,911_calls,2025-07-13 16:16:00,Sunday,16,7,3.0
call_3017,40.79958346600006,-73.96262243699994,68Q1,68Q1,2025-07-12T17:17:00.000000,911_calls,2025-07-12 17:17:00,Saturday,17,7,3.0
call_3018,40.69805773100006,-73.96192201999997,53S,53S,2025-07-11T18:18:00.000000,911_calls,2025-07-11 18:18:00,Friday,18,7,3.0
call_3019,40.77216334700006,-73.95437009899996,32Q2,32Q2,2025-07-10T19:19:00.000000,911_calls,2025-07-10 19:19:00,Thursday,19,7,3.0
call_3020,40.66343457500005,-73.93114513599994,22Q2,22Q2,2025-07-09T20:20:00.000000,911_calls,2025-07-09 20:20:00,Wednesday,20,7,3.0
call_3021,40.84545011800003,-73.90149264499996,59R4,59R4,2025-07-08T21:21:00.000000,911_calls,2025-07-08 21:21:00,Tuesday,21,7,3.0
call_3022,40.69600648100004,-73.95213946999996,75D,75D,2025-07-07T22:22:00.000000,911_calls,2025-07-07 22:22:00,Monday,22,7,3.0
call_3023,40.69399038300003,-73.81165325299997,53I8,53I8,2025-07-06T23:23:00.000000,911_calls,2025-07-06 23:23:00,Sunday,23,7,3.0
call_3024,40.64504233200006,-74.01397574699996,68Q1,68Q1,2025-07-05T00:24:00.000000,911_calls,2025-07-05 00:24:00,Saturday,0,7,3.0
call_3025,40.667148205000046,-73.88340093999994,75M,75M,2025-07-04T01:25:00.000000,911_calls,2025-07-04 01:25:00,Friday,1,7,3.0
call_3026,40.81756136700005,-73.92786058299998,75S,75S,2025-07-03T02:26:00.000000,911_calls,2025-07-03 02:26:00,Thursday,2,7,3.0
call_3027,40.53714034400008,-74.21847701799999,10F2,10F2,2025-07-02T03:27:00.000000,911_calls,2025-07-02 03:27:00,Wednesday,3,7,3.0
call_3028,40.69226368000005,-73.98774453499993,75S,75S,2025-07-01T04:28:00.000000,911_calls,2025-07-01 04:28:00,Tuesday,4,7,3.0
call_3029,40.70740680100005,-73.90215470599998,52D6,52D6,2025-06-30T05:29:00.000000,911_calls,2025-06-30 05:29:00,Monday,5,6,3.0
call_3030,40.82782501300005,-73.92534538199999,75S,75S,2025-07-29T06:30:00.000000,911_calls,2025-07-29 06:30:00,Tuesday,6,7,3.0
call_3031,40.82849393200007,-73.90554670999995,52D2,52D2,2025-07-28T07:31:00.000000,911_calls,2025-07-28 07:31:00,Monday,7,7,3.0
call_3032,40.762547607000045,-73.96795690399995,75T,75T,2025-07-27T08:32:00.000000,911_calls,2025-07-27 08:32:00,Sunday,8,7,3.0
call_3033,40.762547607000045,-73.96795690399995,75T,75T,2025-07-26T09:33:00.000000,911_calls,2025-07-26 09:33:00,Saturday,9,7,3.0
call_3034,40.869762252000044,-73.90097574599997,39H1,39H1,2025-07-25T10:34:00.000000,911_calls,2025-07-25 10:34:00,Friday,10,7,3.0
call_3035,40.86408585200007,-73.91800528099998,54S9,54S9,2025-07-24T11:35:00.000000,911_calls,2025-07-24 11:35:00,Thursday,11,7,3.0
call_3036,40.86940749200005,-73.87999831299999,68Q1,68Q1,2025-07-23T12:36:00.000000,911_calls,2025-07-23 12:36:00,Wednesday,12,7,3.0
call_3037,40.75417102900008,-73.98250314699999,75M,75M,2025-07-22T13:37:00.000000,911_calls,2025-07-22 13:37:00,Tuesday,13,7,3.0
call_3038,40.66438038900003,-73.83345778299997,34Q1,34Q1,2025-07-21T14:38:00.000000,911_calls,2025-07-21 14:38:00,Monday,14,7,3.0
call_3039,40.63214589000006,-73.90324140299998,68Q1,68Q1,2025-07-20T15:39:00.000000,911_calls,2025-07-20 15:39:00,Sunday,15,7,3.0
call_3040,40.840165660000025,-73.88024260399999,75T,75T,2025-07-19T16:40:00.000000,911_calls,2025-07-19 16:40:00,Saturday,16,7,3.0
call_3041,40.69309782700003,-73.73359831499994,75D,75D,2025-07-18T17:41:00.000000,911_calls,2025-07-18 17:41:00,Friday,17,7,3.0
call_3042,40.77738226800005,-73.95056090299994,54U9,54U9,2025-07-17T18:42:00.000000,911_calls,2025-07-17 18:42:00,Thursday,18,7,3.0
call_3043,40.826282132000074,-73.92070763799995,68Q1,68Q1,2025-07-16T19:43:00.000000,911_calls,2025-07-16 19:43:00,Wednesday,19,7,3.0
call_3044,40.66789442000004,-73.83586056899998,68Q1,68Q1,2025-07-15T20:44:00.000000,911_calls,2025-07-15 20:44:00,Tuesday,20,7,3.0
call_3045,40.83976812900005,-73.91472118499996,59V,59V,2025-07-14T21:45:00.000000,911_calls,2025-07-14 21:45:00,Monday,21,7,3.0
call_3046,40.56917053400008,-74.12646962399998,54E1,54E1,2025-07-13T22:46:00.000000,911_calls,2025-07-13 22:46:00,Sunday,22,7,3.0
call_3047,40.56917053400008,-74.12646962399998,54E1,54E1,2025-07-12T23:47:00.000000,911_calls,2025-07-12 23:47:00,Saturday,23,7,3.0
call_3048,40.63248216200003,-74.02884909399995,68Q1,68Q1,2025-07-11T00:48:00.000000,911_calls,2025-07-11 00:48:00,Friday,0,7,3.0
call_3049,40.82474720500005,-73.89885312499996,39T1,39T1,2025-07-10T01:49:00.000000,911_calls,2025-07-10 01:49:00,Thursday,1,7,3.0
call_3050,40.631205855000076,-74.01402688999997,68Q1,68Q1,2025-07-09T02:50:00.000000,911_calls,2025-07-09 02:50:00,Wednesday,2,7,3.0
call_3051,40.78052257600007,-73.94521817699996,54E1,54E1,2025-07-08T03:51:00.000000,911_calls,2025-07-08 03:51:00,Tuesday,3,7,3.0
call_3052,40.78052257600007,-73.94521817699996,54E1,54E1,2025-07-07T04:52:00.000000,911_calls,2025-07-07 04:52:00,Monday,4,7,3.0
call_3053,40.74095063100003,-73.99212733199994,52D1,52D1,2025-07-06T05:53:00.000000,911_calls,2025-07-06 05:53:00,Sunday,5,7,3.0
call_3054,40.71626346000005,-73.98407867999998,75D,75D,2025-07-05T06:54:00.000000,911_calls,2025-07-05 06:54:00,Saturday,6,7,3.0
call_3055,40.817536560000065,-73.92769441999997,54S9,54S9,2025-07-04T07:55:00.000000,911_calls,2025-07-04 07:55:00,Friday,7,7,3.0
call_3056,40.66754031000005,-73.97939338699996,10H1,10H1,2025-07-03T08:56:00.000000,911_calls,2025-07-03 08:56:00,Thursday,8,7,3.0
call_3057,40.68768560600006,-73.98982591499998,68Q2,68Q2,2025-07-02T09:57:00.000000,911_calls,2025-07-02 09:57:00,Wednesday,9,7,3.0
call_3058,40.68768560600006,-73.98982591499998,68Q2,68Q2,2025-07-01T10:58:00.000000,911_calls,2025-07-01 10:58:00,Tuesday,10,7,3.0
call_3059,40.75618975200007,-73.90933813899994,52D1,52D1,2025-06-30T11:59:00.000000,911_calls,2025-06-30 11:59:00,Monday,11,6,3.0
call_3060,40.74977880000006,-73.90031677199994,53S,53S,2025-07-29T12:00:00.000000,911_calls,2025-07-29 12:00:00,Tuesday,12,7,3.0
call_3061,40.83079891400007,-73.82694879599995,68Q1,68Q1,2025-07-28T13:01:00.000000,911_calls,2025-07-28 13:01:00,Monday,13,7,3.0
call_3062,40.69779093000005,-73.96923581599998,75D,75D,2025-07-27T14:02:00.000000,911_calls,2025-07-27 14:02:00,Sunday,14,7,3.0
call_3063,40.72492714500004,-73.75372536399993,68Q1,68Q1,2025-07-26T15:03:00.000000,911_calls,2025-07-26 15:03:00,Saturday,15,7,3.0
call_3064,40.739161316000036,-74.00110567199994,39H2,39H2,2025-07-25T16:04:00.000000,911_calls,2025-07-25 16:04:00,Friday,16,7,3.0
call_3065,40.743155245000025,-73.86253541099995,52D6,52D6,2025-07-24T17:05:00.000000,911_calls,2025-07-24 17:05:00,Thursday,17,7,3.0
call_3066,40.68778539600004,-73.86986475499998,10H1,10H1,2025-07-23T18:06:00.000000,911_calls,2025-07-23 18:06:00,Wednesday,18,7,3.0
call_3067,40.68073899600006,-73.94963745499996,75S,75S,2025-07-22T19:07:00.000000,911_calls,2025-07-22 19:07:00,Tuesday,19,7,3.0
call_3068,40.799508822000064,-73.95359648099998,34Q2,34Q2,2025-07-21T20:08:00.000000,911_calls,2025-07-21 20:08:00,Monday,20,7,3.0
call_3069,40.70047788800008,-73.82848082199996,75T,75T,2025-07-20T21:09:00.000000,911_calls,2025-07-20 21:09:00,Sunday,21,7,3.0
call_3070,40.75959435100003,-73.98065717699996,75S,75S,2025-07-19T22:10:00.000000,911_calls,2025-07-19 22:10:00,Saturday,22,7,3.0
call_3071,40.73185913100008,-73.98375382699999,34Q2,34Q2,2025-07-18T23:11:00.000000,911_calls,2025-07-18 23:11:00,Friday,23,7,3.0
call_3072,40.798294748000046,-73.93977143699993,10V2,10V2,2025-07-17T00:12:00.000000,911_calls,2025-07-17 00:12:00,Thursday,0,7,3.0
call_3073,40.756430127000044,-73.81448703999996,11R4,11R4,2025-07-16T01:13:00.000000,911_calls,2025-07-16 01:13:00,Wednesday,1,7,3.0
call_3074,40.79756765500008,-73.96781002599994,54U2,54U2,2025-07-15T02:14:00.000000,911_calls,2025-07-15 02:14:00,Tuesday,2,7,3.0
call_3075,40.643592108000064,-74.07396131599995,75D,75D,2025-07-14T03:15:00.000000,911_calls,2025-07-14 03:15:00,Monday,3,7,3.0
call_3076,40.86275525800005,-73.90449300199998,75D,75D,2025-07-13T04:16:00.000000,911_calls,2025-07-13 04:16:00,Sunday,4,7,3.0
call_3077,40.72183339700007,-73.99194559999995,52D1,52D1,2025-07-12T05:17:00.000000,911_calls,2025-07-12 05:17:00,Saturday,5,7,3.0
call_3078,40.67470324000004,-74.00292516799993,68Q1,68Q1,2025-07-11T06:18:00.000000,911_calls,2025-07-11 06:18:00,Friday,6,7,3.0
call_3079,40.765122262000034,-73.95950831399995,75D,75D,2025-07-10T07:19:00.000000,911_calls,2025-07-10 07:19:00,Thursday,7,7,3.0
call_3080,40.794952884000054,-73.97143733299998,54U9,54U9,2025-07-09T08:20:00.000000,911_calls,2025-07-09 08:20:00,Wednesday,8,7,3.0
call_3081,40.731048945000055,-73.87280388599999,67S,67S,2025-07-08T09:21:00.000000,911_calls,2025-07-08 09:21:00,Tuesday,9,7,3.0
call_3082,40.788727788000074,-73.94780431099997,50P1,50P1,2025-07-07T10:22:00.000000,911_calls,2025-07-07 10:22:00,Monday,10,7,3.0
call_3083,40.66274750800005,-73.95085131599996,75D,75D,2025-07-06T11:23:00.000000,911_calls,2025-07-06 11:23:00,Sunday,11,7,3.0
call_3084,40.67322472500007,-73.89138261899996,75D,75D,2025-07-05T12:24:00.000000,911_calls,2025-07-05 12:24:00,Saturday,12,7,3.0
call_3085,40.68117869500003,-73.97724033399999,75D,75D,2025-07-04T13:25:00.000000,911_calls,2025-07-04 13:25:00,Friday,13,7,3.0
call_3086,40.71407258100004,-73.95226717899999,31Q,31Q,2025-07-03T14:26:00.000000,911_calls,2025-07-03 14:26:00,Thursday,14,7,3.0
call_3087,40.73213945800006,-73.98656453999996,68Q1,68Q1,2025-07-02T15:27:00.000000,911_calls,2025-07-02 15:27:00,Wednesday,15,7,3.0
call_3088,40.783353017000024,-73.98189605899995,75D,75D,2025-07-01T16:28:00.000000,911_calls,2025-07-01 16:28:00,Tuesday,16,7,3.0
call_3089,40.71854485400007,-73.98821227999997,75T,75T,2025-06-30T17:29:00.000000,911_calls,2025-06-30 17:29:00,Monday,17,6,3.0
call_3090,40.663524315000075,-73.95093364599995,75D,75D,2025-07-29T18:30:00.000000,911_calls,2025-07-29 18:30:00,Tuesday,18,7,3.0
call_3091,40.61894353400004,-73.90014474499998,75D,75D,2025-07-28T19:31:00.000000,911_calls,2025-07-28 19:31:00,Monday,19,7,3.0
call_3092,40.81540818000008,-73.93990768499998,34Q2,34Q2,2025-07-27T20:32:00.000000,911_calls,2025-07-27 20:32:00,Sunday,20,7,3.0
call_3093,40.732828332000054,-73.98606285699998,68Q1,68Q1,2025-07-26T21:33:00.000000,911_calls,2025-07-26 21:33:00,Saturday,21,7,3.0
call_3094,40.74087417800007,-73.89957227299993,75Z,75Z,2025-07-25T22:34:00.000000,911_calls,2025-07-25 22:34:00,Friday,22,7,3.0
call_3095,40.81072622700003,-73.92662169499994,75S,75S,2025-07-24T23:35:00.000000,911_calls,2025-07-24 23:35:00,Thursday,23,7,3.0
call_3096,40.794399319000036,-73.97519721199996,68Q1,68Q1,2025-07-23T00:36:00.000000,911_calls,2025-07-23 00:36:00,Wednesday,0,7,3.0
call_3097,40.68699551900005,-73.98081525299995,68Q1,68Q1,2025-07-22T01:37:00.000000,911_calls,2025-07-22 01:37:00,Tuesday,1,7,3.0
call_3098,40.702273406000074,-74.01587398599997,75S,75S,2025-07-21T02:38:00.000000,911_calls,2025-07-21 02:38:00,Monday,2,7,3.0
call_3099,40.837781618000065,-73.91945797099999,54S1,54S1,2025-07-20T03:39:00.000000,911_calls,2025-07-20 03:39:00,Sunday,3,7,3.0
call_3100,40.68671915300007,-73.92346972299998,75D,75D,2025-07-19T04:40:00.000000,911_calls,2025-07-19 04:40:00,Saturday,4,7,3.0
call_3101,40.751669512000035,-73.97658102499997,53H,53H,2025-07-18T05:41:00.000000,911_calls,2025-07-18 05:41:00,Friday,5,7,3.0
call_3102,40.722374227000046,-73.91268515299998,53H,53H,2025-07-17T06:42:00.000000,911_calls,2025-07-17 06:42:00,Thursday,6,7,3.0
call_3103,40.79879057000005,-73.93793619199994,56S,56S,2025-07-16T07:43:00.000000,911_calls,2025-07-16 07:43:00,Wednesday,7,7,3.0
call_3104,40.667360047000045,-73.75590247699995,68Q1,68Q1,2025-07-15T08:44:00.000000,911_calls,2025-07-15 08:44:00,Tuesday,8,7,3.0
call_3105,40.83925377200006,-73.91325094499996,75M,75M,2025-07-14T09:45:00.000000,911_calls,2025-07-14 09:45:00,Monday,9,7,3.0
call_3106,40.65070111500006,-73.95192691099999,68Q1,68Q1,2025-07-13T10:46:00.000000,911_calls,2025-07-13 10:46:00,Sunday,10,7,3.0
call_3107,40.76189694400006,-73.96738686799995,56S9,56S9,2025-07-12T11:47:00.000000,911_calls,2025-07-12 11:47:00,Saturday,11,7,3.0
call_3108,40.75664204200007,-73.98837157699995,75S,75S,2025-07-11T12:48:00.000000,911_calls,2025-07-11 12:48:00,Friday,12,7,3.0
call_3109,40.718905214000074,-73.73761491699997,68Q1,68Q1,2025-07-10T13:49:00.000000,911_calls,2025-07-10 13:49:00,Thursday,13,7,3.0
call_3110,40.69005914100006,-73.91507491999994,68Q1,68Q1,2025-07-09T14:50:00.000000,911_calls,2025-07-09 14:50:00,Wednesday,14,7,3.0
call_3111,40.82516164300006,-73.91223954399999,10Y3,10Y3,2025-07-08T15:51:00.000000,911_calls,2025-07-08 15:51:00,Tuesday,15,7,3.0
call_3112,40.70950107600004,-73.78648322999999,75D,75D,2025-07-07T16:52:00.000000,911_calls,2025-07-07 16:52:00,Monday,16,7,3.0
call_3113,40.714074580000045,-73.95049964199995,54U9,54U9,2025-07-06T17:53:00.000000,911_calls,2025-07-06 17:53:00,Sunday,17,7,3.0
call_3114,40.834409864000065,-73.91769131999996,75S,75S,2025-07-05T18:54:00.000000,911_calls,2025-07-05 18:54:00,Saturday,18,7,3.0
call_3115,40.66383675900005,-73.93854475599994,68Q1,68Q1,2025-07-04T19:55:00.000000,911_calls,2025-07-04 19:55:00,Friday,19,7,3.0
call_3116,40.72780089500003,-73.73636039699994,10V2,10V2,2025-07-03T20:56:00.000000,911_calls,2025-07-03 20:56:00,Thursday,20,7,3.0
call_3117,40.74664478100004,-73.83218748799999,68Q1,68Q1,2025-07-02T21:57:00.000000,911_calls,2025-07-02 21:57:00,Wednesday,21,7,3.0
call_3118,40.58768437600003,-73.95428012099995,75D,75D,2025-07-01T22:58:00.000000,911_calls,2025-07-01 22:58:00,Tuesday,22,7,3.0
call_3119,40.78907940200003,-73.78042829399999,75D,75D,2025-06-30T23:59:00.000000,911_calls,2025-06-30 23:59:00,Monday,23,6,3.0
call_3120,40.757485065000026,-73.83883427599994,10V8,10V8,2025-07-29T00:00:00.000000,911_calls,2025-07-29 00:00:00,Tuesday,0,7,3.0
call_3121,40.81600451200006,-73.94131972799994,54U2,54U2,2025-07-28T01:01:00.000000,911_calls,2025-07-28 01:01:00,Monday,1,7,3.0
call_3122,40.84448348800004,-73.91465008299997,75O,75O,2025-07-27T02:02:00.000000,911_calls,2025-07-27 02:02:00,Sunday,2,7,3.0
call_3123,40.58728065400004,-73.95368993699998,75D,75D,2025-07-26T03:03:00.000000,911_calls,2025-07-26 03:03:00,Saturday,3,7,3.0
call_3124,40.798294748000046,-73.93977143699993,10P2,10P2,2025-07-25T04:04:00.000000,911_calls,2025-07-25 04:04:00,Friday,4,7,3.0
call_3125,40.70988270500004,-74.00808109899998,54H2,54H2,2025-07-24T05:05:00.000000,911_calls,2025-07-24 05:05:00,Thursday,5,7,3.0
call_3126,40.54059638700005,-74.17683949599996,75D,75D,2025-07-23T06:06:00.000000,911_calls,2025-07-23 06:06:00,Wednesday,6,7,3.0
call_3127,40.77284933300007,-73.95387139399998,54H1,54H1,2025-07-22T07:07:00.000000,911_calls,2025-07-22 07:07:00,Tuesday,7,7,3.0
call_3128,40.84164276700005,-73.94106580999994,10H1,10H1,2025-07-21T08:08:00.000000,911_calls,2025-07-21 08:08:00,Monday,8,7,3.0
call_3129,40.79695570500007,-73.96825817299998,54U2,54U2,2025-07-20T09:09:00.000000,911_calls,2025-07-20 09:09:00,Sunday,9,7,3.0
call_3130,40.62771396100004,-74.01779441899998,53S8,53S8,2025-07-19T10:10:00.000000,911_calls,2025-07-19 10:10:00,Saturday,10,7,3.0
call_3131,40.60450407900004,-73.96955969899994,75D,75D,2025-07-18T11:11:00.000000,911_calls,2025-07-18 11:11:00,Friday,11,7,3.0
call_3132,40.80828801500007,-73.95073662699997,10V2,10V2,2025-07-17T12:12:00.000000,911_calls,2025-07-17 12:12:00,Thursday,12,7,3.0
call_3133,40.61659987100006,-74.03233971999998,75S,75S,2025-07-16T13:13:00.000000,911_calls,2025-07-16 13:13:00,Wednesday,13,7,3.0
call_3134,40.74644361000003,-73.89088069799999,75M,75M,2025-07-15T14:14:00.000000,911_calls,2025-07-15 14:14:00,Tuesday,14,7,3.0
call_3135,40.67836827600007,-73.90352044899998,75S,75S,2025-07-14T15:15:00.000000,911_calls,2025-07-14 15:15:00,Monday,15,7,3.0
call_3136,40.67967006600003,-73.93613621099996,53X,53X,2025-07-13T16:16:00.000000,911_calls,2025-07-13 16:16:00,Sunday,16,7,3.0
call_3137,40.67967006600003,-73.93613621099996,53X,53X,2025-07-12T17:17:00.000000,911_calls,2025-07-12 17:17:00,Saturday,17,7,3.0
call_3138,40.63849961600005,-73.89340645099998,68Q1,68Q1,2025-07-11T18:18:00.000000,911_calls,2025-07-11 18:18:00,Friday,18,7,3.0
call_3139,40.60766918200005,-74.01463419299995,68Q1,68Q1,2025-07-10T19:19:00.000000,911_calls,2025-07-10 19:19:00,Thursday,19,7,3.0
call_3140,40.676410676000046,-73.74131519199995,75Z,75Z,2025-07-09T20:20:00.000000,911_calls,2025-07-09 20:20:00,Wednesday,20,7,3.0
call_3141,40.749926198000026,-73.86223992399994,30Q2,30Q2,2025-07-08T21:21:00.000000,911_calls,2025-07-08 21:21:00,Tuesday,21,7,3.0
call_3142,40.84874349200004,-73.89198519499996,54Q1,54Q1,2025-07-07T22:22:00.000000,911_calls,2025-07-07 22:22:00,Monday,22,7,3.0
call_3143,40.69021195800008,-73.94527434299994,68Q1,68Q1,2025-07-06T23:23:00.000000,911_calls,2025-07-06 23:23:00,Sunday,23,7,3.0
call_3144,40.669051068000044,-73.90182525899996,75S,75S,2025-07-05T00:24:00.000000,911_calls,2025-07-05 00:24:00,Saturday,0,7,3.0
call_3145,40.87977181400004,-73.87515558599995,52D1,52D1,2025-07-04T01:25:00.000000,911_calls,2025-07-04 01:25:00,Friday,1,7,3.0
call_3146,40.85185051700006,-73.90119037599999,54E2,54E2,2025-07-03T02:26:00.000000,911_calls,2025-07-03 02:26:00,Thursday,2,7,3.0
call_3147,40.85185051700006,-73.90119037599999,54E2,54E2,2025-07-02T03:27:00.000000,911_calls,2025-07-02 03:27:00,Wednesday,3,7,3.0
call_3148,40.67213454600005,-73.97666302299996,75D,75D,2025-07-01T04:28:00.000000,911_calls,2025-07-01 04:28:00,Tuesday,4,7,3.0
call_3149,40.83312395100006,-73.90856116599997,59R4,59R4,2025-06-30T05:29:00.000000,911_calls,2025-06-30 05:29:00,Monday,5,6,3.0
call_3150,40.82613590400007,-73.85284295699995,54S1,54S1,2025-07-29T06:30:00.000000,911_calls,2025-07-29 06:30:00,Tuesday,6,7,3.0
call_3151,40.69511788900007,-73.96133949599994,68Q1,68Q1,2025-07-28T07:31:00.000000,911_calls,2025-07-28 07:31:00,Monday,7,7,3.0
call_3152,40.60159766800007,-73.98516835499998,75D,75D,2025-07-27T08:32:00.000000,911_calls,2025-07-27 08:32:00,Sunday,8,7,3.0
call_3153,40.65207786500008,-74.00675147599998,54S2,54S2,2025-07-26T09:33:00.000000,911_calls,2025-07-26 09:33:00,Saturday,9,7,3.0
call_3154,40.74084824400006,-73.75830005799997,75D,75D,2025-07-25T10:34:00.000000,911_calls,2025-07-25 10:34:00,Friday,10,7,3.0
call_3155,40.839146277000054,-73.90568337399998,75D,75D,2025-07-24T11:35:00.000000,911_calls,2025-07-24 11:35:00,Thursday,11,7,3.0
call_3156,40.62319395500003,-74.02819306199996,75D,75D,2025-07-23T12:36:00.000000,911_calls,2025-07-23 12:36:00,Wednesday,12,7,3.0
call_3157,40.68013221800004,-73.92855004999996,75D,75D,2025-07-22T13:37:00.000000,911_calls,2025-07-22 13:37:00,Tuesday,13,7,3.0
call_3158,40.710560540000074,-73.74345509799997,68Q1,68Q1,2025-07-21T14:38:00.000000,911_calls,2025-07-21 14:38:00,Monday,14,7,3.0
call_3159,40.71290191700007,-74.00846021499996,54S1,54S1,2025-07-20T15:39:00.000000,911_calls,2025-07-20 15:39:00,Sunday,15,7,3.0
call_3160,40.751333886000054,-73.99037923699996,10H2,10H2,2025-07-19T16:40:00.000000,911_calls,2025-07-19 16:40:00,Saturday,16,7,3.0
call_3161,40.75374306900005,-73.91508035899994,10H1,10H1,2025-07-18T17:41:00.000000,911_calls,2025-07-18 17:41:00,Friday,17,7,3.0
call_3162,40.74950850100004,-73.95506413299995,59C,59C,2025-07-17T18:42:00.000000,911_calls,2025-07-17 18:42:00,Thursday,18,7,3.0
call_3163,40.67713119800004,-73.98333453099997,75D,75D,2025-07-16T19:43:00.000000,911_calls,2025-07-16 19:43:00,Wednesday,19,7,3.0
call_3164,40.62848585300003,-73.97156621199997,10S4,10S4,2025-07-15T20:44:00.000000,911_calls,2025-07-15 20:44:00,Tuesday,20,7,3.0
call_3165,40.740273959000035,-73.89442004799997,68Q1,68Q1,2025-07-14T21:45:00.000000,911_calls,2025-07-14 21:45:00,Monday,21,7,3.0
call_3166,40.75586978500007,-73.94063997599994,52D1,52D1,2025-07-13T22:46:00.000000,911_calls,2025-07-13 22:46:00,Sunday,22,7,3.0
call_3167,40.67906840200004,-73.90376820299997,75M,75M,2025-07-12T23:47:00.000000,911_calls,2025-07-12 23:47:00,Saturday,23,7,3.0
call_3168,40.60904945900006,-73.98279328499996,68Q1,68Q1,2025-07-11T00:48:00.000000,911_calls,2025-07-11 00:48:00,Friday,0,7,3.0
call_3169,40.84448348800004,-73.91465008299997,75M,75M,2025-07-10T01:49:00.000000,911_calls,2025-07-10 01:49:00,Thursday,1,7,3.0
call_3170,40.610189458000036,-73.99066969199998,68Q1,68Q1,2025-07-09T02:50:00.000000,911_calls,2025-07-09 02:50:00,Wednesday,2,7,3.0
call_3171,40.70929528400006,-74.00865813999997,75M,75M,2025-07-08T03:51:00.000000,911_calls,2025-07-08 03:51:00,Tuesday,3,7,3.0
call_3172,40.66735978300005,-73.89809328999996,75I,75I,2025-07-07T04:52:00.000000,911_calls,2025-07-07 04:52:00,Monday,4,7,3.0
call_3173,40.61037790700004,-73.98257324399998,68Q1,68Q1,2025-07-06T05:53:00.000000,911_calls,2025-07-06 05:53:00,Sunday,5,7,3.0
call_3174,40.81688561100003,-73.90782117699996,75S,75S,2025-07-05T06:54:00.000000,911_calls,2025-07-05 06:54:00,Saturday,6,7,3.0
call_3175,40.67604572000005,-73.87207238999997,54S9,54S9,2025-07-04T07:55:00.000000,911_calls,2025-07-04 07:55:00,Friday,7,7,3.0
call_3176,40.65023303500004,-73.94273044399995,10H1,10H1,2025-07-03T08:56:00.000000,911_calls,2025-07-03 08:56:00,Thursday,8,7,3.0
call_3177,40.80309722100003,-73.93333043799998,54S2,54S2,2025-07-02T09:57:00.000000,911_calls,2025-07-02 09:57:00,Wednesday,9,7,3.0
call_3178,40.83595804600003,-73.84768959599995,11C4,11C4,2025-07-01T10:58:00.000000,911_calls,2025-07-01 10:58:00,Tuesday,10,7,3.0
call_3179,40.842410209000036,-73.88502373199998,10V2,10V2,2025-06-30T11:59:00.000000,911_calls,2025-06-30 11:59:00,Monday,11,6,3.0
call_3180,40.67557139200005,-73.92577898299999,22V1,22V1,2025-07-29T12:00:00.000000,911_calls,2025-07-29 12:00:00,Tuesday,12,7,3.0
call_3181,40.795782607000035,-73.96449178999995,54S1,54S1,2025-07-28T13:01:00.000000,911_calls,2025-07-28 13:01:00,Monday,13,7,3.0
call_3182,40.75016710300008,-73.97195820899998,75D,75D,2025-07-27T14:02:00.000000,911_calls,2025-07-27 14:02:00,Sunday,14,7,3.0
call_3183,40.79463030900007,-73.95086952599996,75D,75D,2025-07-26T15:03:00.000000,911_calls,2025-07-26 15:03:00,Saturday,15,7,3.0
call_3184,40.75959435100003,-73.98065717699996,75M,75M,2025-07-25T16:04:00.000000,911_calls,2025-07-25 16:04:00,Friday,16,7,3.0
call_3185,40.72479293300006,-73.97678528999995,52D1,52D1,2025-07-24T17:05:00.000000,911_calls,2025-07-24 17:05:00,Thursday,17,7,3.0
call_3186,40.67571118700005,-73.73907549899997,75D,75D,2025-07-23T18:06:00.000000,911_calls,2025-07-23 18:06:00,Wednesday,18,7,3.0
call_3187,40.76813711500006,-73.98927932699996,10H2,10H2,2025-07-22T19:07:00.000000,911_calls,2025-07-22 19:07:00,Tuesday,19,7,3.0
call_3188,40.63205327900005,-74.11395022599999,68Q1,68Q1,2025-07-21T20:08:00.000000,911_calls,2025-07-21 20:08:00,Monday,20,7,3.0
call_3189,40.627954213000066,-74.02475823099996,75D,75D,2025-07-20T21:09:00.000000,911_calls,2025-07-20 21:09:00,Sunday,21,7,3.0
call_3190,40.65495241700006,-73.95800022199995,75D,75D,2025-07-19T22:10:00.000000,911_calls,2025-07-19 22:10:00,Saturday,22,7,3.0
call_3191,40.66502269100005,-73.95711436799996,68Q1,68Q1,2025-07-18T23:11:00.000000,911_calls,2025-07-18 23:11:00,Friday,23,7,3.0
call_3192,40.72843286400007,-73.97876841699997,10H1,10H1,2025-07-17T00:12:00.000000,911_calls,2025-07-17 00:12:00,Thursday,0,7,3.0
call_3193,40.75664204200007,-73.98837157699995,10K9,10K9,2025-07-16T01:13:00.000000,911_calls,2025-07-16 01:13:00,Wednesday,1,7,3.0
call_3194,40.694526815000074,-73.96711690199999,52D1,52D1,2025-07-15T02:14:00.000000,911_calls,2025-07-15 02:14:00,Tuesday,2,7,3.0
call_3195,40.68725496500008,-73.97413369799995,53S,53S,2025-07-14T03:15:00.000000,911_calls,2025-07-14 03:15:00,Monday,3,7,3.0
call_3196,40.747590080000066,-73.88439699899999,54S2,54S2,2025-07-13T04:16:00.000000,911_calls,2025-07-13 04:16:00,Sunday,4,7,3.0
call_3197,40.811751909000066,-73.95086049999998,54U1,54U1,2025-07-12T05:17:00.000000,911_calls,2025-07-12 05:17:00,Saturday,5,7,3.0
call_3198,40.702916049000066,-73.80006160699998,68U9,68U9,2025-07-11T06:18:00.000000,911_calls,2025-07-11 06:18:00,Friday,6,7,3.0
call_3199,40.67707353600008,-73.98319394199996,75T,75T,2025-07-10T07:19:00.000000,911_calls,2025-07-10 07:19:00,Thursday,7,7,3.0
call_3200,40.80928034800007,-73.89240324999997,75D,75D,2025-07-09T08:20:00.000000,911_calls,2025-07-09 08:20:00,Wednesday,8,7,3.0
call_3201,40.63303278600006,-74.02119330999994,11C4,11C4,2025-07-08T09:21:00.000000,911_calls,2025-07-08 09:21:00,Tuesday,9,7,3.0
call_3202,40.768783520000056,-73.91046181299998,54S2,54S2,2025-07-07T10:22:00.000000,911_calls,2025-07-07 10:22:00,Monday,10,7,3.0
call_3203,40.87968581800004,-73.87946264499993,68Q1,68Q1,2025-07-06T11:23:00.000000,911_calls,2025-07-06 11:23:00,Sunday,11,7,3.0
call_3204,40.70657482300004,-73.76117272299996,10V2,10V2,2025-07-05T12:24:00.000000,911_calls,2025-07-05 12:24:00,Saturday,12,7,3.0
call_3205,40.84399004200003,-73.90489221199994,54U2,54U2,2025-07-04T13:25:00.000000,911_calls,2025-07-04 13:25:00,Friday,13,7,3.0
call_3206,40.77057630300004,-73.98213781099997,68Q1,68Q1,2025-07-03T14:26:00.000000,911_calls,2025-07-03 14:26:00,Thursday,14,7,3.0
call_3207,40.834409864000065,-73.91769131999996,75M,75M,2025-07-02T15:27:00.000000,911_calls,2025-07-02 15:27:00,Wednesday,15,7,3.0
call_3208,40.83481714700008,-73.86850026899998,50G1,50G1,2025-07-01T16:28:00.000000,911_calls,2025-07-01 16:28:00,Tuesday,16,7,3.0
call_3209,40.69048513100006,-73.91582441399999,54S1,54S1,2025-06-30T17:29:00.000000,911_calls,2025-06-30 17:29:00,Monday,17,6,3.0
call_3210,40.678815308000026,-73.95742276599998,75D,75D,2025-07-29T18:30:00.000000,911_calls,2025-07-29 18:30:00,Tuesday,18,7,3.0
call_3211,40.84314452700005,-73.94186321999996,24Q1,24Q1,2025-07-28T19:31:00.000000,911_calls,2025-07-28 19:31:00,Monday,19,7,3.0
call_3212,40.60551356800005,-73.97920365199997,68Q1,68Q1,2025-07-27T20:32:00.000000,911_calls,2025-07-27 20:32:00,Sunday,20,7,3.0
call_3213,40.710389571000064,-73.98338753599995,75D,75D,2025-07-26T21:33:00.000000,911_calls,2025-07-26 21:33:00,Saturday,21,7,3.0
call_3214,40.60424683600007,-73.97261370299998,68Q1,68Q1,2025-07-25T22:34:00.000000,911_calls,2025-07-25 22:34:00,Friday,22,7,3.0
call_3215,40.81334708700007,-73.93048428399999,54E9,54E9,2025-07-24T23:35:00.000000,911_calls,2025-07-24 23:35:00,Thursday,23,7,3.0
call_3216,40.81334708700007,-73.93048428399999,54E9,54E9,2025-07-23T00:36:00.000000,911_calls,2025-07-23 00:36:00,Wednesday,0,7,3.0
call_3217,40.598692604000064,-73.97842796299994,68Q1,68Q1,2025-07-22T01:37:00.000000,911_calls,2025-07-22 01:37:00,Tuesday,1,7,3.0
call_3218,40.81602577600006,-73.91773211999998,75S,75S,2025-07-21T02:38:00.000000,911_calls,2025-07-21 02:38:00,Monday,2,7,3.0
call_3219,40.78379559800004,-73.85711445599998,75D,75D,2025-07-20T03:39:00.000000,911_calls,2025-07-20 03:39:00,Sunday,3,7,3.0
call_3220,40.59893387500006,-73.96596124399997,75D,75D,2025-07-19T04:40:00.000000,911_calls,2025-07-19 04:40:00,Saturday,4,7,3.0
call_3221,40.74479335700005,-73.99329254599996,54U1,54U1,2025-07-18T05:41:00.000000,911_calls,2025-07-18 05:41:00,Friday,5,7,3.0
call_3222,40.655718343000046,-73.94525938899994,54S1,54S1,2025-07-17T06:42:00.000000,911_calls,2025-07-17 06:42:00,Thursday,6,7,3.0
call_3223,40.75229196400005,-73.94327794199995,53D,53D,2025-07-16T07:43:00.000000,911_calls,2025-07-16 07:43:00,Wednesday,7,7,3.0
call_3224,40.73761467000003,-73.88074807799995,10H1,10H1,2025-07-15T08:44:00.000000,911_calls,2025-07-15 08:44:00,Tuesday,8,7,3.0
call_3225,40.62285052300007,-74.08093757199998,75D,75D,2025-07-14T09:45:00.000000,911_calls,2025-07-14 09:45:00,Monday,9,7,3.0
call_3226,40.76196312600007,-73.77708835799996,68Q1,68Q1,2025-07-13T10:46:00.000000,911_calls,2025-07-13 10:46:00,Sunday,10,7,3.0
call_3227,40.68346026200004,-73.87288383999999,75S,75S,2025-07-12T11:47:00.000000,911_calls,2025-07-12 11:47:00,Saturday,11,7,3.0
call_3228,40.71823511000008,-73.81514168399997,54S2,54S2,2025-07-11T12:48:00.000000,911_calls,2025-07-11 12:48:00,Friday,12,7,3.0
call_3229,40.79884745600003,-73.95387866199997,75S,75S,2025-07-10T13:49:00.000000,911_calls,2025-07-10 13:49:00,Thursday,13,7,3.0
call_3230,40.73632026000007,-74.00746726699998,34Q1,34Q1,2025-07-09T14:50:00.000000,911_calls,2025-07-09 14:50:00,Wednesday,14,7,3.0
call_3231,40.668110769000066,-73.96592594399993,75D,75D,2025-07-08T15:51:00.000000,911_calls,2025-07-08 15:51:00,Tuesday,15,7,3.0
call_3232,40.67920419500007,-73.74969759499999,10V2,10V2,2025-07-07T16:52:00.000000,911_calls,2025-07-07 16:52:00,Monday,16,7,3.0
call_3233,40.600072210000064,-73.95569045399998,75D,75D,2025-07-06T17:53:00.000000,911_calls,2025-07-06 17:53:00,Sunday,17,7,3.0
call_3234,40.73311460600007,-74.00235041499997,68Q1,68Q1,2025-07-05T18:54:00.000000,911_calls,2025-07-05 18:54:00,Saturday,18,7,3.0
call_3235,40.62411928800003,-73.99071817799995,54E2,54E2,2025-07-04T19:55:00.000000,911_calls,2025-07-04 19:55:00,Friday,19,7,3.0
call_3236,40.62411928800003,-73.99071817799995,54E2,54E2,2025-07-03T20:56:00.000000,911_calls,2025-07-03 20:56:00,Thursday,20,7,3.0
call_3237,40.59262934700007,-73.97844792499995,75D,75D,2025-07-02T21:57:00.000000,911_calls,2025-07-02 21:57:00,Wednesday,21,7,3.0
call_3238,40.63562889600007,-74.03443866699996,68Q1,68Q1,2025-07-01T22:58:00.000000,911_calls,2025-07-01 22:58:00,Tuesday,22,7,3.0
call_3239,40.62285052300007,-74.08093757199998,68Q1,68Q1,2025-06-30T23:59:00.000000,911_calls,2025-06-30 23:59:00,Monday,23,6,3.0
call_3240,40.61426300000005,-74.02562479299996,68Q1,68Q1,2025-07-29T00:00:00.000000,911_calls,2025-07-29 00:00:00,Tuesday,0,7,3.0
call_3241,40.827899467000066,-73.92588369299995,75S,75S,2025-07-28T01:01:00.000000,911_calls,2025-07-28 01:01:00,Monday,1,7,3.0
call_3242,40.76235479600007,-73.97653034099994,52D1,52D1,2025-07-27T02:02:00.000000,911_calls,2025-07-27 02:02:00,Sunday,2,7,3.0
call_3243,40.84227324600005,-73.87224065199996,54S9,54S9,2025-07-26T03:03:00.000000,911_calls,2025-07-26 03:03:00,Saturday,3,7,3.0
call_3244,40.637054017000025,-74.11695290399996,75D,75D,2025-07-25T04:04:00.000000,911_calls,2025-07-25 04:04:00,Friday,4,7,3.0
call_3245,40.670363233000046,-73.98871105299997,75T,75T,2025-07-24T05:05:00.000000,911_calls,2025-07-24 05:05:00,Thursday,5,7,3.0
call_3246,40.83458517400004,-73.90643065799998,10S4,10S4,2025-07-23T06:06:00.000000,911_calls,2025-07-23 06:06:00,Wednesday,6,7,3.0
call_3247,40.691790755000056,-73.77867160899996,11C4,11C4,2025-07-22T07:07:00.000000,911_calls,2025-07-22 07:07:00,Tuesday,7,7,3.0
call_3248,40.688743368000075,-73.94498708099997,54S1,54S1,2025-07-21T08:08:00.000000,911_calls,2025-07-21 08:08:00,Monday,8,7,3.0
call_3249,40.69633261200005,-73.93442170399999,68Q1,68Q1,2025-07-20T09:09:00.000000,911_calls,2025-07-20 09:09:00,Sunday,9,7,3.0
call_3250,40.75670745900004,-73.98449493899994,22V2,22V2,2025-07-19T10:10:00.000000,911_calls,2025-07-19 10:10:00,Saturday,10,7,3.0
call_3251,40.73729819400006,-73.87734585199996,56S9,56S9,2025-07-18T11:11:00.000000,911_calls,2025-07-18 11:11:00,Friday,11,7,3.0
call_3252,40.73649338900003,-73.97470636699995,50P2,50P2,2025-07-17T12:12:00.000000,911_calls,2025-07-17 12:12:00,Thursday,12,7,3.0
call_3253,40.607641486000034,-74.08112081399997,68Q1,68Q1,2025-07-16T13:13:00.000000,911_calls,2025-07-16 13:13:00,Wednesday,13,7,3.0
call_3254,40.86733746700003,-73.91681537799997,54S2,54S2,2025-07-15T14:14:00.000000,911_calls,2025-07-15 14:14:00,Tuesday,14,7,3.0
call_3255,40.62206358900005,-73.89617040399997,67S8,67S8,2025-07-14T15:15:00.000000,911_calls,2025-07-14 15:15:00,Monday,15,7,3.0
call_3256,40.71333568700004,-74.00699936499996,29C,29C,2025-07-13T16:16:00.000000,911_calls,2025-07-13 16:16:00,Sunday,16,7,3.0
call_3257,40.76131997200008,-73.73044483899997,10Y8,10Y8,2025-07-12T17:17:00.000000,911_calls,2025-07-12 17:17:00,Saturday,17,7,3.0
call_3258,40.759150161000036,-73.96084390699997,75D,75D,2025-07-11T18:18:00.000000,911_calls,2025-07-11 18:18:00,Friday,18,7,3.0
call_3259,40.69974268200008,-73.91142368699997,75S,75S,2025-07-10T19:19:00.000000,911_calls,2025-07-10 19:19:00,Thursday,19,7,3.0
call_3260,40.834420512000065,-73.94475099399995,24Q9,24Q9,2025-07-09T20:20:00.000000,911_calls,2025-07-09 20:20:00,Wednesday,20,7,3.0
call_3261,40.57628456500004,-73.98139061299997,75S,75S,2025-07-08T21:21:00.000000,911_calls,2025-07-08 21:21:00,Tuesday,21,7,3.0
call_3262,40.647128347000034,-74.08818142299998,75I,75I,2025-07-07T22:22:00.000000,911_calls,2025-07-07 22:22:00,Monday,22,7,3.0
call_3263,40.660783550000076,-73.96147833599997,75D,75D,2025-07-06T23:23:00.000000,911_calls,2025-07-06 23:23:00,Sunday,23,7,3.0
call_3264,40.72392271900003,-73.95035884199996,54R9,54R9,2025-07-05T00:24:00.000000,911_calls,2025-07-05 00:24:00,Saturday,0,7,3.0
call_3265,40.72392271900003,-73.95035884199996,54R9,54R9,2025-07-04T01:25:00.000000,911_calls,2025-07-04 01:25:00,Friday,1,7,3.0
call_3266,40.647128347000034,-74.08818142299998,75I,75I,2025-07-03T02:26:00.000000,911_calls,2025-07-03 02:26:00,Thursday,2,7,3.0
call_3267,40.707349487000045,-73.89625758599993,34Q6,34Q6,2025-07-02T03:27:00.000000,911_calls,2025-07-02 03:27:00,Wednesday,3,7,3.0
call_3268,40.791529414000024,-73.94059373699997,68Q1,68Q1,2025-07-01T04:28:00.000000,911_calls,2025-07-01 04:28:00,Tuesday,4,7,3.0
call_3269,40.69974268200008,-73.91142368699997,75S,75S,2025-06-30T05:29:00.000000,911_calls,2025-06-30 05:29:00,Monday,5,6,3.0
call_3270,40.67696184000005,-73.89902678699997,53S,53S,2025-07-29T06:30:00.000000,911_calls,2025-07-29 06:30:00,Tuesday,6,7,3.0
call_3271,40.75886216500004,-73.95396771099996,56S9,56S9,2025-07-28T07:31:00.000000,911_calls,2025-07-28 07:31:00,Monday,7,7,3.0
call_3272,40.762611582000034,-73.98587613399997,34Q2,34Q2,2025-07-27T08:32:00.000000,911_calls,2025-07-27 08:32:00,Sunday,8,7,3.0
call_3273,40.67426261900005,-73.90415366899998,34Q6,34Q6,2025-07-26T09:33:00.000000,911_calls,2025-07-26 09:33:00,Saturday,9,7,3.0
call_3274,40.69226368000005,-73.98774453499993,75S,75S,2025-07-25T10:34:00.000000,911_calls,2025-07-25 10:34:00,Friday,10,7,3.0
call_3275,40.78554775500004,-73.82410892099995,53I8,53I8,2025-07-24T11:35:00.000000,911_calls,2025-07-24 11:35:00,Thursday,11,7,3.0
call_3276,40.58988317400008,-73.98779572399997,75Z,75Z,2025-07-23T12:36:00.000000,911_calls,2025-07-23 12:36:00,Wednesday,12,7,3.0
call_3277,40.746445462000054,-73.88163812199997,54U1,54U1,2025-07-22T13:37:00.000000,911_calls,2025-07-22 13:37:00,Tuesday,13,7,3.0
call_3278,40.75664204200007,-73.98837157699995,75S,75S,2025-07-21T14:38:00.000000,911_calls,2025-07-21 14:38:00,Monday,14,7,3.0
call_3279,40.66279237600003,-73.88085660699994,20Q2,20Q2,2025-07-20T15:39:00.000000,911_calls,2025-07-20 15:39:00,Sunday,15,7,3.0
call_3280,40.82193193200004,-73.89977873599997,75D,75D,2025-07-19T16:40:00.000000,911_calls,2025-07-19 16:40:00,Saturday,16,7,3.0
call_3281,40.65985786500005,-73.83030450799998,75T,75T,2025-07-18T17:41:00.000000,911_calls,2025-07-18 17:41:00,Friday,17,7,3.0
call_3282,40.69257883800003,-73.91142959799998,53S,53S,2025-07-17T18:42:00.000000,911_calls,2025-07-17 18:42:00,Thursday,18,7,3.0
call_3283,40.728603288000045,-73.98016465899997,54S1,54S1,2025-07-16T19:43:00.000000,911_calls,2025-07-16 19:43:00,Wednesday,19,7,3.0
call_3284,40.83927386900007,-73.85863244899997,54S1,54S1,2025-07-15T20:44:00.000000,911_calls,2025-07-15 20:44:00,Tuesday,20,7,3.0
call_3285,40.61194961000007,-73.94456773599995,75D,75D,2025-07-14T21:45:00.000000,911_calls,2025-07-14 21:45:00,Monday,21,7,3.0
call_3286,40.68960128600003,-73.82727197699995,52D2,52D2,2025-07-13T22:46:00.000000,911_calls,2025-07-13 22:46:00,Sunday,22,7,3.0
call_3287,40.903436775000046,-73.85001656199995,75S,75S,2025-07-12T23:47:00.000000,911_calls,2025-07-12 23:47:00,Saturday,23,7,3.0
call_3288,40.72557069100003,-73.98237355799995,54S1,54S1,2025-07-11T00:48:00.000000,911_calls,2025-07-11 00:48:00,Friday,0,7,3.0
call_3289,40.83127016100008,-73.91426592599998,34K1,34K1,2025-07-10T01:49:00.000000,911_calls,2025-07-10 01:49:00,Thursday,1,7,3.0
call_3290,40.577438322000035,-73.95502869999996,30Q1,30Q1,2025-07-09T02:50:00.000000,911_calls,2025-07-09 02:50:00,Wednesday,2,7,3.0
call_3291,40.86092831600007,-73.92030842899999,54S2,54S2,2025-07-08T03:51:00.000000,911_calls,2025-07-08 03:51:00,Tuesday,3,7,3.0
call_3292,40.83211385100003,-73.94829425099994,10S4,10S4,2025-07-07T04:52:00.000000,911_calls,2025-07-07 04:52:00,Monday,4,7,3.0
call_3293,40.559992926000064,-73.92062780099997,10Y3,10Y3,2025-07-06T05:53:00.000000,911_calls,2025-07-06 05:53:00,Sunday,5,7,3.0
call_3294,40.81602577600006,-73.91773211999998,75S,75S,2025-07-05T06:54:00.000000,911_calls,2025-07-05 06:54:00,Saturday,6,7,3.0
call_3295,40.75986975500007,-73.82897041199993,75S,75S,2025-07-04T07:55:00.000000,911_calls,2025-07-04 07:55:00,Friday,7,7,3.0
call_3296,40.718146829000034,-73.75725685799995,10V2,10V2,2025-07-03T08:56:00.000000,911_calls,2025-07-03 08:56:00,Thursday,8,7,3.0
call_3297,40.66888376700007,-73.93250571899995,75S,75S,2025-07-02T09:57:00.000000,911_calls,2025-07-02 09:57:00,Wednesday,9,7,3.0
call_3298,40.68616574200007,-73.92503883899997,68Q1,68Q1,2025-07-01T10:58:00.000000,911_calls,2025-07-01 10:58:00,Tuesday,10,7,3.0
call_3299,40.66975651000007,-73.98747830799994,75H,75H,2025-06-30T11:59:00.000000,911_calls,2025-06-30 11:59:00,Monday,11,6,3.0
call_3300,40.810398494000026,-73.92489531099994,24W2,24W2,2025-07-29T12:00:00.000000,911_calls,2025-07-29 12:00:00,Tuesday,12,7,3.0
call_3301,40.74785939600008,-73.87936551899998,54S2,54S2,2025-07-28T13:01:00.000000,911_calls,2025-07-28 13:01:00,Monday,13,7,3.0
call_3302,40.68061422000005,-73.88627614399996,10V2,10V2,2025-07-27T14:02:00.000000,911_calls,2025-07-27 14:02:00,Sunday,14,7,3.0
call_3303,40.827899467000066,-73.92588369299995,75S,75S,2025-07-26T15:03:00.000000,911_calls,2025-07-26 15:03:00,Saturday,15,7,3.0
call_3304,40.70174871800003,-73.88328632699995,10H2,10H2,2025-07-25T16:04:00.000000,911_calls,2025-07-25 16:04:00,Friday,16,7,3.0
call_3305,40.75043984000007,-73.93904233699999,75D,75D,2025-07-24T17:05:00.000000,911_calls,2025-07-24 17:05:00,Thursday,17,7,3.0
call_3306,40.73499201300007,-74.00256337399998,10V2,10V2,2025-07-23T18:06:00.000000,911_calls,2025-07-23 18:06:00,Wednesday,18,7,3.0
call_3307,40.663185499000065,-73.96228074399994,75D,75D,2025-07-22T19:07:00.000000,911_calls,2025-07-22 19:07:00,Tuesday,19,7,3.0
call_3308,40.81155575200006,-73.95442256799998,10H2,10H2,2025-07-21T20:08:00.000000,911_calls,2025-07-21 20:08:00,Monday,20,7,3.0
call_3309,40.70019263300003,-73.91859995399994,68Q1,68Q1,2025-07-20T21:09:00.000000,911_calls,2025-07-20 21:09:00,Sunday,21,7,3.0
call_3310,40.83203378500008,-73.86830702199995,22Q2,22Q2,2025-07-19T22:10:00.000000,911_calls,2025-07-19 22:10:00,Saturday,22,7,3.0
call_3311,40.69737870800003,-73.91784245799994,68Q1,68Q1,2025-07-18T23:11:00.000000,911_calls,2025-07-18 23:11:00,Friday,23,7,3.0
call_3312,40.763320339000074,-73.97371790399995,11C4,11C4,2025-07-17T00:12:00.000000,911_calls,2025-07-17 00:12:00,Thursday,0,7,3.0
call_3313,40.66263531200008,-73.93999844899997,75D,75D,2025-07-16T01:13:00.000000,911_calls,2025-07-16 01:13:00,Wednesday,1,7,3.0
call_3314,40.739191325000036,-73.99340858399995,10V2,10V2,2025-07-15T02:14:00.000000,911_calls,2025-07-15 02:14:00,Tuesday,2,7,3.0
call_3315,40.72111660300004,-73.98736043299994,75C,75C,2025-07-14T03:15:00.000000,911_calls,2025-07-14 03:15:00,Monday,3,7,3.0
call_3316,40.707943311000065,-73.78568748999999,75Z,75Z,2025-07-13T04:16:00.000000,911_calls,2025-07-13 04:16:00,Sunday,4,7,3.0
call_3317,40.67119007600007,-73.90952938099997,75I,75I,2025-07-12T05:17:00.000000,911_calls,2025-07-12 05:17:00,Saturday,5,7,3.0
call_3318,40.57628456500004,-73.98139061299997,54S9,54S9,2025-07-11T06:18:00.000000,911_calls,2025-07-11 06:18:00,Friday,6,7,3.0
call_3319,40.71465309600006,-74.00816464399998,75M,75M,2025-07-10T07:19:00.000000,911_calls,2025-07-10 07:19:00,Thursday,7,7,3.0
call_3320,40.66048172400008,-73.88129685699994,75I,75I,2025-07-09T08:20:00.000000,911_calls,2025-07-09 08:20:00,Wednesday,8,7,3.0
call_3321,40.69353100500007,-73.91108214699995,68Q1,68Q1,2025-07-08T09:21:00.000000,911_calls,2025-07-08 09:21:00,Tuesday,9,7,3.0
call_3322,40.67081759000007,-73.93511008699994,10Y3,10Y3,2025-07-07T10:22:00.000000,911_calls,2025-07-07 10:22:00,Monday,10,7,3.0
call_3323,40.68227777200008,-73.96110537099997,75Z,75Z,2025-07-06T11:23:00.000000,911_calls,2025-07-06 11:23:00,Sunday,11,7,3.0
call_3324,40.71351155000008,-73.79268918699995,68Q1,68Q1,2025-07-05T12:24:00.000000,911_calls,2025-07-05 12:24:00,Saturday,12,7,3.0
call_3325,40.81688561100003,-73.90782117699996,75S,75S,2025-07-04T13:25:00.000000,911_calls,2025-07-04 13:25:00,Friday,13,7,3.0
call_3326,40.764846128000045,-73.96272495999995,34Q1,34Q1,2025-07-03T14:26:00.000000,911_calls,2025-07-03 14:26:00,Thursday,14,7,3.0
call_3327,40.63068215900006,-73.97355396999995,68Q1,68Q1,2025-07-02T15:27:00.000000,911_calls,2025-07-02 15:27:00,Wednesday,15,7,3.0
call_3328,40.625537275000056,-74.03992716499994,75D,75D,2025-07-01T16:28:00.000000,911_calls,2025-07-01 16:28:00,Tuesday,16,7,3.0
call_3329,40.69318664200006,-73.92469557999993,10H2,10H2,2025-06-30T17:29:00.000000,911_calls,2025-06-30 17:29:00,Monday,17,6,3.0
call_3330,40.75416455100003,-73.94465152299995,75D,75D,2025-07-29T18:30:00.000000,911_calls,2025-07-29 18:30:00,Tuesday,18,7,3.0
call_3331,40.74624976400003,-73.88352595499998,54S2,54S2,2025-07-28T19:31:00.000000,911_calls,2025-07-28 19:31:00,Monday,19,7,3.0
call_3332,40.695956498000044,-73.96594416999994,54S2,54S2,2025-07-27T20:32:00.000000,911_calls,2025-07-27 20:32:00,Sunday,20,7,3.0
call_3333,40.849727216000076,-73.90578765199996,75S,75S,2025-07-26T21:33:00.000000,911_calls,2025-07-26 21:33:00,Saturday,21,7,3.0
call_3334,40.68571166000004,-73.91539775799998,75Z,75Z,2025-07-25T22:34:00.000000,911_calls,2025-07-25 22:34:00,Friday,22,7,3.0
call_3335,40.832455709000044,-73.81913179799994,68Q1,68Q1,2025-07-24T23:35:00.000000,911_calls,2025-07-24 23:35:00,Thursday,23,7,3.0
call_3336,40.83350852400008,-73.86663818999995,10H2,10H2,2025-07-23T00:36:00.000000,911_calls,2025-07-23 00:36:00,Wednesday,0,7,3.0
call_3337,40.66646466200007,-73.90410359499998,75D,75D,2025-07-22T01:37:00.000000,911_calls,2025-07-22 01:37:00,Tuesday,1,7,3.0
call_3338,40.700511239000036,-73.94154039399996,24K1,24K1,2025-07-21T02:38:00.000000,911_calls,2025-07-21 02:38:00,Monday,2,7,3.0
call_3339,40.78785561600006,-73.81504588699994,11C4,11C4,2025-07-20T03:39:00.000000,911_calls,2025-07-20 03:39:00,Sunday,3,7,3.0
call_3340,40.60661616800007,-74.08322999499995,53I8,53I8,2025-07-19T04:40:00.000000,911_calls,2025-07-19 04:40:00,Saturday,4,7,3.0
call_3341,40.83665251900004,-73.90714329499997,10S2,10S2,2025-07-18T05:41:00.000000,911_calls,2025-07-18 05:41:00,Friday,5,7,3.0
call_3342,40.75202918600007,-73.92964955999997,22V2,22V2,2025-07-17T06:42:00.000000,911_calls,2025-07-17 06:42:00,Thursday,6,7,3.0
call_3343,40.62978199300005,-73.92030342499999,34K1,34K1,2025-07-16T07:43:00.000000,911_calls,2025-07-16 07:43:00,Wednesday,7,7,3.0
call_3344,40.708540791000075,-74.00138289399996,68Q1,68Q1,2025-07-15T08:44:00.000000,911_calls,2025-07-15 08:44:00,Tuesday,8,7,3.0
call_3345,40.718833172000075,-73.98943516199995,53S,53S,2025-07-14T09:45:00.000000,911_calls,2025-07-14 09:45:00,Monday,9,7,3.0
call_3346,40.82747421900007,-73.94597446399996,10Y3,10Y3,2025-07-13T10:46:00.000000,911_calls,2025-07-13 10:46:00,Sunday,10,7,3.0
call_3347,40.692948828000056,-73.85426200599994,53I,53I,2025-07-12T11:47:00.000000,911_calls,2025-07-12 11:47:00,Saturday,11,7,3.0
call_3348,40.66479619800003,-73.93150058099997,75D,75D,2025-07-11T12:48:00.000000,911_calls,2025-07-11 12:48:00,Friday,12,7,3.0
call_3349,40.73201947000007,-74.00073390899996,75S,75S,2025-07-10T13:49:00.000000,911_calls,2025-07-10 13:49:00,Thursday,13,7,3.0
call_3350,40.70044328500006,-73.98975183899995,68Q1,68Q1,2025-07-09T14:50:00.000000,911_calls,2025-07-09 14:50:00,Wednesday,14,7,3.0
call_3351,40.774579034000055,-73.97272418499995,75D,75D,2025-07-08T15:51:00.000000,911_calls,2025-07-08 15:51:00,Tuesday,15,7,3.0
call_3352,40.70109928100004,-73.98970846099996,68Q1,68Q1,2025-07-07T16:52:00.000000,911_calls,2025-07-07 16:52:00,Monday,16,7,3.0
call_3353,40.708343986000045,-73.79468905999994,52D1,52D1,2025-07-06T17:53:00.000000,911_calls,2025-07-06 17:53:00,Sunday,17,7,3.0
call_3354,40.70239712700004,-73.98569773999998,68Q1,68Q1,2025-07-05T18:54:00.000000,911_calls,2025-07-05 18:54:00,Saturday,18,7,3.0
call_3355,40.72392271900003,-73.95035884199996,75S,75S,2025-07-04T19:55:00.000000,911_calls,2025-07-04 19:55:00,Friday,19,7,3.0
call_3356,40.75679820100004,-73.97111078699999,75T,75T,2025-07-03T20:56:00.000000,911_calls,2025-07-03 20:56:00,Thursday,20,7,3.0
call_3357,40.66512493100004,-73.95898867799997,75D,75D,2025-07-02T21:57:00.000000,911_calls,2025-07-02 21:57:00,Wednesday,21,7,3.0
call_3358,40.75679820100004,-73.97111078699999,75T,75T,2025-07-01T22:58:00.000000,911_calls,2025-07-01 22:58:00,Tuesday,22,7,3.0
call_3359,40.84434744500004,-73.87913633399995,68Q1,68Q1,2025-06-30T23:59:00.000000,911_calls,2025-06-30 23:59:00,Monday,23,6,3.0
call_3360,40.71396412400003,-73.99132971799997,68Q1,68Q1,2025-07-29T00:00:00.000000,911_calls,2025-07-29 00:00:00,Tuesday,0,7,3.0
call_3361,40.75994610200007,-73.96985324699995,75D,75D,2025-07-28T01:01:00.000000,911_calls,2025-07-28 01:01:00,Monday,1,7,3.0
call_3362,40.88471923700007,-73.92017503299996,11R4,11R4,2025-07-27T02:02:00.000000,911_calls,2025-07-27 02:02:00,Sunday,2,7,3.0
call_3363,40.76198309100005,-73.98633471299996,34Q9,34Q9,2025-07-26T03:03:00.000000,911_calls,2025-07-26 03:03:00,Saturday,3,7,3.0
call_3364,40.67119007600007,-73.90952938099997,75I,75I,2025-07-25T04:04:00.000000,911_calls,2025-07-25 04:04:00,Friday,4,7,3.0
call_3365,40.63096503500003,-73.99443883899994,75T,75T,2025-07-24T05:05:00.000000,911_calls,2025-07-24 05:05:00,Thursday,5,7,3.0
call_3366,40.77331250200007,-73.94596424599996,68Q1,68Q1,2025-07-23T06:06:00.000000,911_calls,2025-07-23 06:06:00,Wednesday,6,7,3.0
call_3367,40.693521744000066,-73.96545859099996,11C4,11C4,2025-07-22T07:07:00.000000,911_calls,2025-07-22 07:07:00,Tuesday,7,7,3.0
call_3368,40.782799975000046,-73.94962887099996,54C3,54C3,2025-07-21T08:08:00.000000,911_calls,2025-07-21 08:08:00,Monday,8,7,3.0
call_3369,40.782799975000046,-73.94962887099996,54C3,54C3,2025-07-20T09:09:00.000000,911_calls,2025-07-20 09:09:00,Sunday,9,7,3.0
call_3370,40.845838607000076,-73.93446226999998,34Q1,34Q1,2025-07-19T10:10:00.000000,911_calls,2025-07-19 10:10:00,Saturday,10,7,3.0
call_3371,40.82488497200006,-73.89945993699996,11C4,11C4,2025-07-18T11:11:00.000000,911_calls,2025-07-18 11:11:00,Friday,11,7,3.0
call_3372,40.72400448800005,-74.00824155199996,34Q1,34Q1,2025-07-17T12:12:00.000000,911_calls,2025-07-17 12:12:00,Thursday,12,7,3.0
call_3373,40.72107886400005,-73.73275051599995,54S1,54S1,2025-07-16T13:13:00.000000,911_calls,2025-07-16 13:13:00,Wednesday,13,7,3.0
call_3374,40.81756136700005,-73.92786058299998,75O,75O,2025-07-15T14:14:00.000000,911_calls,2025-07-15 14:14:00,Tuesday,14,7,3.0
call_3375,40.695956498000044,-73.96594416999994,54S2,54S2,2025-07-14T15:15:00.000000,911_calls,2025-07-14 15:15:00,Monday,15,7,3.0
call_3376,40.748505660000035,-73.88597979599996,54S2,54S2,2025-07-13T16:16:00.000000,911_calls,2025-07-13 16:16:00,Sunday,16,7,3.0
call_3377,40.85557168400004,-73.86766034499993,75S,75S,2025-07-12T17:17:00.000000,911_calls,2025-07-12 17:17:00,Saturday,17,7,3.0
call_3378,40.57562494700005,-73.97665714199997,75S,75S,2025-07-11T18:18:00.000000,911_calls,2025-07-11 18:18:00,Friday,18,7,3.0
call_3379,40.62417474000006,-73.96506219399998,10Y3,10Y3,2025-07-10T19:19:00.000000,911_calls,2025-07-10 19:19:00,Thursday,19,7,3.0
call_3380,40.70254187100005,-73.79955059199995,75T,75T,2025-07-09T20:20:00.000000,911_calls,2025-07-09 20:20:00,Wednesday,20,7,3.0
call_3381,40.70958903800005,-73.82932665999994,53S,53S,2025-07-08T21:21:00.000000,911_calls,2025-07-08 21:21:00,Tuesday,21,7,3.0
call_3382,40.76312824300004,-73.99293332199994,10H2,10H2,2025-07-07T22:22:00.000000,911_calls,2025-07-07 22:22:00,Monday,22,7,3.0
call_3383,40.717669485000044,-73.99047067299995,68Q1,68Q1,2025-07-06T23:23:00.000000,911_calls,2025-07-06 23:23:00,Sunday,23,7,3.0
call_3384,40.69976391700004,-73.91785033799994,68Q1,68Q1,2025-07-05T00:24:00.000000,911_calls,2025-07-05 00:24:00,Saturday,0,7,3.0
call_3385,40.60795155400007,-73.75328891799995,39H2,39H2,2025-07-04T01:25:00.000000,911_calls,2025-07-04 01:25:00,Friday,1,7,3.0
call_3386,40.774293371000056,-73.80969671099996,75H,75H,2025-07-03T02:26:00.000000,911_calls,2025-07-03 02:26:00,Thursday,2,7,3.0
call_3387,40.714724931000035,-73.97570301399998,12Z2,12Z2,2025-07-02T03:27:00.000000,911_calls,2025-07-02 03:27:00,Wednesday,3,7,3.0
call_3388,40.80675251300005,-73.87105538499998,11C4,11C4,2025-07-01T04:28:00.000000,911_calls,2025-07-01 04:28:00,Tuesday,4,7,3.0
call_3389,40.662767503000055,-73.90752952599996,75Z,75Z,2025-06-30T05:29:00.000000,911_calls,2025-06-30 05:29:00,Monday,5,6,3.0
call_3390,40.75664204200007,-73.98837157699995,75S,75S,2025-07-29T06:30:00.000000,911_calls,2025-07-29 06:30:00,Tuesday,6,7,3.0
call_3391,40.85563826600003,-73.90451768099996,68Q1,68Q1,2025-07-28T07:31:00.000000,911_calls,2025-07-28 07:31:00,Monday,7,7,3.0
call_3392,40.84925596900007,-73.91028843099997,53S,53S,2025-07-27T08:32:00.000000,911_calls,2025-07-27 08:32:00,Sunday,8,7,3.0
call_3393,40.80351927500004,-73.94233488699996,10H1,10H1,2025-07-26T09:33:00.000000,911_calls,2025-07-26 09:33:00,Saturday,9,7,3.0
call_3394,40.68886943500007,-73.92107296899997,75Z,75Z,2025-07-25T10:34:00.000000,911_calls,2025-07-25 10:34:00,Friday,10,7,3.0
call_3395,40.747399795000035,-73.88625236599995,10H1,10H1,2025-07-24T11:35:00.000000,911_calls,2025-07-24 11:35:00,Thursday,11,7,3.0
call_3396,40.83797124200004,-73.91594499799999,54S1,54S1,2025-07-23T12:36:00.000000,911_calls,2025-07-23 12:36:00,Wednesday,12,7,3.0
call_3397,40.64063662400008,-73.91141926999995,68Q1,68Q1,2025-07-22T13:37:00.000000,911_calls,2025-07-22 13:37:00,Tuesday,13,7,3.0
call_3398,40.80351927500004,-73.94233488699996,68Q2,68Q2,2025-07-21T14:38:00.000000,911_calls,2025-07-21 14:38:00,Monday,14,7,3.0
call_3399,40.755178493000074,-73.83427390599996,75D,75D,2025-07-20T15:39:00.000000,911_calls,2025-07-20 15:39:00,Sunday,15,7,3.0
call_3400,40.63096503500003,-73.99443883899994,75T,75T,2025-07-19T16:40:00.000000,911_calls,2025-07-19 16:40:00,Saturday,16,7,3.0
call_3401,40.899198384000044,-73.85823008599993,54S1,54S1,2025-07-18T17:41:00.000000,911_calls,2025-07-18 17:41:00,Friday,17,7,3.0
call_3402,40.752884728000026,-73.99111170399993,53S,53S,2025-07-17T18:42:00.000000,911_calls,2025-07-17 18:42:00,Thursday,18,7,3.0
call_3403,40.67779167400005,-73.74517107599996,75D,75D,2025-07-16T19:43:00.000000,911_calls,2025-07-16 19:43:00,Wednesday,19,7,3.0
call_3404,40.69532994800005,-73.84081647299996,53S,53S,2025-07-15T20:44:00.000000,911_calls,2025-07-15 20:44:00,Tuesday,20,7,3.0
call_3405,40.74061315900008,-74.00561650899994,52D6,52D6,2025-07-14T21:45:00.000000,911_calls,2025-07-14 21:45:00,Monday,21,7,3.0
call_3406,40.75679820100004,-73.97111078699999,75T,75T,2025-07-13T22:46:00.000000,911_calls,2025-07-13 22:46:00,Sunday,22,7,3.0
call_3407,40.730155790000026,-73.86229522699995,75D,75D,2025-07-12T23:47:00.000000,911_calls,2025-07-12 23:47:00,Saturday,23,7,3.0
call_3408,40.75486141400006,-73.94999289199995,53I,53I,2025-07-11T00:48:00.000000,911_calls,2025-07-11 00:48:00,Friday,0,7,3.0
call_3409,40.64968737300006,-73.89341019999995,75D,75D,2025-07-10T01:49:00.000000,911_calls,2025-07-10 01:49:00,Thursday,1,7,3.0
call_3410,40.818046948000074,-73.95424470599994,34K6,34K6,2025-07-09T02:50:00.000000,911_calls,2025-07-09 02:50:00,Wednesday,2,7,3.0
call_3411,40.75679820100004,-73.97111078699999,75T,75T,2025-07-08T03:51:00.000000,911_calls,2025-07-08 03:51:00,Tuesday,3,7,3.0
call_3412,40.82319563200008,-73.91864460499994,54U1,54U1,2025-07-07T04:52:00.000000,911_calls,2025-07-07 04:52:00,Monday,4,7,3.0
call_3413,40.706442571000025,-73.93139647199996,52D2,52D2,2025-07-06T05:53:00.000000,911_calls,2025-07-06 05:53:00,Sunday,5,7,3.0
call_3414,40.81677606100004,-73.91528895199997,10S4,10S4,2025-07-05T06:54:00.000000,911_calls,2025-07-05 06:54:00,Saturday,6,7,3.0
call_3415,40.81602577600006,-73.91773211999998,75S,75S,2025-07-04T07:55:00.000000,911_calls,2025-07-04 07:55:00,Friday,7,7,3.0
call_3416,40.670004583000036,-73.90984821499995,75D,75D,2025-07-03T08:56:00.000000,911_calls,2025-07-03 08:56:00,Thursday,8,7,3.0
call_3417,40.67836827600007,-73.90352044899998,75S,75S,2025-07-02T09:57:00.000000,911_calls,2025-07-02 09:57:00,Wednesday,9,7,3.0
call_3418,40.75837175200007,-73.92445584499995,50G1,50G1,2025-07-01T10:58:00.000000,911_calls,2025-07-01 10:58:00,Tuesday,10,7,3.0
call_3419,40.68674928100006,-73.79690457399994,10S4,10S4,2025-06-30T11:59:00.000000,911_calls,2025-06-30 11:59:00,Monday,11,6,3.0
call_3420,40.69267663000005,-73.97768716699994,54U1,54U1,2025-07-29T12:00:00.000000,911_calls,2025-07-29 12:00:00,Tuesday,12,7,3.0
call_3421,40.65175137500006,-73.89942172299999,75S,75S,2025-07-28T13:01:00.000000,911_calls,2025-07-28 13:01:00,Monday,13,7,3.0
call_3422,40.592336182000054,-73.98148695899994,75D,75D,2025-07-27T14:02:00.000000,911_calls,2025-07-27 14:02:00,Sunday,14,7,3.0
call_3423,40.67790752700006,-73.91078571399999,75M,75M,2025-07-26T15:03:00.000000,911_calls,2025-07-26 15:03:00,Saturday,15,7,3.0
call_3424,40.57628456500004,-73.98139061299997,75O,75O,2025-07-25T16:04:00.000000,911_calls,2025-07-25 16:04:00,Friday,16,7,3.0
call_3425,40.72400448800005,-74.00824155199996,68Q2,68Q2,2025-07-24T17:05:00.000000,911_calls,2025-07-24 17:05:00,Thursday,17,7,3.0
call_3426,40.73578632200008,-73.74654058799996,75D,75D,2025-07-23T18:06:00.000000,911_calls,2025-07-23 18:06:00,Wednesday,18,7,3.0
call_3427,40.669051068000044,-73.90182525899996,75S,75S,2025-07-22T19:07:00.000000,911_calls,2025-07-22 19:07:00,Tuesday,19,7,3.0
call_3428,40.695685033000075,-73.96685668299995,13X2,13X2,2025-07-21T20:08:00.000000,911_calls,2025-07-21 20:08:00,Monday,20,7,3.0
call_3429,40.695685033000075,-73.96685668299995,13X2,13X2,2025-07-20T21:09:00.000000,911_calls,2025-07-20 21:09:00,Sunday,21,7,3.0
call_3430,40.71239662200003,-73.78490845799996,75M,75M,2025-07-19T22:10:00.000000,911_calls,2025-07-19 22:10:00,Saturday,22,7,3.0
call_3431,40.75160025400004,-73.99204306099995,56S9,56S9,2025-07-18T23:11:00.000000,911_calls,2025-07-18 23:11:00,Friday,23,7,3.0
call_3432,40.839209820000065,-73.87698810699999,68Q1,68Q1,2025-07-17T00:12:00.000000,911_calls,2025-07-17 00:12:00,Thursday,0,7,3.0
call_3433,40.76740470900006,-73.99632997599997,10V2,10V2,2025-07-16T01:13:00.000000,911_calls,2025-07-16 01:13:00,Wednesday,1,7,3.0
call_3434,40.644727688000046,-73.92485837399994,10V2,10V2,2025-07-15T02:14:00.000000,911_calls,2025-07-15 02:14:00,Tuesday,2,7,3.0
call_3435,40.865263506000076,-73.84577861299994,13X2,13X2,2025-07-14T03:15:00.000000,911_calls,2025-07-14 03:15:00,Monday,3,7,3.0
call_3436,40.865263506000076,-73.84577861299994,13X2,13X2,2025-07-13T04:16:00.000000,911_calls,2025-07-13 04:16:00,Sunday,4,7,3.0
call_3437,40.69050586900005,-73.95900552099994,75D,75D,2025-07-12T05:17:00.000000,911_calls,2025-07-12 05:17:00,Saturday,5,7,3.0
call_3438,40.83321704200006,-73.92755451499994,44H1,44H1,2025-07-11T06:18:00.000000,911_calls,2025-07-11 06:18:00,Friday,6,7,3.0
call_3439,40.71239662200003,-73.78490845799996,75S,75S,2025-07-10T07:19:00.000000,911_calls,2025-07-10 07:19:00,Thursday,7,7,3.0
call_3440,40.838689661000046,-73.91880635699994,52F1,52F1,2025-07-09T08:20:00.000000,911_calls,2025-07-09 08:20:00,Wednesday,8,7,3.0
call_3441,40.71239662200003,-73.78490845799996,75M,75M,2025-07-08T09:21:00.000000,911_calls,2025-07-08 09:21:00,Tuesday,9,7,3.0
call_3442,40.86802685400005,-73.89698312799999,68Q9,68Q9,2025-07-07T10:22:00.000000,911_calls,2025-07-07 10:22:00,Monday,10,7,3.0
call_3443,40.743418414000075,-73.99799856299995,68Q1,68Q1,2025-07-06T11:23:00.000000,911_calls,2025-07-06 11:23:00,Sunday,11,7,3.0
call_3444,40.604078962000074,-73.75472573599995,75M,75M,2025-07-05T12:24:00.000000,911_calls,2025-07-05 12:24:00,Saturday,12,7,3.0
call_3445,40.70657453100006,-73.91158412999994,29C,29C,2025-07-04T13:25:00.000000,911_calls,2025-07-04 13:25:00,Friday,13,7,3.0
call_3446,40.743418414000075,-73.99799856299995,68Q1,68Q1,2025-07-03T14:26:00.000000,911_calls,2025-07-03 14:26:00,Thursday,14,7,3.0
call_3447,40.785473059000026,-73.80498117299999,67S8,67S8,2025-07-02T15:27:00.000000,911_calls,2025-07-02 15:27:00,Wednesday,15,7,3.0
call_3448,40.828867589000026,-73.87685184899993,34K2,34K2,2025-07-01T16:28:00.000000,911_calls,2025-07-01 16:28:00,Tuesday,16,7,3.0
call_3449,40.59097419900007,-73.97827563199996,68Q1,68Q1,2025-06-30T17:29:00.000000,911_calls,2025-06-30 17:29:00,Monday,17,6,3.0
call_3450,40.81960794400004,-73.89155196399997,10H2,10H2,2025-07-29T18:30:00.000000,911_calls,2025-07-29 18:30:00,Tuesday,18,7,3.0
call_3451,40.817536560000065,-73.92769441999997,75S,75S,2025-07-28T19:31:00.000000,911_calls,2025-07-28 19:31:00,Monday,19,7,3.0
call_3452,40.75885707500004,-73.98861664699996,54S1,54S1,2025-07-27T20:32:00.000000,911_calls,2025-07-27 20:32:00,Sunday,20,7,3.0
call_3453,40.70467377500006,-73.94450866999995,11C4,11C4,2025-07-26T21:33:00.000000,911_calls,2025-07-26 21:33:00,Saturday,21,7,3.0
call_3454,40.54002778200004,-74.22282184499994,11R4,11R4,2025-07-25T22:34:00.000000,911_calls,2025-07-25 22:34:00,Friday,22,7,3.0
call_3455,40.63575578000007,-74.11957359999997,75I,75I,2025-07-24T23:35:00.000000,911_calls,2025-07-24 23:35:00,Thursday,23,7,3.0
call_3456,40.81072622700003,-73.92662169499994,75S,75S,2025-07-23T00:36:00.000000,911_calls,2025-07-23 00:36:00,Wednesday,0,7,3.0
call_3457,40.899198384000044,-73.85823008599993,54S1,54S1,2025-07-22T01:37:00.000000,911_calls,2025-07-22 01:37:00,Tuesday,1,7,3.0
call_3458,40.54774924600008,-74.19554410399996,10Y3,10Y3,2025-07-21T02:38:00.000000,911_calls,2025-07-21 02:38:00,Monday,2,7,3.0
call_3459,40.70793565500003,-73.80290681699995,75M,75M,2025-07-20T03:39:00.000000,911_calls,2025-07-20 03:39:00,Sunday,3,7,3.0
call_3460,40.63681896700007,-74.11865312699996,75I,75I,2025-07-19T04:40:00.000000,911_calls,2025-07-19 04:40:00,Saturday,4,7,3.0
call_3461,40.903436775000046,-73.85001656199995,34Q2,34Q2,2025-07-18T05:41:00.000000,911_calls,2025-07-18 05:41:00,Friday,5,7,3.0
call_3462,40.72737507100004,-73.82204357799998,68Q1,68Q1,2025-07-17T06:42:00.000000,911_calls,2025-07-17 06:42:00,Thursday,6,7,3.0
call_3463,40.70793565500003,-73.80290681699995,75M,75M,2025-07-16T07:43:00.000000,911_calls,2025-07-16 07:43:00,Wednesday,7,7,3.0
call_3464,40.81602577600006,-73.91773211999998,39Q9,39Q9,2025-07-15T08:44:00.000000,911_calls,2025-07-15 08:44:00,Tuesday,8,7,3.0
call_3465,40.57628456500004,-73.98139061299997,75O,75O,2025-07-14T09:45:00.000000,911_calls,2025-07-14 09:45:00,Monday,9,7,3.0
call_3466,40.77311375100004,-73.80841477099995,75H,75H,2025-07-13T10:46:00.000000,911_calls,2025-07-13 10:46:00,Sunday,10,7,3.0
call_3467,40.82749299900007,-73.94505665399998,68Q1,68Q1,2025-07-12T11:47:00.000000,911_calls,2025-07-12 11:47:00,Saturday,11,7,3.0
call_3468,40.81602577600006,-73.91773211999998,54S9,54S9,2025-07-11T12:48:00.000000,911_calls,2025-07-11 12:48:00,Friday,12,7,3.0
call_3469,40.68365977800005,-73.85154206999994,10Y3,10Y3,2025-07-10T13:49:00.000000,911_calls,2025-07-10 13:49:00,Thursday,13,7,3.0
call_3470,40.809686197000076,-73.95342682699999,54S1,54S1,2025-07-09T14:50:00.000000,911_calls,2025-07-09 14:50:00,Wednesday,14,7,3.0
call_3471,40.82015204000004,-73.85042104799999,52D6,52D6,2025-07-08T15:51:00.000000,911_calls,2025-07-08 15:51:00,Tuesday,15,7,3.0
call_3472,40.77461733600006,-73.90854762699996,34Q1,34Q1,2025-07-07T16:52:00.000000,911_calls,2025-07-07 16:52:00,Monday,16,7,3.0
call_3473,40.86254244200006,-73.90947514899995,10H2,10H2,2025-07-06T17:53:00.000000,911_calls,2025-07-06 17:53:00,Sunday,17,7,3.0
call_3474,40.75638111100005,-73.98670403199998,10P2,10P2,2025-07-05T18:54:00.000000,911_calls,2025-07-05 18:54:00,Saturday,18,7,3.0
call_3475,40.705628483000055,-73.81014159699998,75S,75S,2025-07-04T19:55:00.000000,911_calls,2025-07-04 19:55:00,Friday,19,7,3.0
call_3476,40.63562086600007,-73.97745763699999,75T,75T,2025-07-03T20:56:00.000000,911_calls,2025-07-03 20:56:00,Thursday,20,7,3.0
call_3477,40.75664204200007,-73.98837157699995,10P9,10P9,2025-07-02T21:57:00.000000,911_calls,2025-07-02 21:57:00,Wednesday,21,7,3.0
call_3478,40.67470324000004,-74.00292516799993,68Q1,68Q1,2025-07-01T22:58:00.000000,911_calls,2025-07-01 22:58:00,Tuesday,22,7,3.0
call_3479,40.74379364200007,-73.92332115999994,75D,75D,2025-06-30T23:59:00.000000,911_calls,2025-06-30 23:59:00,Monday,23,6,3.0
call_3480,40.70735238200007,-73.83141354299994,75H,75H,2025-07-29T00:00:00.000000,911_calls,2025-07-29 00:00:00,Tuesday,0,7,3.0
call_3481,40.72635579000007,-73.76488290499998,53I8,53I8,2025-07-28T01:01:00.000000,911_calls,2025-07-28 01:01:00,Monday,1,7,3.0
call_3482,40.72635579000007,-73.76488290499998,53I8,53I8,2025-07-27T02:02:00.000000,911_calls,2025-07-27 02:02:00,Sunday,2,7,3.0
call_3483,40.766542661000074,-73.99230119999999,10H2,10H2,2025-07-26T03:03:00.000000,911_calls,2025-07-26 03:03:00,Saturday,3,7,3.0
call_3484,40.757781504000036,-73.94337072599996,10V2,10V2,2025-07-25T04:04:00.000000,911_calls,2025-07-25 04:04:00,Friday,4,7,3.0
call_3485,40.77555477200008,-73.96738017899997,75D,75D,2025-07-24T05:05:00.000000,911_calls,2025-07-24 05:05:00,Thursday,5,7,3.0
call_3486,40.78554775500004,-73.82410892099995,67S8,67S8,2025-07-23T06:06:00.000000,911_calls,2025-07-23 06:06:00,Wednesday,6,7,3.0
call_3487,40.66751923100003,-73.83453496199996,21R,21R,2025-07-22T07:07:00.000000,911_calls,2025-07-22 07:07:00,Tuesday,7,7,3.0
call_3488,40.86483138300008,-73.88747959099999,75D,75D,2025-07-21T08:08:00.000000,911_calls,2025-07-21 08:08:00,Monday,8,7,3.0
call_3489,40.71241149700006,-73.82621729999994,68Q1,68Q1,2025-07-20T09:09:00.000000,911_calls,2025-07-20 09:09:00,Sunday,9,7,3.0
call_3490,40.63522503300004,-74.10664164299999,68Q1,68Q1,2025-07-19T10:10:00.000000,911_calls,2025-07-19 10:10:00,Saturday,10,7,3.0
call_3491,40.68392565600004,-73.83323950699997,75D,75D,2025-07-18T11:11:00.000000,911_calls,2025-07-18 11:11:00,Friday,11,7,3.0
call_3492,40.67967006600003,-73.93613621099996,10Y3,10Y3,2025-07-17T12:12:00.000000,911_calls,2025-07-17 12:12:00,Thursday,12,7,3.0
call_3493,40.756629704000034,-73.88556162399993,52D6,52D6,2025-07-16T13:13:00.000000,911_calls,2025-07-16 13:13:00,Wednesday,13,7,3.0
call_3494,40.74860080000008,-73.88504848899998,52D1,52D1,2025-07-15T14:14:00.000000,911_calls,2025-07-15 14:14:00,Tuesday,14,7,3.0
call_3495,40.70254187100005,-73.79955059199995,75D,75D,2025-07-14T15:15:00.000000,911_calls,2025-07-14 15:15:00,Monday,15,7,3.0
call_3496,40.64886713300007,-73.95082189999994,68Q1,68Q1,2025-07-13T16:16:00.000000,911_calls,2025-07-13 16:16:00,Sunday,16,7,3.0
call_3497,40.749926198000026,-73.86223992399994,10V2,10V2,2025-07-12T17:17:00.000000,911_calls,2025-07-12 17:17:00,Saturday,17,7,3.0
call_3498,40.61261362700003,-74.08312221699998,10Y3,10Y3,2025-07-11T18:18:00.000000,911_calls,2025-07-11 18:18:00,Friday,18,7,3.0
call_3499,40.82365149100008,-73.92721083899994,50P1,50P1,2025-07-10T19:19:00.000000,911_calls,2025-07-10 19:19:00,Thursday,19,7,3.0
call_3500,40.63562086600007,-73.97745763699999,75T,75T,2025-07-09T20:20:00.000000,911_calls,2025-07-09 20:20:00,Wednesday,20,7,3.0
call_3501,40.67779167400005,-73.74517107599996,75L,75L,2025-07-08T21:21:00.000000,911_calls,2025-07-08 21:21:00,Tuesday,21,7,3.0
call_3502,40.629518665000035,-73.99964838199998,34Q1,34Q1,2025-07-07T22:22:00.000000,911_calls,2025-07-07 22:22:00,Monday,22,7,3.0
call_3503,40.87922783800008,-73.86261208299999,10H2,10H2,2025-07-06T23:23:00.000000,911_calls,2025-07-06 23:23:00,Sunday,23,7,3.0
call_3504,40.608288909000066,-73.81617002399997,75S,75S,2025-07-05T00:24:00.000000,911_calls,2025-07-05 00:24:00,Saturday,0,7,3.0
call_3505,40.65175137500006,-73.89942172299999,75S,75S,2025-07-04T01:25:00.000000,911_calls,2025-07-04 01:25:00,Friday,1,7,3.0
call_3506,40.69974268200008,-73.91142368699997,75S,75S,2025-07-03T02:26:00.000000,911_calls,2025-07-03 02:26:00,Thursday,2,7,3.0
call_3507,40.740535289000036,-73.72179595999995,68Q1,68Q1,2025-07-02T03:27:00.000000,911_calls,2025-07-02 03:27:00,Wednesday,3,7,3.0
call_3508,40.75411979200004,-73.99021280199997,52D1,52D1,2025-07-01T04:28:00.000000,911_calls,2025-07-01 04:28:00,Tuesday,4,7,3.0
call_3509,40.69098523100007,-73.99700128199999,68Q1,68Q1,2025-06-30T05:29:00.000000,911_calls,2025-06-30 05:29:00,Monday,5,6,3.0
call_3510,40.729963292000036,-73.99090549299996,56S9,56S9,2025-07-29T06:30:00.000000,911_calls,2025-07-29 06:30:00,Tuesday,6,7,3.0
call_3511,40.64168498400005,-74.01745943499998,52D1,52D1,2025-07-28T07:31:00.000000,911_calls,2025-07-28 07:31:00,Monday,7,7,3.0
call_3512,40.86416632500004,-73.92751718599999,52D6,52D6,2025-07-27T08:32:00.000000,911_calls,2025-07-27 08:32:00,Sunday,8,7,3.0
call_3513,40.74611788500005,-73.98216241299997,50P9,50P9,2025-07-26T09:33:00.000000,911_calls,2025-07-26 09:33:00,Saturday,9,7,3.0
call_3514,40.81593542600007,-73.93531542099998,68Q1,68Q1,2025-07-25T10:34:00.000000,911_calls,2025-07-25 10:34:00,Friday,10,7,3.0
call_3515,40.853939645000025,-73.89243945199996,68Q1,68Q1,2025-07-24T11:35:00.000000,911_calls,2025-07-24 11:35:00,Thursday,11,7,3.0
call_3516,40.686458135000066,-73.90473108399993,75D,75D,2025-07-23T12:36:00.000000,911_calls,2025-07-23 12:36:00,Wednesday,12,7,3.0
call_3517,40.70190196600004,-73.92160573599995,52F1,52F1,2025-07-22T13:37:00.000000,911_calls,2025-07-22 13:37:00,Tuesday,13,7,3.0
call_3518,40.75664204200007,-73.98837157699995,75S,75S,2025-07-21T14:38:00.000000,911_calls,2025-07-21 14:38:00,Monday,14,7,3.0
call_3519,40.57562494700005,-73.97665714199997,75S,75S,2025-07-20T15:39:00.000000,911_calls,2025-07-20 15:39:00,Sunday,15,7,3.0
call_3520,40.81054022200004,-73.94797866499994,10H1,10H1,2025-07-19T16:40:00.000000,911_calls,2025-07-19 16:40:00,Saturday,16,7,3.0
call_3521,40.61697323900006,-74.17874196899999,11C4,11C4,2025-07-18T17:41:00.000000,911_calls,2025-07-18 17:41:00,Friday,17,7,3.0
call_3522,40.76017005500006,-73.87720266399998,34Q2,34Q2,2025-07-17T18:42:00.000000,911_calls,2025-07-17 18:42:00,Thursday,18,7,3.0
call_3523,40.828772936000064,-73.94131208099998,68Q1,68Q1,2025-07-16T19:43:00.000000,911_calls,2025-07-16 19:43:00,Wednesday,19,7,3.0
call_3524,40.64498150400004,-74.07732129999994,68Q1,68Q1,2025-07-15T20:44:00.000000,911_calls,2025-07-15 20:44:00,Tuesday,20,7,3.0
call_3525,40.86845681600005,-73.88167766199996,10H2,10H2,2025-07-14T21:45:00.000000,911_calls,2025-07-14 21:45:00,Monday,21,7,3.0
call_3526,40.827899467000066,-73.92588369299995,75S,75S,2025-07-13T22:46:00.000000,911_calls,2025-07-13 22:46:00,Sunday,22,7,3.0
call_3527,40.71256268500008,-73.87254337699994,10H2,10H2,2025-07-12T23:47:00.000000,911_calls,2025-07-12 23:47:00,Saturday,23,7,3.0
call_3528,40.85192304000003,-73.93344777699997,10S4,10S4,2025-07-11T00:48:00.000000,911_calls,2025-07-11 00:48:00,Friday,0,7,3.0
call_3529,40.63257554100005,-74.13126263199996,68Q1,68Q1,2025-07-10T01:49:00.000000,911_calls,2025-07-10 01:49:00,Thursday,1,7,3.0
call_3530,40.86794921000006,-73.91636628299995,13X,13X,2025-07-09T02:50:00.000000,911_calls,2025-07-09 02:50:00,Wednesday,2,7,3.0
call_3531,40.86794921000006,-73.91636628299995,13X,13X,2025-07-08T03:51:00.000000,911_calls,2025-07-08 03:51:00,Tuesday,3,7,3.0
call_3532,40.71065931100003,-73.98986569399995,50P2,50P2,2025-07-07T04:52:00.000000,911_calls,2025-07-07 04:52:00,Monday,4,7,3.0
call_3533,40.76038978100007,-73.95799149699997,52D6,52D6,2025-07-06T05:53:00.000000,911_calls,2025-07-06 05:53:00,Sunday,5,7,3.0
call_3534,40.79009352000003,-73.97861152599995,54E1,54E1,2025-07-05T06:54:00.000000,911_calls,2025-07-05 06:54:00,Saturday,6,7,3.0
call_3535,40.79009352000003,-73.97861152599995,54E1,54E1,2025-07-04T07:55:00.000000,911_calls,2025-07-04 07:55:00,Friday,7,7,3.0
call_3536,40.53822636800004,-74.15285076199996,54E1,54E1,2025-07-03T08:56:00.000000,911_calls,2025-07-03 08:56:00,Thursday,8,7,3.0
call_3537,40.53822636800004,-74.15285076199996,54E1,54E1,2025-07-02T09:57:00.000000,911_calls,2025-07-02 09:57:00,Wednesday,9,7,3.0
call_3538,40.753393611000035,-73.92573198099996,53S,53S,2025-07-01T10:58:00.000000,911_calls,2025-07-01 10:58:00,Tuesday,10,7,3.0
call_3539,40.58924952500007,-74.15087927299999,68Q1,68Q1,2025-06-30T11:59:00.000000,911_calls,2025-06-30 11:59:00,Monday,11,6,3.0
call_3540,40.85915530200003,-73.85541975699994,75T,75T,2025-07-29T12:00:00.000000,911_calls,2025-07-29 12:00:00,Tuesday,12,7,3.0
call_3541,40.66905471000007,-73.90619064399993,75D,75D,2025-07-28T13:01:00.000000,911_calls,2025-07-28 13:01:00,Monday,13,7,3.0
call_3542,40.76529986700007,-73.91330033899999,50G2,50G2,2025-07-27T14:02:00.000000,911_calls,2025-07-27 14:02:00,Sunday,14,7,3.0
call_3543,40.66642755600003,-73.92856472999995,53H,53H,2025-07-26T15:03:00.000000,911_calls,2025-07-26 15:03:00,Saturday,15,7,3.0
call_3544,40.85915530200003,-73.85541975699994,75T,75T,2025-07-25T16:04:00.000000,911_calls,2025-07-25 16:04:00,Friday,16,7,3.0
call_3545,40.66011468000005,-73.90926326499994,39H1,39H1,2025-07-24T17:05:00.000000,911_calls,2025-07-24 17:05:00,Thursday,17,7,3.0
call_3546,40.61401268900005,-74.01218995699998,68Q2,68Q2,2025-07-23T18:06:00.000000,911_calls,2025-07-23 18:06:00,Wednesday,18,7,3.0
call_3547,40.689715756000055,-73.92244220799995,10P1,10P1,2025-07-22T19:07:00.000000,911_calls,2025-07-22 19:07:00,Tuesday,19,7,3.0
call_3548,40.57628456500004,-73.98139061299997,75O,75O,2025-07-21T20:08:00.000000,911_calls,2025-07-21 20:08:00,Monday,20,7,3.0
call_3549,40.82105701800003,-73.92192422299996,52D6,52D6,2025-07-20T21:09:00.000000,911_calls,2025-07-20 21:09:00,Sunday,21,7,3.0
call_3550,40.62914806100008,-74.00361847599999,68Q2,68Q2,2025-07-19T22:10:00.000000,911_calls,2025-07-19 22:10:00,Saturday,22,7,3.0
call_3551,40.75664204200007,-73.98837157699995,10P9,10P9,2025-07-18T23:11:00.000000,911_calls,2025-07-18 23:11:00,Friday,23,7,3.0
call_3552,40.69335412700008,-73.97541870699996,75Z,75Z,2025-07-17T00:12:00.000000,911_calls,2025-07-17 00:12:00,Thursday,0,7,3.0
call_3553,40.62781688600006,-74.00141364099994,68Q2,68Q2,2025-07-16T01:13:00.000000,911_calls,2025-07-16 01:13:00,Wednesday,1,7,3.0
call_3554,40.663381997000045,-73.97953884999998,68Q1,68Q1,2025-07-15T02:14:00.000000,911_calls,2025-07-15 02:14:00,Tuesday,2,7,3.0
call_3555,40.68073899600006,-73.94963745499996,75S,75S,2025-07-14T03:15:00.000000,911_calls,2025-07-14 03:15:00,Monday,3,7,3.0
call_3556,40.73951985800005,-73.79057301099994,32V1,32V1,2025-07-13T04:16:00.000000,911_calls,2025-07-13 04:16:00,Sunday,4,7,3.0
call_3557,40.66512493100004,-73.95898867799997,75D,75D,2025-07-12T05:17:00.000000,911_calls,2025-07-12 05:17:00,Saturday,5,7,3.0
call_3558,40.74761767100006,-73.97382875899996,75D,75D,2025-07-11T06:18:00.000000,911_calls,2025-07-11 06:18:00,Friday,6,7,3.0
call_3559,40.69364728900007,-73.82924846499998,52D6,52D6,2025-07-10T07:19:00.000000,911_calls,2025-07-10 07:19:00,Thursday,7,7,3.0
call_3560,40.639718139000024,-74.09419977799996,10H1,10H1,2025-07-09T08:20:00.000000,911_calls,2025-07-09 08:20:00,Wednesday,8,7,3.0
call_3561,40.827899467000066,-73.92588369299995,75M,75M,2025-07-08T09:21:00.000000,911_calls,2025-07-08 09:21:00,Tuesday,9,7,3.0
call_3562,40.81948754500007,-73.92688300499998,75D,75D,2025-07-07T10:22:00.000000,911_calls,2025-07-07 10:22:00,Monday,10,7,3.0
call_3563,40.860206223000034,-73.89289205499995,75D,75D,2025-07-06T11:23:00.000000,911_calls,2025-07-06 11:23:00,Sunday,11,7,3.0
call_3564,40.64976087800005,-73.91218195999994,11C4,11C4,2025-07-05T12:24:00.000000,911_calls,2025-07-05 12:24:00,Saturday,12,7,3.0
call_3565,40.732828332000054,-73.98606285699998,68Q1,68Q1,2025-07-04T13:25:00.000000,911_calls,2025-07-04 13:25:00,Friday,13,7,3.0
call_3566,40.67322472500007,-73.89138261899996,75D,75D,2025-07-03T14:26:00.000000,911_calls,2025-07-03 14:26:00,Thursday,14,7,3.0
call_3567,40.817536560000065,-73.92769441999997,75O,75O,2025-07-02T15:27:00.000000,911_calls,2025-07-02 15:27:00,Wednesday,15,7,3.0
call_3568,40.669336712000074,-73.90872081599997,54H1,54H1,2025-07-01T16:28:00.000000,911_calls,2025-07-01 16:28:00,Tuesday,16,7,3.0
call_3569,40.63242975400004,-73.94722400499995,20Q1,20Q1,2025-06-30T17:29:00.000000,911_calls,2025-06-30 17:29:00,Monday,17,6,3.0
call_3570,40.77829193100007,-73.77723950599994,75H,75H,2025-07-29T18:30:00.000000,911_calls,2025-07-29 18:30:00,Tuesday,18,7,3.0
call_3571,40.73898059700008,-73.88799163299996,34Q1,34Q1,2025-07-28T19:31:00.000000,911_calls,2025-07-28 19:31:00,Monday,19,7,3.0
call_3572,40.72556380000003,-73.99887940999997,75D,75D,2025-07-27T20:32:00.000000,911_calls,2025-07-27 20:32:00,Sunday,20,7,3.0
call_3573,40.59586912100008,-73.78189543199994,54I1,54I1,2025-07-26T21:33:00.000000,911_calls,2025-07-26 21:33:00,Saturday,21,7,3.0
call_3574,40.708552809000025,-73.94594099499994,68Q1,68Q1,2025-07-25T22:34:00.000000,911_calls,2025-07-25 22:34:00,Friday,22,7,3.0
call_3575,40.551068464000025,-74.18686002899994,68Q1,68Q1,2025-07-24T23:35:00.000000,911_calls,2025-07-24 23:35:00,Thursday,23,7,3.0
call_3576,40.834409864000065,-73.91769131999996,75M,75M,2025-07-23T00:36:00.000000,911_calls,2025-07-23 00:36:00,Wednesday,0,7,3.0
call_3577,40.73515389800008,-73.89323379399997,52D6,52D6,2025-07-22T01:37:00.000000,911_calls,2025-07-22 01:37:00,Tuesday,1,7,3.0
call_3578,40.69509011500003,-73.85026887699996,10S2,10S2,2025-07-21T02:38:00.000000,911_calls,2025-07-21 02:38:00,Monday,2,7,3.0
call_3579,40.768561705000025,-73.83225139899997,52D6,52D6,2025-07-20T03:39:00.000000,911_calls,2025-07-20 03:39:00,Sunday,3,7,3.0
call_3580,40.57628456500004,-73.98139061299997,68U9,68U9,2025-07-19T04:40:00.000000,911_calls,2025-07-19 04:40:00,Saturday,4,7,3.0
call_3581,40.65815884800003,-73.91817909399998,39T1,39T1,2025-07-18T05:41:00.000000,911_calls,2025-07-18 05:41:00,Friday,5,7,3.0
call_3582,40.75563864900005,-73.96642620399996,53I,53I,2025-07-17T06:42:00.000000,911_calls,2025-07-17 06:42:00,Thursday,6,7,3.0
call_3583,40.86777088900004,-73.88463279099994,10S4,10S4,2025-07-16T07:43:00.000000,911_calls,2025-07-16 07:43:00,Wednesday,7,7,3.0
call_3584,40.69974268200008,-73.91142368699997,75M,75M,2025-07-15T08:44:00.000000,911_calls,2025-07-15 08:44:00,Tuesday,8,7,3.0
call_3585,40.65305773100005,-73.92857183699994,52D6,52D6,2025-07-14T09:45:00.000000,911_calls,2025-07-14 09:45:00,Monday,9,7,3.0
call_3586,40.82835254100007,-73.94042716599995,75D,75D,2025-07-13T10:46:00.000000,911_calls,2025-07-13 10:46:00,Sunday,10,7,3.0
call_3587,40.75160025400004,-73.99204306099995,50P9,50P9,2025-07-12T11:47:00.000000,911_calls,2025-07-12 11:47:00,Saturday,11,7,3.0
call_3588,40.83721859800005,-73.90797731499998,34S2,34S2,2025-07-11T12:48:00.000000,911_calls,2025-07-11 12:48:00,Friday,12,7,3.0
call_3589,40.83721859800005,-73.90797731499998,34S2,34S2,2025-07-10T13:49:00.000000,911_calls,2025-07-10 13:49:00,Thursday,13,7,3.0
call_3590,40.80262030600005,-73.95108757399998,39Q9,39Q9,2025-07-09T14:50:00.000000,911_calls,2025-07-09 14:50:00,Wednesday,14,7,3.0
call_3591,40.69449140800003,-73.96809418699996,68Q1,68Q1,2025-07-08T15:51:00.000000,911_calls,2025-07-08 15:51:00,Tuesday,15,7,3.0
call_3592,40.66815373700007,-73.91228030599996,10H1,10H1,2025-07-07T16:52:00.000000,911_calls,2025-07-07 16:52:00,Monday,16,7,3.0
call_3593,40.750189437000074,-73.89008415299998,10H1,10H1,2025-07-06T17:53:00.000000,911_calls,2025-07-06 17:53:00,Sunday,17,7,3.0
call_3594,40.745013706000066,-73.87480181299998,39H1,39H1,2025-07-05T18:54:00.000000,911_calls,2025-07-05 18:54:00,Saturday,18,7,3.0
call_3595,40.67937174300005,-73.91241336899998,52D6,52D6,2025-07-04T19:55:00.000000,911_calls,2025-07-04 19:55:00,Friday,19,7,3.0
call_3596,40.689468616000056,-73.96859059699995,10V2,10V2,2025-07-03T20:56:00.000000,911_calls,2025-07-03 20:56:00,Thursday,20,7,3.0
call_3597,40.60374444800004,-73.95491374799997,54E1,54E1,2025-07-02T21:57:00.000000,911_calls,2025-07-02 21:57:00,Wednesday,21,7,3.0
call_3598,40.64564719600003,-73.90287588699994,75M,75M,2025-07-01T22:58:00.000000,911_calls,2025-07-01 22:58:00,Tuesday,22,7,3.0
call_3599,40.65126119300004,-73.94049158999997,75C,75C,2025-06-30T23:59:00.000000,911_calls,2025-06-30 23:59:00,Monday,23,6,3.0
call_3600,40.734961457000054,-73.99048985099995,56S9,56S9,2025-07-29T00:00:00.000000,911_calls,2025-07-29 00:00:00,Tuesday,0,7,3.0
call_3601,40.87796125300008,-73.88670522099994,11C4,11C4,2025-07-28T01:01:00.000000,911_calls,2025-07-28 01:01:00,Monday,1,7,3.0
call_3602,40.843570803000034,-73.88738182499998,10V2,10V2,2025-07-27T02:02:00.000000,911_calls,2025-07-27 02:02:00,Sunday,2,7,3.0
call_3603,40.71124488000004,-73.95776997399997,50G1,50G1,2025-07-26T03:03:00.000000,911_calls,2025-07-26 03:03:00,Saturday,3,7,3.0
call_3604,40.608288909000066,-73.81617002399997,75M,75M,2025-07-25T04:04:00.000000,911_calls,2025-07-25 04:04:00,Friday,4,7,3.0
call_3605,40.62530036900006,-74.07467953999998,54S2,54S2,2025-07-24T05:05:00.000000,911_calls,2025-07-24 05:05:00,Thursday,5,7,3.0
call_3606,40.817348527000036,-73.92988398999995,29H1,29H1,2025-07-23T06:06:00.000000,911_calls,2025-07-23 06:06:00,Wednesday,6,7,3.0
call_3607,40.674369253000066,-73.86304850799996,24Q1,24Q1,2025-07-22T07:07:00.000000,911_calls,2025-07-22 07:07:00,Tuesday,7,7,3.0
call_3608,40.82566342400003,-73.90807278699998,39H2,39H2,2025-07-21T08:08:00.000000,911_calls,2025-07-21 08:08:00,Monday,8,7,3.0
call_3609,40.57982924500004,-73.97325730799997,11C4,11C4,2025-07-20T09:09:00.000000,911_calls,2025-07-20 09:09:00,Sunday,9,7,3.0
call_3610,40.69220607500006,-73.92791326799994,52D1,52D1,2025-07-19T10:10:00.000000,911_calls,2025-07-19 10:10:00,Saturday,10,7,3.0
call_3611,40.642045454000026,-73.99014275699994,39H2,39H2,2025-07-18T11:11:00.000000,911_calls,2025-07-18 11:11:00,Friday,11,7,3.0
call_3612,40.747494938000045,-73.88532107399999,75L,75L,2025-07-17T12:12:00.000000,911_calls,2025-07-17 12:12:00,Thursday,12,7,3.0
call_3613,40.84227324600005,-73.87224065199996,54S9,54S9,2025-07-16T13:13:00.000000,911_calls,2025-07-16 13:13:00,Wednesday,13,7,3.0
call_3614,40.731699724000066,-73.98231781399994,68Q1,68Q1,2025-07-15T14:14:00.000000,911_calls,2025-07-15 14:14:00,Tuesday,14,7,3.0
call_3615,40.82175222200004,-73.95400369699996,34K9,34K9,2025-07-14T15:15:00.000000,911_calls,2025-07-14 15:15:00,Monday,15,7,3.0
call_3616,40.85728554600007,-73.93233984099999,10V2,10V2,2025-07-13T16:16:00.000000,911_calls,2025-07-13 16:16:00,Sunday,16,7,3.0
call_3617,40.83706542900006,-73.90864970999996,52D1,52D1,2025-07-12T17:17:00.000000,911_calls,2025-07-12 17:17:00,Saturday,17,7,3.0
call_3618,40.81187470400005,-73.94920587699994,52D6,52D6,2025-07-11T18:18:00.000000,911_calls,2025-07-11 18:18:00,Friday,18,7,3.0
call_3619,40.84993577600005,-73.94356336799996,53S8,53S8,2025-07-10T19:19:00.000000,911_calls,2025-07-10 19:19:00,Thursday,19,7,3.0
call_3620,40.68346026200004,-73.87288383999999,75M,75M,2025-07-09T20:20:00.000000,911_calls,2025-07-09 20:20:00,Wednesday,20,7,3.0
call_3621,40.75885707500004,-73.98861664699996,54S1,54S1,2025-07-08T21:21:00.000000,911_calls,2025-07-08 21:21:00,Tuesday,21,7,3.0
call_3622,40.86085841600004,-73.89778957199997,39Q9,39Q9,2025-07-07T22:22:00.000000,911_calls,2025-07-07 22:22:00,Monday,22,7,3.0
call_3623,40.70443282100007,-73.91792753799996,24K1,24K1,2025-07-06T23:23:00.000000,911_calls,2025-07-06 23:23:00,Sunday,23,7,3.0
call_3624,40.867458818000046,-73.92571667599998,31R,31R,2025-07-05T00:24:00.000000,911_calls,2025-07-05 00:24:00,Saturday,0,7,3.0
call_3625,40.75885707500004,-73.98861664699996,10P2,10P2,2025-07-04T01:25:00.000000,911_calls,2025-07-04 01:25:00,Friday,1,7,3.0
call_3626,40.609575293000034,-73.81904414099995,75D,75D,2025-07-03T02:26:00.000000,911_calls,2025-07-03 02:26:00,Thursday,2,7,3.0
call_3627,40.72757749900006,-73.73232757899996,50G2,50G2,2025-07-02T03:27:00.000000,911_calls,2025-07-02 03:27:00,Wednesday,3,7,3.0
call_3628,40.75016710300008,-73.97195820899998,75D,75D,2025-07-01T04:28:00.000000,911_calls,2025-07-01 04:28:00,Tuesday,4,7,3.0
call_3629,40.669051068000044,-73.90182525899996,75M,75M,2025-06-30T05:29:00.000000,911_calls,2025-06-30 05:29:00,Monday,5,6,3.0
call_3630,40.693521744000066,-73.96545859099996,75D,75D,2025-07-29T06:30:00.000000,911_calls,2025-07-29 06:30:00,Tuesday,6,7,3.0
call_3631,40.669051068000044,-73.90182525899996,75M,75M,2025-07-28T07:31:00.000000,911_calls,2025-07-28 07:31:00,Monday,7,7,3.0
call_3632,40.703992106000044,-73.80818783199999,10V2,10V2,2025-07-27T08:32:00.000000,911_calls,2025-07-27 08:32:00,Sunday,8,7,3.0
call_3633,40.773885552000024,-73.93424785399998,75I,75I,2025-07-26T09:33:00.000000,911_calls,2025-07-26 09:33:00,Saturday,9,7,3.0
call_3634,40.73201947000007,-74.00073390899996,75S,75S,2025-07-25T10:34:00.000000,911_calls,2025-07-25 10:34:00,Friday,10,7,3.0
call_3635,40.796324542000036,-73.96871715599997,10H2,10H2,2025-07-24T11:35:00.000000,911_calls,2025-07-24 11:35:00,Thursday,11,7,3.0
call_3636,40.82782501300005,-73.92534538199999,75O,75O,2025-07-23T12:36:00.000000,911_calls,2025-07-23 12:36:00,Wednesday,12,7,3.0
call_3637,40.81559987600008,-73.84933662399999,24W1,24W1,2025-07-22T13:37:00.000000,911_calls,2025-07-22 13:37:00,Tuesday,13,7,3.0
call_3638,40.72082252000007,-73.98417138799994,39T1,39T1,2025-07-21T14:38:00.000000,911_calls,2025-07-21 14:38:00,Monday,14,7,3.0
call_3639,40.86085841600004,-73.89778957199997,75M,75M,2025-07-20T15:39:00.000000,911_calls,2025-07-20 15:39:00,Sunday,15,7,3.0
call_3640,40.69240388700007,-73.99007040599997,75T,75T,2025-07-19T16:40:00.000000,911_calls,2025-07-19 16:40:00,Saturday,16,7,3.0
call_3641,40.78864205700006,-73.94079132099995,10H2,10H2,2025-07-18T17:41:00.000000,911_calls,2025-07-18 17:41:00,Friday,17,7,3.0
call_3642,40.801360886000055,-73.96787320699997,10Y3,10Y3,2025-07-17T18:42:00.000000,911_calls,2025-07-17 18:42:00,Thursday,18,7,3.0
call_3643,40.738725328000044,-73.74750011099997,10V2,10V2,2025-07-16T19:43:00.000000,911_calls,2025-07-16 19:43:00,Wednesday,19,7,3.0
call_3644,40.652952464000066,-74.01650734799995,11C4,11C4,2025-07-15T20:44:00.000000,911_calls,2025-07-15 20:44:00,Tuesday,20,7,3.0
call_3645,40.64280277100005,-73.98762029299996,10P2,10P2,2025-07-14T21:45:00.000000,911_calls,2025-07-14 21:45:00,Monday,21,7,3.0
call_3646,40.60094207600008,-73.76144973899994,53S,53S,2025-07-13T22:46:00.000000,911_calls,2025-07-13 22:46:00,Sunday,22,7,3.0
call_3647,40.74975516100005,-73.98561539199994,11C3,11C3,2025-07-12T23:47:00.000000,911_calls,2025-07-12 23:47:00,Saturday,23,7,3.0
call_3648,40.62798697000005,-74.00482527099996,68Q2,68Q2,2025-07-11T00:48:00.000000,911_calls,2025-07-11 00:48:00,Friday,0,7,3.0
call_3649,40.818355601000064,-73.92949273899995,52D1,52D1,2025-07-10T01:49:00.000000,911_calls,2025-07-10 01:49:00,Thursday,1,7,3.0
call_3650,40.73313232100003,-73.98127825899996,68Q1,68Q1,2025-07-09T02:50:00.000000,911_calls,2025-07-09 02:50:00,Wednesday,2,7,3.0
call_3651,40.83460233100004,-73.91438450099997,52D1,52D1,2025-07-08T03:51:00.000000,911_calls,2025-07-08 03:51:00,Tuesday,3,7,3.0
call_3652,40.66512493100004,-73.95898867799997,75D,75D,2025-07-07T04:52:00.000000,911_calls,2025-07-07 04:52:00,Monday,4,7,3.0
call_3653,40.66784984000003,-73.79911053599994,68Q1,68Q1,2025-07-06T05:53:00.000000,911_calls,2025-07-06 05:53:00,Sunday,5,7,3.0
call_3654,40.86802685400005,-73.89698312799999,75S,75S,2025-07-05T06:54:00.000000,911_calls,2025-07-05 06:54:00,Saturday,6,7,3.0
call_3655,40.741290752000054,-73.89577530399998,54C1,54C1,2025-07-04T07:55:00.000000,911_calls,2025-07-04 07:55:00,Friday,7,7,3.0
call_3656,40.64738996800003,-73.99898522499996,10P1,10P1,2025-07-03T08:56:00.000000,911_calls,2025-07-03 08:56:00,Thursday,8,7,3.0
call_3657,40.71156786900008,-73.96316235199998,68Q1,68Q1,2025-07-02T09:57:00.000000,911_calls,2025-07-02 09:57:00,Wednesday,9,7,3.0
call_3658,40.693521744000066,-73.96545859099996,54S1,54S1,2025-07-01T10:58:00.000000,911_calls,2025-07-01 10:58:00,Tuesday,10,7,3.0
call_3659,40.705768326000054,-73.92012962899997,53S,53S,2025-06-30T11:59:00.000000,911_calls,2025-06-30 11:59:00,Monday,11,6,3.0
call_3660,40.62954334900007,-73.94378215699999,75D,75D,2025-07-29T12:00:00.000000,911_calls,2025-07-29 12:00:00,Tuesday,12,7,3.0
call_3661,40.70355491400005,-73.79967738599998,54S2,54S2,2025-07-28T13:01:00.000000,911_calls,2025-07-28 13:01:00,Monday,13,7,3.0
call_3662,40.60572335400008,-73.97185681099995,52F6,52F6,2025-07-27T14:02:00.000000,911_calls,2025-07-27 14:02:00,Sunday,14,7,3.0
call_3663,40.88311992000007,-73.90332096899994,54I1,54I1,2025-07-26T15:03:00.000000,911_calls,2025-07-26 15:03:00,Saturday,15,7,3.0
call_3664,40.64010164700005,-74.11329737599993,54U2,54U2,2025-07-25T16:04:00.000000,911_calls,2025-07-25 16:04:00,Friday,16,7,3.0
call_3665,40.87406556800005,-73.88031172099994,10H1,10H1,2025-07-24T17:05:00.000000,911_calls,2025-07-24 17:05:00,Thursday,17,7,3.0
call_3666,40.80877794300005,-73.92313070199998,54U2,54U2,2025-07-23T18:06:00.000000,911_calls,2025-07-23 18:06:00,Wednesday,18,7,3.0
call_3667,40.73431579900006,-73.98456870599995,68Q1,68Q1,2025-07-22T19:07:00.000000,911_calls,2025-07-22 19:07:00,Tuesday,19,7,3.0
call_3668,40.831643815000064,-73.94112886999994,54U1,54U1,2025-07-21T20:08:00.000000,911_calls,2025-07-21 20:08:00,Monday,20,7,3.0
call_3669,40.76023354500006,-73.95858358899994,52D2,52D2,2025-07-20T21:09:00.000000,911_calls,2025-07-20 21:09:00,Sunday,21,7,3.0
call_3670,40.86156731900007,-73.90851844399998,39H1,39H1,2025-07-19T22:10:00.000000,911_calls,2025-07-19 22:10:00,Saturday,22,7,3.0
call_3671,40.79516460100007,-73.96308359299996,68Q1,68Q1,2025-07-18T23:11:00.000000,911_calls,2025-07-18 23:11:00,Friday,23,7,3.0
call_3672,40.86940749200005,-73.87999831299999,54E1,54E1,2025-07-17T00:12:00.000000,911_calls,2025-07-17 00:12:00,Thursday,0,7,3.0
call_3673,40.86940749200005,-73.87999831299999,54E1,54E1,2025-07-16T01:13:00.000000,911_calls,2025-07-16 01:13:00,Wednesday,1,7,3.0
call_3674,40.74356471300007,-73.77692616799999,68Q2,68Q2,2025-07-15T02:14:00.000000,911_calls,2025-07-15 02:14:00,Tuesday,2,7,3.0
call_3675,40.82100441500006,-73.89092463699996,75S,75S,2025-07-14T03:15:00.000000,911_calls,2025-07-14 03:15:00,Monday,3,7,3.0
call_3676,40.690563893000046,-73.98187797899999,75S,75S,2025-07-13T04:16:00.000000,911_calls,2025-07-13 04:16:00,Sunday,4,7,3.0
call_3677,40.75664204200007,-73.98837157699995,75S,75S,2025-07-12T05:17:00.000000,911_calls,2025-07-12 05:17:00,Saturday,5,7,3.0
call_3678,40.61544337400005,-73.92894705999998,10V2,10V2,2025-07-11T06:18:00.000000,911_calls,2025-07-11 06:18:00,Friday,6,7,3.0
call_3679,40.82741405100006,-73.87794577499994,54S1,54S1,2025-07-10T07:19:00.000000,911_calls,2025-07-10 07:19:00,Thursday,7,7,3.0
call_3680,40.86802685400005,-73.89698312799999,75M,75M,2025-07-09T08:20:00.000000,911_calls,2025-07-09 08:20:00,Wednesday,8,7,3.0
call_3681,40.755763487000024,-73.96186376899993,75D,75D,2025-07-08T09:21:00.000000,911_calls,2025-07-08 09:21:00,Tuesday,9,7,3.0
call_3682,40.758646842000076,-73.71906722399996,67S8,67S8,2025-07-07T10:22:00.000000,911_calls,2025-07-07 10:22:00,Monday,10,7,3.0
call_3683,40.71483162200008,-73.99367792799995,50P2,50P2,2025-07-06T11:23:00.000000,911_calls,2025-07-06 11:23:00,Sunday,11,7,3.0
call_3684,40.734961457000054,-73.99048985099995,54S9,54S9,2025-07-05T12:24:00.000000,911_calls,2025-07-05 12:24:00,Saturday,12,7,3.0
call_3685,40.63814277300003,-73.99801612899995,10Y3,10Y3,2025-07-04T13:25:00.000000,911_calls,2025-07-04 13:25:00,Friday,13,7,3.0
call_3686,40.61929902300005,-73.98656563599997,39H1,39H1,2025-07-03T14:26:00.000000,911_calls,2025-07-03 14:26:00,Thursday,14,7,3.0
call_3687,40.811986508000075,-73.94757654399996,22V1,22V1,2025-07-02T15:27:00.000000,911_calls,2025-07-02 15:27:00,Wednesday,15,7,3.0
call_3688,40.84733393400006,-73.89940793499994,50G2,50G2,2025-07-01T16:28:00.000000,911_calls,2025-07-01 16:28:00,Tuesday,16,7,3.0
call_3689,40.69240388700007,-73.99007040599997,75T,75T,2025-06-30T17:29:00.000000,911_calls,2025-06-30 17:29:00,Monday,17,6,3.0
call_3690,40.75877504400006,-73.99238511899995,50P1,50P1,2025-07-29T18:30:00.000000,911_calls,2025-07-29 18:30:00,Tuesday,18,7,3.0
call_3691,40.67557139200005,-73.92577898299999,22V2,22V2,2025-07-28T19:31:00.000000,911_calls,2025-07-28 19:31:00,Monday,19,7,3.0
call_3692,40.70053066600008,-73.83645463199997,75H,75H,2025-07-27T20:32:00.000000,911_calls,2025-07-27 20:32:00,Sunday,20,7,3.0
call_3693,40.707046037000055,-73.81090220999994,54U1,54U1,2025-07-26T21:33:00.000000,911_calls,2025-07-26 21:33:00,Saturday,21,7,3.0
call_3694,40.744943539000076,-73.98502096499993,68Q1,68Q1,2025-07-25T22:34:00.000000,911_calls,2025-07-25 22:34:00,Friday,22,7,3.0
call_3695,40.69240388700007,-73.99007040599997,75T,75T,2025-07-24T23:35:00.000000,911_calls,2025-07-24 23:35:00,Thursday,23,7,3.0
call_3696,40.77152949400005,-73.95483265599995,11C4,11C4,2025-07-23T00:36:00.000000,911_calls,2025-07-23 00:36:00,Wednesday,0,7,3.0
call_3697,40.74492419000006,-73.98401408999996,68Q1,68Q1,2025-07-22T01:37:00.000000,911_calls,2025-07-22 01:37:00,Tuesday,1,7,3.0
call_3698,40.69099993700007,-73.93515174799995,11C4,11C4,2025-07-21T02:38:00.000000,911_calls,2025-07-21 02:38:00,Monday,2,7,3.0
call_3699,40.750664208000046,-73.99086657499998,52D2,52D2,2025-07-20T03:39:00.000000,911_calls,2025-07-20 03:39:00,Sunday,3,7,3.0
call_3700,40.750664208000046,-73.99086657499998,52D2,52D2,2025-07-19T04:40:00.000000,911_calls,2025-07-19 04:40:00,Saturday,4,7,3.0
call_3701,40.829113652000046,-73.87595525799998,11C4,11C4,2025-07-18T05:41:00.000000,911_calls,2025-07-18 05:41:00,Friday,5,7,3.0
call_3702,40.706206045000044,-73.93060322199995,50G2,50G2,2025-07-17T06:42:00.000000,911_calls,2025-07-17 06:42:00,Thursday,6,7,3.0
call_3703,40.68159518700003,-73.89021523899999,54U2,54U2,2025-07-16T07:43:00.000000,911_calls,2025-07-16 07:43:00,Wednesday,7,7,3.0
call_3704,40.84227324600005,-73.87224065199996,56S9,56S9,2025-07-15T08:44:00.000000,911_calls,2025-07-15 08:44:00,Tuesday,8,7,3.0
call_3705,40.68893849500006,-73.93025339499997,11C4,11C4,2025-07-14T09:45:00.000000,911_calls,2025-07-14 09:45:00,Monday,9,7,3.0
call_3706,40.57396185600004,-73.84980607399996,10H2,10H2,2025-07-13T10:46:00.000000,911_calls,2025-07-13 10:46:00,Sunday,10,7,3.0
call_3707,40.71360584700005,-73.95907067299999,68Q1,68Q1,2025-07-12T11:47:00.000000,911_calls,2025-07-12 11:47:00,Saturday,11,7,3.0
call_3708,40.86830877400007,-73.86437373799998,53H,53H,2025-07-11T12:48:00.000000,911_calls,2025-07-11 12:48:00,Friday,12,7,3.0
call_3709,40.82482572300006,-73.89162295099999,30Q2,30Q2,2025-07-10T13:49:00.000000,911_calls,2025-07-10 13:49:00,Thursday,13,7,3.0
call_3710,40.68081039300006,-73.97482483099998,75T,75T,2025-07-09T14:50:00.000000,911_calls,2025-07-09 14:50:00,Wednesday,14,7,3.0
call_3711,40.80680582800005,-73.91340882599997,56S,56S,2025-07-08T15:51:00.000000,911_calls,2025-07-08 15:51:00,Tuesday,15,7,3.0
call_3712,40.65126119300004,-73.94049158999997,10P2,10P2,2025-07-07T16:52:00.000000,911_calls,2025-07-07 16:52:00,Monday,16,7,3.0
call_3713,40.815929553000046,-73.94516735699995,68Q1,68Q1,2025-07-06T17:53:00.000000,911_calls,2025-07-06 17:53:00,Sunday,17,7,3.0
call_3714,40.73464076000005,-73.84917688699994,11C4,11C4,2025-07-05T18:54:00.000000,911_calls,2025-07-05 18:54:00,Saturday,18,7,3.0
call_3715,40.81882329700005,-73.94123775899999,68Q1,68Q1,2025-07-04T19:55:00.000000,911_calls,2025-07-04 19:55:00,Friday,19,7,3.0
call_3716,40.69240388700007,-73.99007040599997,44P9,44P9,2025-07-03T20:56:00.000000,911_calls,2025-07-03 20:56:00,Thursday,20,7,3.0
call_3717,40.69240388700007,-73.99007040599997,44P9,44P9,2025-07-02T21:57:00.000000,911_calls,2025-07-02 21:57:00,Wednesday,21,7,3.0
call_3718,40.743418414000075,-73.99799856299995,68Q1,68Q1,2025-07-01T22:58:00.000000,911_calls,2025-07-01 22:58:00,Tuesday,22,7,3.0
call_3719,40.64582204100003,-73.96238785399999,54C1,54C1,2025-06-30T23:59:00.000000,911_calls,2025-06-30 23:59:00,Monday,23,6,3.0
call_3720,40.68491604800005,-73.98892132199995,52D6,52D6,2025-07-29T00:00:00.000000,911_calls,2025-07-29 00:00:00,Tuesday,0,7,3.0
call_3721,40.70561651300005,-73.79209337499998,68Q1,68Q1,2025-07-28T01:01:00.000000,911_calls,2025-07-28 01:01:00,Monday,1,7,3.0
call_3722,40.85214118700003,-73.92237572199997,59R4,59R4,2025-07-27T02:02:00.000000,911_calls,2025-07-27 02:02:00,Sunday,2,7,3.0
call_3723,40.742116786000054,-73.88144372299996,50G9,50G9,2025-07-26T03:03:00.000000,911_calls,2025-07-26 03:03:00,Saturday,3,7,3.0
call_3724,40.61489056100004,-73.93642870199994,75D,75D,2025-07-25T04:04:00.000000,911_calls,2025-07-25 04:04:00,Friday,4,7,3.0
call_3725,40.77413306600005,-73.93510690099998,75D,75D,2025-07-24T05:05:00.000000,911_calls,2025-07-24 05:05:00,Thursday,5,7,3.0
call_3726,40.75551637500007,-73.97098862199994,59W,59W,2025-07-23T06:06:00.000000,911_calls,2025-07-23 06:06:00,Wednesday,6,7,3.0
call_3727,40.81944886100007,-73.94078197699997,75D,75D,2025-07-22T07:07:00.000000,911_calls,2025-07-22 07:07:00,Tuesday,7,7,3.0
call_3728,40.69010327500007,-73.98542272099996,75T,75T,2025-07-21T08:08:00.000000,911_calls,2025-07-21 08:08:00,Monday,8,7,3.0
call_3729,40.712440591000075,-74.01090217999996,39G9,39G9,2025-07-20T09:09:00.000000,911_calls,2025-07-20 09:09:00,Sunday,9,7,3.0
call_3730,40.65780187200005,-73.75681326899996,59R3,59R3,2025-07-19T10:10:00.000000,911_calls,2025-07-19 10:10:00,Saturday,10,7,3.0
call_3731,40.682140409000056,-73.82689109199998,54E1,54E1,2025-07-18T11:11:00.000000,911_calls,2025-07-18 11:11:00,Friday,11,7,3.0
call_3732,40.682140409000056,-73.82689109199998,54E1,54E1,2025-07-17T12:12:00.000000,911_calls,2025-07-17 12:12:00,Thursday,12,7,3.0
call_3733,40.64735094400004,-74.01176001199997,68Q1,68Q1,2025-07-16T13:13:00.000000,911_calls,2025-07-16 13:13:00,Wednesday,13,7,3.0
call_3734,40.63913377400007,-74.13519938299999,68Q1,68Q1,2025-07-15T14:14:00.000000,911_calls,2025-07-15 14:14:00,Tuesday,14,7,3.0
call_3735,40.645954062000044,-74.00944629899993,68Q1,68Q1,2025-07-14T15:15:00.000000,911_calls,2025-07-14 15:15:00,Monday,15,7,3.0
call_3736,40.61559321100003,-73.91150292799995,68Q1,68Q1,2025-07-13T16:16:00.000000,911_calls,2025-07-13 16:16:00,Sunday,16,7,3.0
call_3737,40.62384199100006,-73.91606335999995,68Q1,68Q1,2025-07-12T17:17:00.000000,911_calls,2025-07-12 17:17:00,Saturday,17,7,3.0
call_3738,40.68327625500007,-73.93062708399998,75D,75D,2025-07-11T18:18:00.000000,911_calls,2025-07-11 18:18:00,Friday,18,7,3.0
call_3739,40.723636973000055,-73.99829859799996,11C4,11C4,2025-07-10T19:19:00.000000,911_calls,2025-07-10 19:19:00,Thursday,19,7,3.0
call_3740,40.70586500300004,-73.79753162399999,52D1,52D1,2025-07-09T20:20:00.000000,911_calls,2025-07-09 20:20:00,Wednesday,20,7,3.0
call_3741,40.66353380500004,-73.77473554299996,54C1,54C1,2025-07-08T21:21:00.000000,911_calls,2025-07-08 21:21:00,Tuesday,21,7,3.0
call_3742,40.677628782000056,-73.97298375299994,75T,75T,2025-07-07T22:22:00.000000,911_calls,2025-07-07 22:22:00,Monday,22,7,3.0
call_3743,40.80380797300006,-73.96379037799994,68Q1,68Q1,2025-07-06T23:23:00.000000,911_calls,2025-07-06 23:23:00,Sunday,23,7,3.0
call_3744,40.74421580000006,-73.98233614599997,54U2,54U2,2025-07-05T00:24:00.000000,911_calls,2025-07-05 00:24:00,Saturday,0,7,3.0
call_3745,40.764069376000066,-73.95505791899996,68Q1,68Q1,2025-07-04T01:25:00.000000,911_calls,2025-07-04 01:25:00,Friday,1,7,3.0
call_3746,40.73499975800007,-73.98907537399998,68Q1,68Q1,2025-07-03T02:26:00.000000,911_calls,2025-07-03 02:26:00,Thursday,2,7,3.0
call_3747,40.69974268200008,-73.91142368699997,50P9,50P9,2025-07-02T03:27:00.000000,911_calls,2025-07-02 03:27:00,Wednesday,3,7,3.0
call_3748,40.83525159200008,-73.88739229299995,68Q1,68Q1,2025-07-01T04:28:00.000000,911_calls,2025-07-01 04:28:00,Tuesday,4,7,3.0
call_3749,40.83598980000005,-73.91627635999998,10V2,10V2,2025-06-30T05:29:00.000000,911_calls,2025-06-30 05:29:00,Monday,5,6,3.0
call_3750,40.785775939000075,-73.82616303899994,75H,75H,2025-07-29T06:30:00.000000,911_calls,2025-07-29 06:30:00,Tuesday,6,7,3.0
call_3751,40.57628456500004,-73.98139061299997,50P9,50P9,2025-07-28T07:31:00.000000,911_calls,2025-07-28 07:31:00,Monday,7,7,3.0
call_3752,40.688154120000036,-73.94685537799995,54U2,54U2,2025-07-27T08:32:00.000000,911_calls,2025-07-27 08:32:00,Sunday,8,7,3.0
call_3753,40.82487717500004,-73.90317795599998,75I,75I,2025-07-26T09:33:00.000000,911_calls,2025-07-26 09:33:00,Saturday,9,7,3.0
call_3754,40.74931871600006,-73.75576458399996,75D,75D,2025-07-25T10:34:00.000000,911_calls,2025-07-25 10:34:00,Friday,10,7,3.0
call_3755,40.71095979100005,-73.79317685999996,56S9,56S9,2025-07-24T11:35:00.000000,911_calls,2025-07-24 11:35:00,Thursday,11,7,3.0
call_3756,40.771899021000024,-73.73313145299994,10Y3,10Y3,2025-07-23T12:36:00.000000,911_calls,2025-07-23 12:36:00,Wednesday,12,7,3.0
call_3757,40.867806545000064,-73.86210057699998,52D6,52D6,2025-07-22T13:37:00.000000,911_calls,2025-07-22 13:37:00,Tuesday,13,7,3.0
call_3758,40.75986975500007,-73.82897041199993,68Q9,68Q9,2025-07-21T14:38:00.000000,911_calls,2025-07-21 14:38:00,Monday,14,7,3.0
call_3759,40.64395993900007,-73.97966371899997,75S,75S,2025-07-20T15:39:00.000000,911_calls,2025-07-20 15:39:00,Sunday,15,7,3.0
call_3760,40.69720337700005,-73.93561453399997,50P9,50P9,2025-07-19T16:40:00.000000,911_calls,2025-07-19 16:40:00,Saturday,16,7,3.0
call_3761,40.767470582000044,-73.92445996499998,52D2,52D2,2025-07-18T17:41:00.000000,911_calls,2025-07-18 17:41:00,Friday,17,7,3.0
call_3762,40.731699724000066,-73.98231781399994,75D,75D,2025-07-17T18:42:00.000000,911_calls,2025-07-17 18:42:00,Thursday,18,7,3.0
call_3763,40.66930644100006,-73.89571115099994,11C4,11C4,2025-07-16T19:43:00.000000,911_calls,2025-07-16 19:43:00,Wednesday,19,7,3.0
call_3764,40.60745511400006,-73.95415853799994,39T2,39T2,2025-07-15T20:44:00.000000,911_calls,2025-07-15 20:44:00,Tuesday,20,7,3.0
call_3765,40.724394602000075,-73.72461969199998,53S,53S,2025-07-14T21:45:00.000000,911_calls,2025-07-14 21:45:00,Monday,21,7,3.0
call_3766,40.61880871300008,-73.92930728599998,75D,75D,2025-07-13T22:46:00.000000,911_calls,2025-07-13 22:46:00,Sunday,22,7,3.0
call_3767,40.64283158100005,-74.02170089399993,11C4,11C4,2025-07-12T23:47:00.000000,911_calls,2025-07-12 23:47:00,Saturday,23,7,3.0
call_3768,40.551068464000025,-74.18686002899994,68Q1,68Q1,2025-07-11T00:48:00.000000,911_calls,2025-07-11 00:48:00,Friday,0,7,3.0
call_3769,40.75228165400006,-73.94465308699995,11C3,11C3,2025-07-10T01:49:00.000000,911_calls,2025-07-10 01:49:00,Thursday,1,7,3.0
call_3770,40.82105701800003,-73.92192422299996,52D1,52D1,2025-07-09T02:50:00.000000,911_calls,2025-07-09 02:50:00,Wednesday,2,7,3.0
call_3771,40.75591890900006,-73.91047188599998,54U1,54U1,2025-07-08T03:51:00.000000,911_calls,2025-07-08 03:51:00,Tuesday,3,7,3.0
call_3772,40.73441837300004,-74.00189220499993,10Y3,10Y3,2025-07-07T04:52:00.000000,911_calls,2025-07-07 04:52:00,Monday,4,7,3.0
call_3773,40.723988312000074,-74.00074825099995,75D,75D,2025-07-06T05:53:00.000000,911_calls,2025-07-06 05:53:00,Sunday,5,7,3.0
call_3774,40.67879588200003,-73.94409756499994,75D,75D,2025-07-05T06:54:00.000000,911_calls,2025-07-05 06:54:00,Saturday,6,7,3.0
call_3775,40.76195868800005,-73.97261022999999,11C4,11C4,2025-07-04T07:55:00.000000,911_calls,2025-07-04 07:55:00,Friday,7,7,3.0
call_3776,40.57628456500004,-73.98139061299997,75S,75S,2025-07-03T08:56:00.000000,911_calls,2025-07-03 08:56:00,Thursday,8,7,3.0
call_3777,40.788491554000075,-73.83820669799996,53S,53S,2025-07-02T09:57:00.000000,911_calls,2025-07-02 09:57:00,Wednesday,9,7,3.0
call_3778,40.70451983100003,-73.89347040299998,10H1,10H1,2025-07-01T10:58:00.000000,911_calls,2025-07-01 10:58:00,Tuesday,10,7,3.0
call_3779,40.77415679600006,-73.93340273699994,75I,75I,2025-06-30T11:59:00.000000,911_calls,2025-06-30 11:59:00,Monday,11,6,3.0
call_3780,40.66646466200007,-73.90410359499998,75D,75D,2025-07-29T12:00:00.000000,911_calls,2025-07-29 12:00:00,Tuesday,12,7,3.0
call_3781,40.61276284500008,-74.06446538399996,11C4,11C4,2025-07-28T13:01:00.000000,911_calls,2025-07-28 13:01:00,Monday,13,7,3.0
call_3782,40.662767503000055,-73.90752952599996,75D,75D,2025-07-27T14:02:00.000000,911_calls,2025-07-27 14:02:00,Sunday,14,7,3.0
call_3783,40.608964737000065,-74.09510358799997,54C3,54C3,2025-07-26T15:03:00.000000,911_calls,2025-07-26 15:03:00,Saturday,15,7,3.0
call_3784,40.608964737000065,-74.09510358799997,54C3,54C3,2025-07-25T16:04:00.000000,911_calls,2025-07-25 16:04:00,Friday,16,7,3.0
call_3785,40.650769120000064,-73.95047813699995,75D,75D,2025-07-24T17:05:00.000000,911_calls,2025-07-24 17:05:00,Thursday,17,7,3.0
call_3786,40.74041591300005,-73.97597511999999,10H1,10H1,2025-07-23T18:06:00.000000,911_calls,2025-07-23 18:06:00,Wednesday,18,7,3.0
call_3787,40.84401806400007,-73.90229713099995,10H1,10H1,2025-07-22T19:07:00.000000,911_calls,2025-07-22 19:07:00,Tuesday,19,7,3.0
call_3788,40.67119007600007,-73.90952938099997,75D,75D,2025-07-21T20:08:00.000000,911_calls,2025-07-21 20:08:00,Monday,20,7,3.0
call_3789,40.80351927500004,-73.94233488699996,10F2,10F2,2025-07-20T21:09:00.000000,911_calls,2025-07-20 21:09:00,Sunday,21,7,3.0
call_3790,40.72083446800008,-74.00522883099995,75S,75S,2025-07-19T22:10:00.000000,911_calls,2025-07-19 22:10:00,Saturday,22,7,3.0
call_3791,40.688112570000044,-73.98038944599995,34Q9,34Q9,2025-07-18T23:11:00.000000,911_calls,2025-07-18 23:11:00,Friday,23,7,3.0
call_3792,40.76459128700003,-73.79255185499994,68Q1,68Q1,2025-07-17T00:12:00.000000,911_calls,2025-07-17 00:12:00,Thursday,0,7,3.0
call_3793,40.67952426800008,-73.88599678499997,50G2,50G2,2025-07-16T01:13:00.000000,911_calls,2025-07-16 01:13:00,Wednesday,1,7,3.0
call_3794,40.821336002000066,-73.84698961699996,11C4,11C4,2025-07-15T02:14:00.000000,911_calls,2025-07-15 02:14:00,Tuesday,2,7,3.0
call_3795,40.70818790700008,-73.95970159899997,39H1,39H1,2025-07-14T03:15:00.000000,911_calls,2025-07-14 03:15:00,Monday,3,7,3.0
call_3796,40.58620042900003,-73.95684095499996,54U2,54U2,2025-07-13T04:16:00.000000,911_calls,2025-07-13 04:16:00,Sunday,4,7,3.0
call_3797,40.865311166000026,-73.91968132499994,11C4,11C4,2025-07-12T05:17:00.000000,911_calls,2025-07-12 05:17:00,Saturday,5,7,3.0
call_3798,40.74278848000006,-73.78295182099998,75H,75H,2025-07-11T06:18:00.000000,911_calls,2025-07-11 06:18:00,Friday,6,7,3.0
call_3799,40.82867545800008,-73.94398971599998,30Q1,30Q1,2025-07-10T07:19:00.000000,911_calls,2025-07-10 07:19:00,Thursday,7,7,3.0
call_3800,40.75986975500007,-73.82897041199993,75S,75S,2025-07-09T08:20:00.000000,911_calls,2025-07-09 08:20:00,Wednesday,8,7,3.0
call_3801,40.57193833500003,-74.14639833399997,39H2,39H2,2025-07-08T09:21:00.000000,911_calls,2025-07-08 09:21:00,Tuesday,9,7,3.0
call_3802,40.854446635000045,-73.89456776599997,75D,75D,2025-07-07T10:22:00.000000,911_calls,2025-07-07 10:22:00,Monday,10,7,3.0
call_3803,40.83406650400008,-73.94487776799997,75T,75T,2025-07-06T11:23:00.000000,911_calls,2025-07-06 11:23:00,Sunday,11,7,3.0
call_3804,40.72148324800003,-73.88028991299996,75D,75D,2025-07-05T12:24:00.000000,911_calls,2025-07-05 12:24:00,Saturday,12,7,3.0
call_3805,40.61541705800005,-73.91826029799995,75D,75D,2025-07-04T13:25:00.000000,911_calls,2025-07-04 13:25:00,Friday,13,7,3.0
call_3806,40.77134778000004,-73.95342114399995,11C4,11C4,2025-07-03T14:26:00.000000,911_calls,2025-07-03 14:26:00,Thursday,14,7,3.0
call_3807,40.67402249400004,-74.00428784599995,68Q1,68Q1,2025-07-02T15:27:00.000000,911_calls,2025-07-02 15:27:00,Wednesday,15,7,3.0
call_3808,40.60519547800004,-73.95251067999999,10Y3,10Y3,2025-07-01T16:28:00.000000,911_calls,2025-07-01 16:28:00,Tuesday,16,7,3.0
call_3809,40.600876533000076,-74.00693715599994,68Q1,68Q1,2025-06-30T17:29:00.000000,911_calls,2025-06-30 17:29:00,Monday,17,6,3.0
call_3810,40.75473732000006,-73.98975792599998,11C4,11C4,2025-07-29T18:30:00.000000,911_calls,2025-07-29 18:30:00,Tuesday,18,7,3.0
call_3811,40.608964737000065,-74.09510358799997,11R4,11R4,2025-07-28T19:31:00.000000,911_calls,2025-07-28 19:31:00,Monday,19,7,3.0
call_3812,40.69319948300006,-73.97136913099996,75D,75D,2025-07-27T20:32:00.000000,911_calls,2025-07-27 20:32:00,Sunday,20,7,3.0
call_3813,40.62361769300003,-74.02357145699995,68Q1,68Q1,2025-07-26T21:33:00.000000,911_calls,2025-07-26 21:33:00,Saturday,21,7,3.0
call_3814,40.70944427200004,-73.72711616699996,53S8,53S8,2025-07-25T22:34:00.000000,911_calls,2025-07-25 22:34:00,Friday,22,7,3.0
call_3815,40.62570592600008,-74.00719911299996,68Q1,68Q1,2025-07-24T23:35:00.000000,911_calls,2025-07-24 23:35:00,Thursday,23,7,3.0
call_3816,40.687235943000076,-73.96454958799995,75D,75D,2025-07-23T00:36:00.000000,911_calls,2025-07-23 00:36:00,Wednesday,0,7,3.0
call_3817,40.75679869800007,-73.94883999799998,29H2,29H2,2025-07-22T01:37:00.000000,911_calls,2025-07-22 01:37:00,Tuesday,1,7,3.0
call_3818,40.66694989100006,-73.92990871099994,52D6,52D6,2025-07-21T02:38:00.000000,911_calls,2025-07-21 02:38:00,Monday,2,7,3.0
call_3819,40.84503669600008,-73.91301208699997,10H2,10H2,2025-07-20T03:39:00.000000,911_calls,2025-07-20 03:39:00,Sunday,3,7,3.0
call_3820,40.824045452000064,-73.95072496199998,54C1,54C1,2025-07-19T04:40:00.000000,911_calls,2025-07-19 04:40:00,Saturday,4,7,3.0
call_3821,40.842615383000066,-73.93772543999995,68Q1,68Q1,2025-07-18T05:41:00.000000,911_calls,2025-07-18 05:41:00,Friday,5,7,3.0
call_3822,40.66540062000007,-73.94257323899996,11C4,11C4,2025-07-17T06:42:00.000000,911_calls,2025-07-17 06:42:00,Thursday,6,7,3.0
call_3823,40.836847284000044,-73.94569219799996,68Q1,68Q1,2025-07-16T07:43:00.000000,911_calls,2025-07-16 07:43:00,Wednesday,7,7,3.0
call_3824,40.82661729300003,-73.90313929099995,75I,75I,2025-07-15T08:44:00.000000,911_calls,2025-07-15 08:44:00,Tuesday,8,7,3.0
call_3825,40.695058784000025,-73.93894872099997,75D,75D,2025-07-14T09:45:00.000000,911_calls,2025-07-14 09:45:00,Monday,9,7,3.0
call_3826,40.804694598000026,-73.93815825199994,50P1,50P1,2025-07-13T10:46:00.000000,911_calls,2025-07-13 10:46:00,Sunday,10,7,3.0
call_3827,40.669058206000045,-73.91058126399997,11C4,11C4,2025-07-12T11:47:00.000000,911_calls,2025-07-12 11:47:00,Saturday,11,7,3.0
call_3828,40.63279800500004,-74.16521970799994,75I,75I,2025-07-11T12:48:00.000000,911_calls,2025-07-11 12:48:00,Friday,12,7,3.0
call_3829,40.69695273100007,-73.91709287499998,54C3,54C3,2025-07-10T13:49:00.000000,911_calls,2025-07-10 13:49:00,Thursday,13,7,3.0
call_3830,40.69695273100007,-73.91709287499998,54C3,54C3,2025-07-09T14:50:00.000000,911_calls,2025-07-09 14:50:00,Wednesday,14,7,3.0
call_3831,40.63279800500004,-74.16521970799994,75I,75I,2025-07-08T15:51:00.000000,911_calls,2025-07-08 15:51:00,Tuesday,15,7,3.0
call_3832,40.84004377500003,-73.84682009899996,53S,53S,2025-07-07T16:52:00.000000,911_calls,2025-07-07 16:52:00,Monday,16,7,3.0
call_3833,40.76328416500007,-73.97164223599998,10P2,10P2,2025-07-06T17:53:00.000000,911_calls,2025-07-06 17:53:00,Sunday,17,7,3.0
call_3834,40.61583858500006,-74.02529402299996,75D,75D,2025-07-05T18:54:00.000000,911_calls,2025-07-05 18:54:00,Saturday,18,7,3.0
call_3835,40.61889955600003,-74.09339234999999,68Q1,68Q1,2025-07-04T19:55:00.000000,911_calls,2025-07-04 19:55:00,Friday,19,7,3.0
call_3836,40.78051934500007,-73.94420354199997,50P1,50P1,2025-07-03T20:56:00.000000,911_calls,2025-07-03 20:56:00,Thursday,20,7,3.0
call_3837,40.71396412400003,-73.99132971799997,10H1,10H1,2025-07-02T21:57:00.000000,911_calls,2025-07-02 21:57:00,Wednesday,21,7,3.0
call_3838,40.77512738100006,-73.98419458699993,11C4,11C4,2025-07-01T22:58:00.000000,911_calls,2025-07-01 22:58:00,Tuesday,22,7,3.0
call_3839,40.64332996700006,-74.01038280899996,68Q2,68Q2,2025-06-30T23:59:00.000000,911_calls,2025-06-30 23:59:00,Monday,23,6,3.0
call_3840,40.64472407400007,-73.90184663899998,10Y3,10Y3,2025-07-29T00:00:00.000000,911_calls,2025-07-29 00:00:00,Tuesday,0,7,3.0
call_3841,40.740192542000045,-73.98636083299994,75T,75T,2025-07-28T01:01:00.000000,911_calls,2025-07-28 01:01:00,Monday,1,7,3.0
call_3842,40.611156462000054,-73.91001052099995,10H1,10H1,2025-07-27T02:02:00.000000,911_calls,2025-07-27 02:02:00,Sunday,2,7,3.0
call_3843,40.69889796100006,-73.93267368599999,50P2,50P2,2025-07-26T03:03:00.000000,911_calls,2025-07-26 03:03:00,Saturday,3,7,3.0
call_3844,40.58127604400005,-73.97452034299994,75S,75S,2025-07-25T04:04:00.000000,911_calls,2025-07-25 04:04:00,Friday,4,7,3.0
call_3845,40.68073899600006,-73.94963745499996,75S,75S,2025-07-24T05:05:00.000000,911_calls,2025-07-24 05:05:00,Thursday,5,7,3.0
call_3846,40.659502392000036,-73.94904796999998,10H1,10H1,2025-07-23T06:06:00.000000,911_calls,2025-07-23 06:06:00,Wednesday,6,7,3.0
call_3847,40.57562494700005,-73.97665714199997,75S,75S,2025-07-22T07:07:00.000000,911_calls,2025-07-22 07:07:00,Tuesday,7,7,3.0
call_3848,40.661789673000044,-73.90335339399996,52D6,52D6,2025-07-21T08:08:00.000000,911_calls,2025-07-21 08:08:00,Monday,8,7,3.0
call_3849,40.679806101000054,-73.88511298999998,75D,75D,2025-07-20T09:09:00.000000,911_calls,2025-07-20 09:09:00,Sunday,9,7,3.0
call_3850,40.86503877900003,-73.92694500099998,50P1,50P1,2025-07-19T10:10:00.000000,911_calls,2025-07-19 10:10:00,Saturday,10,7,3.0
call_3851,40.71626346000005,-73.98407867999998,52D1,52D1,2025-07-18T11:11:00.000000,911_calls,2025-07-18 11:11:00,Friday,11,7,3.0
call_3852,40.75300355200005,-73.80876496499997,53I,53I,2025-07-17T12:12:00.000000,911_calls,2025-07-17 12:12:00,Thursday,12,7,3.0
call_3853,40.757218145000024,-73.93677655399995,54S1,54S1,2025-07-16T13:13:00.000000,911_calls,2025-07-16 13:13:00,Wednesday,13,7,3.0
call_3854,40.78786208300005,-73.96708886399995,75D,75D,2025-07-15T14:14:00.000000,911_calls,2025-07-15 14:14:00,Tuesday,14,7,3.0
call_3855,40.71626346000005,-73.98407867999998,75D,75D,2025-07-14T15:15:00.000000,911_calls,2025-07-14 15:15:00,Monday,15,7,3.0
call_3856,40.57628456500004,-73.98139061299997,75M,75M,2025-07-13T16:16:00.000000,911_calls,2025-07-13 16:16:00,Sunday,16,7,3.0
call_3857,40.84557341900006,-73.84817720399997,52D6,52D6,2025-07-12T17:17:00.000000,911_calls,2025-07-12 17:17:00,Saturday,17,7,3.0
call_3858,40.85477205700005,-73.91657805299997,53S,53S,2025-07-11T18:18:00.000000,911_calls,2025-07-11 18:18:00,Friday,18,7,3.0
call_3859,40.73051246800003,-73.78074394999999,31R,31R,2025-07-10T19:19:00.000000,911_calls,2025-07-10 19:19:00,Thursday,19,7,3.0
call_3860,40.76983029100006,-73.98619230399999,10H1,10H1,2025-07-09T20:20:00.000000,911_calls,2025-07-09 20:20:00,Wednesday,20,7,3.0
call_3861,40.81068755700005,-73.88308807099997,50G2,50G2,2025-07-08T21:21:00.000000,911_calls,2025-07-08 21:21:00,Tuesday,21,7,3.0
call_3862,40.73313130500003,-73.97582259199999,68Q1,68Q1,2025-07-07T22:22:00.000000,911_calls,2025-07-07 22:22:00,Monday,22,7,3.0
call_3863,40.82257596200003,-73.91570791399994,31R,31R,2025-07-06T23:23:00.000000,911_calls,2025-07-06 23:23:00,Sunday,23,7,3.0
call_3864,40.72255753200005,-73.95447982199994,34Q2,34Q2,2025-07-05T00:24:00.000000,911_calls,2025-07-05 00:24:00,Saturday,0,7,3.0
call_3865,40.75692333100005,-73.88277094699998,54U1,54U1,2025-07-04T01:25:00.000000,911_calls,2025-07-04 01:25:00,Friday,1,7,3.0
call_3866,40.721812664000026,-73.75669875199998,22V2,22V2,2025-07-03T02:26:00.000000,911_calls,2025-07-03 02:26:00,Thursday,2,7,3.0
call_3867,40.86080918000005,-73.92691710999998,39H2,39H2,2025-07-02T03:27:00.000000,911_calls,2025-07-02 03:27:00,Wednesday,3,7,3.0
call_3868,40.76062571600005,-73.88249731099995,52D6,52D6,2025-07-01T04:28:00.000000,911_calls,2025-07-01 04:28:00,Tuesday,4,7,3.0
call_3869,40.86226036000005,-73.91387168199998,53I,53I,2025-06-30T05:29:00.000000,911_calls,2025-06-30 05:29:00,Monday,5,6,3.0
call_3870,40.63762471600006,-73.94524900899995,52D6,52D6,2025-07-29T06:30:00.000000,911_calls,2025-07-29 06:30:00,Tuesday,6,7,3.0
call_3871,40.79642413300007,-73.96216552799996,39H2,39H2,2025-07-28T07:31:00.000000,911_calls,2025-07-28 07:31:00,Monday,7,7,3.0
call_3872,40.771711194000034,-73.95624778399997,50P1,50P1,2025-07-27T08:32:00.000000,911_calls,2025-07-27 08:32:00,Sunday,8,7,3.0
call_3873,40.81602577600006,-73.91773211999998,39Q9,39Q9,2025-07-26T09:33:00.000000,911_calls,2025-07-26 09:33:00,Saturday,9,7,3.0
call_3874,40.757624357000054,-73.98567866499997,11C4,11C4,2025-07-25T10:34:00.000000,911_calls,2025-07-25 10:34:00,Friday,10,7,3.0
call_3875,40.75382471100005,-73.97959047899997,52D2,52D2,2025-07-24T11:35:00.000000,911_calls,2025-07-24 11:35:00,Thursday,11,7,3.0
call_3876,40.64085528000004,-73.95820727299997,68Q1,68Q1,2025-07-23T12:36:00.000000,911_calls,2025-07-23 12:36:00,Wednesday,12,7,3.0
call_3877,40.84081159700003,-73.90480640299995,34W2,34W2,2025-07-22T13:37:00.000000,911_calls,2025-07-22 13:37:00,Tuesday,13,7,3.0
call_3878,40.84081159700003,-73.90480640299995,34W2,34W2,2025-07-21T14:38:00.000000,911_calls,2025-07-21 14:38:00,Monday,14,7,3.0
call_3879,40.705628483000055,-73.81014159699998,39Q9,39Q9,2025-07-20T15:39:00.000000,911_calls,2025-07-20 15:39:00,Sunday,15,7,3.0
call_3880,40.745562462000066,-73.95746311699997,54E2,54E2,2025-07-19T16:40:00.000000,911_calls,2025-07-19 16:40:00,Saturday,16,7,3.0
call_3881,40.745562462000066,-73.95746311699997,54E2,54E2,2025-07-18T17:41:00.000000,911_calls,2025-07-18 17:41:00,Friday,17,7,3.0
call_3882,40.692538203000026,-73.93730666999994,10M1,10M1,2025-07-17T18:42:00.000000,911_calls,2025-07-17 18:42:00,Thursday,18,7,3.0
call_3883,40.611737951000066,-74.15883220999996,39H2,39H2,2025-07-16T19:43:00.000000,911_calls,2025-07-16 19:43:00,Wednesday,19,7,3.0
call_3884,40.62834431700003,-74.02310839399996,34Q1,34Q1,2025-07-15T20:44:00.000000,911_calls,2025-07-15 20:44:00,Tuesday,20,7,3.0
call_3885,40.517286410000054,-74.23410772899996,68Q1,68Q1,2025-07-14T21:45:00.000000,911_calls,2025-07-14 21:45:00,Monday,21,7,3.0
call_3886,40.64558382800004,-73.89940579499995,39H1,39H1,2025-07-13T22:46:00.000000,911_calls,2025-07-13 22:46:00,Sunday,22,7,3.0
call_3887,40.70335696200004,-73.89446048099995,52D6,52D6,2025-07-12T23:47:00.000000,911_calls,2025-07-12 23:47:00,Saturday,23,7,3.0
call_3888,40.57628456500004,-73.98139061299997,50P9,50P9,2025-07-11T00:48:00.000000,911_calls,2025-07-11 00:48:00,Friday,0,7,3.0
call_3889,40.70523648500006,-73.96570859899998,10Y3,10Y3,2025-07-10T01:49:00.000000,911_calls,2025-07-10 01:49:00,Thursday,1,7,3.0
call_3890,40.67309108200004,-73.89228769299996,75D,75D,2025-07-09T02:50:00.000000,911_calls,2025-07-09 02:50:00,Wednesday,2,7,3.0
call_3891,40.68112594000007,-73.97436682299997,68Q1,68Q1,2025-07-08T03:51:00.000000,911_calls,2025-07-08 03:51:00,Tuesday,3,7,3.0
call_3892,40.66879528900006,-73.92695446799996,24W1,24W1,2025-07-07T04:52:00.000000,911_calls,2025-07-07 04:52:00,Monday,4,7,3.0
call_3893,40.691636551000045,-73.90356615899998,53D,53D,2025-07-06T05:53:00.000000,911_calls,2025-07-06 05:53:00,Sunday,5,7,3.0
call_3894,40.83468659000005,-73.94442192099996,10H2,10H2,2025-07-05T06:54:00.000000,911_calls,2025-07-05 06:54:00,Saturday,6,7,3.0
call_3895,40.760154201000034,-73.91804658699994,50P1,50P1,2025-07-04T07:55:00.000000,911_calls,2025-07-04 07:55:00,Friday,7,7,3.0
call_3896,40.734961457000054,-73.99048985099995,75M,75M,2025-07-03T08:56:00.000000,911_calls,2025-07-03 08:56:00,Thursday,8,7,3.0
call_3897,40.666522859000054,-73.89835770699995,75I,75I,2025-07-02T09:57:00.000000,911_calls,2025-07-02 09:57:00,Wednesday,9,7,3.0
call_3898,40.82782501300005,-73.92534538199999,75S,75S,2025-07-01T10:58:00.000000,911_calls,2025-07-01 10:58:00,Tuesday,10,7,3.0
call_3899,40.70880010600007,-73.93577646499995,52F1,52F1,2025-06-30T11:59:00.000000,911_calls,2025-06-30 11:59:00,Monday,11,6,3.0
call_3900,40.752596966000056,-73.85561854499997,54U1,54U1,2025-07-29T12:00:00.000000,911_calls,2025-07-29 12:00:00,Tuesday,12,7,3.0
call_3901,40.888510035000024,-73.83129772599995,50G9,50G9,2025-07-28T13:01:00.000000,911_calls,2025-07-28 13:01:00,Monday,13,7,3.0
call_3902,40.67640022200004,-73.95828594499994,68Q1,68Q1,2025-07-27T14:02:00.000000,911_calls,2025-07-27 14:02:00,Sunday,14,7,3.0
call_3903,40.702916049000066,-73.80006160699998,39H9,39H9,2025-07-26T15:03:00.000000,911_calls,2025-07-26 15:03:00,Saturday,15,7,3.0
call_3904,40.64080573700005,-73.95091431899993,54E1,54E1,2025-07-25T16:04:00.000000,911_calls,2025-07-25 16:04:00,Friday,16,7,3.0
call_3905,40.64080573700005,-73.95091431899993,54E1,54E1,2025-07-24T17:05:00.000000,911_calls,2025-07-24 17:05:00,Thursday,17,7,3.0
call_3906,40.677066652000065,-73.92478949099996,68Q1,68Q1,2025-07-23T18:06:00.000000,911_calls,2025-07-23 18:06:00,Wednesday,18,7,3.0
call_3907,40.73317070500008,-73.98101484699998,68Q1,68Q1,2025-07-22T19:07:00.000000,911_calls,2025-07-22 19:07:00,Tuesday,19,7,3.0
call_3908,40.66202177100007,-73.89270204999997,10V2,10V2,2025-07-21T20:08:00.000000,911_calls,2025-07-21 20:08:00,Monday,20,7,3.0
call_3909,40.66557426300005,-73.76431495099996,54C1,54C1,2025-07-20T21:09:00.000000,911_calls,2025-07-20 21:09:00,Sunday,21,7,3.0
call_3910,40.74110892700003,-73.98358557199998,68Q1,68Q1,2025-07-19T22:10:00.000000,911_calls,2025-07-19 22:10:00,Saturday,22,7,3.0
call_3911,40.70740124100007,-73.83292108699999,75H,75H,2025-07-18T23:11:00.000000,911_calls,2025-07-18 23:11:00,Friday,23,7,3.0
call_3912,40.82347480000004,-73.84748692799997,68Q1,68Q1,2025-07-17T00:12:00.000000,911_calls,2025-07-17 00:12:00,Thursday,0,7,3.0
call_3913,40.687029720000055,-73.99120341199995,54S9,54S9,2025-07-16T01:13:00.000000,911_calls,2025-07-16 01:13:00,Wednesday,1,7,3.0
call_3914,40.82203993500008,-73.89173226699995,11C4,11C4,2025-07-15T02:14:00.000000,911_calls,2025-07-15 02:14:00,Tuesday,2,7,3.0
call_3915,40.69477850100003,-73.99693620099998,75D,75D,2025-07-14T03:15:00.000000,911_calls,2025-07-14 03:15:00,Monday,3,7,3.0
call_3916,40.854247144000055,-73.93716509799998,53S,53S,2025-07-13T04:16:00.000000,911_calls,2025-07-13 04:16:00,Sunday,4,7,3.0
call_3917,40.74200753400004,-74.00470001099995,11C4,11C4,2025-07-12T05:17:00.000000,911_calls,2025-07-12 05:17:00,Saturday,5,7,3.0
call_3918,40.74878408500007,-73.93778427799998,50P9,50P9,2025-07-11T06:18:00.000000,911_calls,2025-07-11 06:18:00,Friday,6,7,3.0
call_3919,40.83023530100007,-73.94575541099994,52D6,52D6,2025-07-10T07:19:00.000000,911_calls,2025-07-10 07:19:00,Thursday,7,7,3.0
call_3920,40.802559434000045,-73.88211987899996,75D,75D,2025-07-09T08:20:00.000000,911_calls,2025-07-09 08:20:00,Wednesday,8,7,3.0
call_3921,40.76760643000006,-73.98173427399996,75O,75O,2025-07-08T09:21:00.000000,911_calls,2025-07-08 09:21:00,Tuesday,9,7,3.0
call_3922,40.610114070000066,-73.92215291399998,75D,75D,2025-07-07T10:22:00.000000,911_calls,2025-07-07 10:22:00,Monday,10,7,3.0
call_3923,40.63736826200005,-73.97269018799994,68Q1,68Q1,2025-07-06T11:23:00.000000,911_calls,2025-07-06 11:23:00,Sunday,11,7,3.0
call_3924,40.62332595600003,-73.93760582799996,53S,53S,2025-07-05T12:24:00.000000,911_calls,2025-07-05 12:24:00,Saturday,12,7,3.0
call_3925,40.62954334900007,-73.94378215699999,10V2,10V2,2025-07-04T13:25:00.000000,911_calls,2025-07-04 13:25:00,Friday,13,7,3.0
call_3926,40.71213308600005,-73.90192051999998,54S1,54S1,2025-07-03T14:26:00.000000,911_calls,2025-07-03 14:26:00,Thursday,14,7,3.0
call_3927,40.75979261200007,-73.96137776399996,11C4,11C4,2025-07-02T15:27:00.000000,911_calls,2025-07-02 15:27:00,Wednesday,15,7,3.0
call_3928,40.75480201500005,-73.78722233699995,68Q1,68Q1,2025-07-01T16:28:00.000000,911_calls,2025-07-01 16:28:00,Tuesday,16,7,3.0
call_3929,40.827899467000066,-73.92588369299995,75S,75S,2025-06-30T17:29:00.000000,911_calls,2025-06-30 17:29:00,Monday,17,6,3.0
call_3930,40.67787837600008,-73.93731323999998,68Q1,68Q1,2025-07-29T18:30:00.000000,911_calls,2025-07-29 18:30:00,Tuesday,18,7,3.0
call_3931,40.74298079600004,-73.98323505999997,75S,75S,2025-07-28T19:31:00.000000,911_calls,2025-07-28 19:31:00,Monday,19,7,3.0
call_3932,40.67303140400003,-73.95567082599996,52D1,52D1,2025-07-27T20:32:00.000000,911_calls,2025-07-27 20:32:00,Sunday,20,7,3.0
call_3933,40.849225244000024,-73.92080679799994,10H1,10H1,2025-07-26T21:33:00.000000,911_calls,2025-07-26 21:33:00,Saturday,21,7,3.0
call_3934,40.83844993400004,-73.92555391099995,54S1,54S1,2025-07-25T22:34:00.000000,911_calls,2025-07-25 22:34:00,Friday,22,7,3.0
call_3935,40.89582577200008,-73.86328310899995,53X,53X,2025-07-24T23:35:00.000000,911_calls,2025-07-24 23:35:00,Thursday,23,7,3.0
call_3936,40.89582577200008,-73.86328310899995,53X,53X,2025-07-23T00:36:00.000000,911_calls,2025-07-23 00:36:00,Wednesday,0,7,3.0
call_3937,40.71266171700006,-73.77709091099996,53S,53S,2025-07-22T01:37:00.000000,911_calls,2025-07-22 01:37:00,Tuesday,1,7,3.0
call_3938,40.86374406300007,-73.89888781299999,52D1,52D1,2025-07-21T02:38:00.000000,911_calls,2025-07-21 02:38:00,Monday,2,7,3.0
call_3939,40.66874300300003,-73.80779174099996,24Q1,24Q1,2025-07-20T03:39:00.000000,911_calls,2025-07-20 03:39:00,Sunday,3,7,3.0
call_3940,40.78549489200003,-73.97290387899994,11C4,11C4,2025-07-19T04:40:00.000000,911_calls,2025-07-19 04:40:00,Saturday,4,7,3.0
call_3941,40.85444250300003,-73.86434417599997,10S2,10S2,2025-07-18T05:41:00.000000,911_calls,2025-07-18 05:41:00,Friday,5,7,3.0
call_3942,40.88066238700003,-73.88159084799997,68Q1,68Q1,2025-07-17T06:42:00.000000,911_calls,2025-07-17 06:42:00,Thursday,6,7,3.0
call_3943,40.67111083400005,-73.91356336299998,54S1,54S1,2025-07-16T07:43:00.000000,911_calls,2025-07-16 07:43:00,Wednesday,7,7,3.0
call_3944,40.67426261900005,-73.90415366899998,39T2,39T2,2025-07-15T08:44:00.000000,911_calls,2025-07-15 08:44:00,Tuesday,8,7,3.0
call_3945,40.84874349200004,-73.89198519499996,59R4,59R4,2025-07-14T09:45:00.000000,911_calls,2025-07-14 09:45:00,Monday,9,7,3.0
call_3946,40.83238839300003,-73.90859469899993,75I,75I,2025-07-13T10:46:00.000000,911_calls,2025-07-13 10:46:00,Sunday,10,7,3.0
call_3947,40.69356956300004,-73.98283638599997,68Q1,68Q1,2025-07-12T11:47:00.000000,911_calls,2025-07-12 11:47:00,Saturday,11,7,3.0
call_3948,40.62105241200004,-74.03056239699998,34Q6,34Q6,2025-07-11T12:48:00.000000,911_calls,2025-07-11 12:48:00,Friday,12,7,3.0
call_3949,40.67358617000008,-73.93846727799996,54C3,54C3,2025-07-10T13:49:00.000000,911_calls,2025-07-10 13:49:00,Thursday,13,7,3.0
call_3950,40.67358617000008,-73.93846727799996,54C3,54C3,2025-07-09T14:50:00.000000,911_calls,2025-07-09 14:50:00,Wednesday,14,7,3.0
call_3951,40.82135360800004,-73.93076857499995,11C4,11C4,2025-07-08T15:51:00.000000,911_calls,2025-07-08 15:51:00,Tuesday,15,7,3.0
call_3952,40.75931318500005,-73.99570955899998,68Q1,68Q1,2025-07-07T16:52:00.000000,911_calls,2025-07-07 16:52:00,Monday,16,7,3.0
call_3953,40.65913160700006,-73.95505652799994,68Q1,68Q1,2025-07-06T17:53:00.000000,911_calls,2025-07-06 17:53:00,Sunday,17,7,3.0
call_3954,40.74607342200005,-73.97892519799996,11C4,11C4,2025-07-05T18:54:00.000000,911_calls,2025-07-05 18:54:00,Saturday,18,7,3.0
call_3955,40.85874494300003,-73.86561513299995,10Y3,10Y3,2025-07-04T19:55:00.000000,911_calls,2025-07-04 19:55:00,Friday,19,7,3.0
call_3956,40.68031206000006,-73.98118852999994,68Q1,68Q1,2025-07-03T20:56:00.000000,911_calls,2025-07-03 20:56:00,Thursday,20,7,3.0
call_3957,40.57771190500006,-73.95278940899993,52D1,52D1,2025-07-02T21:57:00.000000,911_calls,2025-07-02 21:57:00,Wednesday,21,7,3.0
call_3958,40.74056316700006,-73.70756686699997,53S,53S,2025-07-01T22:58:00.000000,911_calls,2025-07-01 22:58:00,Tuesday,22,7,3.0
call_3959,40.863997218000065,-73.92488901199994,75D,75D,2025-06-30T23:59:00.000000,911_calls,2025-06-30 23:59:00,Monday,23,6,3.0
call_3960,40.67177406800005,-73.92805791799998,53S,53S,2025-07-29T00:00:00.000000,911_calls,2025-07-29 00:00:00,Tuesday,0,7,3.0
call_3961,40.66735978300005,-73.89809328999996,75D,75D,2025-07-28T01:01:00.000000,911_calls,2025-07-28 01:01:00,Monday,1,7,3.0
call_3962,40.88162047700007,-73.88448942099996,34Q1,34Q1,2025-07-27T02:02:00.000000,911_calls,2025-07-27 02:02:00,Sunday,2,7,3.0
call_3963,40.89010153400005,-73.89909366399996,10Y9,10Y9,2025-07-26T03:03:00.000000,911_calls,2025-07-26 03:03:00,Saturday,3,7,3.0
call_3964,40.64361804200007,-73.90865149799998,54C2,54C2,2025-07-25T04:04:00.000000,911_calls,2025-07-25 04:04:00,Friday,4,7,3.0
call_3965,40.604078962000074,-73.75472573599995,50P2,50P2,2025-07-24T05:05:00.000000,911_calls,2025-07-24 05:05:00,Thursday,5,7,3.0
call_3966,40.74499329500003,-73.98801633099998,22Q2,22Q2,2025-07-23T06:06:00.000000,911_calls,2025-07-23 06:06:00,Wednesday,6,7,3.0
call_3967,40.76154168100004,-73.87650344499997,24Q2,24Q2,2025-07-22T07:07:00.000000,911_calls,2025-07-22 07:07:00,Tuesday,7,7,3.0
call_3968,40.693587422000064,-73.90278081199995,52D1,52D1,2025-07-21T08:08:00.000000,911_calls,2025-07-21 08:08:00,Monday,8,7,3.0
call_3969,40.71374970900007,-73.80651486699998,52D6,52D6,2025-07-20T09:09:00.000000,911_calls,2025-07-20 09:09:00,Sunday,9,7,3.0
call_3970,40.835628205000035,-73.84941775299995,10Y3,10Y3,2025-07-19T10:10:00.000000,911_calls,2025-07-19 10:10:00,Saturday,10,7,3.0
call_3971,40.86225524200006,-73.92629731299996,50G2,50G2,2025-07-18T11:11:00.000000,911_calls,2025-07-18 11:11:00,Friday,11,7,3.0
call_3972,40.75661093700006,-73.96872858699999,39H1,39H1,2025-07-17T12:12:00.000000,911_calls,2025-07-17 12:12:00,Thursday,12,7,3.0
call_3973,40.74744390300003,-73.98424807099997,10H2,10H2,2025-07-16T13:13:00.000000,911_calls,2025-07-16 13:13:00,Wednesday,13,7,3.0
call_3974,40.63442859700007,-74.01067325899999,75S,75S,2025-07-15T14:14:00.000000,911_calls,2025-07-15 14:14:00,Tuesday,14,7,3.0
call_3975,40.58095849000006,-73.83778063799997,75M,75M,2025-07-14T15:15:00.000000,911_calls,2025-07-14 15:15:00,Monday,15,7,3.0
call_3976,40.67727336100006,-73.89147697199996,75S,75S,2025-07-13T16:16:00.000000,911_calls,2025-07-13 16:16:00,Sunday,16,7,3.0
call_3977,40.66078580400006,-73.75439108299997,54S1,54S1,2025-07-12T17:17:00.000000,911_calls,2025-07-12 17:17:00,Saturday,17,7,3.0
call_3978,40.87014094800003,-73.88884095099996,52D6,52D6,2025-07-11T18:18:00.000000,911_calls,2025-07-11 18:18:00,Friday,18,7,3.0
call_3979,40.69214805100006,-73.98481285499997,30Q1,30Q1,2025-07-10T19:19:00.000000,911_calls,2025-07-10 19:19:00,Thursday,19,7,3.0
call_3980,40.75986975500007,-73.82897041199993,75S,75S,2025-07-09T20:20:00.000000,911_calls,2025-07-09 20:20:00,Wednesday,20,7,3.0
call_3981,40.684345009000026,-73.92784965399994,34K1,34K1,2025-07-08T21:21:00.000000,911_calls,2025-07-08 21:21:00,Tuesday,21,7,3.0
call_3982,40.82437748600006,-73.94451363399997,75S,75S,2025-07-07T22:22:00.000000,911_calls,2025-07-07 22:22:00,Monday,22,7,3.0
call_3983,40.78052257600007,-73.94521817699996,10P2,10P2,2025-07-06T23:23:00.000000,911_calls,2025-07-06 23:23:00,Sunday,23,7,3.0
call_3984,40.82692693900003,-73.94371296199995,11C4,11C4,2025-07-05T00:24:00.000000,911_calls,2025-07-05 00:24:00,Saturday,0,7,3.0
call_3985,40.69889796100006,-73.93267368599999,31R,31R,2025-07-04T01:25:00.000000,911_calls,2025-07-04 01:25:00,Friday,1,7,3.0
call_3986,40.84116729400006,-73.87239095599995,54S9,54S9,2025-07-03T02:26:00.000000,911_calls,2025-07-03 02:26:00,Thursday,2,7,3.0
call_3987,40.88132548600004,-73.82464027399999,11C4,11C4,2025-07-02T03:27:00.000000,911_calls,2025-07-02 03:27:00,Wednesday,3,7,3.0
call_3988,40.84169493300004,-73.91110819299996,10Y3,10Y3,2025-07-01T04:28:00.000000,911_calls,2025-07-01 04:28:00,Tuesday,4,7,3.0
call_3989,40.82782501300005,-73.92534538199999,75M,75M,2025-06-30T05:29:00.000000,911_calls,2025-06-30 05:29:00,Monday,5,6,3.0
call_3990,40.73201947000007,-74.00073390899996,75S,75S,2025-07-29T06:30:00.000000,911_calls,2025-07-29 06:30:00,Tuesday,6,7,3.0
call_3991,40.735702917000026,-73.97477883499994,68Q1,68Q1,2025-07-28T07:31:00.000000,911_calls,2025-07-28 07:31:00,Monday,7,7,3.0
call_3992,40.631938640000044,-74.16347023099996,75I,75I,2025-07-27T08:32:00.000000,911_calls,2025-07-27 08:32:00,Sunday,8,7,3.0
call_3993,40.65184534600007,-73.92988853999998,34S2,34S2,2025-07-26T09:33:00.000000,911_calls,2025-07-26 09:33:00,Saturday,9,7,3.0
call_3994,40.87315362800007,-73.89973769199997,68Q2,68Q2,2025-07-25T10:34:00.000000,911_calls,2025-07-25 10:34:00,Friday,10,7,3.0
call_3995,40.63597097000007,-74.16136514899995,75I,75I,2025-07-24T11:35:00.000000,911_calls,2025-07-24 11:35:00,Thursday,11,7,3.0
call_3996,40.677628782000056,-73.97298375299994,75S,75S,2025-07-23T12:36:00.000000,911_calls,2025-07-23 12:36:00,Wednesday,12,7,3.0
call_3997,40.767691668000055,-73.96947789899997,10H2,10H2,2025-07-22T13:37:00.000000,911_calls,2025-07-22 13:37:00,Tuesday,13,7,3.0
call_3998,40.848308994000035,-73.90342577999996,54S1,54S1,2025-07-21T14:38:00.000000,911_calls,2025-07-21 14:38:00,Monday,14,7,3.0
call_3999,40.708612996000056,-73.81925501399996,75M,75M,2025-07-20T15:39:00.000000,911_calls,2025-07-20 15:39:00,Sunday,15,7,3.0
call_4000,40.75016710300008,-73.97195820899998,75D,75D,2025-07-19T16:40:00.000000,911_calls,2025-07-19 16:40:00,Saturday,16,7,3.0
call_4001,40.80546854800008,-73.96384004499998,54U2,54U2,2025-07-18T17:41:00.000000,911_calls,2025-07-18 17:41:00,Friday,17,7,3.0
call_4002,40.672756840000034,-73.93771099699995,54S1,54S1,2025-07-17T18:42:00.000000,911_calls,2025-07-17 18:42:00,Thursday,18,7,3.0
call_4003,40.66239762400005,-73.96190993499994,11C4,11C4,2025-07-16T19:43:00.000000,911_calls,2025-07-16 19:43:00,Wednesday,19,7,3.0
call_4004,40.65009170400003,-73.94560996599995,29H1,29H1,2025-07-15T20:44:00.000000,911_calls,2025-07-15 20:44:00,Tuesday,20,7,3.0
call_4005,40.82546789300005,-73.91434927999995,52D1,52D1,2025-07-14T21:45:00.000000,911_calls,2025-07-14 21:45:00,Monday,21,7,3.0
call_4006,40.865664700000025,-73.88638631799995,54S2,54S2,2025-07-13T22:46:00.000000,911_calls,2025-07-13 22:46:00,Sunday,22,7,3.0
call_4007,40.80290243500008,-73.94379829299999,10H1,10H1,2025-07-12T23:47:00.000000,911_calls,2025-07-12 23:47:00,Saturday,23,7,3.0
call_4008,40.74298079600004,-73.98323505999997,75M,75M,2025-07-11T00:48:00.000000,911_calls,2025-07-11 00:48:00,Friday,0,7,3.0
call_4009,40.57807293500008,-74.00093020499997,34W6,34W6,2025-07-10T01:49:00.000000,911_calls,2025-07-10 01:49:00,Thursday,1,7,3.0
call_4010,40.67507057200004,-73.93749973899997,44H1,44H1,2025-07-09T02:50:00.000000,911_calls,2025-07-09 02:50:00,Wednesday,2,7,3.0
call_4011,40.710389571000064,-73.98338753599995,75D,75D,2025-07-08T03:51:00.000000,911_calls,2025-07-08 03:51:00,Tuesday,3,7,3.0
call_4012,40.67398674700007,-73.97421094399994,75Z,75Z,2025-07-07T04:52:00.000000,911_calls,2025-07-07 04:52:00,Monday,4,7,3.0
call_4013,40.68086581500006,-73.92539452199998,10S4,10S4,2025-07-06T05:53:00.000000,911_calls,2025-07-06 05:53:00,Sunday,5,7,3.0
call_4014,40.66434890700003,-73.76778324099996,52K1,52K1,2025-07-05T06:54:00.000000,911_calls,2025-07-05 06:54:00,Saturday,6,7,3.0
call_4015,40.64524229300008,-74.01700992999997,68Q1,68Q1,2025-07-04T07:55:00.000000,911_calls,2025-07-04 07:55:00,Friday,7,7,3.0
call_4016,40.65495097100006,-73.96172317299994,10H2,10H2,2025-07-03T08:56:00.000000,911_calls,2025-07-03 08:56:00,Thursday,8,7,3.0
call_4017,40.833290075000036,-73.87248917799997,39Q2,39Q2,2025-07-02T09:57:00.000000,911_calls,2025-07-02 09:57:00,Wednesday,9,7,3.0
call_4018,40.80797500500006,-73.93902215599996,68Q1,68Q1,2025-07-01T10:58:00.000000,911_calls,2025-07-01 10:58:00,Tuesday,10,7,3.0
call_4019,40.731352550000054,-73.86005569999998,11C4,11C4,2025-06-30T11:59:00.000000,911_calls,2025-06-30 11:59:00,Monday,11,6,3.0
call_4020,40.61559321100003,-73.91150292799995,68Q1,68Q1,2025-07-29T12:00:00.000000,911_calls,2025-07-29 12:00:00,Tuesday,12,7,3.0
call_4021,40.718862666000064,-73.95343256999996,54S1,54S1,2025-07-28T13:01:00.000000,911_calls,2025-07-28 13:01:00,Monday,13,7,3.0
call_4022,40.70880010600007,-73.93577646499995,39H2,39H2,2025-07-27T14:02:00.000000,911_calls,2025-07-27 14:02:00,Sunday,14,7,3.0
call_4023,40.86802685400005,-73.89698312799999,39Q9,39Q9,2025-07-26T15:03:00.000000,911_calls,2025-07-26 15:03:00,Saturday,15,7,3.0
call_4024,40.74563068700007,-73.99824751199998,50G9,50G9,2025-07-25T16:04:00.000000,911_calls,2025-07-25 16:04:00,Friday,16,7,3.0
call_4025,40.68004618900005,-73.84831608899998,39C2,39C2,2025-07-24T17:05:00.000000,911_calls,2025-07-24 17:05:00,Thursday,17,7,3.0
call_4026,40.71222701800008,-73.73159204599995,54U2,54U2,2025-07-23T18:06:00.000000,911_calls,2025-07-23 18:06:00,Wednesday,18,7,3.0
call_4027,40.82100441500006,-73.89092463699996,75S,75S,2025-07-22T19:07:00.000000,911_calls,2025-07-22 19:07:00,Tuesday,19,7,3.0
call_4028,40.59125910400007,-73.95685928899996,54U2,54U2,2025-07-21T20:08:00.000000,911_calls,2025-07-21 20:08:00,Monday,20,7,3.0
call_4029,40.72652070100003,-73.98463905999995,34K2,34K2,2025-07-20T21:09:00.000000,911_calls,2025-07-20 21:09:00,Sunday,21,7,3.0
call_4030,40.63242975400004,-73.94722400499995,75Z,75Z,2025-07-19T22:10:00.000000,911_calls,2025-07-19 22:10:00,Saturday,22,7,3.0
call_4031,40.62703424500006,-74.00940038999994,68Q1,68Q1,2025-07-18T23:11:00.000000,911_calls,2025-07-18 23:11:00,Friday,23,7,3.0
call_4032,40.71005567100008,-74.00739939599998,75D,75D,2025-07-17T00:12:00.000000,911_calls,2025-07-17 00:12:00,Thursday,0,7,3.0
call_4033,40.670004583000036,-73.90984821499995,75D,75D,2025-07-16T01:13:00.000000,911_calls,2025-07-16 01:13:00,Wednesday,1,7,3.0
call_4034,40.827899467000066,-73.92588369299995,75M,75M,2025-07-15T02:14:00.000000,911_calls,2025-07-15 02:14:00,Tuesday,2,7,3.0
call_4035,40.75664204200007,-73.98837157699995,39H9,39H9,2025-07-14T03:15:00.000000,911_calls,2025-07-14 03:15:00,Monday,3,7,3.0
call_4036,40.65462789000003,-74.00418568699996,75S,75S,2025-07-13T04:16:00.000000,911_calls,2025-07-13 04:16:00,Sunday,4,7,3.0
call_4037,40.868164954000065,-73.92267880499998,31R,31R,2025-07-12T05:17:00.000000,911_calls,2025-07-12 05:17:00,Saturday,5,7,3.0
call_4038,40.66824369500006,-73.85915715199997,52D6,52D6,2025-07-11T06:18:00.000000,911_calls,2025-07-11 06:18:00,Friday,6,7,3.0
call_4039,40.70042942600003,-73.80820890199993,75S,75S,2025-07-10T07:19:00.000000,911_calls,2025-07-10 07:19:00,Thursday,7,7,3.0
call_4040,40.81602577600006,-73.91773211999998,75S,75S,2025-07-09T08:20:00.000000,911_calls,2025-07-09 08:20:00,Wednesday,8,7,3.0
call_4041,40.630250957000044,-74.16321390799999,75I,75I,2025-07-08T09:21:00.000000,911_calls,2025-07-08 09:21:00,Tuesday,9,7,3.0
call_4042,40.67032031800005,-73.90651690599998,54C1,54C1,2025-07-07T10:22:00.000000,911_calls,2025-07-07 10:22:00,Monday,10,7,3.0
call_4043,40.65903333800003,-73.99939953599994,68Q1,68Q1,2025-07-06T11:23:00.000000,911_calls,2025-07-06 11:23:00,Sunday,11,7,3.0
call_4044,40.63766672600008,-73.91880593499997,32V2,32V2,2025-07-05T12:24:00.000000,911_calls,2025-07-05 12:24:00,Saturday,12,7,3.0
call_4045,40.875976079000054,-73.86554053199995,54E1,54E1,2025-07-04T13:25:00.000000,911_calls,2025-07-04 13:25:00,Friday,13,7,3.0
call_4046,40.875976079000054,-73.86554053199995,54E1,54E1,2025-07-03T14:26:00.000000,911_calls,2025-07-03 14:26:00,Thursday,14,7,3.0
call_4047,40.694876333000025,-73.98467519899998,68Q1,68Q1,2025-07-02T15:27:00.000000,911_calls,2025-07-02 15:27:00,Wednesday,15,7,3.0
call_4048,40.56539505300003,-74.11191815299998,50P1,50P1,2025-07-01T16:28:00.000000,911_calls,2025-07-01 16:28:00,Tuesday,16,7,3.0
call_4049,40.663959083000066,-73.93157352999998,68Q1,68Q1,2025-06-30T17:29:00.000000,911_calls,2025-06-30 17:29:00,Monday,17,6,3.0
call_4050,40.70222858500006,-73.80091121599997,54E9,54E9,2025-07-29T18:30:00.000000,911_calls,2025-07-29 18:30:00,Tuesday,18,7,3.0
call_4051,40.81602577600006,-73.91773211999998,54S9,54S9,2025-07-28T19:31:00.000000,911_calls,2025-07-28 19:31:00,Monday,19,7,3.0
call_4052,40.706341131000045,-73.77319505399998,54E2,54E2,2025-07-27T20:32:00.000000,911_calls,2025-07-27 20:32:00,Sunday,20,7,3.0
call_4053,40.706341131000045,-73.77319505399998,54E2,54E2,2025-07-26T21:33:00.000000,911_calls,2025-07-26 21:33:00,Saturday,21,7,3.0
call_4054,40.80546854800008,-73.96384004499998,52D6,52D6,2025-07-25T22:34:00.000000,911_calls,2025-07-25 22:34:00,Friday,22,7,3.0
call_4055,40.62503589000005,-73.96278502499996,68Q1,68Q1,2025-07-24T23:35:00.000000,911_calls,2025-07-24 23:35:00,Thursday,23,7,3.0
call_4056,40.63011587600005,-73.96091600599993,68Q1,68Q1,2025-07-23T00:36:00.000000,911_calls,2025-07-23 00:36:00,Wednesday,0,7,3.0
call_4057,40.63744490100004,-73.94814242399997,68Q1,68Q1,2025-07-22T01:37:00.000000,911_calls,2025-07-22 01:37:00,Tuesday,1,7,3.0
call_4058,40.61873787900004,-74.03299633099994,68Q1,68Q1,2025-07-21T02:38:00.000000,911_calls,2025-07-21 02:38:00,Monday,2,7,3.0
call_4059,40.71239662200003,-73.78490845799996,75S,75S,2025-07-20T03:39:00.000000,911_calls,2025-07-20 03:39:00,Sunday,3,7,3.0
call_4060,40.63403548700006,-73.94729118999999,68Q1,68Q1,2025-07-19T04:40:00.000000,911_calls,2025-07-19 04:40:00,Saturday,4,7,3.0
call_4061,40.57628456500004,-73.98139061299997,75O,75O,2025-07-18T05:41:00.000000,911_calls,2025-07-18 05:41:00,Friday,5,7,3.0
call_4062,40.66552063200004,-73.95299760699999,34Q6,34Q6,2025-07-17T06:42:00.000000,911_calls,2025-07-17 06:42:00,Thursday,6,7,3.0
call_4063,40.88263546300004,-73.88394158699998,52D6,52D6,2025-07-16T07:43:00.000000,911_calls,2025-07-16 07:43:00,Wednesday,7,7,3.0
call_4064,40.84030289200007,-73.91787557399994,75S,75S,2025-07-15T08:44:00.000000,911_calls,2025-07-15 08:44:00,Tuesday,8,7,3.0
call_4065,40.68031206000006,-73.98118852999994,68Q1,68Q1,2025-07-14T09:45:00.000000,911_calls,2025-07-14 09:45:00,Monday,9,7,3.0
call_4066,40.705628483000055,-73.81014159699998,75S,75S,2025-07-13T10:46:00.000000,911_calls,2025-07-13 10:46:00,Sunday,10,7,3.0
call_4067,40.608288909000066,-73.81617002399997,75T,75T,2025-07-12T11:47:00.000000,911_calls,2025-07-12 11:47:00,Saturday,11,7,3.0
call_4068,40.84159462000008,-73.85538925299994,39H2,39H2,2025-07-11T12:48:00.000000,911_calls,2025-07-11 12:48:00,Friday,12,7,3.0
call_4069,40.65896541200004,-73.97826790999994,10Y3,10Y3,2025-07-10T13:49:00.000000,911_calls,2025-07-10 13:49:00,Thursday,13,7,3.0
call_4070,40.75273446700004,-73.97654816699998,75S,75S,2025-07-09T14:50:00.000000,911_calls,2025-07-09 14:50:00,Wednesday,14,7,3.0
call_4071,40.84159462000008,-73.85538925299994,39H2,39H2,2025-07-08T15:51:00.000000,911_calls,2025-07-08 15:51:00,Tuesday,15,7,3.0
call_4072,40.69010327500007,-73.98542272099996,75T,75T,2025-07-07T16:52:00.000000,911_calls,2025-07-07 16:52:00,Monday,16,7,3.0
call_4073,40.84164276700005,-73.94106580999994,34W1,34W1,2025-07-06T17:53:00.000000,911_calls,2025-07-06 17:53:00,Sunday,17,7,3.0
call_4074,40.645781412000076,-73.99481236999998,75T,75T,2025-07-05T18:54:00.000000,911_calls,2025-07-05 18:54:00,Saturday,18,7,3.0
call_4075,40.69010327500007,-73.98542272099996,75T,75T,2025-07-04T19:55:00.000000,911_calls,2025-07-04 19:55:00,Friday,19,7,3.0
call_4076,40.87367103500003,-73.90801364899994,11C4,11C4,2025-07-03T20:56:00.000000,911_calls,2025-07-03 20:56:00,Thursday,20,7,3.0
call_4077,40.81540818000008,-73.93990768499998,75D,75D,2025-07-02T21:57:00.000000,911_calls,2025-07-02 21:57:00,Wednesday,21,7,3.0
call_4078,40.834068925000054,-73.87954528799997,54U1,54U1,2025-07-01T22:58:00.000000,911_calls,2025-07-01 22:58:00,Tuesday,22,7,3.0
call_4079,40.76996654700008,-73.95898910399995,54S1,54S1,2025-06-30T23:59:00.000000,911_calls,2025-06-30 23:59:00,Monday,23,6,3.0
call_4080,40.734961457000054,-73.99048985099995,75S,75S,2025-07-29T00:00:00.000000,911_calls,2025-07-29 00:00:00,Tuesday,0,7,3.0
call_4081,40.681419961000074,-73.92493600999995,75I,75I,2025-07-28T01:01:00.000000,911_calls,2025-07-28 01:01:00,Monday,1,7,3.0
call_4082,40.67920146200004,-74.01074171599998,75D,75D,2025-07-27T02:02:00.000000,911_calls,2025-07-27 02:02:00,Sunday,2,7,3.0
call_4083,40.65495241700006,-73.95800022199995,68Q1,68Q1,2025-07-26T03:03:00.000000,911_calls,2025-07-26 03:03:00,Saturday,3,7,3.0
call_4084,40.74296235400004,-73.95527424799997,54S1,54S1,2025-07-25T04:04:00.000000,911_calls,2025-07-25 04:04:00,Friday,4,7,3.0
call_4085,40.83091144300005,-73.86613749699995,34Q1,34Q1,2025-07-24T05:05:00.000000,911_calls,2025-07-24 05:05:00,Thursday,5,7,3.0
call_4086,40.746445462000054,-73.88163812199997,10H1,10H1,2025-07-23T06:06:00.000000,911_calls,2025-07-23 06:06:00,Wednesday,6,7,3.0
call_4087,40.690563893000046,-73.98187797899999,75S,75S,2025-07-22T07:07:00.000000,911_calls,2025-07-22 07:07:00,Tuesday,7,7,3.0
call_4088,40.818400531000066,-73.90424956199996,39H1,39H1,2025-07-21T08:08:00.000000,911_calls,2025-07-21 08:08:00,Monday,8,7,3.0
call_4089,40.76539747500004,-73.98570226399994,54Q1,54Q1,2025-07-20T09:09:00.000000,911_calls,2025-07-20 09:09:00,Sunday,9,7,3.0
call_4090,40.64005664300004,-74.07837493799997,52D1,52D1,2025-07-19T10:10:00.000000,911_calls,2025-07-19 10:10:00,Saturday,10,7,3.0
call_4091,40.83473616200007,-73.91723919599997,24Q1,24Q1,2025-07-18T11:11:00.000000,911_calls,2025-07-18 11:11:00,Friday,11,7,3.0
call_4092,40.63175124700007,-73.94605003999999,10V2,10V2,2025-07-17T12:12:00.000000,911_calls,2025-07-17 12:12:00,Thursday,12,7,3.0
call_4093,40.74573899500007,-73.83030229599996,52D2,52D2,2025-07-16T13:13:00.000000,911_calls,2025-07-16 13:13:00,Wednesday,13,7,3.0
call_4094,40.67789419500008,-73.74560692199998,10V2,10V2,2025-07-15T14:14:00.000000,911_calls,2025-07-15 14:14:00,Tuesday,14,7,3.0
call_4095,40.667554464000034,-73.94097810699998,75D,75D,2025-07-14T15:15:00.000000,911_calls,2025-07-14 15:15:00,Monday,15,7,3.0
call_4096,40.645781412000076,-73.99481236999998,75T,75T,2025-07-13T16:16:00.000000,911_calls,2025-07-13 16:16:00,Sunday,16,7,3.0
call_4097,40.68086581500006,-73.92539452199998,75I,75I,2025-07-12T17:17:00.000000,911_calls,2025-07-12 17:17:00,Saturday,17,7,3.0
call_4098,40.672522334000064,-73.89167216099997,53S,53S,2025-07-11T18:18:00.000000,911_calls,2025-07-11 18:18:00,Friday,18,7,3.0
call_4099,40.67678594100005,-73.97216571499996,11C4,11C4,2025-07-10T19:19:00.000000,911_calls,2025-07-10 19:19:00,Thursday,19,7,3.0
call_4100,40.72945001800008,-73.99084422499999,50P2,50P2,2025-07-09T20:20:00.000000,911_calls,2025-07-09 20:20:00,Wednesday,20,7,3.0
call_4101,40.57628456500004,-73.98139061299997,75S,75S,2025-07-08T21:21:00.000000,911_calls,2025-07-08 21:21:00,Tuesday,21,7,3.0
call_4102,40.824178317000076,-73.89802295699997,24W6,24W6,2025-07-07T22:22:00.000000,911_calls,2025-07-07 22:22:00,Monday,22,7,3.0
call_4103,40.677628782000056,-73.97298375299994,75S,75S,2025-07-06T23:23:00.000000,911_calls,2025-07-06 23:23:00,Sunday,23,7,3.0
call_4104,40.81985894200005,-73.91605458499998,10Y3,10Y3,2025-07-05T00:24:00.000000,911_calls,2025-07-05 00:24:00,Saturday,0,7,3.0
call_4105,40.68309374300003,-73.72917460199994,54E1,54E1,2025-07-04T01:25:00.000000,911_calls,2025-07-04 01:25:00,Friday,1,7,3.0
call_4106,40.68309374300003,-73.72917460199994,54E1,54E1,2025-07-03T02:26:00.000000,911_calls,2025-07-03 02:26:00,Thursday,2,7,3.0
call_4107,40.730888367000034,-73.99216460199995,56S9,56S9,2025-07-02T03:27:00.000000,911_calls,2025-07-02 03:27:00,Wednesday,3,7,3.0
call_4108,40.670634935000066,-73.98839738399994,56S9,56S9,2025-07-01T04:28:00.000000,911_calls,2025-07-01 04:28:00,Tuesday,4,7,3.0
call_4109,40.66322449000006,-73.94944522199995,75S,75S,2025-06-30T05:29:00.000000,911_calls,2025-06-30 05:29:00,Monday,5,6,3.0
call_4110,40.79057858900006,-73.97490250399994,10V2,10V2,2025-07-29T06:30:00.000000,911_calls,2025-07-29 06:30:00,Tuesday,6,7,3.0
call_4111,40.633965370000055,-73.96494537899997,52D2,52D2,2025-07-28T07:31:00.000000,911_calls,2025-07-28 07:31:00,Monday,7,7,3.0
call_4112,40.73406297500003,-73.88619214099998,10H1,10H1,2025-07-27T08:32:00.000000,911_calls,2025-07-27 08:32:00,Sunday,8,7,3.0
call_4113,40.76609468700008,-73.96181092199998,68Q1,68Q1,2025-07-26T09:33:00.000000,911_calls,2025-07-26 09:33:00,Saturday,9,7,3.0
call_4114,40.665295695000054,-73.92275175799995,54E9,54E9,2025-07-25T10:34:00.000000,911_calls,2025-07-25 10:34:00,Friday,10,7,3.0
call_4115,40.665295695000054,-73.92275175799995,54E9,54E9,2025-07-24T11:35:00.000000,911_calls,2025-07-24 11:35:00,Thursday,11,7,3.0
call_4116,40.700511239000036,-73.94154039399996,24K1,24K1,2025-07-23T12:36:00.000000,911_calls,2025-07-23 12:36:00,Wednesday,12,7,3.0
call_4117,40.878711268000075,-73.87928721899993,54S2,54S2,2025-07-22T13:37:00.000000,911_calls,2025-07-22 13:37:00,Tuesday,13,7,3.0
call_4118,40.878711268000075,-73.87928721899993,54S2,54S2,2025-07-21T14:38:00.000000,911_calls,2025-07-21 14:38:00,Monday,14,7,3.0
call_4119,40.759275658000035,-73.82999347399993,11C4,11C4,2025-07-20T15:39:00.000000,911_calls,2025-07-20 15:39:00,Sunday,15,7,3.0
call_4120,40.701374902000055,-73.90678712799996,68Q1,68Q1,2025-07-19T16:40:00.000000,911_calls,2025-07-19 16:40:00,Saturday,16,7,3.0
call_4121,40.80575525300003,-73.96808781699997,75D,75D,2025-07-18T17:41:00.000000,911_calls,2025-07-18 17:41:00,Friday,17,7,3.0
call_4122,40.76542060300005,-73.74365893499998,75D,75D,2025-07-17T18:42:00.000000,911_calls,2025-07-17 18:42:00,Thursday,18,7,3.0
call_4123,40.67906840200004,-73.90376820299997,75M,75M,2025-07-16T19:43:00.000000,911_calls,2025-07-16 19:43:00,Wednesday,19,7,3.0
call_4124,40.65267673200003,-73.89673542399998,54S1,54S1,2025-07-15T20:44:00.000000,911_calls,2025-07-15 20:44:00,Tuesday,20,7,3.0
call_4125,40.862441568000065,-73.89119650999999,54U1,54U1,2025-07-14T21:45:00.000000,911_calls,2025-07-14 21:45:00,Monday,21,7,3.0
call_4126,40.674623610000026,-74.00398505899994,68Q1,68Q1,2025-07-13T22:46:00.000000,911_calls,2025-07-13 22:46:00,Sunday,22,7,3.0
call_4127,40.65046717200005,-73.95726787499996,52D2,52D2,2025-07-12T23:47:00.000000,911_calls,2025-07-12 23:47:00,Saturday,23,7,3.0
call_4128,40.67538395200006,-74.00262236699996,68Q1,68Q1,2025-07-11T00:48:00.000000,911_calls,2025-07-11 00:48:00,Friday,0,7,3.0
call_4129,40.60583327200004,-73.75490296099997,39V1,39V1,2025-07-10T01:49:00.000000,911_calls,2025-07-10 01:49:00,Thursday,1,7,3.0
call_4130,40.64456990200006,-73.90455666599996,54S1,54S1,2025-07-09T02:50:00.000000,911_calls,2025-07-09 02:50:00,Wednesday,2,7,3.0
call_4131,40.82445246300006,-73.94074500599999,54S1,54S1,2025-07-08T03:51:00.000000,911_calls,2025-07-08 03:51:00,Tuesday,3,7,3.0
call_4132,40.68344523900004,-73.86927470199998,50G2,50G2,2025-07-07T04:52:00.000000,911_calls,2025-07-07 04:52:00,Monday,4,7,3.0
call_4133,40.64396517000006,-73.95833865199995,59C,59C,2025-07-06T05:53:00.000000,911_calls,2025-07-06 05:53:00,Sunday,5,7,3.0
call_4134,40.60630893000007,-73.97597655599998,53S,53S,2025-07-05T06:54:00.000000,911_calls,2025-07-05 06:54:00,Saturday,6,7,3.0
call_4135,40.66512493100004,-73.95898867799997,75D,75D,2025-07-04T07:55:00.000000,911_calls,2025-07-04 07:55:00,Friday,7,7,3.0
call_4136,40.62515914200003,-73.93216807899995,39H1,39H1,2025-07-03T08:56:00.000000,911_calls,2025-07-03 08:56:00,Thursday,8,7,3.0
call_4137,40.721595852000064,-73.94580053999994,50P2,50P2,2025-07-02T09:57:00.000000,911_calls,2025-07-02 09:57:00,Wednesday,9,7,3.0
call_4138,40.71778515700004,-74.00063274399997,53I,53I,2025-07-01T10:58:00.000000,911_calls,2025-07-01 10:58:00,Tuesday,10,7,3.0
call_4139,40.75107189400006,-73.96820063099995,75D,75D,2025-06-30T11:59:00.000000,911_calls,2025-06-30 11:59:00,Monday,11,6,3.0
call_4140,40.69966937300006,-73.85102315699999,52D6,52D6,2025-07-29T12:00:00.000000,911_calls,2025-07-29 12:00:00,Tuesday,12,7,3.0
call_4141,40.71056063800006,-74.00840581199998,50P1,50P1,2025-07-28T13:01:00.000000,911_calls,2025-07-28 13:01:00,Monday,13,7,3.0
call_4142,40.639718139000024,-74.09419977799996,34W1,34W1,2025-07-27T14:02:00.000000,911_calls,2025-07-27 14:02:00,Sunday,14,7,3.0
call_4143,40.67604827000008,-73.95660616199996,34Q2,34Q2,2025-07-26T15:03:00.000000,911_calls,2025-07-26 15:03:00,Saturday,15,7,3.0
call_4144,40.64456990200006,-73.90455666599996,54U1,54U1,2025-07-25T16:04:00.000000,911_calls,2025-07-25 16:04:00,Friday,16,7,3.0
call_4145,40.64456990200006,-73.90455666599996,54U1,54U1,2025-07-24T17:05:00.000000,911_calls,2025-07-24 17:05:00,Thursday,17,7,3.0
call_4146,40.81602577600006,-73.91773211999998,75S,75S,2025-07-23T18:06:00.000000,911_calls,2025-07-23 18:06:00,Wednesday,18,7,3.0
call_4147,40.68365977800005,-73.85154206999994,10Y3,10Y3,2025-07-22T19:07:00.000000,911_calls,2025-07-22 19:07:00,Tuesday,19,7,3.0
call_4148,40.84566696100006,-73.88380729499994,52D1,52D1,2025-07-21T20:08:00.000000,911_calls,2025-07-21 20:08:00,Monday,20,7,3.0
call_4149,40.69098523100007,-73.99700128199999,68Q1,68Q1,2025-07-20T21:09:00.000000,911_calls,2025-07-20 21:09:00,Sunday,21,7,3.0
call_4150,40.70254187100005,-73.79955059199995,75T,75T,2025-07-19T22:10:00.000000,911_calls,2025-07-19 22:10:00,Saturday,22,7,3.0
call_4151,40.80209197100004,-73.93700122199994,52D1,52D1,2025-07-18T23:11:00.000000,911_calls,2025-07-18 23:11:00,Friday,23,7,3.0
call_4152,40.85803782500005,-73.88988784599997,56S,56S,2025-07-17T00:12:00.000000,911_calls,2025-07-17 00:12:00,Thursday,0,7,3.0
call_4153,40.68786431700005,-73.94939048399993,54C1,54C1,2025-07-16T01:13:00.000000,911_calls,2025-07-16 01:13:00,Wednesday,1,7,3.0
call_4154,40.747749268000064,-73.97317547199998,75D,75D,2025-07-15T02:14:00.000000,911_calls,2025-07-15 02:14:00,Tuesday,2,7,3.0
call_4155,40.63545319600007,-73.95043545799996,68Q1,68Q1,2025-07-14T03:15:00.000000,911_calls,2025-07-14 03:15:00,Monday,3,7,3.0
call_4156,40.687029720000055,-73.99120341199995,75T,75T,2025-07-13T04:16:00.000000,911_calls,2025-07-13 04:16:00,Sunday,4,7,3.0
call_4157,40.63545319600007,-73.95043545799996,68Q1,68Q1,2025-07-12T05:17:00.000000,911_calls,2025-07-12 05:17:00,Saturday,5,7,3.0
call_4158,40.64702003900004,-73.95812413299996,68Q1,68Q1,2025-07-11T06:18:00.000000,911_calls,2025-07-11 06:18:00,Friday,6,7,3.0
call_4159,40.64702003900004,-73.95812413299996,68Q1,68Q1,2025-07-10T07:19:00.000000,911_calls,2025-07-10 07:19:00,Thursday,7,7,3.0
call_4160,40.67032031800005,-73.90651690599998,52K1,52K1,2025-07-09T08:20:00.000000,911_calls,2025-07-09 08:20:00,Wednesday,8,7,3.0
call_4161,40.821236836000026,-73.94309272199996,34Q7,34Q7,2025-07-08T09:21:00.000000,911_calls,2025-07-08 09:21:00,Tuesday,9,7,3.0
call_4162,40.71195968500007,-73.92715245099998,68Q1,68Q1,2025-07-07T10:22:00.000000,911_calls,2025-07-07 10:22:00,Monday,10,7,3.0
call_4163,40.68872534800005,-73.96142253099998,75D,75D,2025-07-06T11:23:00.000000,911_calls,2025-07-06 11:23:00,Sunday,11,7,3.0
call_4164,40.81540818000008,-73.93990768499998,75D,75D,2025-07-05T12:24:00.000000,911_calls,2025-07-05 12:24:00,Saturday,12,7,3.0
call_4165,40.58095849000006,-73.83778063799997,75S,75S,2025-07-04T13:25:00.000000,911_calls,2025-07-04 13:25:00,Friday,13,7,3.0
call_4166,40.69707925700004,-73.90668494499994,10H2,10H2,2025-07-03T14:26:00.000000,911_calls,2025-07-03 14:26:00,Thursday,14,7,3.0
call_4167,40.75273446700004,-73.97654816699998,75M,75M,2025-07-02T15:27:00.000000,911_calls,2025-07-02 15:27:00,Wednesday,15,7,3.0
call_4168,40.87858732800004,-73.87127045499994,75Z,75Z,2025-07-01T16:28:00.000000,911_calls,2025-07-01 16:28:00,Tuesday,16,7,3.0
call_4169,40.82100441500006,-73.89092463699996,54S9,54S9,2025-06-30T17:29:00.000000,911_calls,2025-06-30 17:29:00,Monday,17,6,3.0
call_4170,40.87907720700008,-73.88835590899998,29C,29C,2025-07-29T18:30:00.000000,911_calls,2025-07-29 18:30:00,Tuesday,18,7,3.0
call_4171,40.72525633500004,-73.99636476499995,10N9,10N9,2025-07-28T19:31:00.000000,911_calls,2025-07-28 19:31:00,Monday,19,7,3.0
call_4172,40.85765340100005,-73.89561464899998,39H1,39H1,2025-07-27T20:32:00.000000,911_calls,2025-07-27 20:32:00,Sunday,20,7,3.0
call_4173,40.85864292300005,-73.88554515899995,39C1,39C1,2025-07-26T21:33:00.000000,911_calls,2025-07-26 21:33:00,Saturday,21,7,3.0
call_4174,40.610468884000056,-73.95412045199998,11C4,11C4,2025-07-25T22:34:00.000000,911_calls,2025-07-25 22:34:00,Friday,22,7,3.0
call_4175,40.86945743100006,-73.83203303499994,50P2,50P2,2025-07-24T23:35:00.000000,911_calls,2025-07-24 23:35:00,Thursday,23,7,3.0
call_4176,40.78032447800007,-73.94422175899996,10P1,10P1,2025-07-23T00:36:00.000000,911_calls,2025-07-23 00:36:00,Wednesday,0,7,3.0
call_4177,40.65148911000006,-73.83994803799999,11R4,11R4,2025-07-22T01:37:00.000000,911_calls,2025-07-22 01:37:00,Tuesday,1,7,3.0
call_4178,40.74613650800006,-73.77130561999996,68Q1,68Q1,2025-07-21T02:38:00.000000,911_calls,2025-07-21 02:38:00,Monday,2,7,3.0
call_4179,40.732828332000054,-73.98606285699998,52D6,52D6,2025-07-20T03:39:00.000000,911_calls,2025-07-20 03:39:00,Sunday,3,7,3.0
call_4180,40.729963292000036,-73.99090549299996,75M,75M,2025-07-19T04:40:00.000000,911_calls,2025-07-19 04:40:00,Saturday,4,7,3.0
call_4181,40.73835958500007,-73.97364835999997,53I8,53I8,2025-07-18T05:41:00.000000,911_calls,2025-07-18 05:41:00,Friday,5,7,3.0
call_4182,40.62270801300008,-73.92338101199994,68Q1,68Q1,2025-07-17T06:42:00.000000,911_calls,2025-07-17 06:42:00,Thursday,6,7,3.0
call_4183,40.85736012000007,-73.88728979099994,50G2,50G2,2025-07-16T07:43:00.000000,911_calls,2025-07-16 07:43:00,Wednesday,7,7,3.0
call_4184,40.76029866700003,-73.96455763099993,59R4,59R4,2025-07-15T08:44:00.000000,911_calls,2025-07-15 08:44:00,Tuesday,8,7,3.0
call_4185,40.67836827600007,-73.90352044899998,75S,75S,2025-07-14T09:45:00.000000,911_calls,2025-07-14 09:45:00,Monday,9,7,3.0
call_4186,40.664279563000036,-73.93047382199995,68Q1,68Q1,2025-07-13T10:46:00.000000,911_calls,2025-07-13 10:46:00,Sunday,10,7,3.0
call_4187,40.70662208500005,-74.00534673999994,54U2,54U2,2025-07-12T11:47:00.000000,911_calls,2025-07-12 11:47:00,Saturday,11,7,3.0
call_4188,40.905184682000026,-73.89724749899995,54S2,54S2,2025-07-11T12:48:00.000000,911_calls,2025-07-11 12:48:00,Friday,12,7,3.0
call_4189,40.762663211000074,-73.98212549399994,22V2,22V2,2025-07-10T13:49:00.000000,911_calls,2025-07-10 13:49:00,Thursday,13,7,3.0
call_4190,40.835945011000035,-73.94158401799996,34W1,34W1,2025-07-09T14:50:00.000000,911_calls,2025-07-09 14:50:00,Wednesday,14,7,3.0
call_4191,40.68431055700006,-73.86990398699999,10H1,10H1,2025-07-08T15:51:00.000000,911_calls,2025-07-08 15:51:00,Tuesday,15,7,3.0
call_4192,40.59316063400007,-73.77792911299997,50P1,50P1,2025-07-07T16:52:00.000000,911_calls,2025-07-07 16:52:00,Monday,16,7,3.0
call_4193,40.72198647500005,-73.98552397799995,39H1,39H1,2025-07-06T17:53:00.000000,911_calls,2025-07-06 17:53:00,Sunday,17,7,3.0
call_4194,40.80750500700003,-73.92406052799998,34Q6,34Q6,2025-07-05T18:54:00.000000,911_calls,2025-07-05 18:54:00,Saturday,18,7,3.0
call_4195,40.75516393300006,-73.80564019999997,34K1,34K1,2025-07-04T19:55:00.000000,911_calls,2025-07-04 19:55:00,Friday,19,7,3.0
call_4196,40.725890366000044,-74.00388349899998,75D,75D,2025-07-03T20:56:00.000000,911_calls,2025-07-03 20:56:00,Thursday,20,7,3.0
call_4197,40.700903640000035,-73.90446159199996,54U2,54U2,2025-07-02T21:57:00.000000,911_calls,2025-07-02 21:57:00,Wednesday,21,7,3.0
call_4198,40.80025258300003,-73.94140946199997,10V2,10V2,2025-07-01T22:58:00.000000,911_calls,2025-07-01 22:58:00,Tuesday,22,7,3.0
call_4199,40.67505367800004,-73.97091546699994,75T,75T,2025-06-30T23:59:00.000000,911_calls,2025-06-30 23:59:00,Monday,23,6,3.0
call_4200,40.69356956300004,-73.98283638599997,75I,75I,2025-07-29T00:00:00.000000,911_calls,2025-07-29 00:00:00,Tuesday,0,7,3.0
call_4201,40.75231007200006,-73.83416554499996,11C4,11C4,2025-07-28T01:01:00.000000,911_calls,2025-07-28 01:01:00,Monday,1,7,3.0
call_4202,40.743142026000044,-73.91773550399995,10Y3,10Y3,2025-07-27T02:02:00.000000,911_calls,2025-07-27 02:02:00,Sunday,2,7,3.0
call_4203,40.873377987000026,-73.88708546399994,75S,75S,2025-07-26T03:03:00.000000,911_calls,2025-07-26 03:03:00,Saturday,3,7,3.0
call_4204,40.68513918700006,-73.93398561099997,34Q6,34Q6,2025-07-25T04:04:00.000000,911_calls,2025-07-25 04:04:00,Friday,4,7,3.0
call_4205,40.670634935000066,-73.98839738399994,75S,75S,2025-07-24T05:05:00.000000,911_calls,2025-07-24 05:05:00,Thursday,5,7,3.0
call_4206,40.709373613000025,-73.92218848999994,68Q2,68Q2,2025-07-23T06:06:00.000000,911_calls,2025-07-23 06:06:00,Wednesday,6,7,3.0
call_4207,40.795119845000045,-73.84811168599998,52D2,52D2,2025-07-22T07:07:00.000000,911_calls,2025-07-22 07:07:00,Tuesday,7,7,3.0
call_4208,40.51692162400008,-74.20528339999998,11R4,11R4,2025-07-21T08:08:00.000000,911_calls,2025-07-21 08:08:00,Monday,8,7,3.0
call_4209,40.818046948000074,-73.95424470599994,52D6,52D6,2025-07-20T09:09:00.000000,911_calls,2025-07-20 09:09:00,Sunday,9,7,3.0
call_4210,40.74705075800006,-73.89147157999997,75M,75M,2025-07-19T10:10:00.000000,911_calls,2025-07-19 10:10:00,Saturday,10,7,3.0
call_4211,40.62380968000008,-73.90964763699998,68Q1,68Q1,2025-07-18T11:11:00.000000,911_calls,2025-07-18 11:11:00,Friday,11,7,3.0
call_4212,40.75664204200007,-73.98837157699995,75S,75S,2025-07-17T12:12:00.000000,911_calls,2025-07-17 12:12:00,Thursday,12,7,3.0
call_4213,40.74299740600003,-73.98423468699997,68Q1,68Q1,2025-07-16T13:13:00.000000,911_calls,2025-07-16 13:13:00,Wednesday,13,7,3.0
call_4214,40.87745403900004,-73.86667299299995,75S,75S,2025-07-15T14:14:00.000000,911_calls,2025-07-15 14:14:00,Tuesday,14,7,3.0
call_4215,40.800360728000044,-73.94361623299994,52D1,52D1,2025-07-14T15:15:00.000000,911_calls,2025-07-14 15:15:00,Monday,15,7,3.0
call_4216,40.802029582000046,-73.94967572299998,39C2,39C2,2025-07-13T16:16:00.000000,911_calls,2025-07-13 16:16:00,Sunday,16,7,3.0
call_4217,40.647440231000076,-73.95879053699997,68Q1,68Q1,2025-07-12T17:17:00.000000,911_calls,2025-07-12 17:17:00,Saturday,17,7,3.0
call_4218,40.88140268700005,-73.90782936999994,54C1,54C1,2025-07-11T18:18:00.000000,911_calls,2025-07-11 18:18:00,Friday,18,7,3.0
call_4219,40.81394740300004,-73.91314664999999,10Y3,10Y3,2025-07-10T19:19:00.000000,911_calls,2025-07-10 19:19:00,Thursday,19,7,3.0
call_4220,40.65030598200008,-73.95934374799998,68Q1,68Q1,2025-07-09T20:20:00.000000,911_calls,2025-07-09 20:20:00,Wednesday,20,7,3.0
call_4221,40.57847057300006,-73.95555358899998,11C4,11C4,2025-07-08T21:21:00.000000,911_calls,2025-07-08 21:21:00,Tuesday,21,7,3.0
call_4222,40.86469433100007,-73.89957690799997,24Q1,24Q1,2025-07-07T22:22:00.000000,911_calls,2025-07-07 22:22:00,Monday,22,7,3.0
call_4223,40.649623646000066,-73.96263076599996,68Q1,68Q1,2025-07-06T23:23:00.000000,911_calls,2025-07-06 23:23:00,Sunday,23,7,3.0
call_4224,40.854352798000036,-73.90338085699995,52D1,52D1,2025-07-05T00:24:00.000000,911_calls,2025-07-05 00:24:00,Saturday,0,7,3.0
call_4225,40.612388413000076,-73.99894973799996,10H1,10H1,2025-07-04T01:25:00.000000,911_calls,2025-07-04 01:25:00,Friday,1,7,3.0
call_4226,40.67973728700008,-73.76161495099996,10Y3,10Y3,2025-07-03T02:26:00.000000,911_calls,2025-07-03 02:26:00,Thursday,2,7,3.0
call_4227,40.67906840200004,-73.90376820299997,75O,75O,2025-07-02T03:27:00.000000,911_calls,2025-07-02 03:27:00,Wednesday,3,7,3.0
call_4228,40.80351927500004,-73.94233488699996,50P2,50P2,2025-07-01T04:28:00.000000,911_calls,2025-07-01 04:28:00,Tuesday,4,7,3.0
call_4229,40.65168650100003,-73.95904018399995,68Q1,68Q1,2025-06-30T05:29:00.000000,911_calls,2025-06-30 05:29:00,Monday,5,6,3.0
call_4230,40.62264138900008,-74.12949959299993,10H1,10H1,2025-07-29T06:30:00.000000,911_calls,2025-07-29 06:30:00,Tuesday,6,7,3.0
call_4231,40.66019610700005,-73.97056872199994,10Y3,10Y3,2025-07-28T07:31:00.000000,911_calls,2025-07-28 07:31:00,Monday,7,7,3.0
call_4232,40.74957445600006,-73.87385847499996,10H2,10H2,2025-07-27T08:32:00.000000,911_calls,2025-07-27 08:32:00,Sunday,8,7,3.0
call_4233,40.674019979000036,-73.96494595799999,10H1,10H1,2025-07-26T09:33:00.000000,911_calls,2025-07-26 09:33:00,Saturday,9,7,3.0
call_4234,40.75545687600004,-74.00223209299998,50G9,50G9,2025-07-25T10:34:00.000000,911_calls,2025-07-25 10:34:00,Friday,10,7,3.0
call_4235,40.84903537100007,-73.93303499399997,68Q1,68Q1,2025-07-24T11:35:00.000000,911_calls,2025-07-24 11:35:00,Thursday,11,7,3.0
call_4236,40.65537536800008,-73.93026685899997,53I,53I,2025-07-23T12:36:00.000000,911_calls,2025-07-23 12:36:00,Wednesday,12,7,3.0
call_4237,40.71701193300004,-73.95861765999996,54U2,54U2,2025-07-22T13:37:00.000000,911_calls,2025-07-22 13:37:00,Tuesday,13,7,3.0
call_4238,40.689648211000076,-73.92405412199997,54S1,54S1,2025-07-21T14:38:00.000000,911_calls,2025-07-21 14:38:00,Monday,14,7,3.0
call_4239,40.74878408500007,-73.93778427799998,75S,75S,2025-07-20T15:39:00.000000,911_calls,2025-07-20 15:39:00,Sunday,15,7,3.0
call_4240,40.76690500600006,-73.96373101899997,68Q1,68Q1,2025-07-19T16:40:00.000000,911_calls,2025-07-19 16:40:00,Saturday,16,7,3.0
call_4241,40.65114909700003,-73.89504039199994,39H1,39H1,2025-07-18T17:41:00.000000,911_calls,2025-07-18 17:41:00,Friday,17,7,3.0
call_4242,40.87524729200004,-73.85971668999997,34Q2,34Q2,2025-07-17T18:42:00.000000,911_calls,2025-07-17 18:42:00,Thursday,18,7,3.0
call_4243,40.82100441500006,-73.89092463699996,39Q9,39Q9,2025-07-16T19:43:00.000000,911_calls,2025-07-16 19:43:00,Wednesday,19,7,3.0
call_4244,40.751048180000055,-73.98771206699996,11C4,11C4,2025-07-15T20:44:00.000000,911_calls,2025-07-15 20:44:00,Tuesday,20,7,3.0
call_4245,40.57482547700005,-73.99092660999997,54U1,54U1,2025-07-14T21:45:00.000000,911_calls,2025-07-14 21:45:00,Monday,21,7,3.0
call_4246,40.683581925000055,-73.82182873299996,53S,53S,2025-07-13T22:46:00.000000,911_calls,2025-07-13 22:46:00,Sunday,22,7,3.0
call_4247,40.65689698400007,-73.93675629499995,10Y3,10Y3,2025-07-12T23:47:00.000000,911_calls,2025-07-12 23:47:00,Saturday,23,7,3.0
call_4248,40.83292317300004,-73.88929701899997,24Q1,24Q1,2025-07-11T00:48:00.000000,911_calls,2025-07-11 00:48:00,Friday,0,7,3.0
call_4249,40.85041041100004,-73.91245563899997,54C1,54C1,2025-07-10T01:49:00.000000,911_calls,2025-07-10 01:49:00,Thursday,1,7,3.0
call_4250,40.67784219600003,-73.76503951799998,34Q6,34Q6,2025-07-09T02:50:00.000000,911_calls,2025-07-09 02:50:00,Wednesday,2,7,3.0
call_4251,40.71360584700005,-73.95907067299999,10Y3,10Y3,2025-07-08T03:51:00.000000,911_calls,2025-07-08 03:51:00,Tuesday,3,7,3.0
call_4252,40.83406650400008,-73.94487776799997,75T,75T,2025-07-07T04:52:00.000000,911_calls,2025-07-07 04:52:00,Monday,4,7,3.0
call_4253,40.67182268900007,-73.89196169199994,34Q6,34Q6,2025-07-06T05:53:00.000000,911_calls,2025-07-06 05:53:00,Sunday,5,7,3.0
call_4254,40.753970406000064,-73.93077724499994,21R,21R,2025-07-05T06:54:00.000000,911_calls,2025-07-05 06:54:00,Saturday,6,7,3.0
call_4255,40.85105316700003,-73.93876217299999,10N9,10N9,2025-07-04T07:55:00.000000,911_calls,2025-07-04 07:55:00,Friday,7,7,3.0
call_4256,40.84106536500008,-73.91709760099997,39H2,39H2,2025-07-03T08:56:00.000000,911_calls,2025-07-03 08:56:00,Thursday,8,7,3.0
call_4257,40.754202286000066,-73.81504548199996,34Q6,34Q6,2025-07-02T09:57:00.000000,911_calls,2025-07-02 09:57:00,Wednesday,9,7,3.0
call_4258,40.74468845000007,-73.88672975799994,24Q6,24Q6,2025-07-01T10:58:00.000000,911_calls,2025-07-01 10:58:00,Tuesday,10,7,3.0
call_4259,40.751866722000045,-73.94367171399995,54S1,54S1,2025-06-30T11:59:00.000000,911_calls,2025-06-30 11:59:00,Monday,11,6,3.0
call_4260,40.79034344000007,-73.96750655399995,54E1,54E1,2025-07-29T12:00:00.000000,911_calls,2025-07-29 12:00:00,Tuesday,12,7,3.0
call_4261,40.79034344000007,-73.96750655399995,54E1,54E1,2025-07-28T13:01:00.000000,911_calls,2025-07-28 13:01:00,Monday,13,7,3.0
call_4262,40.81232435900006,-73.90841995099998,34Q2,34Q2,2025-07-27T14:02:00.000000,911_calls,2025-07-27 14:02:00,Sunday,14,7,3.0
call_4263,40.69449269100005,-73.90218447599995,68Q2,68Q2,2025-07-26T15:03:00.000000,911_calls,2025-07-26 15:03:00,Saturday,15,7,3.0
call_4264,40.722591402000035,-73.97564963899998,39Q1,39Q1,2025-07-25T16:04:00.000000,911_calls,2025-07-25 16:04:00,Friday,16,7,3.0
call_4265,40.85614283800004,-73.90072851999997,52K6,52K6,2025-07-24T17:05:00.000000,911_calls,2025-07-24 17:05:00,Thursday,17,7,3.0
call_4266,40.83406650400008,-73.94487776799997,75T,75T,2025-07-23T18:06:00.000000,911_calls,2025-07-23 18:06:00,Wednesday,18,7,3.0
call_4267,40.608288909000066,-73.81617002399997,75M,75M,2025-07-22T19:07:00.000000,911_calls,2025-07-22 19:07:00,Tuesday,19,7,3.0
call_4268,40.84202174700005,-73.93629840599993,68Q1,68Q1,2025-07-21T20:08:00.000000,911_calls,2025-07-21 20:08:00,Monday,20,7,3.0
call_4269,40.83751038300005,-73.94336068699994,52D1,52D1,2025-07-20T21:09:00.000000,911_calls,2025-07-20 21:09:00,Sunday,21,7,3.0
call_4270,40.742116786000054,-73.88144372299996,34Q2,34Q2,2025-07-19T22:10:00.000000,911_calls,2025-07-19 22:10:00,Saturday,22,7,3.0
call_4271,40.835945011000035,-73.94158401799996,24W1,24W1,2025-07-18T23:11:00.000000,911_calls,2025-07-18 23:11:00,Friday,23,7,3.0
call_4272,40.68413233900003,-73.97863829699997,75S,75S,2025-07-17T00:12:00.000000,911_calls,2025-07-17 00:12:00,Thursday,0,7,3.0
call_4273,40.65030598200008,-73.95934374799998,68Q1,68Q1,2025-07-16T01:13:00.000000,911_calls,2025-07-16 01:13:00,Wednesday,1,7,3.0
call_4274,40.67258587100008,-73.87326145799994,75D,75D,2025-07-15T02:14:00.000000,911_calls,2025-07-15 02:14:00,Tuesday,2,7,3.0
call_4275,40.846291834000056,-73.91785733699999,68Q1,68Q1,2025-07-14T03:15:00.000000,911_calls,2025-07-14 03:15:00,Monday,3,7,3.0
call_4276,40.836194240000054,-73.94611193699996,39H1,39H1,2025-07-13T04:16:00.000000,911_calls,2025-07-13 04:16:00,Sunday,4,7,3.0
call_4277,40.618241642000044,-73.96905275299997,39T1,39T1,2025-07-12T05:17:00.000000,911_calls,2025-07-12 05:17:00,Saturday,5,7,3.0
call_4278,40.715468274000045,-73.99160006899996,11C4,11C4,2025-07-11T06:18:00.000000,911_calls,2025-07-11 06:18:00,Friday,6,7,3.0
call_4279,40.743992486000025,-73.85808398499995,34Q6,34Q6,2025-07-10T07:19:00.000000,911_calls,2025-07-10 07:19:00,Thursday,7,7,3.0
call_4280,40.662767503000055,-73.90752952599996,75S,75S,2025-07-09T08:20:00.000000,911_calls,2025-07-09 08:20:00,Wednesday,8,7,3.0
call_4281,40.67906840200004,-73.90376820299997,75S,75S,2025-07-08T09:21:00.000000,911_calls,2025-07-08 09:21:00,Tuesday,9,7,3.0
call_4282,40.69720337700005,-73.93561453399997,75S,75S,2025-07-07T10:22:00.000000,911_calls,2025-07-07 10:22:00,Monday,10,7,3.0
call_4283,40.61523462300005,-73.97421923199994,75S,75S,2025-07-06T11:23:00.000000,911_calls,2025-07-06 11:23:00,Sunday,11,7,3.0
call_4284,40.67051514900004,-73.92956610799996,22Q1,22Q1,2025-07-05T12:24:00.000000,911_calls,2025-07-05 12:24:00,Saturday,12,7,3.0
call_4285,40.71797096600005,-73.98612368299996,50P1,50P1,2025-07-04T13:25:00.000000,911_calls,2025-07-04 13:25:00,Friday,13,7,3.0
call_4286,40.68351995100005,-73.97706286199997,75S,75S,2025-07-03T14:26:00.000000,911_calls,2025-07-03 14:26:00,Thursday,14,7,3.0
call_4287,40.77139972900005,-73.98215925199997,54U1,54U1,2025-07-02T15:27:00.000000,911_calls,2025-07-02 15:27:00,Wednesday,15,7,3.0
call_4288,40.74798569200004,-74.00089288399994,52D1,52D1,2025-07-01T16:28:00.000000,911_calls,2025-07-01 16:28:00,Tuesday,16,7,3.0
call_4289,40.61127618800003,-73.96261981499998,34Q6,34Q6,2025-06-30T17:29:00.000000,911_calls,2025-06-30 17:29:00,Monday,17,6,3.0
call_4290,40.796341237000036,-73.94119981599994,75D,75D,2025-07-29T18:30:00.000000,911_calls,2025-07-29 18:30:00,Tuesday,18,7,3.0
call_4291,40.79806922100005,-73.94431885599994,75D,75D,2025-07-28T19:31:00.000000,911_calls,2025-07-28 19:31:00,Monday,19,7,3.0
call_4292,40.75185030700004,-73.87427284099994,34Q1,34Q1,2025-07-27T20:32:00.000000,911_calls,2025-07-27 20:32:00,Sunday,20,7,3.0
call_4293,40.57628456500004,-73.98139061299997,75S,75S,2025-07-26T21:33:00.000000,911_calls,2025-07-26 21:33:00,Saturday,21,7,3.0
call_4294,40.86227885900007,-73.92052734099997,10P2,10P2,2025-07-25T22:34:00.000000,911_calls,2025-07-25 22:34:00,Friday,22,7,3.0
call_4295,40.61929902300005,-73.98656563599997,39H1,39H1,2025-07-24T23:35:00.000000,911_calls,2025-07-24 23:35:00,Thursday,23,7,3.0
call_4296,40.721574160000046,-73.84390324699996,75S,75S,2025-07-23T00:36:00.000000,911_calls,2025-07-23 00:36:00,Wednesday,0,7,3.0
call_4297,40.67507057200004,-73.93749973899997,10Y3,10Y3,2025-07-22T01:37:00.000000,911_calls,2025-07-22 01:37:00,Tuesday,1,7,3.0
call_4298,40.65030598200008,-73.95934374799998,10Y3,10Y3,2025-07-21T02:38:00.000000,911_calls,2025-07-21 02:38:00,Monday,2,7,3.0
call_4299,40.67669645500007,-73.82259340399997,24Q2,24Q2,2025-07-20T03:39:00.000000,911_calls,2025-07-20 03:39:00,Sunday,3,7,3.0
call_4300,40.75346407600006,-73.99439974299997,54S1,54S1,2025-07-19T04:40:00.000000,911_calls,2025-07-19 04:40:00,Saturday,4,7,3.0
call_4301,40.85127137100005,-73.90443358399995,32Q9,32Q9,2025-07-18T05:41:00.000000,911_calls,2025-07-18 05:41:00,Friday,5,7,3.0
call_4302,40.79958152300003,-73.93881674599999,10H2,10H2,2025-07-17T06:42:00.000000,911_calls,2025-07-17 06:42:00,Thursday,6,7,3.0
call_4303,40.698855309000066,-73.95156040199998,54U1,54U1,2025-07-16T07:43:00.000000,911_calls,2025-07-16 07:43:00,Wednesday,7,7,3.0
call_4304,40.84646642200005,-73.90238750899994,11C4,11C4,2025-07-15T08:44:00.000000,911_calls,2025-07-15 08:44:00,Tuesday,8,7,3.0
call_4305,40.69240388700007,-73.99007040599997,75S,75S,2025-07-14T09:45:00.000000,911_calls,2025-07-14 09:45:00,Monday,9,7,3.0
call_4306,40.74563068700007,-73.99824751199998,52D2,52D2,2025-07-13T10:46:00.000000,911_calls,2025-07-13 10:46:00,Sunday,10,7,3.0
call_4307,40.798285226000075,-73.96267373099994,68Q1,68Q1,2025-07-12T11:47:00.000000,911_calls,2025-07-12 11:47:00,Saturday,11,7,3.0
call_4308,40.755025653000075,-73.99140739099994,52D1,52D1,2025-07-11T12:48:00.000000,911_calls,2025-07-11 12:48:00,Friday,12,7,3.0
call_4309,40.70278733300006,-73.77919412599994,52D6,52D6,2025-07-10T13:49:00.000000,911_calls,2025-07-10 13:49:00,Thursday,13,7,3.0
call_4310,40.674961676000066,-73.97671611199996,22Q1,22Q1,2025-07-09T14:50:00.000000,911_calls,2025-07-09 14:50:00,Wednesday,14,7,3.0
call_4311,40.84164276700005,-73.94106580999994,10H1,10H1,2025-07-08T15:51:00.000000,911_calls,2025-07-08 15:51:00,Tuesday,15,7,3.0
call_4312,40.86869150700005,-73.91807914499998,10H1,10H1,2025-07-07T16:52:00.000000,911_calls,2025-07-07 16:52:00,Monday,16,7,3.0
call_4313,40.67039952700003,-73.95662425699999,75S,75S,2025-07-06T17:53:00.000000,911_calls,2025-07-06 17:53:00,Sunday,17,7,3.0
call_4314,40.69226368000005,-73.98774453499993,75S,75S,2025-07-05T18:54:00.000000,911_calls,2025-07-05 18:54:00,Saturday,18,7,3.0
call_4315,40.86604021200003,-73.89452046199995,75S,75S,2025-07-04T19:55:00.000000,911_calls,2025-07-04 19:55:00,Friday,19,7,3.0
call_4316,40.69644402500006,-73.93248142599998,68Q1,68Q1,2025-07-03T20:56:00.000000,911_calls,2025-07-03 20:56:00,Thursday,20,7,3.0
call_4317,40.82178864600007,-73.94923082799994,53H,53H,2025-07-02T21:57:00.000000,911_calls,2025-07-02 21:57:00,Wednesday,21,7,3.0
call_4318,40.718204713000034,-73.99047781099995,39T1,39T1,2025-07-01T22:58:00.000000,911_calls,2025-07-01 22:58:00,Tuesday,22,7,3.0
call_4319,40.75986975500007,-73.82897041199993,75S,75S,2025-06-30T23:59:00.000000,911_calls,2025-06-30 23:59:00,Monday,23,6,3.0
call_4320,40.75804408300007,-73.97019701999994,54E9,54E9,2025-07-29T00:00:00.000000,911_calls,2025-07-29 00:00:00,Tuesday,0,7,3.0
call_4321,40.75804408300007,-73.97019701999994,54E9,54E9,2025-07-28T01:01:00.000000,911_calls,2025-07-28 01:01:00,Monday,1,7,3.0
call_4322,40.81950579000005,-73.90321467399997,30Q2,30Q2,2025-07-27T02:02:00.000000,911_calls,2025-07-27 02:02:00,Sunday,2,7,3.0
call_4323,40.838189337000074,-73.85177909199996,54E1,54E1,2025-07-26T03:03:00.000000,911_calls,2025-07-26 03:03:00,Saturday,3,7,3.0
call_4324,40.75417102900008,-73.98250314699999,75S,75S,2025-07-25T04:04:00.000000,911_calls,2025-07-25 04:04:00,Friday,4,7,3.0
call_4325,40.771711194000034,-73.95624778399997,50P1,50P1,2025-07-24T05:05:00.000000,911_calls,2025-07-24 05:05:00,Thursday,5,7,3.0
call_4326,40.69121477200008,-73.98438756299998,54U1,54U1,2025-07-23T06:06:00.000000,911_calls,2025-07-23 06:06:00,Wednesday,6,7,3.0
call_4327,40.84164276700005,-73.94106580999994,54E1,54E1,2025-07-22T07:07:00.000000,911_calls,2025-07-22 07:07:00,Tuesday,7,7,3.0
call_4328,40.84164276700005,-73.94106580999994,54E1,54E1,2025-07-21T08:08:00.000000,911_calls,2025-07-21 08:08:00,Monday,8,7,3.0
call_4329,40.69587057700005,-73.92401097199996,68Q1,68Q1,2025-07-20T09:09:00.000000,911_calls,2025-07-20 09:09:00,Sunday,9,7,3.0
call_4330,40.66508262600007,-73.99307707399998,75S,75S,2025-07-19T10:10:00.000000,911_calls,2025-07-19 10:10:00,Saturday,10,7,3.0
call_4331,40.83859169200008,-73.87645799799998,53I,53I,2025-07-18T11:11:00.000000,911_calls,2025-07-18 11:11:00,Friday,11,7,3.0
call_4332,40.67348925600004,-73.88958328199993,56S,56S,2025-07-17T12:12:00.000000,911_calls,2025-07-17 12:12:00,Thursday,12,7,3.0
call_4333,40.854446635000045,-73.89456776599997,10F1,10F1,2025-07-16T13:13:00.000000,911_calls,2025-07-16 13:13:00,Wednesday,13,7,3.0
call_4334,40.80719918600005,-73.91835350199995,10H2,10H2,2025-07-15T14:14:00.000000,911_calls,2025-07-15 14:14:00,Tuesday,14,7,3.0
call_4335,40.67763976500004,-74.00985818099997,11C4,11C4,2025-07-14T15:15:00.000000,911_calls,2025-07-14 15:15:00,Monday,15,7,3.0
call_4336,40.82100441500006,-73.89092463699996,39Q9,39Q9,2025-07-13T16:16:00.000000,911_calls,2025-07-13 16:16:00,Sunday,16,7,3.0
call_4337,40.69996545200007,-73.98730313199997,34Q1,34Q1,2025-07-12T17:17:00.000000,911_calls,2025-07-12 17:17:00,Saturday,17,7,3.0
call_4338,40.75959435100003,-73.98065717699996,75S,75S,2025-07-11T18:18:00.000000,911_calls,2025-07-11 18:18:00,Friday,18,7,3.0
call_4339,40.67640377300006,-73.89803260399998,54U1,54U1,2025-07-10T19:19:00.000000,911_calls,2025-07-10 19:19:00,Thursday,19,7,3.0
call_4340,40.715979412000024,-73.81206006799994,67S8,67S8,2025-07-09T20:20:00.000000,911_calls,2025-07-09 20:20:00,Wednesday,20,7,3.0
call_4341,40.583915545000025,-73.97035392299995,68Q2,68Q2,2025-07-08T21:21:00.000000,911_calls,2025-07-08 21:21:00,Tuesday,21,7,3.0
call_4342,40.81133009200005,-73.92666076599994,75S,75S,2025-07-07T22:22:00.000000,911_calls,2025-07-07 22:22:00,Monday,22,7,3.0
call_4343,40.845316301000025,-73.90228438099996,10H1,10H1,2025-07-06T23:23:00.000000,911_calls,2025-07-06 23:23:00,Sunday,23,7,3.0
call_4344,40.84030289200007,-73.91787557399994,75M,75M,2025-07-05T00:24:00.000000,911_calls,2025-07-05 00:24:00,Saturday,0,7,3.0
call_4345,40.747399795000035,-73.88625236599995,52D1,52D1,2025-07-04T01:25:00.000000,911_calls,2025-07-04 01:25:00,Friday,1,7,3.0
call_4346,40.60274595100003,-73.75007786499998,54S1,54S1,2025-07-03T02:26:00.000000,911_calls,2025-07-03 02:26:00,Thursday,2,7,3.0
call_4347,40.85090584200003,-73.89443240799994,10H1,10H1,2025-07-02T03:27:00.000000,911_calls,2025-07-02 03:27:00,Wednesday,3,7,3.0
call_4348,40.750664208000046,-73.99086657499998,75Z,75Z,2025-07-01T04:28:00.000000,911_calls,2025-07-01 04:28:00,Tuesday,4,7,3.0
call_4349,40.70090904500006,-73.94117578999999,68Q9,68Q9,2025-06-30T05:29:00.000000,911_calls,2025-06-30 05:29:00,Monday,5,6,3.0
call_4350,40.64498150400004,-74.07732129999994,68Q1,68Q1,2025-07-29T06:30:00.000000,911_calls,2025-07-29 06:30:00,Tuesday,6,7,3.0
call_4351,40.74921764000004,-73.86894352899998,75S,75S,2025-07-28T07:31:00.000000,911_calls,2025-07-28 07:31:00,Monday,7,7,3.0
call_4352,40.821181902000035,-73.91237124699995,54U1,54U1,2025-07-27T08:32:00.000000,911_calls,2025-07-27 08:32:00,Sunday,8,7,3.0
call_4353,40.70042942600003,-73.80820890199993,75S,75S,2025-07-26T09:33:00.000000,911_calls,2025-07-26 09:33:00,Saturday,9,7,3.0
call_4354,40.67402249400004,-74.00428784599995,68Q1,68Q1,2025-07-25T10:34:00.000000,911_calls,2025-07-25 10:34:00,Friday,10,7,3.0
call_4355,40.71465309600006,-74.00816464399998,54S9,54S9,2025-07-24T11:35:00.000000,911_calls,2025-07-24 11:35:00,Thursday,11,7,3.0
call_4356,40.77173011900004,-73.91608997899993,52D6,52D6,2025-07-23T12:36:00.000000,911_calls,2025-07-23 12:36:00,Wednesday,12,7,3.0
call_4357,40.69366726100003,-73.94451782999994,54E1,54E1,2025-07-22T13:37:00.000000,911_calls,2025-07-22 13:37:00,Tuesday,13,7,3.0
call_4358,40.69366726100003,-73.94451782999994,54E1,54E1,2025-07-21T14:38:00.000000,911_calls,2025-07-21 14:38:00,Monday,14,7,3.0
call_4359,40.67039952700003,-73.95662425699999,75S,75S,2025-07-20T15:39:00.000000,911_calls,2025-07-20 15:39:00,Sunday,15,7,3.0
call_4360,40.822368382000036,-73.95061419799998,54E1,54E1,2025-07-19T16:40:00.000000,911_calls,2025-07-19 16:40:00,Saturday,16,7,3.0
call_4361,40.822368382000036,-73.95061419799998,54E1,54E1,2025-07-18T17:41:00.000000,911_calls,2025-07-18 17:41:00,Friday,17,7,3.0
call_4362,40.83721859800005,-73.90797731499998,75D,75D,2025-07-17T18:42:00.000000,911_calls,2025-07-17 18:42:00,Thursday,18,7,3.0
call_4363,40.82729905000008,-73.86584124299998,10H1,10H1,2025-07-16T19:43:00.000000,911_calls,2025-07-16 19:43:00,Wednesday,19,7,3.0
call_4364,40.713775062000025,-73.99983551599996,54U2,54U2,2025-07-15T20:44:00.000000,911_calls,2025-07-15 20:44:00,Tuesday,20,7,3.0
call_4365,40.83086041200005,-73.90288739199997,54S1,54S1,2025-07-14T21:45:00.000000,911_calls,2025-07-14 21:45:00,Monday,21,7,3.0
call_4366,40.674326206000046,-73.97049759599997,75Z,75Z,2025-07-13T22:46:00.000000,911_calls,2025-07-13 22:46:00,Sunday,22,7,3.0
call_4367,40.747555100000056,-73.94445129999997,54S9,54S9,2025-07-12T23:47:00.000000,911_calls,2025-07-12 23:47:00,Saturday,23,7,3.0
call_4368,40.60274595100003,-73.75007786499998,54I1,54I1,2025-07-11T00:48:00.000000,911_calls,2025-07-11 00:48:00,Friday,0,7,3.0
call_4369,40.85175371300005,-73.93492996499998,68Q1,68Q1,2025-07-10T01:49:00.000000,911_calls,2025-07-10 01:49:00,Thursday,1,7,3.0
call_4370,40.613058583000054,-74.07880066199994,52D6,52D6,2025-07-09T02:50:00.000000,911_calls,2025-07-09 02:50:00,Wednesday,2,7,3.0
call_4371,40.866477908000036,-73.92839322799995,52K2,52K2,2025-07-08T03:51:00.000000,911_calls,2025-07-08 03:51:00,Tuesday,3,7,3.0
call_4372,40.69226368000005,-73.98774453499993,75S,75S,2025-07-07T04:52:00.000000,911_calls,2025-07-07 04:52:00,Monday,4,7,3.0
call_4373,40.60468351900005,-73.75376916499994,52D2,52D2,2025-07-06T05:53:00.000000,911_calls,2025-07-06 05:53:00,Sunday,5,7,3.0
call_4374,40.860206223000034,-73.89289205499995,75D,75D,2025-07-05T06:54:00.000000,911_calls,2025-07-05 06:54:00,Saturday,6,7,3.0
call_4375,40.758562693000044,-73.86584612899998,52D6,52D6,2025-07-04T07:55:00.000000,911_calls,2025-07-04 07:55:00,Friday,7,7,3.0
call_4376,40.600351921000026,-74.18997244899998,11C4,11C4,2025-07-03T08:56:00.000000,911_calls,2025-07-03 08:56:00,Thursday,8,7,3.0
call_4377,40.83014475200008,-73.89137579699997,75T,75T,2025-07-02T09:57:00.000000,911_calls,2025-07-02 09:57:00,Wednesday,9,7,3.0
call_4378,40.62823634600005,-73.94280335699995,53X,53X,2025-07-01T10:58:00.000000,911_calls,2025-07-01 10:58:00,Tuesday,10,7,3.0
call_4379,40.62823634600005,-73.94280335699995,53X,53X,2025-06-30T11:59:00.000000,911_calls,2025-06-30 11:59:00,Monday,11,6,3.0
call_4380,40.75986975500007,-73.82897041199993,75S,75S,2025-07-29T12:00:00.000000,911_calls,2025-07-29 12:00:00,Tuesday,12,7,3.0
call_4381,40.75664204200007,-73.98837157699995,75S,75S,2025-07-28T13:01:00.000000,911_calls,2025-07-28 13:01:00,Monday,13,7,3.0
call_4382,40.62628194800004,-73.96254656699995,53S,53S,2025-07-27T14:02:00.000000,911_calls,2025-07-27 14:02:00,Sunday,14,7,3.0
call_4383,40.66745730700006,-73.91698174399994,53S,53S,2025-07-26T15:03:00.000000,911_calls,2025-07-26 15:03:00,Saturday,15,7,3.0
call_4384,40.61368149100008,-74.15867115199995,54E1,54E1,2025-07-25T16:04:00.000000,911_calls,2025-07-25 16:04:00,Friday,16,7,3.0
call_4385,40.61368149100008,-74.15867115199995,54E1,54E1,2025-07-24T17:05:00.000000,911_calls,2025-07-24 17:05:00,Thursday,17,7,3.0
call_4386,40.802640491000034,-73.94707461199994,56S,56S,2025-07-23T18:06:00.000000,911_calls,2025-07-23 18:06:00,Wednesday,18,7,3.0
call_4387,40.63301541000004,-73.99481696499998,11C4,11C4,2025-07-22T19:07:00.000000,911_calls,2025-07-22 19:07:00,Tuesday,19,7,3.0
call_4388,40.74381524100005,-73.87571709899998,22V2,22V2,2025-07-21T20:08:00.000000,911_calls,2025-07-21 20:08:00,Monday,20,7,3.0
call_4389,40.86222998100004,-73.89387937499998,10H2,10H2,2025-07-20T21:09:00.000000,911_calls,2025-07-20 21:09:00,Sunday,21,7,3.0
call_4390,40.832667763000075,-73.90121886299994,54S1,54S1,2025-07-19T22:10:00.000000,911_calls,2025-07-19 22:10:00,Saturday,22,7,3.0
call_4391,40.81334708700007,-73.93048428399999,75S,75S,2025-07-18T23:11:00.000000,911_calls,2025-07-18 23:11:00,Friday,23,7,3.0
call_4392,40.57758741600003,-73.97633607099993,54S1,54S1,2025-07-17T00:12:00.000000,911_calls,2025-07-17 00:12:00,Thursday,0,7,3.0
call_4393,40.67432519700003,-73.80092601399997,53S8,53S8,2025-07-16T01:13:00.000000,911_calls,2025-07-16 01:13:00,Wednesday,1,7,3.0
call_4394,40.86750339100007,-73.89480015399994,39H1,39H1,2025-07-15T02:14:00.000000,911_calls,2025-07-15 02:14:00,Tuesday,2,7,3.0
call_4395,40.866572474000066,-73.91790098199994,54C1,54C1,2025-07-14T03:15:00.000000,911_calls,2025-07-14 03:15:00,Monday,3,7,3.0
call_4396,40.720714764000036,-73.82644817999994,53D8,53D8,2025-07-13T04:16:00.000000,911_calls,2025-07-13 04:16:00,Sunday,4,7,3.0
call_4397,40.849727216000076,-73.90578765199996,75S,75S,2025-07-12T05:17:00.000000,911_calls,2025-07-12 05:17:00,Saturday,5,7,3.0
call_4398,40.785216372000036,-73.94029242799996,10Y8,10Y8,2025-07-11T06:18:00.000000,911_calls,2025-07-11 06:18:00,Friday,6,7,3.0
call_4399,40.645359778000056,-74.07807126599994,39T1,39T1,2025-07-10T07:19:00.000000,911_calls,2025-07-10 07:19:00,Thursday,7,7,3.0
call_4400,40.83114299400006,-73.81692386199995,68Q1,68Q1,2025-07-09T08:20:00.000000,911_calls,2025-07-09 08:20:00,Wednesday,8,7,3.0
call_4401,40.556529717000046,-74.16411702599999,22Q1,22Q1,2025-07-08T09:21:00.000000,911_calls,2025-07-08 09:21:00,Tuesday,9,7,3.0
call_4402,40.714080712000055,-73.83203139599993,10H1,10H1,2025-07-07T10:22:00.000000,911_calls,2025-07-07 10:22:00,Monday,10,7,3.0
call_4403,40.71435656400007,-73.83109642699998,53D8,53D8,2025-07-06T11:23:00.000000,911_calls,2025-07-06 11:23:00,Sunday,11,7,3.0
call_4404,40.69429156900003,-73.98373773599997,68Q1,68Q1,2025-07-05T12:24:00.000000,911_calls,2025-07-05 12:24:00,Saturday,12,7,3.0
call_4405,40.86092831600007,-73.92030842899999,39Q1,39Q1,2025-07-04T13:25:00.000000,911_calls,2025-07-04 13:25:00,Friday,13,7,3.0
call_4406,40.754624281000076,-73.94183580099997,10N9,10N9,2025-07-03T14:26:00.000000,911_calls,2025-07-03 14:26:00,Thursday,14,7,3.0
call_4407,40.87434473600007,-73.83707573799995,54C3,54C3,2025-07-02T15:27:00.000000,911_calls,2025-07-02 15:27:00,Wednesday,15,7,3.0
call_4408,40.87434473600007,-73.83707573799995,54C3,54C3,2025-07-01T16:28:00.000000,911_calls,2025-07-01 16:28:00,Tuesday,16,7,3.0
call_4409,40.691103257000066,-73.91287755399998,22Q2,22Q2,2025-06-30T17:29:00.000000,911_calls,2025-06-30 17:29:00,Monday,17,6,3.0
call_4410,40.79054035300004,-73.97579091199998,54R1,54R1,2025-07-29T18:30:00.000000,911_calls,2025-07-29 18:30:00,Tuesday,18,7,3.0
call_4411,40.79054035300004,-73.97579091199998,54R1,54R1,2025-07-28T19:31:00.000000,911_calls,2025-07-28 19:31:00,Monday,19,7,3.0
call_4412,40.74710919000006,-73.88384204599998,22Q1,22Q1,2025-07-27T20:32:00.000000,911_calls,2025-07-27 20:32:00,Sunday,20,7,3.0
call_4413,40.69974268200008,-73.91142368699997,75S,75S,2025-07-26T21:33:00.000000,911_calls,2025-07-26 21:33:00,Saturday,21,7,3.0
call_4414,40.691500209000026,-73.86606760299998,56S9,56S9,2025-07-25T22:34:00.000000,911_calls,2025-07-25 22:34:00,Friday,22,7,3.0
call_4415,40.70049530800003,-73.90195567299997,52D6,52D6,2025-07-24T23:35:00.000000,911_calls,2025-07-24 23:35:00,Thursday,23,7,3.0
call_4416,40.57628456500004,-73.98139061299997,75S,75S,2025-07-23T00:36:00.000000,911_calls,2025-07-23 00:36:00,Wednesday,0,7,3.0
call_4417,40.63780446800007,-73.94237719699998,31R,31R,2025-07-22T01:37:00.000000,911_calls,2025-07-22 01:37:00,Tuesday,1,7,3.0
call_4418,40.82015204000004,-73.85042104799999,24Q1,24Q1,2025-07-21T02:38:00.000000,911_calls,2025-07-21 02:38:00,Monday,2,7,3.0
call_4419,40.764488811000035,-73.98451117699994,32Q1,32Q1,2025-07-20T03:39:00.000000,911_calls,2025-07-20 03:39:00,Sunday,3,7,3.0
call_4420,40.70779591300004,-74.01558675099994,53S,53S,2025-07-19T04:40:00.000000,911_calls,2025-07-19 04:40:00,Saturday,4,7,3.0
call_4421,40.79512950600008,-73.96496525899994,53I,53I,2025-07-18T05:41:00.000000,911_calls,2025-07-18 05:41:00,Friday,5,7,3.0
call_4422,40.66511417600003,-73.89167337799995,21R,21R,2025-07-17T06:42:00.000000,911_calls,2025-07-17 06:42:00,Thursday,6,7,3.0
call_4423,40.718616643000075,-73.99359459799996,75S,75S,2025-07-16T07:43:00.000000,911_calls,2025-07-16 07:43:00,Wednesday,7,7,3.0
call_4424,40.829374855000026,-73.90879396599996,39H1,39H1,2025-07-15T08:44:00.000000,911_calls,2025-07-15 08:44:00,Tuesday,8,7,3.0
call_4425,40.81612232700007,-73.89775711899995,54U1,54U1,2025-07-14T09:45:00.000000,911_calls,2025-07-14 09:45:00,Monday,9,7,3.0
call_4426,40.72316928300006,-73.98412753799994,52D1,52D1,2025-07-13T10:46:00.000000,911_calls,2025-07-13 10:46:00,Sunday,10,7,3.0
call_4427,40.67238430900005,-73.93912809399995,24Q1,24Q1,2025-07-12T11:47:00.000000,911_calls,2025-07-12 11:47:00,Saturday,11,7,3.0
call_4428,40.67110347200003,-73.87814169599994,10H1,10H1,2025-07-11T12:48:00.000000,911_calls,2025-07-11 12:48:00,Friday,12,7,3.0
call_4429,40.82786013700007,-73.87417980899994,34W6,34W6,2025-07-10T13:49:00.000000,911_calls,2025-07-10 13:49:00,Thursday,13,7,3.0
call_4430,40.83751338700006,-73.88754747599995,75T,75T,2025-07-09T14:50:00.000000,911_calls,2025-07-09 14:50:00,Wednesday,14,7,3.0
call_4431,40.66191332100004,-73.89717527999994,39H1,39H1,2025-07-08T15:51:00.000000,911_calls,2025-07-08 15:51:00,Tuesday,15,7,3.0
call_4432,40.82787166500003,-73.86495842199997,52D6,52D6,2025-07-07T16:52:00.000000,911_calls,2025-07-07 16:52:00,Monday,16,7,3.0
call_4433,40.79826674700007,-73.93375785399996,10H1,10H1,2025-07-06T17:53:00.000000,911_calls,2025-07-06 17:53:00,Sunday,17,7,3.0
call_4434,40.76760643000006,-73.98173427399996,75O,75O,2025-07-05T18:54:00.000000,911_calls,2025-07-05 18:54:00,Saturday,18,7,3.0
call_4435,40.75273446700004,-73.97654816699998,75T,75T,2025-07-04T19:55:00.000000,911_calls,2025-07-04 19:55:00,Friday,19,7,3.0
call_4436,40.684461543000054,-73.97775120999995,50P1,50P1,2025-07-03T20:56:00.000000,911_calls,2025-07-03 20:56:00,Thursday,20,7,3.0
call_4437,40.75273446700004,-73.97654816699998,75T,75T,2025-07-02T21:57:00.000000,911_calls,2025-07-02 21:57:00,Wednesday,21,7,3.0
call_4438,40.76189694400006,-73.96738686799995,75S,75S,2025-07-01T22:58:00.000000,911_calls,2025-07-01 22:58:00,Tuesday,22,7,3.0
call_4439,40.82100441500006,-73.89092463699996,75S,75S,2025-06-30T23:59:00.000000,911_calls,2025-06-30 23:59:00,Monday,23,6,3.0
call_4440,40.763517997000065,-73.87157227299997,39T1,39T1,2025-07-29T00:00:00.000000,911_calls,2025-07-29 00:00:00,Tuesday,0,7,3.0
call_4441,40.78864205700006,-73.94079132099995,10H2,10H2,2025-07-28T01:01:00.000000,911_calls,2025-07-28 01:01:00,Monday,1,7,3.0
call_4442,40.87297811800005,-73.86489574299998,22Q2,22Q2,2025-07-27T02:02:00.000000,911_calls,2025-07-27 02:02:00,Sunday,2,7,3.0
call_4443,40.68351995100005,-73.97706286199997,75S,75S,2025-07-26T03:03:00.000000,911_calls,2025-07-26 03:03:00,Saturday,3,7,3.0
call_4444,40.87745403900004,-73.86667299299995,54S9,54S9,2025-07-25T04:04:00.000000,911_calls,2025-07-25 04:04:00,Friday,4,7,3.0
call_4445,40.696778049000045,-73.94655639599995,29C,29C,2025-07-24T05:05:00.000000,911_calls,2025-07-24 05:05:00,Thursday,5,7,3.0
call_4446,40.78458061100008,-73.97171983199996,11R4,11R4,2025-07-23T06:06:00.000000,911_calls,2025-07-23 06:06:00,Wednesday,6,7,3.0
call_4447,40.689405478000026,-73.98111745299997,75Z,75Z,2025-07-22T07:07:00.000000,911_calls,2025-07-22 07:07:00,Tuesday,7,7,3.0
call_4448,40.83615310500005,-73.93075317499995,53S8,53S8,2025-07-21T08:08:00.000000,911_calls,2025-07-21 08:08:00,Monday,8,7,3.0
call_4449,40.68514493500004,-73.97746253099996,75M,75M,2025-07-20T09:09:00.000000,911_calls,2025-07-20 09:09:00,Sunday,9,7,3.0
call_4450,40.87384208000003,-73.90569563099996,53I8,53I8,2025-07-19T10:10:00.000000,911_calls,2025-07-19 10:10:00,Saturday,10,7,3.0
call_4451,40.87384208000003,-73.90569563099996,53I8,53I8,2025-07-18T11:11:00.000000,911_calls,2025-07-18 11:11:00,Friday,11,7,3.0
call_4452,40.719231007000076,-73.98785862399995,39C2,39C2,2025-07-17T12:12:00.000000,911_calls,2025-07-17 12:12:00,Thursday,12,7,3.0
call_4453,40.59404891600008,-73.75320345499995,52D6,52D6,2025-07-16T13:13:00.000000,911_calls,2025-07-16 13:13:00,Wednesday,13,7,3.0
call_4454,40.81602577600006,-73.91773211999998,75S,75S,2025-07-15T14:14:00.000000,911_calls,2025-07-15 14:14:00,Tuesday,14,7,3.0
call_4455,40.690563893000046,-73.98187797899999,75S,75S,2025-07-14T15:15:00.000000,911_calls,2025-07-14 15:15:00,Monday,15,7,3.0
call_4456,40.74135709900003,-73.99764858199995,56S9,56S9,2025-07-13T16:16:00.000000,911_calls,2025-07-13 16:16:00,Sunday,16,7,3.0
call_4457,40.67974233800004,-73.99107457999997,40V,40V,2025-07-12T17:17:00.000000,911_calls,2025-07-12 17:17:00,Saturday,17,7,3.0
call_4458,40.643592108000064,-74.07396131599995,75D,75D,2025-07-11T18:18:00.000000,911_calls,2025-07-11 18:18:00,Friday,18,7,3.0
call_4459,40.815253408000046,-73.92413116599994,56S,56S,2025-07-10T19:19:00.000000,911_calls,2025-07-10 19:19:00,Thursday,19,7,3.0
call_4460,40.74687305900005,-73.86142699599998,24Q1,24Q1,2025-07-09T20:20:00.000000,911_calls,2025-07-09 20:20:00,Wednesday,20,7,3.0
call_4461,40.75545687600004,-74.00223209299998,32P9,32P9,2025-07-08T21:21:00.000000,911_calls,2025-07-08 21:21:00,Tuesday,21,7,3.0
call_4462,40.705628483000055,-73.81014159699998,75S,75S,2025-07-07T22:22:00.000000,911_calls,2025-07-07 22:22:00,Monday,22,7,3.0
call_4463,40.68415881400006,-73.91265586699996,68Q1,68Q1,2025-07-06T23:23:00.000000,911_calls,2025-07-06 23:23:00,Sunday,23,7,3.0
call_4464,40.75804408300007,-73.97019701999994,54S9,54S9,2025-07-05T00:24:00.000000,911_calls,2025-07-05 00:24:00,Saturday,0,7,3.0
call_4465,40.872834434000026,-73.91222001499995,68Q1,68Q1,2025-07-04T01:25:00.000000,911_calls,2025-07-04 01:25:00,Friday,1,7,3.0
call_4466,40.75593094100003,-73.82524831499995,29H1,29H1,2025-07-03T02:26:00.000000,911_calls,2025-07-03 02:26:00,Thursday,2,7,3.0
call_4467,40.76235479600007,-73.97653034099994,52D1,52D1,2025-07-02T03:27:00.000000,911_calls,2025-07-02 03:27:00,Wednesday,3,7,3.0
call_4468,40.80997832300005,-73.94377064399998,54C2,54C2,2025-07-01T04:28:00.000000,911_calls,2025-07-01 04:28:00,Tuesday,4,7,3.0
call_4469,40.86188352100004,-73.91278759999994,53I8,53I8,2025-06-30T05:29:00.000000,911_calls,2025-06-30 05:29:00,Monday,5,6,3.0
call_4470,40.612388413000076,-73.99894973799996,52D6,52D6,2025-07-29T06:30:00.000000,911_calls,2025-07-29 06:30:00,Tuesday,6,7,3.0
call_4471,40.85579908200003,-73.88800818699997,52D6,52D6,2025-07-28T07:31:00.000000,911_calls,2025-07-28 07:31:00,Monday,7,7,3.0
call_4472,40.82522502300003,-73.91626822399996,68Q1,68Q1,2025-07-27T08:32:00.000000,911_calls,2025-07-27 08:32:00,Sunday,8,7,3.0
call_4473,40.87119167800006,-73.90032278499996,52D6,52D6,2025-07-26T09:33:00.000000,911_calls,2025-07-26 09:33:00,Saturday,9,7,3.0
call_4474,40.88680259100005,-73.84687148999996,54U1,54U1,2025-07-25T10:34:00.000000,911_calls,2025-07-25 10:34:00,Friday,10,7,3.0
call_4475,40.816800597000054,-73.94724037699996,32Q1,32Q1,2025-07-24T11:35:00.000000,911_calls,2025-07-24 11:35:00,Thursday,11,7,3.0
call_4476,40.702916049000066,-73.80006160699998,75S,75S,2025-07-23T12:36:00.000000,911_calls,2025-07-23 12:36:00,Wednesday,12,7,3.0
call_4477,40.77475553000005,-73.73878129799994,54C1,54C1,2025-07-22T13:37:00.000000,911_calls,2025-07-22 13:37:00,Tuesday,13,7,3.0
call_4478,40.712362272000064,-73.89122505999995,11C4,11C4,2025-07-21T14:38:00.000000,911_calls,2025-07-21 14:38:00,Monday,14,7,3.0
call_4479,40.85683677900005,-73.91755873299996,53I8,53I8,2025-07-20T15:39:00.000000,911_calls,2025-07-20 15:39:00,Sunday,15,7,3.0
call_4480,40.642045454000026,-73.99014275699994,68Q1,68Q1,2025-07-19T16:40:00.000000,911_calls,2025-07-19 16:40:00,Saturday,16,7,3.0
call_4481,40.74980138800004,-73.86345646699993,10Y7,10Y7,2025-07-18T17:41:00.000000,911_calls,2025-07-18 17:41:00,Friday,17,7,3.0
call_4482,40.67214371100005,-73.92662996099995,50P1,50P1,2025-07-17T18:42:00.000000,911_calls,2025-07-17 18:42:00,Thursday,18,7,3.0
call_4483,40.81472856900007,-73.86379290799994,54E1,54E1,2025-07-16T19:43:00.000000,911_calls,2025-07-16 19:43:00,Wednesday,19,7,3.0
call_4484,40.81472856900007,-73.86379290799994,54E1,54E1,2025-07-15T20:44:00.000000,911_calls,2025-07-15 20:44:00,Tuesday,20,7,3.0
call_4485,40.635505797000064,-73.97856738999997,75M,75M,2025-07-14T21:45:00.000000,911_calls,2025-07-14 21:45:00,Monday,21,7,3.0
call_4486,40.67906840200004,-73.90376820299997,75M,75M,2025-07-13T22:46:00.000000,911_calls,2025-07-13 22:46:00,Sunday,22,7,3.0
call_4487,40.70222446900004,-73.93241786699997,54S1,54S1,2025-07-12T23:47:00.000000,911_calls,2025-07-12 23:47:00,Saturday,23,7,3.0
call_4488,40.79714141100004,-73.82224714599994,21R,21R,2025-07-11T00:48:00.000000,911_calls,2025-07-11 00:48:00,Friday,0,7,3.0
call_4489,40.74082451100003,-73.97426085799998,68Q9,68Q9,2025-07-10T01:49:00.000000,911_calls,2025-07-10 01:49:00,Thursday,1,7,3.0
call_4490,40.659835679000025,-73.97919392699998,75S,75S,2025-07-09T02:50:00.000000,911_calls,2025-07-09 02:50:00,Wednesday,2,7,3.0
call_4491,40.57569211400005,-73.97035397299999,34Q2,34Q2,2025-07-08T03:51:00.000000,911_calls,2025-07-08 03:51:00,Tuesday,3,7,3.0
call_4492,40.86604021200003,-73.89452046199995,75S,75S,2025-07-07T04:52:00.000000,911_calls,2025-07-07 04:52:00,Monday,4,7,3.0
call_4493,40.872834434000026,-73.91222001499995,24K1,24K1,2025-07-06T05:53:00.000000,911_calls,2025-07-06 05:53:00,Sunday,5,7,3.0
call_4494,40.82959782000006,-73.89654757799997,75D,75D,2025-07-05T06:54:00.000000,911_calls,2025-07-05 06:54:00,Saturday,6,7,3.0
call_4495,40.55965916000008,-74.16578019999997,22Q1,22Q1,2025-07-04T07:55:00.000000,911_calls,2025-07-04 07:55:00,Friday,7,7,3.0
call_4496,40.86245242200005,-73.89704237599994,29H2,29H2,2025-07-03T08:56:00.000000,911_calls,2025-07-03 08:56:00,Thursday,8,7,3.0
call_4497,40.659835679000025,-73.97919392699998,68Q9,68Q9,2025-07-02T09:57:00.000000,911_calls,2025-07-02 09:57:00,Wednesday,9,7,3.0
call_4498,40.75952904400003,-73.98439682099996,52D6,52D6,2025-07-01T10:58:00.000000,911_calls,2025-07-01 10:58:00,Tuesday,10,7,3.0
call_4499,40.74200753400004,-74.00470001099995,11C4,11C4,2025-06-30T11:59:00.000000,911_calls,2025-06-30 11:59:00,Monday,11,6,3.0
call_4500,40.64386676600003,-73.88876027399994,68Q1,68Q1,2025-07-29T12:00:00.000000,911_calls,2025-07-29 12:00:00,Tuesday,12,7,3.0
call_4501,40.68413233900003,-73.97863829699997,75S,75S,2025-07-28T13:01:00.000000,911_calls,2025-07-28 13:01:00,Monday,13,7,3.0
call_4502,40.685063298000046,-73.87050105599997,10H1,10H1,2025-07-27T14:02:00.000000,911_calls,2025-07-27 14:02:00,Sunday,14,7,3.0
call_4503,40.70477719100006,-73.80335617499998,54C1,54C1,2025-07-26T15:03:00.000000,911_calls,2025-07-26 15:03:00,Saturday,15,7,3.0
call_4504,40.582837246000054,-73.98758820499995,11C4,11C4,2025-07-25T16:04:00.000000,911_calls,2025-07-25 16:04:00,Friday,16,7,3.0
call_4505,40.70974283500004,-74.00626316399996,11A9,11A9,2025-07-24T17:05:00.000000,911_calls,2025-07-24 17:05:00,Thursday,17,7,3.0
call_4506,40.86632136000003,-73.88707575299998,30R,30R,2025-07-23T18:06:00.000000,911_calls,2025-07-23 18:06:00,Wednesday,18,7,3.0
call_4507,40.67707353600008,-73.98319394199996,75T,75T,2025-07-22T19:07:00.000000,911_calls,2025-07-22 19:07:00,Tuesday,19,7,3.0
call_4508,40.74921764000004,-73.86894352899998,75S,75S,2025-07-21T20:08:00.000000,911_calls,2025-07-21 20:08:00,Monday,20,7,3.0
call_4509,40.66483511500007,-73.94818601299994,68Q1,68Q1,2025-07-20T21:09:00.000000,911_calls,2025-07-20 21:09:00,Sunday,21,7,3.0
call_4510,40.72123681100004,-73.98300242599998,10H2,10H2,2025-07-19T22:10:00.000000,911_calls,2025-07-19 22:10:00,Saturday,22,7,3.0
call_4511,40.77352982800005,-73.95337268199995,10H1,10H1,2025-07-18T23:11:00.000000,911_calls,2025-07-18 23:11:00,Friday,23,7,3.0
call_4512,40.66720028800006,-73.98132920499995,75D,75D,2025-07-17T00:12:00.000000,911_calls,2025-07-17 00:12:00,Thursday,0,7,3.0
call_4513,40.74682740600008,-74.00108775399997,11C4,11C4,2025-07-16T01:13:00.000000,911_calls,2025-07-16 01:13:00,Wednesday,1,7,3.0
call_4514,40.83230928300003,-73.92443332999994,53D,53D,2025-07-15T02:14:00.000000,911_calls,2025-07-15 02:14:00,Tuesday,2,7,3.0
call_4515,40.72736955700003,-73.85753489799998,50G2,50G2,2025-07-14T03:15:00.000000,911_calls,2025-07-14 03:15:00,Monday,3,7,3.0
call_4516,40.76074603300003,-73.90591711999997,54E1,54E1,2025-07-13T04:16:00.000000,911_calls,2025-07-13 04:16:00,Sunday,4,7,3.0
call_4517,40.76074603300003,-73.90591711999997,54E1,54E1,2025-07-12T05:17:00.000000,911_calls,2025-07-12 05:17:00,Saturday,5,7,3.0
call_4518,40.85323938100004,-73.90787562599996,75S,75S,2025-07-11T06:18:00.000000,911_calls,2025-07-11 06:18:00,Friday,6,7,3.0
call_4519,40.90064728300007,-73.85144809199994,54U1,54U1,2025-07-10T07:19:00.000000,911_calls,2025-07-10 07:19:00,Thursday,7,7,3.0
call_4520,40.68995926000008,-73.97743926899994,24S1,24S1,2025-07-09T08:20:00.000000,911_calls,2025-07-09 08:20:00,Wednesday,8,7,3.0
call_4521,40.75664204200007,-73.98837157699995,75S,75S,2025-07-08T09:21:00.000000,911_calls,2025-07-08 09:21:00,Tuesday,9,7,3.0
call_4522,40.70070230500005,-73.80725239399999,75T,75T,2025-07-07T10:22:00.000000,911_calls,2025-07-07 10:22:00,Monday,10,7,3.0
call_4523,40.734895538000046,-73.98995943399996,68Q1,68Q1,2025-07-06T11:23:00.000000,911_calls,2025-07-06 11:23:00,Sunday,11,7,3.0
call_4524,40.860087315000044,-73.89491310799997,75D,75D,2025-07-05T12:24:00.000000,911_calls,2025-07-05 12:24:00,Saturday,12,7,3.0
call_4525,40.82259140200006,-73.87777757899994,22Q2,22Q2,2025-07-04T13:25:00.000000,911_calls,2025-07-04 13:25:00,Friday,13,7,3.0
call_4526,40.84658051700006,-73.78576854299996,52D2,52D2,2025-07-03T14:26:00.000000,911_calls,2025-07-03 14:26:00,Thursday,14,7,3.0
call_4527,40.75818996000004,-73.77753774699994,75D,75D,2025-07-02T15:27:00.000000,911_calls,2025-07-02 15:27:00,Wednesday,15,7,3.0
call_4528,40.62059217900003,-74.02699604499998,75D,75D,2025-07-01T16:28:00.000000,911_calls,2025-07-01 16:28:00,Tuesday,16,7,3.0
call_4529,40.69923522700003,-73.75333340299994,11R4,11R4,2025-06-30T17:29:00.000000,911_calls,2025-06-30 17:29:00,Monday,17,6,3.0
call_4530,40.75664204200007,-73.98837157699995,75S,75S,2025-07-29T18:30:00.000000,911_calls,2025-07-29 18:30:00,Tuesday,18,7,3.0
call_4531,40.70808919500007,-73.89778575699995,52D6,52D6,2025-07-28T19:31:00.000000,911_calls,2025-07-28 19:31:00,Monday,19,7,3.0
call_4532,40.75770902800008,-73.96042604299998,75D,75D,2025-07-27T20:32:00.000000,911_calls,2025-07-27 20:32:00,Sunday,20,7,3.0
call_4533,40.81646429700004,-73.89055634999994,10H1,10H1,2025-07-26T21:33:00.000000,911_calls,2025-07-26 21:33:00,Saturday,21,7,3.0
call_4534,40.747399795000035,-73.88625236599995,53S,53S,2025-07-25T22:34:00.000000,911_calls,2025-07-25 22:34:00,Friday,22,7,3.0
call_4535,40.63522503300004,-74.10664164299999,68Q1,68Q1,2025-07-24T23:35:00.000000,911_calls,2025-07-24 23:35:00,Thursday,23,7,3.0
call_4536,40.75804408300007,-73.97019701999994,54S9,54S9,2025-07-23T00:36:00.000000,911_calls,2025-07-23 00:36:00,Wednesday,0,7,3.0
call_4537,40.72622616500007,-73.75665738299995,75D,75D,2025-07-22T01:37:00.000000,911_calls,2025-07-22 01:37:00,Tuesday,1,7,3.0
call_4538,40.885618814000054,-73.86608159099995,54C3,54C3,2025-07-21T02:38:00.000000,911_calls,2025-07-21 02:38:00,Monday,2,7,3.0
call_4539,40.885618814000054,-73.86608159099995,54C3,54C3,2025-07-20T03:39:00.000000,911_calls,2025-07-20 03:39:00,Sunday,3,7,3.0
call_4540,40.66968264500008,-73.87146456599999,39V6,39V6,2025-07-19T04:40:00.000000,911_calls,2025-07-19 04:40:00,Saturday,4,7,3.0
call_4541,40.709811201000036,-73.84676949299995,39H2,39H2,2025-07-18T05:41:00.000000,911_calls,2025-07-18 05:41:00,Friday,5,7,3.0
call_4542,40.583921202000056,-74.09507512399995,50P1,50P1,2025-07-17T06:42:00.000000,911_calls,2025-07-17 06:42:00,Thursday,6,7,3.0
call_4543,40.65568192500007,-74.00291352099998,75D,75D,2025-07-16T07:43:00.000000,911_calls,2025-07-16 07:43:00,Wednesday,7,7,3.0
call_4544,40.678238976000046,-73.90992721499998,22V2,22V2,2025-07-15T08:44:00.000000,911_calls,2025-07-15 08:44:00,Tuesday,8,7,3.0
call_4545,40.66646466200007,-73.90410359499998,75D,75D,2025-07-14T09:45:00.000000,911_calls,2025-07-14 09:45:00,Monday,9,7,3.0
call_4546,40.76983029100006,-73.98619230399999,39T1,39T1,2025-07-13T10:46:00.000000,911_calls,2025-07-13 10:46:00,Sunday,10,7,3.0
call_4547,40.669051068000044,-73.90182525899996,75S,75S,2025-07-12T11:47:00.000000,911_calls,2025-07-12 11:47:00,Saturday,11,7,3.0
call_4548,40.64579935100005,-73.91113854899999,75D,75D,2025-07-11T12:48:00.000000,911_calls,2025-07-11 12:48:00,Friday,12,7,3.0
call_4549,40.85128045400006,-73.90546374799999,52D6,52D6,2025-07-10T13:49:00.000000,911_calls,2025-07-10 13:49:00,Thursday,13,7,3.0
call_4550,40.82974707600005,-73.90746369299995,54Q1,54Q1,2025-07-09T14:50:00.000000,911_calls,2025-07-09 14:50:00,Wednesday,14,7,3.0
call_4551,40.81987006300005,-73.90229645499994,22Q2,22Q2,2025-07-08T15:51:00.000000,911_calls,2025-07-08 15:51:00,Tuesday,15,7,3.0
call_4552,40.63433833900007,-73.95602078899998,11R4,11R4,2025-07-07T16:52:00.000000,911_calls,2025-07-07 16:52:00,Monday,16,7,3.0
call_4553,40.62598702400004,-74.15622191499995,39H1,39H1,2025-07-06T17:53:00.000000,911_calls,2025-07-06 17:53:00,Sunday,17,7,3.0
call_4554,40.67358617000008,-73.93846727799996,68Q1,68Q1,2025-07-05T18:54:00.000000,911_calls,2025-07-05 18:54:00,Saturday,18,7,3.0
call_4555,40.82638785000006,-73.84817039199999,54C1,54C1,2025-07-04T19:55:00.000000,911_calls,2025-07-04 19:55:00,Friday,19,7,3.0
call_4556,40.75417102900008,-73.98250314699999,75S,75S,2025-07-03T20:56:00.000000,911_calls,2025-07-03 20:56:00,Thursday,20,7,3.0
call_4557,40.748840194000024,-73.87257502599994,54U2,54U2,2025-07-02T21:57:00.000000,911_calls,2025-07-02 21:57:00,Wednesday,21,7,3.0
call_4558,40.84858283500006,-73.90267717899997,52D1,52D1,2025-07-01T22:58:00.000000,911_calls,2025-07-01 22:58:00,Tuesday,22,7,3.0
call_4559,40.75456728900008,-73.85529303799996,34W6,34W6,2025-06-30T23:59:00.000000,911_calls,2025-06-30 23:59:00,Monday,23,6,3.0
call_4560,40.89624880200006,-73.87573231199997,29H1,29H1,2025-07-29T00:00:00.000000,911_calls,2025-07-29 00:00:00,Tuesday,0,7,3.0
call_4561,40.66679569100006,-73.89651170599996,10Y3,10Y3,2025-07-28T01:01:00.000000,911_calls,2025-07-28 01:01:00,Monday,1,7,3.0
call_4562,40.668883566000034,-73.98655204599999,75D,75D,2025-07-27T02:02:00.000000,911_calls,2025-07-27 02:02:00,Sunday,2,7,3.0
call_4563,40.678812065000045,-73.85771433899998,75M,75M,2025-07-26T03:03:00.000000,911_calls,2025-07-26 03:03:00,Saturday,3,7,3.0
call_4564,40.74164299600005,-73.81209232999998,21R,21R,2025-07-25T04:04:00.000000,911_calls,2025-07-25 04:04:00,Friday,4,7,3.0
call_4565,40.746778386000074,-73.94455660799997,75D,75D,2025-07-24T05:05:00.000000,911_calls,2025-07-24 05:05:00,Thursday,5,7,3.0
call_4566,40.868157102000055,-73.88943360599995,54E1,54E1,2025-07-23T06:06:00.000000,911_calls,2025-07-23 06:06:00,Wednesday,6,7,3.0
call_4567,40.868157102000055,-73.88943360599995,54E1,54E1,2025-07-22T07:07:00.000000,911_calls,2025-07-22 07:07:00,Tuesday,7,7,3.0
call_4568,40.70090904500006,-73.94117578999999,75S,75S,2025-07-21T08:08:00.000000,911_calls,2025-07-21 08:08:00,Monday,8,7,3.0
call_4569,40.57628456500004,-73.98139061299997,75S,75S,2025-07-20T09:09:00.000000,911_calls,2025-07-20 09:09:00,Sunday,9,7,3.0
call_4570,40.71360584700005,-73.95907067299999,10Y3,10Y3,2025-07-19T10:10:00.000000,911_calls,2025-07-19 10:10:00,Saturday,10,7,3.0
call_4571,40.73817137200007,-73.86075225699994,34Q6,34Q6,2025-07-18T11:11:00.000000,911_calls,2025-07-18 11:11:00,Friday,11,7,3.0
call_4572,40.599399980000044,-74.12812573799994,54E1,54E1,2025-07-17T12:12:00.000000,911_calls,2025-07-17 12:12:00,Thursday,12,7,3.0
call_4573,40.599399980000044,-74.12812573799994,54E1,54E1,2025-07-16T13:13:00.000000,911_calls,2025-07-16 13:13:00,Wednesday,13,7,3.0
call_4574,40.673828610000044,-73.73442873899995,53I8,53I8,2025-07-15T14:14:00.000000,911_calls,2025-07-15 14:14:00,Tuesday,14,7,3.0
call_4575,40.73702019600006,-73.99288917999996,54E1,54E1,2025-07-14T15:15:00.000000,911_calls,2025-07-14 15:15:00,Monday,15,7,3.0
call_4576,40.73702019600006,-73.99288917999996,54E1,54E1,2025-07-13T16:16:00.000000,911_calls,2025-07-13 16:16:00,Sunday,16,7,3.0
call_4577,40.65327896700006,-73.91486946399993,34Q6,34Q6,2025-07-12T17:17:00.000000,911_calls,2025-07-12 17:17:00,Saturday,17,7,3.0
call_4578,40.87106405600008,-73.88976865099994,24Q1,24Q1,2025-07-11T18:18:00.000000,911_calls,2025-07-11 18:18:00,Friday,18,7,3.0
call_4579,40.75273446700004,-73.97654816699998,54U9,54U9,2025-07-10T19:19:00.000000,911_calls,2025-07-10 19:19:00,Thursday,19,7,3.0
call_4580,40.66512493100004,-73.95898867799997,75D,75D,2025-07-09T20:20:00.000000,911_calls,2025-07-09 20:20:00,Wednesday,20,7,3.0
call_4581,40.69240388700007,-73.99007040599997,75S,75S,2025-07-08T21:21:00.000000,911_calls,2025-07-08 21:21:00,Tuesday,21,7,3.0
call_4582,40.697909012000025,-73.98263331399994,10H1,10H1,2025-07-07T22:22:00.000000,911_calls,2025-07-07 22:22:00,Monday,22,7,3.0
call_4583,40.84924880300008,-73.93673607399995,53S,53S,2025-07-06T23:23:00.000000,911_calls,2025-07-06 23:23:00,Sunday,23,7,3.0
call_4584,40.669484613000066,-73.98605085699995,75D,75D,2025-07-05T00:24:00.000000,911_calls,2025-07-05 00:24:00,Saturday,0,7,3.0
call_4585,40.61873787900004,-74.03299633099994,75D,75D,2025-07-04T01:25:00.000000,911_calls,2025-07-04 01:25:00,Friday,1,7,3.0
call_4586,40.644312436000064,-73.98792630599996,68Q9,68Q9,2025-07-03T02:26:00.000000,911_calls,2025-07-03 02:26:00,Thursday,2,7,3.0
call_4587,40.71597661800007,-73.96528823199998,54U1,54U1,2025-07-02T03:27:00.000000,911_calls,2025-07-02 03:27:00,Wednesday,3,7,3.0
call_4588,40.76296359200006,-73.99351452799993,39H1,39H1,2025-07-01T04:28:00.000000,911_calls,2025-07-01 04:28:00,Tuesday,4,7,3.0
call_4589,40.685771189000036,-73.72623589899996,53S8,53S8,2025-06-30T05:29:00.000000,911_calls,2025-06-30 05:29:00,Monday,5,6,3.0
call_4590,40.76273882500004,-73.95675544699998,10H1,10H1,2025-07-29T06:30:00.000000,911_calls,2025-07-29 06:30:00,Tuesday,6,7,3.0
call_4591,40.647643112000026,-73.95814536399996,11C4,11C4,2025-07-28T07:31:00.000000,911_calls,2025-07-28 07:31:00,Monday,7,7,3.0
call_4592,40.864331297000035,-73.86637753399998,75H,75H,2025-07-27T08:32:00.000000,911_calls,2025-07-27 08:32:00,Sunday,8,7,3.0
call_4593,40.805364044000044,-73.93766276299993,52D6,52D6,2025-07-26T09:33:00.000000,911_calls,2025-07-26 09:33:00,Saturday,9,7,3.0
call_4594,40.84413994500005,-73.90038861799997,68Q1,68Q1,2025-07-25T10:34:00.000000,911_calls,2025-07-25 10:34:00,Friday,10,7,3.0
call_4595,40.64552236700007,-73.98372079199999,52D6,52D6,2025-07-24T11:35:00.000000,911_calls,2025-07-24 11:35:00,Thursday,11,7,3.0
call_4596,40.68023991100006,-73.84538446799996,75S,75S,2025-07-23T12:36:00.000000,911_calls,2025-07-23 12:36:00,Wednesday,12,7,3.0
call_4597,40.69718023000007,-73.93352290199994,29C,29C,2025-07-22T13:37:00.000000,911_calls,2025-07-22 13:37:00,Tuesday,13,7,3.0
call_4598,40.851675972000066,-73.90580657999999,34Q1,34Q1,2025-07-21T14:38:00.000000,911_calls,2025-07-21 14:38:00,Monday,14,7,3.0
call_4599,40.710645028000044,-73.92306351499997,54U2,54U2,2025-07-20T15:39:00.000000,911_calls,2025-07-20 15:39:00,Sunday,15,7,3.0
call_4600,40.84655934700004,-73.92371233499995,54S1,54S1,2025-07-19T16:40:00.000000,911_calls,2025-07-19 16:40:00,Saturday,16,7,3.0
call_4601,40.755977862000066,-73.98886258299996,54E1,54E1,2025-07-18T17:41:00.000000,911_calls,2025-07-18 17:41:00,Friday,17,7,3.0
call_4602,40.755977862000066,-73.98886258299996,54E1,54E1,2025-07-17T18:42:00.000000,911_calls,2025-07-17 18:42:00,Thursday,18,7,3.0
call_4603,40.717068450000056,-73.80346059999994,68Q1,68Q1,2025-07-16T19:43:00.000000,911_calls,2025-07-16 19:43:00,Wednesday,19,7,3.0
call_4604,40.85656810300003,-73.88572224699993,10S2,10S2,2025-07-15T20:44:00.000000,911_calls,2025-07-15 20:44:00,Tuesday,20,7,3.0
call_4605,40.60888276000003,-73.97245693499997,75S,75S,2025-07-14T21:45:00.000000,911_calls,2025-07-14 21:45:00,Monday,21,7,3.0
call_4606,40.74667651200008,-73.89639123199998,10N9,10N9,2025-07-13T22:46:00.000000,911_calls,2025-07-13 22:46:00,Sunday,22,7,3.0
call_4607,40.79189233400007,-73.94751652699995,34Q2,34Q2,2025-07-12T23:47:00.000000,911_calls,2025-07-12 23:47:00,Saturday,23,7,3.0
call_4608,40.615314365000074,-73.99915860199997,10Y7,10Y7,2025-07-11T00:48:00.000000,911_calls,2025-07-11 00:48:00,Friday,0,7,3.0
call_4609,40.72494886800007,-73.99491444499995,10H2,10H2,2025-07-10T01:49:00.000000,911_calls,2025-07-10 01:49:00,Thursday,1,7,3.0
call_4610,40.708612996000056,-73.81925501399996,75S,75S,2025-07-09T02:50:00.000000,911_calls,2025-07-09 02:50:00,Wednesday,2,7,3.0
call_4611,40.696339582000064,-73.86636080599999,68Q1,68Q1,2025-07-08T03:51:00.000000,911_calls,2025-07-08 03:51:00,Tuesday,3,7,3.0
call_4612,40.782799975000046,-73.94962887099996,52D6,52D6,2025-07-07T04:52:00.000000,911_calls,2025-07-07 04:52:00,Monday,4,7,3.0
call_4613,40.78570800400007,-73.94654279499997,52D1,52D1,2025-07-06T05:53:00.000000,911_calls,2025-07-06 05:53:00,Sunday,5,7,3.0
call_4614,40.58891247500003,-73.96550189499999,53S,53S,2025-07-05T06:54:00.000000,911_calls,2025-07-05 06:54:00,Saturday,6,7,3.0
call_4615,40.84925596900007,-73.91028843099997,52D6,52D6,2025-07-04T07:55:00.000000,911_calls,2025-07-04 07:55:00,Friday,7,7,3.0
call_4616,40.855580961000044,-73.86383938399996,10H1,10H1,2025-07-03T08:56:00.000000,911_calls,2025-07-03 08:56:00,Thursday,8,7,3.0
call_4617,40.753953945000035,-73.90075808599994,11C4,11C4,2025-07-02T09:57:00.000000,911_calls,2025-07-02 09:57:00,Wednesday,9,7,3.0
call_4618,40.813292588000024,-73.91471898299994,68Q1,68Q1,2025-07-01T10:58:00.000000,911_calls,2025-07-01 10:58:00,Tuesday,10,7,3.0
call_4619,40.66025965100005,-73.94258126899996,52D1,52D1,2025-06-30T11:59:00.000000,911_calls,2025-06-30 11:59:00,Monday,11,6,3.0
call_4620,40.638201379000066,-73.89746403499998,11C4,11C4,2025-07-29T12:00:00.000000,911_calls,2025-07-29 12:00:00,Tuesday,12,7,3.0
call_4621,40.844825944000036,-73.92148791099999,53S8,53S8,2025-07-28T13:01:00.000000,911_calls,2025-07-28 13:01:00,Monday,13,7,3.0
call_4622,40.77284933300007,-73.95387139399998,10H1,10H1,2025-07-27T14:02:00.000000,911_calls,2025-07-27 14:02:00,Sunday,14,7,3.0
call_4623,40.67697433500007,-73.86562088499994,39Q9,39Q9,2025-07-26T15:03:00.000000,911_calls,2025-07-26 15:03:00,Saturday,15,7,3.0
call_4624,40.673708343000044,-73.98253146299999,75D,75D,2025-07-25T16:04:00.000000,911_calls,2025-07-25 16:04:00,Friday,16,7,3.0
call_4625,40.66940852600004,-73.97451191299996,68Q9,68Q9,2025-07-24T17:05:00.000000,911_calls,2025-07-24 17:05:00,Thursday,17,7,3.0
call_4626,40.84416759000004,-73.91430351799994,30Q2,30Q2,2025-07-23T18:06:00.000000,911_calls,2025-07-23 18:06:00,Wednesday,18,7,3.0
call_4627,40.84416759000004,-73.91430351799994,30Q2,30Q2,2025-07-22T19:07:00.000000,911_calls,2025-07-22 19:07:00,Tuesday,19,7,3.0
call_4628,40.75043076800006,-73.98928217599996,11C4,11C4,2025-07-21T20:08:00.000000,911_calls,2025-07-21 20:08:00,Monday,20,7,3.0
call_4629,40.69342481600006,-73.98870354299999,11C4,11C4,2025-07-20T21:09:00.000000,911_calls,2025-07-20 21:09:00,Sunday,21,7,3.0
call_4630,40.83866695800003,-73.91775471799997,10H1,10H1,2025-07-19T22:10:00.000000,911_calls,2025-07-19 22:10:00,Saturday,22,7,3.0
call_4631,40.655718343000046,-73.94525938899994,56S,56S,2025-07-18T23:11:00.000000,911_calls,2025-07-18 23:11:00,Friday,23,7,3.0
call_4632,40.71634415200003,-74.00125319299997,68Q1,68Q1,2025-07-17T00:12:00.000000,911_calls,2025-07-17 00:12:00,Thursday,0,7,3.0
call_4633,40.67939467000008,-73.94498397699994,75D,75D,2025-07-16T01:13:00.000000,911_calls,2025-07-16 01:13:00,Wednesday,1,7,3.0
call_4634,40.57258606700003,-74.00132967999997,10Y3,10Y3,2025-07-15T02:14:00.000000,911_calls,2025-07-15 02:14:00,Tuesday,2,7,3.0
call_4635,40.67017935600006,-73.98895260799998,75T,75T,2025-07-14T03:15:00.000000,911_calls,2025-07-14 03:15:00,Monday,3,7,3.0
call_4636,40.57790406700008,-73.96010058899998,75S,75S,2025-07-13T04:16:00.000000,911_calls,2025-07-13 04:16:00,Sunday,4,7,3.0
call_4637,40.592336182000054,-73.98148695899994,75D,75D,2025-07-12T05:17:00.000000,911_calls,2025-07-12 05:17:00,Saturday,5,7,3.0
call_4638,40.789228739000066,-73.97761147699998,68Q1,68Q1,2025-07-11T06:18:00.000000,911_calls,2025-07-11 06:18:00,Friday,6,7,3.0
call_4639,40.69682677700007,-73.96658203799996,75D,75D,2025-07-10T07:19:00.000000,911_calls,2025-07-10 07:19:00,Thursday,7,7,3.0
call_4640,40.802029582000046,-73.94967572299998,75D,75D,2025-07-09T08:20:00.000000,911_calls,2025-07-09 08:20:00,Wednesday,8,7,3.0
call_4641,40.697832591000065,-73.92326222299994,54U2,54U2,2025-07-08T09:21:00.000000,911_calls,2025-07-08 09:21:00,Tuesday,9,7,3.0
call_4642,40.57628456500004,-73.98139061299997,75O,75O,2025-07-07T10:22:00.000000,911_calls,2025-07-07 10:22:00,Monday,10,7,3.0
call_4643,40.827899467000066,-73.92588369299995,75S,75S,2025-07-06T11:23:00.000000,911_calls,2025-07-06 11:23:00,Sunday,11,7,3.0
call_4644,40.80608842600003,-73.94250965899994,75D,75D,2025-07-05T12:24:00.000000,911_calls,2025-07-05 12:24:00,Saturday,12,7,3.0
call_4645,40.76229063900007,-73.87616995299999,34W6,34W6,2025-07-04T13:25:00.000000,911_calls,2025-07-04 13:25:00,Friday,13,7,3.0
call_4646,40.74982328200008,-73.96911434299994,75D,75D,2025-07-03T14:26:00.000000,911_calls,2025-07-03 14:26:00,Thursday,14,7,3.0
call_4647,40.79981257600008,-73.95138580999998,59R4,59R4,2025-07-02T15:27:00.000000,911_calls,2025-07-02 15:27:00,Wednesday,15,7,3.0
call_4648,40.72374683800007,-73.97514413399995,39H1,39H1,2025-07-01T16:28:00.000000,911_calls,2025-07-01 16:28:00,Tuesday,16,7,3.0
call_4649,40.68968693700003,-73.97460873299997,52D2,52D2,2025-06-30T17:29:00.000000,911_calls,2025-06-30 17:29:00,Monday,17,6,3.0
call_4650,40.69402075800008,-73.97384258299996,34Q6,34Q6,2025-07-29T18:30:00.000000,911_calls,2025-07-29 18:30:00,Tuesday,18,7,3.0
call_4651,40.75273446700004,-73.97654816699998,54S9,54S9,2025-07-28T19:31:00.000000,911_calls,2025-07-28 19:31:00,Monday,19,7,3.0
call_4652,40.583921202000056,-74.09507512399995,75D,75D,2025-07-27T20:32:00.000000,911_calls,2025-07-27 20:32:00,Sunday,20,7,3.0
call_4653,40.80351927500004,-73.94233488699996,68Q1,68Q1,2025-07-26T21:33:00.000000,911_calls,2025-07-26 21:33:00,Saturday,21,7,3.0
call_4654,40.73944949300005,-73.87679338599997,10H1,10H1,2025-07-25T22:34:00.000000,911_calls,2025-07-25 22:34:00,Friday,22,7,3.0
call_4655,40.65448231900007,-73.91272355199999,68Q1,68Q1,2025-07-24T23:35:00.000000,911_calls,2025-07-24 23:35:00,Thursday,23,7,3.0
call_4656,40.66514600100004,-73.91299436099996,11C4,11C4,2025-07-23T00:36:00.000000,911_calls,2025-07-23 00:36:00,Wednesday,0,7,3.0
call_4657,40.839209820000065,-73.87698810699999,10H1,10H1,2025-07-22T01:37:00.000000,911_calls,2025-07-22 01:37:00,Tuesday,1,7,3.0
call_4658,40.85140035000006,-73.93618821299998,54S1,54S1,2025-07-21T02:38:00.000000,911_calls,2025-07-21 02:38:00,Monday,2,7,3.0
call_4659,40.67690313600008,-73.98171945599995,75D,75D,2025-07-20T03:39:00.000000,911_calls,2025-07-20 03:39:00,Sunday,3,7,3.0
call_4660,40.77506196100006,-73.98794593199995,54U1,54U1,2025-07-19T04:40:00.000000,911_calls,2025-07-19 04:40:00,Saturday,4,7,3.0
call_4661,40.636034375000065,-74.02696626299996,75D,75D,2025-07-18T05:41:00.000000,911_calls,2025-07-18 05:41:00,Friday,5,7,3.0
call_4662,40.764069376000066,-73.95505791899996,68Q1,68Q1,2025-07-17T06:42:00.000000,911_calls,2025-07-17 06:42:00,Thursday,6,7,3.0
call_4663,40.70724054500005,-73.80250851099998,75T,75T,2025-07-16T07:43:00.000000,911_calls,2025-07-16 07:43:00,Wednesday,7,7,3.0
call_4664,40.65886123400003,-73.97892751799998,68Q1,68Q1,2025-07-15T08:44:00.000000,911_calls,2025-07-15 08:44:00,Tuesday,8,7,3.0
call_4665,40.66848252400007,-73.96108818199997,10H1,10H1,2025-07-14T09:45:00.000000,911_calls,2025-07-14 09:45:00,Monday,9,7,3.0
call_4666,40.627954213000066,-74.02475823099996,75D,75D,2025-07-13T10:46:00.000000,911_calls,2025-07-13 10:46:00,Sunday,10,7,3.0
call_4667,40.72762525400003,-73.89055071599995,52D2,52D2,2025-07-12T11:47:00.000000,911_calls,2025-07-12 11:47:00,Saturday,11,7,3.0
call_4668,40.621158026000046,-74.00117575599995,34Q6,34Q6,2025-07-11T12:48:00.000000,911_calls,2025-07-11 12:48:00,Friday,12,7,3.0
call_4669,40.83855090900005,-73.90939937399997,44H1,44H1,2025-07-10T13:49:00.000000,911_calls,2025-07-10 13:49:00,Thursday,13,7,3.0
call_4670,40.67836827600007,-73.90352044899998,75S,75S,2025-07-09T14:50:00.000000,911_calls,2025-07-09 14:50:00,Wednesday,14,7,3.0
call_4671,40.62869346400004,-73.89750746399994,75D,75D,2025-07-08T15:51:00.000000,911_calls,2025-07-08 15:51:00,Tuesday,15,7,3.0
call_4672,40.70222446900004,-73.93241786699997,68Q1,68Q1,2025-07-07T16:52:00.000000,911_calls,2025-07-07 16:52:00,Monday,16,7,3.0
call_4673,40.79409372500004,-73.93681015499999,29H1,29H1,2025-07-06T17:53:00.000000,911_calls,2025-07-06 17:53:00,Sunday,17,7,3.0
call_4674,40.66018199800004,-73.83047308599998,75O,75O,2025-07-05T18:54:00.000000,911_calls,2025-07-05 18:54:00,Saturday,18,7,3.0
call_4675,40.74296235400004,-73.95527424799997,54S1,54S1,2025-07-04T19:55:00.000000,911_calls,2025-07-04 19:55:00,Friday,19,7,3.0
call_4676,40.81591902000008,-73.93069836099994,10H1,10H1,2025-07-03T20:56:00.000000,911_calls,2025-07-03 20:56:00,Thursday,20,7,3.0
call_4677,40.74085948700008,-73.82344381399997,34Q6,34Q6,2025-07-02T21:57:00.000000,911_calls,2025-07-02 21:57:00,Wednesday,21,7,3.0
call_4678,40.83289538100007,-73.92671649599998,54S1,54S1,2025-07-01T22:58:00.000000,911_calls,2025-07-01 22:58:00,Tuesday,22,7,3.0
call_4679,40.712715081000056,-73.98923052499998,75C,75C,2025-06-30T23:59:00.000000,911_calls,2025-06-30 23:59:00,Monday,23,6,3.0
call_4680,40.57628456500004,-73.98139061299997,75O,75O,2025-07-29T00:00:00.000000,911_calls,2025-07-29 00:00:00,Tuesday,0,7,3.0
call_4681,40.71854485400007,-73.98821227999997,75T,75T,2025-07-28T01:01:00.000000,911_calls,2025-07-28 01:01:00,Monday,1,7,3.0
call_4682,40.71826008100004,-73.97522193599997,10H1,10H1,2025-07-27T02:02:00.000000,911_calls,2025-07-27 02:02:00,Sunday,2,7,3.0
call_4683,40.718616643000075,-73.99359459799996,75S,75S,2025-07-26T03:03:00.000000,911_calls,2025-07-26 03:03:00,Saturday,3,7,3.0
call_4684,40.595760133000056,-73.76423369399998,10H1,10H1,2025-07-25T04:04:00.000000,911_calls,2025-07-25 04:04:00,Friday,4,7,3.0
call_4685,40.65809239200007,-73.97733471099997,68Q1,68Q1,2025-07-24T05:05:00.000000,911_calls,2025-07-24 05:05:00,Thursday,5,7,3.0
call_4686,40.768001981000054,-73.98379194399996,10N2,10N2,2025-07-23T06:06:00.000000,911_calls,2025-07-23 06:06:00,Wednesday,6,7,3.0
call_4687,40.65809239200007,-73.97733471099997,68Q1,68Q1,2025-07-22T07:07:00.000000,911_calls,2025-07-22 07:07:00,Tuesday,7,7,3.0
call_4688,40.755251817000044,-73.86523918999995,52D1,52D1,2025-07-21T08:08:00.000000,911_calls,2025-07-21 08:08:00,Monday,8,7,3.0
call_4689,40.67779167400005,-73.74517107599996,75D,75D,2025-07-20T09:09:00.000000,911_calls,2025-07-20 09:09:00,Sunday,9,7,3.0
call_4690,40.662767503000055,-73.90752952599996,75O,75O,2025-07-19T10:10:00.000000,911_calls,2025-07-19 10:10:00,Saturday,10,7,3.0
call_4691,40.66948809300004,-73.94357906499994,75H,75H,2025-07-18T11:11:00.000000,911_calls,2025-07-18 11:11:00,Friday,11,7,3.0
call_4692,40.67713119800004,-73.98333453099997,75D,75D,2025-07-17T12:12:00.000000,911_calls,2025-07-17 12:12:00,Thursday,12,7,3.0
call_4693,40.66888376700007,-73.93250571899995,75S,75S,2025-07-16T13:13:00.000000,911_calls,2025-07-16 13:13:00,Wednesday,13,7,3.0
call_4694,40.74090877800006,-73.83067907499998,54S1,54S1,2025-07-15T14:14:00.000000,911_calls,2025-07-15 14:14:00,Tuesday,14,7,3.0
call_4695,40.75869473400007,-73.97076704999995,10H1,10H1,2025-07-14T15:15:00.000000,911_calls,2025-07-14 15:15:00,Monday,15,7,3.0
call_4696,40.67039952700003,-73.95662425699999,75S,75S,2025-07-13T16:16:00.000000,911_calls,2025-07-13 16:16:00,Sunday,16,7,3.0
call_4697,40.87796125300008,-73.88670522099994,11C4,11C4,2025-07-12T17:17:00.000000,911_calls,2025-07-12 17:17:00,Saturday,17,7,3.0
call_4698,40.75886216500004,-73.95396771099996,11A9,11A9,2025-07-11T18:18:00.000000,911_calls,2025-07-11 18:18:00,Friday,18,7,3.0
call_4699,40.85226098000004,-73.92094054299997,53S,53S,2025-07-10T19:19:00.000000,911_calls,2025-07-10 19:19:00,Thursday,19,7,3.0
call_4700,40.85238482600005,-73.88264246499995,52D6,52D6,2025-07-09T20:20:00.000000,911_calls,2025-07-09 20:20:00,Wednesday,20,7,3.0
call_4701,40.75080659100007,-73.72770467099997,60H8,60H8,2025-07-08T21:21:00.000000,911_calls,2025-07-08 21:21:00,Tuesday,21,7,3.0
call_4702,40.69370767400005,-73.99031542799997,75O,75O,2025-07-07T22:22:00.000000,911_calls,2025-07-07 22:22:00,Monday,22,7,3.0
call_4703,40.714617135000026,-74.01144362299993,75D,75D,2025-07-06T23:23:00.000000,911_calls,2025-07-06 23:23:00,Sunday,23,7,3.0
call_4704,40.62101472100005,-73.95497412699996,10H1,10H1,2025-07-05T00:24:00.000000,911_calls,2025-07-05 00:24:00,Saturday,0,7,3.0
call_4705,40.67039952700003,-73.95662425699999,75S,75S,2025-07-04T01:25:00.000000,911_calls,2025-07-04 01:25:00,Friday,1,7,3.0
call_4706,40.69563315000005,-73.89746226199998,54U2,54U2,2025-07-03T02:26:00.000000,911_calls,2025-07-03 02:26:00,Thursday,2,7,3.0
call_4707,40.856137785000044,-73.93632826599998,39H2,39H2,2025-07-02T03:27:00.000000,911_calls,2025-07-02 03:27:00,Wednesday,3,7,3.0
call_4708,40.73103279900005,-73.95312459099995,75S,75S,2025-07-01T04:28:00.000000,911_calls,2025-07-01 04:28:00,Tuesday,4,7,3.0
call_4709,40.699637566000035,-73.91037074699994,54E2,54E2,2025-06-30T05:29:00.000000,911_calls,2025-06-30 05:29:00,Monday,5,6,3.0
call_4710,40.699637566000035,-73.91037074699994,54E2,54E2,2025-07-29T06:30:00.000000,911_calls,2025-07-29 06:30:00,Tuesday,6,7,3.0
call_4711,40.62319395500003,-74.02819306199996,75D,75D,2025-07-28T07:31:00.000000,911_calls,2025-07-28 07:31:00,Monday,7,7,3.0
call_4712,40.880725417000065,-73.83084013199993,52D1,52D1,2025-07-27T08:32:00.000000,911_calls,2025-07-27 08:32:00,Sunday,8,7,3.0
call_4713,40.82387627600008,-73.89186296799994,11C4,11C4,2025-07-26T09:33:00.000000,911_calls,2025-07-26 09:33:00,Saturday,9,7,3.0
call_4714,40.58792338100005,-73.95480561499994,11B4,11B4,2025-07-25T10:34:00.000000,911_calls,2025-07-25 10:34:00,Friday,10,7,3.0
call_4715,40.70254187100005,-73.79955059199995,75T,75T,2025-07-24T11:35:00.000000,911_calls,2025-07-24 11:35:00,Thursday,11,7,3.0
call_4716,40.76233781500008,-73.99395859799995,68Q1,68Q1,2025-07-23T12:36:00.000000,911_calls,2025-07-23 12:36:00,Wednesday,12,7,3.0
call_4717,40.65462789000003,-74.00418568699996,75O,75O,2025-07-22T13:37:00.000000,911_calls,2025-07-22 13:37:00,Tuesday,13,7,3.0
call_4718,40.740926150000064,-73.71998637599995,75Z,75Z,2025-07-21T14:38:00.000000,911_calls,2025-07-21 14:38:00,Monday,14,7,3.0
call_4719,40.604078962000074,-73.75472573599995,75S,75S,2025-07-20T15:39:00.000000,911_calls,2025-07-20 15:39:00,Sunday,15,7,3.0
call_4720,40.73972433900008,-73.97647696499996,68Q1,68Q1,2025-07-19T16:40:00.000000,911_calls,2025-07-19 16:40:00,Saturday,16,7,3.0
call_4721,40.57628456500004,-73.98139061299997,75M,75M,2025-07-18T17:41:00.000000,911_calls,2025-07-18 17:41:00,Friday,17,7,3.0
call_4722,40.72772827400007,-73.98375844199995,68Q1,68Q1,2025-07-17T18:42:00.000000,911_calls,2025-07-17 18:42:00,Thursday,18,7,3.0
call_4723,40.81392244800003,-73.93832308299994,68Q1,68Q1,2025-07-16T19:43:00.000000,911_calls,2025-07-16 19:43:00,Wednesday,19,7,3.0
call_4724,40.71854485400007,-73.98821227999997,75T,75T,2025-07-15T20:44:00.000000,911_calls,2025-07-15 20:44:00,Tuesday,20,7,3.0
call_4725,40.746645976000025,-73.99193899199997,22Q1,22Q1,2025-07-14T21:45:00.000000,911_calls,2025-07-14 21:45:00,Monday,21,7,3.0
call_4726,40.809045481000055,-73.95743338399996,75D,75D,2025-07-13T22:46:00.000000,911_calls,2025-07-13 22:46:00,Sunday,22,7,3.0
call_4727,40.81178003100007,-73.93551814699998,50P1,50P1,2025-07-12T23:47:00.000000,911_calls,2025-07-12 23:47:00,Saturday,23,7,3.0
call_4728,40.67039952700003,-73.95662425699999,54S9,54S9,2025-07-11T00:48:00.000000,911_calls,2025-07-11 00:48:00,Friday,0,7,3.0
call_4729,40.73672445200003,-73.95771052499998,52D6,52D6,2025-07-10T01:49:00.000000,911_calls,2025-07-10 01:49:00,Thursday,1,7,3.0
call_4730,40.73523041000004,-73.99009289199995,75S,75S,2025-07-09T02:50:00.000000,911_calls,2025-07-09 02:50:00,Wednesday,2,7,3.0
call_4731,40.68351995100005,-73.97706286199997,75S,75S,2025-07-08T03:51:00.000000,911_calls,2025-07-08 03:51:00,Tuesday,3,7,3.0
call_4732,40.86604021200003,-73.89452046199995,75S,75S,2025-07-07T04:52:00.000000,911_calls,2025-07-07 04:52:00,Monday,4,7,3.0
call_4733,40.76530321800004,-73.97951115299998,50P1,50P1,2025-07-06T05:53:00.000000,911_calls,2025-07-06 05:53:00,Sunday,5,7,3.0
call_4734,40.80612078200005,-73.95338236299995,54S2,54S2,2025-07-05T06:54:00.000000,911_calls,2025-07-05 06:54:00,Saturday,6,7,3.0
call_4735,40.73827470100008,-74.00386978599994,75D,75D,2025-07-04T07:55:00.000000,911_calls,2025-07-04 07:55:00,Friday,7,7,3.0
call_4736,40.677419358000066,-73.98305685499997,75Z,75Z,2025-07-03T08:56:00.000000,911_calls,2025-07-03 08:56:00,Thursday,8,7,3.0
call_4737,40.81133009200005,-73.92666076599994,75S,75S,2025-07-02T09:57:00.000000,911_calls,2025-07-02 09:57:00,Wednesday,9,7,3.0
call_4738,40.88479412200007,-73.89691013199996,53S,53S,2025-07-01T10:58:00.000000,911_calls,2025-07-01 10:58:00,Tuesday,10,7,3.0
call_4739,40.74558231000003,-73.71481684999998,50P1,50P1,2025-06-30T11:59:00.000000,911_calls,2025-06-30 11:59:00,Monday,11,6,3.0
call_4740,40.67039952700003,-73.95662425699999,75S,75S,2025-07-29T12:00:00.000000,911_calls,2025-07-29 12:00:00,Tuesday,12,7,3.0
call_4741,40.66429775800003,-73.90258920499997,75D,75D,2025-07-28T13:01:00.000000,911_calls,2025-07-28 13:01:00,Monday,13,7,3.0
call_4742,40.684461543000054,-73.97775120999995,75S,75S,2025-07-27T14:02:00.000000,911_calls,2025-07-27 14:02:00,Sunday,14,7,3.0
call_4743,40.68023991100006,-73.84538446799996,54S2,54S2,2025-07-26T15:03:00.000000,911_calls,2025-07-26 15:03:00,Saturday,15,7,3.0
call_4744,40.66528800300006,-73.91203896199994,52D2,52D2,2025-07-25T16:04:00.000000,911_calls,2025-07-25 16:04:00,Friday,16,7,3.0
call_4745,40.662767503000055,-73.90752952599996,75S,75S,2025-07-24T17:05:00.000000,911_calls,2025-07-24 17:05:00,Thursday,17,7,3.0
call_4746,40.68437086400007,-73.76852478299998,31R,31R,2025-07-23T18:06:00.000000,911_calls,2025-07-23 18:06:00,Wednesday,18,7,3.0
call_4747,40.81735615500003,-73.90933068199996,39H1,39H1,2025-07-22T19:07:00.000000,911_calls,2025-07-22 19:07:00,Tuesday,19,7,3.0
call_4748,40.72111660300004,-73.98736043299994,75C,75C,2025-07-21T20:08:00.000000,911_calls,2025-07-21 20:08:00,Monday,20,7,3.0
call_4749,40.781137615000034,-73.94567624899997,11C4,11C4,2025-07-20T21:09:00.000000,911_calls,2025-07-20 21:09:00,Sunday,21,7,3.0
call_4750,40.66694989100006,-73.92990871099994,75H,75H,2025-07-19T22:10:00.000000,911_calls,2025-07-19 22:10:00,Saturday,22,7,3.0
call_4751,40.78846367600005,-73.96887613299998,75D,75D,2025-07-18T23:11:00.000000,911_calls,2025-07-18 23:11:00,Friday,23,7,3.0
call_4752,40.76983029100006,-73.98619230399999,68Q1,68Q1,2025-07-17T00:12:00.000000,911_calls,2025-07-17 00:12:00,Thursday,0,7,3.0
call_4753,40.833170702000075,-73.85291051199994,53S,53S,2025-07-16T01:13:00.000000,911_calls,2025-07-16 01:13:00,Wednesday,1,7,3.0
call_4754,40.837321839000026,-73.91011659999998,52D2,52D2,2025-07-15T02:14:00.000000,911_calls,2025-07-15 02:14:00,Tuesday,2,7,3.0
call_4755,40.79299897900006,-73.97285748699994,50P1,50P1,2025-07-14T03:15:00.000000,911_calls,2025-07-14 03:15:00,Monday,3,7,3.0
call_4756,40.65974667000006,-73.99150976799996,50P1,50P1,2025-07-13T04:16:00.000000,911_calls,2025-07-13 04:16:00,Sunday,4,7,3.0
call_4757,40.821389973000066,-73.95413762999993,75D,75D,2025-07-12T05:17:00.000000,911_calls,2025-07-12 05:17:00,Saturday,5,7,3.0
call_4758,40.669276755000055,-73.94360087299998,75H,75H,2025-07-11T06:18:00.000000,911_calls,2025-07-11 06:18:00,Friday,6,7,3.0
call_4759,40.70738466600005,-73.87377239499995,34Q1,34Q1,2025-07-10T07:19:00.000000,911_calls,2025-07-10 07:19:00,Thursday,7,7,3.0
call_4760,40.84757900300008,-73.90031840799998,54C2,54C2,2025-07-09T08:20:00.000000,911_calls,2025-07-09 08:20:00,Wednesday,8,7,3.0
call_4761,40.71643394100005,-73.98646309199995,75D,75D,2025-07-08T09:21:00.000000,911_calls,2025-07-08 09:21:00,Tuesday,9,7,3.0
call_4762,40.76481357600005,-73.99402335199994,68Q1,68Q1,2025-07-07T10:22:00.000000,911_calls,2025-07-07 10:22:00,Monday,10,7,3.0
call_4763,40.69419365500005,-73.91628852999997,22Q2,22Q2,2025-07-06T11:23:00.000000,911_calls,2025-07-06 11:23:00,Sunday,11,7,3.0
call_4764,40.811112268000045,-73.90634444599993,39Q2,39Q2,2025-07-05T12:24:00.000000,911_calls,2025-07-05 12:24:00,Saturday,12,7,3.0
call_4765,40.851362891000065,-73.93305072399994,68Q1,68Q1,2025-07-04T13:25:00.000000,911_calls,2025-07-04 13:25:00,Friday,13,7,3.0
call_4766,40.66305567500007,-73.91097138199996,10H1,10H1,2025-07-03T14:26:00.000000,911_calls,2025-07-03 14:26:00,Thursday,14,7,3.0
call_4767,40.63440163300004,-74.00163716199995,54E1,54E1,2025-07-02T15:27:00.000000,911_calls,2025-07-02 15:27:00,Wednesday,15,7,3.0
call_4768,40.63440163300004,-74.00163716199995,54E1,54E1,2025-07-01T16:28:00.000000,911_calls,2025-07-01 16:28:00,Tuesday,16,7,3.0
call_4769,40.76506619600008,-73.99656114199996,68Q1,68Q1,2025-06-30T17:29:00.000000,911_calls,2025-06-30 17:29:00,Monday,17,6,3.0
call_4770,40.846089850000055,-73.91945152599999,53H,53H,2025-07-29T18:30:00.000000,911_calls,2025-07-29 18:30:00,Tuesday,18,7,3.0
call_4771,40.817325588000074,-73.86657668599997,75D,75D,2025-07-28T19:31:00.000000,911_calls,2025-07-28 19:31:00,Monday,19,7,3.0
call_4772,40.57982924500004,-73.97325730799997,11C4,11C4,2025-07-27T20:32:00.000000,911_calls,2025-07-27 20:32:00,Sunday,20,7,3.0
call_4773,40.61399059800004,-73.94800576599994,22Q1,22Q1,2025-07-26T21:33:00.000000,911_calls,2025-07-26 21:33:00,Saturday,21,7,3.0
call_4774,40.61175045200008,-73.96998859799999,68Q1,68Q1,2025-07-25T22:34:00.000000,911_calls,2025-07-25 22:34:00,Friday,22,7,3.0
call_4775,40.61549122300005,-74.08165622999996,75D,75D,2025-07-24T23:35:00.000000,911_calls,2025-07-24 23:35:00,Thursday,23,7,3.0
call_4776,40.63575578000007,-74.11957359999997,75D,75D,2025-07-23T00:36:00.000000,911_calls,2025-07-23 00:36:00,Wednesday,0,7,3.0
call_4777,40.68335414200004,-73.81833915899995,10H1,10H1,2025-07-22T01:37:00.000000,911_calls,2025-07-22 01:37:00,Tuesday,1,7,3.0
call_4778,40.878075016000025,-73.82595788299994,56S,56S,2025-07-21T02:38:00.000000,911_calls,2025-07-21 02:38:00,Monday,2,7,3.0
call_4779,40.608252650000054,-74.15639650499998,11R4,11R4,2025-07-20T03:39:00.000000,911_calls,2025-07-20 03:39:00,Sunday,3,7,3.0
call_4780,40.82100441500006,-73.89092463699996,75S,75S,2025-07-19T04:40:00.000000,911_calls,2025-07-19 04:40:00,Saturday,4,7,3.0
call_4781,40.79189277000006,-73.94848438999998,65S,65S,2025-07-18T05:41:00.000000,911_calls,2025-07-18 05:41:00,Friday,5,7,3.0
call_4782,40.670266844000025,-73.78335003899997,68Q2,68Q2,2025-07-17T06:42:00.000000,911_calls,2025-07-17 06:42:00,Thursday,6,7,3.0
call_4783,40.76778482100008,-73.98162231199996,75S,75S,2025-07-16T07:43:00.000000,911_calls,2025-07-16 07:43:00,Wednesday,7,7,3.0
call_4784,40.836847284000044,-73.94569219799996,52D6,52D6,2025-07-15T08:44:00.000000,911_calls,2025-07-15 08:44:00,Tuesday,8,7,3.0
call_4785,40.721574160000046,-73.84390324699996,75S,75S,2025-07-14T09:45:00.000000,911_calls,2025-07-14 09:45:00,Monday,9,7,3.0
call_4786,40.64921500600008,-73.96366886299995,11C4,11C4,2025-07-13T10:46:00.000000,911_calls,2025-07-13 10:46:00,Sunday,10,7,3.0
call_4787,40.671096840000075,-73.90620940099996,39H1,39H1,2025-07-12T11:47:00.000000,911_calls,2025-07-12 11:47:00,Saturday,11,7,3.0
call_4788,40.68112594000007,-73.97436682299997,68Q1,68Q1,2025-07-11T12:48:00.000000,911_calls,2025-07-11 12:48:00,Friday,12,7,3.0
call_4789,40.631020431000024,-73.97660894699999,68Q1,68Q1,2025-07-10T13:49:00.000000,911_calls,2025-07-10 13:49:00,Thursday,13,7,3.0
call_4790,40.79429368500007,-73.94123051699995,54E1,54E1,2025-07-09T14:50:00.000000,911_calls,2025-07-09 14:50:00,Wednesday,14,7,3.0
call_4791,40.79429368500007,-73.94123051699995,54E1,54E1,2025-07-08T15:51:00.000000,911_calls,2025-07-08 15:51:00,Tuesday,15,7,3.0
call_4792,40.85872682100006,-73.86655508699994,75H,75H,2025-07-07T16:52:00.000000,911_calls,2025-07-07 16:52:00,Monday,16,7,3.0
call_4793,40.732842997000034,-73.72924663399994,54U1,54U1,2025-07-06T17:53:00.000000,911_calls,2025-07-06 17:53:00,Sunday,17,7,3.0
call_4794,40.69594782100006,-73.79272937399998,75D,75D,2025-07-05T18:54:00.000000,911_calls,2025-07-05 18:54:00,Saturday,18,7,3.0
call_4795,40.75664204200007,-73.98837157699995,75S,75S,2025-07-04T19:55:00.000000,911_calls,2025-07-04 19:55:00,Friday,19,7,3.0
call_4796,40.67039952700003,-73.95662425699999,75M,75M,2025-07-03T20:56:00.000000,911_calls,2025-07-03 20:56:00,Thursday,20,7,3.0
call_4797,40.68044287300006,-73.95035875699995,75D,75D,2025-07-02T21:57:00.000000,911_calls,2025-07-02 21:57:00,Wednesday,21,7,3.0
call_4798,40.812776100000065,-73.92594027299998,34Q6,34Q6,2025-07-01T22:58:00.000000,911_calls,2025-07-01 22:58:00,Tuesday,22,7,3.0
call_4799,40.83305923900008,-73.92980238799998,54C1,54C1,2025-06-30T23:59:00.000000,911_calls,2025-06-30 23:59:00,Monday,23,6,3.0
call_4800,40.73690513100007,-74.00087108399998,39H1,39H1,2025-07-29T00:00:00.000000,911_calls,2025-07-29 00:00:00,Tuesday,0,7,3.0
call_4801,40.655718343000046,-73.94525938899994,68Q1,68Q1,2025-07-28T01:01:00.000000,911_calls,2025-07-28 01:01:00,Monday,1,7,3.0
call_4802,40.67659134100006,-73.99112186899998,39H1,39H1,2025-07-27T02:02:00.000000,911_calls,2025-07-27 02:02:00,Sunday,2,7,3.0
call_4803,40.60109895000005,-73.99470420599994,75S,75S,2025-07-26T03:03:00.000000,911_calls,2025-07-26 03:03:00,Saturday,3,7,3.0
call_4804,40.88833914000003,-73.89874552099997,10V2,10V2,2025-07-25T04:04:00.000000,911_calls,2025-07-25 04:04:00,Friday,4,7,3.0
call_4805,40.815929553000046,-73.94516735699995,54E1,54E1,2025-07-24T05:05:00.000000,911_calls,2025-07-24 05:05:00,Thursday,5,7,3.0
call_4806,40.62380968000008,-73.90964763699998,68Q2,68Q2,2025-07-23T06:06:00.000000,911_calls,2025-07-23 06:06:00,Wednesday,6,7,3.0
call_4807,40.68073899600006,-73.94963745499996,75S,75S,2025-07-22T07:07:00.000000,911_calls,2025-07-22 07:07:00,Tuesday,7,7,3.0
call_4808,40.598884740000074,-73.75423707499993,54U1,54U1,2025-07-21T08:08:00.000000,911_calls,2025-07-21 08:08:00,Monday,8,7,3.0
call_4809,40.87138912900008,-73.88536412799994,54U2,54U2,2025-07-20T09:09:00.000000,911_calls,2025-07-20 09:09:00,Sunday,9,7,3.0
call_4810,40.80040837100006,-73.95183686199994,75D,75D,2025-07-19T10:10:00.000000,911_calls,2025-07-19 10:10:00,Saturday,10,7,3.0
call_4811,40.70042942600003,-73.80820890199993,75S,75S,2025-07-18T11:11:00.000000,911_calls,2025-07-18 11:11:00,Friday,11,7,3.0
call_4812,40.655718343000046,-73.94525938899994,10Y3,10Y3,2025-07-17T12:12:00.000000,911_calls,2025-07-17 12:12:00,Thursday,12,7,3.0
call_4813,40.72509160200008,-73.99507678599997,52D9,52D9,2025-07-16T13:13:00.000000,911_calls,2025-07-16 13:13:00,Wednesday,13,7,3.0
call_4814,40.66305567500007,-73.91097138199996,52K2,52K2,2025-07-15T14:14:00.000000,911_calls,2025-07-15 14:14:00,Tuesday,14,7,3.0
call_4815,40.75592586700003,-73.96321362199996,24Q2,24Q2,2025-07-14T15:15:00.000000,911_calls,2025-07-14 15:15:00,Monday,15,7,3.0
call_4816,40.62559358000004,-73.99715551999998,75M,75M,2025-07-13T16:16:00.000000,911_calls,2025-07-13 16:16:00,Sunday,16,7,3.0
call_4817,40.67604572000005,-73.87207238999997,75S,75S,2025-07-12T17:17:00.000000,911_calls,2025-07-12 17:17:00,Saturday,17,7,3.0
call_4818,40.69645001400005,-73.94360673699998,10Y3,10Y3,2025-07-11T18:18:00.000000,911_calls,2025-07-11 18:18:00,Friday,18,7,3.0
call_4819,40.78280094200005,-73.97959965399997,68Q1,68Q1,2025-07-10T19:19:00.000000,911_calls,2025-07-10 19:19:00,Thursday,19,7,3.0
call_4820,40.629756128000054,-73.96038662599994,52D6,52D6,2025-07-09T20:20:00.000000,911_calls,2025-07-09 20:20:00,Wednesday,20,7,3.0
call_4821,40.75638111100005,-73.98670403199998,54E2,54E2,2025-07-08T21:21:00.000000,911_calls,2025-07-08 21:21:00,Tuesday,21,7,3.0
call_4822,40.75638111100005,-73.98670403199998,54E2,54E2,2025-07-07T22:22:00.000000,911_calls,2025-07-07 22:22:00,Monday,22,7,3.0
call_4823,40.64959090200006,-74.00943600199997,75S,75S,2025-07-06T23:23:00.000000,911_calls,2025-07-06 23:23:00,Sunday,23,7,3.0
call_4824,40.65251825200005,-73.93531168399994,53S,53S,2025-07-05T00:24:00.000000,911_calls,2025-07-05 00:24:00,Saturday,0,7,3.0
call_4825,40.76738661300004,-73.98028668399996,50P1,50P1,2025-07-04T01:25:00.000000,911_calls,2025-07-04 01:25:00,Friday,1,7,3.0
call_4826,40.590934091000065,-73.79694754199994,75T,75T,2025-07-03T02:26:00.000000,911_calls,2025-07-03 02:26:00,Thursday,2,7,3.0
call_4827,40.64949240800007,-74.00397274499994,75D,75D,2025-07-02T03:27:00.000000,911_calls,2025-07-02 03:27:00,Wednesday,3,7,3.0
call_4828,40.662767503000055,-73.90752952599996,75S,75S,2025-07-01T04:28:00.000000,911_calls,2025-07-01 04:28:00,Tuesday,4,7,3.0
call_4829,40.80033375900007,-73.94460229999999,10Y3,10Y3,2025-06-30T05:29:00.000000,911_calls,2025-06-30 05:29:00,Monday,5,6,3.0
call_4830,40.75908693400004,-73.94123631199994,24Q1,24Q1,2025-07-29T06:30:00.000000,911_calls,2025-07-29 06:30:00,Tuesday,6,7,3.0
call_4831,40.58404850200003,-73.82072619499996,54E2,54E2,2025-07-28T07:31:00.000000,911_calls,2025-07-28 07:31:00,Monday,7,7,3.0
call_4832,40.58404850200003,-73.82072619499996,54E2,54E2,2025-07-27T08:32:00.000000,911_calls,2025-07-27 08:32:00,Sunday,8,7,3.0
call_4833,40.61772630300004,-73.92775956899999,50P1,50P1,2025-07-26T09:33:00.000000,911_calls,2025-07-26 09:33:00,Saturday,9,7,3.0
call_4834,40.83855936400005,-73.89660592299998,75D,75D,2025-07-25T10:34:00.000000,911_calls,2025-07-25 10:34:00,Friday,10,7,3.0
call_4835,40.69974268200008,-73.91142368699997,75S,75S,2025-07-24T11:35:00.000000,911_calls,2025-07-24 11:35:00,Thursday,11,7,3.0
call_4836,40.57628456500004,-73.98139061299997,75S,75S,2025-07-23T12:36:00.000000,911_calls,2025-07-23 12:36:00,Wednesday,12,7,3.0
call_4837,40.72349240500006,-73.73670935199993,75H,75H,2025-07-22T13:37:00.000000,911_calls,2025-07-22 13:37:00,Tuesday,13,7,3.0
call_4838,40.621326700000054,-74.12190719499995,75H,75H,2025-07-21T14:38:00.000000,911_calls,2025-07-21 14:38:00,Monday,14,7,3.0
call_4839,40.69607807800003,-73.95270199199996,75D,75D,2025-07-20T15:39:00.000000,911_calls,2025-07-20 15:39:00,Sunday,15,7,3.0
call_4840,40.86604021200003,-73.89452046199995,75S,75S,2025-07-19T16:40:00.000000,911_calls,2025-07-19 16:40:00,Saturday,16,7,3.0
call_4841,40.577712242000075,-73.96100426599997,39H1,39H1,2025-07-18T17:41:00.000000,911_calls,2025-07-18 17:41:00,Friday,17,7,3.0
call_4842,40.677419358000066,-73.98305685499997,10Y3,10Y3,2025-07-17T18:42:00.000000,911_calls,2025-07-17 18:42:00,Thursday,18,7,3.0
call_4843,40.69772388100006,-73.93880924099994,52D2,52D2,2025-07-16T19:43:00.000000,911_calls,2025-07-16 19:43:00,Wednesday,19,7,3.0
call_4844,40.71354482500004,-73.75772091099998,54S1,54S1,2025-07-15T20:44:00.000000,911_calls,2025-07-15 20:44:00,Tuesday,20,7,3.0
call_4845,40.71354482500004,-73.75772091099998,54S1,54S1,2025-07-14T21:45:00.000000,911_calls,2025-07-14 21:45:00,Monday,21,7,3.0
call_4846,40.73523041000004,-73.99009289199995,75S,75S,2025-07-13T22:46:00.000000,911_calls,2025-07-13 22:46:00,Sunday,22,7,3.0
call_4847,40.697895026000026,-73.95967896999997,54S2,54S2,2025-07-12T23:47:00.000000,911_calls,2025-07-12 23:47:00,Saturday,23,7,3.0
call_4848,40.817780148000054,-73.89471617599997,39H1,39H1,2025-07-11T00:48:00.000000,911_calls,2025-07-11 00:48:00,Friday,0,7,3.0
call_4849,40.82984474500006,-73.93866967299994,39H1,39H1,2025-07-10T01:49:00.000000,911_calls,2025-07-10 01:49:00,Thursday,1,7,3.0
call_4850,40.68684131600003,-73.73787810399995,75D,75D,2025-07-09T02:50:00.000000,911_calls,2025-07-09 02:50:00,Wednesday,2,7,3.0
call_4851,40.85323938100004,-73.90787562599996,75S,75S,2025-07-08T03:51:00.000000,911_calls,2025-07-08 03:51:00,Tuesday,3,7,3.0
call_4852,40.75664204200007,-73.98837157699995,75S,75S,2025-07-07T04:52:00.000000,911_calls,2025-07-07 04:52:00,Monday,4,7,3.0
call_4853,40.71959170700006,-73.88807832999998,10Y3,10Y3,2025-07-06T05:53:00.000000,911_calls,2025-07-06 05:53:00,Sunday,5,7,3.0
call_4854,40.655718343000046,-73.94525938899994,68Q1,68Q1,2025-07-05T06:54:00.000000,911_calls,2025-07-05 06:54:00,Saturday,6,7,3.0
call_4855,40.71172986200003,-73.94307078299994,68Q1,68Q1,2025-07-04T07:55:00.000000,911_calls,2025-07-04 07:55:00,Friday,7,7,3.0
call_4856,40.680591391000064,-73.97763712899996,75D,75D,2025-07-03T08:56:00.000000,911_calls,2025-07-03 08:56:00,Thursday,8,7,3.0
call_4857,40.640832131000025,-73.94270247999998,75D,75D,2025-07-02T09:57:00.000000,911_calls,2025-07-02 09:57:00,Wednesday,9,7,3.0
call_4858,40.68164709200005,-73.90879049699998,53S,53S,2025-07-01T10:58:00.000000,911_calls,2025-07-01 10:58:00,Tuesday,10,7,3.0
call_4859,40.72205265600007,-73.98821526699999,75D,75D,2025-06-30T11:59:00.000000,911_calls,2025-06-30 11:59:00,Monday,11,6,3.0
call_4860,40.67412236900003,-73.72857653999995,11C3,11C3,2025-07-29T12:00:00.000000,911_calls,2025-07-29 12:00:00,Tuesday,12,7,3.0
call_4861,40.68351995100005,-73.97706286199997,75S,75S,2025-07-28T13:01:00.000000,911_calls,2025-07-28 13:01:00,Monday,13,7,3.0
call_4862,40.73690513100007,-74.00087108399998,75D,75D,2025-07-27T14:02:00.000000,911_calls,2025-07-27 14:02:00,Sunday,14,7,3.0
call_4863,40.65760927100007,-73.92122168099996,10Y3,10Y3,2025-07-26T15:03:00.000000,911_calls,2025-07-26 15:03:00,Saturday,15,7,3.0
call_4864,40.71150998600007,-74.01220418299994,75D,75D,2025-07-25T16:04:00.000000,911_calls,2025-07-25 16:04:00,Friday,16,7,3.0
call_4865,40.67682832700007,-73.93453822199996,11C4,11C4,2025-07-24T17:05:00.000000,911_calls,2025-07-24 17:05:00,Thursday,17,7,3.0
call_4866,40.62295698200006,-73.95952971299994,29C,29C,2025-07-23T18:06:00.000000,911_calls,2025-07-23 18:06:00,Wednesday,18,7,3.0
call_4867,40.67906840200004,-73.90376820299997,75M,75M,2025-07-22T19:07:00.000000,911_calls,2025-07-22 19:07:00,Tuesday,19,7,3.0
call_4868,40.74496256000003,-73.91881231399998,75D,75D,2025-07-21T20:08:00.000000,911_calls,2025-07-21 20:08:00,Monday,20,7,3.0
call_4869,40.669051068000044,-73.90182525899996,75S,75S,2025-07-20T21:09:00.000000,911_calls,2025-07-20 21:09:00,Sunday,21,7,3.0
call_4870,40.82299278900007,-73.85687853999997,10H1,10H1,2025-07-19T22:10:00.000000,911_calls,2025-07-19 22:10:00,Saturday,22,7,3.0
call_4871,40.75718029900003,-73.99169587799997,10H1,10H1,2025-07-18T23:11:00.000000,911_calls,2025-07-18 23:11:00,Friday,23,7,3.0
call_4872,40.726293088000034,-73.73476084899994,10H1,10H1,2025-07-17T00:12:00.000000,911_calls,2025-07-17 00:12:00,Thursday,0,7,3.0
call_4873,40.69249416900004,-73.90506863999997,68Q1,68Q1,2025-07-16T01:13:00.000000,911_calls,2025-07-16 01:13:00,Wednesday,1,7,3.0
call_4874,40.65890787400008,-73.95862486799996,54U1,54U1,2025-07-15T02:14:00.000000,911_calls,2025-07-15 02:14:00,Tuesday,2,7,3.0
call_4875,40.688112570000044,-73.98038944599995,75S,75S,2025-07-14T03:15:00.000000,911_calls,2025-07-14 03:15:00,Monday,3,7,3.0
call_4876,40.76512939600008,-73.97493736299998,22Q1,22Q1,2025-07-13T04:16:00.000000,911_calls,2025-07-13 04:16:00,Sunday,4,7,3.0
call_4877,40.825643273000026,-73.94550622599996,10Y3,10Y3,2025-07-12T05:17:00.000000,911_calls,2025-07-12 05:17:00,Saturday,5,7,3.0
call_4878,40.67952426800008,-73.88599678499997,11C4,11C4,2025-07-11T06:18:00.000000,911_calls,2025-07-11 06:18:00,Friday,6,7,3.0
call_4879,40.69454259200006,-73.92906831899995,54E2,54E2,2025-07-10T07:19:00.000000,911_calls,2025-07-10 07:19:00,Thursday,7,7,3.0
call_4880,40.69454259200006,-73.92906831899995,54E2,54E2,2025-07-09T08:20:00.000000,911_calls,2025-07-09 08:20:00,Wednesday,8,7,3.0
call_4881,40.662767503000055,-73.90752952599996,75O,75O,2025-07-08T09:21:00.000000,911_calls,2025-07-08 09:21:00,Tuesday,9,7,3.0
call_4882,40.729634701000066,-73.86264267799999,75D,75D,2025-07-07T10:22:00.000000,911_calls,2025-07-07 10:22:00,Monday,10,7,3.0
call_4883,40.86275525800005,-73.90449300199998,75D,75D,2025-07-06T11:23:00.000000,911_calls,2025-07-06 11:23:00,Sunday,11,7,3.0
call_4884,40.751867952000055,-73.98102395599994,39Q2,39Q2,2025-07-05T12:24:00.000000,911_calls,2025-07-05 12:24:00,Saturday,12,7,3.0
call_4885,40.84143891400004,-73.93962756899998,50P1,50P1,2025-07-04T13:25:00.000000,911_calls,2025-07-04 13:25:00,Friday,13,7,3.0
call_4886,40.75664204200007,-73.98837157699995,75S,75S,2025-07-03T14:26:00.000000,911_calls,2025-07-03 14:26:00,Thursday,14,7,3.0
call_4887,40.804446718000065,-73.96139881299996,52D1,52D1,2025-07-02T15:27:00.000000,911_calls,2025-07-02 15:27:00,Wednesday,15,7,3.0
call_4888,40.848106295000036,-73.93072265999996,53I,53I,2025-07-01T16:28:00.000000,911_calls,2025-07-01 16:28:00,Tuesday,16,7,3.0
call_4889,40.70574171900006,-73.93951601999999,75D,75D,2025-06-30T17:29:00.000000,911_calls,2025-06-30 17:29:00,Monday,17,6,3.0
call_4890,40.75986975500007,-73.82897041199993,75S,75S,2025-07-29T18:30:00.000000,911_calls,2025-07-29 18:30:00,Tuesday,18,7,3.0
call_4891,40.755291974000045,-73.96366876199994,39T1,39T1,2025-07-28T19:31:00.000000,911_calls,2025-07-28 19:31:00,Monday,19,7,3.0
call_4892,40.764069376000066,-73.95505791899996,68Q1,68Q1,2025-07-27T20:32:00.000000,911_calls,2025-07-27 20:32:00,Sunday,20,7,3.0
call_4893,40.69720337700005,-73.93561453399997,75S,75S,2025-07-26T21:33:00.000000,911_calls,2025-07-26 21:33:00,Saturday,21,7,3.0
call_4894,40.877926728000034,-73.88237318399996,52D1,52D1,2025-07-25T22:34:00.000000,911_calls,2025-07-25 22:34:00,Friday,22,7,3.0
call_4895,40.77512738100006,-73.98419458699993,11C4,11C4,2025-07-24T23:35:00.000000,911_calls,2025-07-24 23:35:00,Thursday,23,7,3.0
call_4896,40.80435573300008,-73.96019603399998,75D,75D,2025-07-23T00:36:00.000000,911_calls,2025-07-23 00:36:00,Wednesday,0,7,3.0
call_4897,40.58193462200006,-73.96366585799996,39H2,39H2,2025-07-22T01:37:00.000000,911_calls,2025-07-22 01:37:00,Tuesday,1,7,3.0
call_4898,40.63986515300007,-73.96029775099998,11C4,11C4,2025-07-21T02:38:00.000000,911_calls,2025-07-21 02:38:00,Monday,2,7,3.0
call_4899,40.587663570000075,-73.81055977899996,75D,75D,2025-07-20T03:39:00.000000,911_calls,2025-07-20 03:39:00,Sunday,3,7,3.0
call_4900,40.68117869500003,-73.97724033399999,75D,75D,2025-07-19T04:40:00.000000,911_calls,2025-07-19 04:40:00,Saturday,4,7,3.0
call_4901,40.66742829300006,-73.93125275899996,10H2,10H2,2025-07-18T05:41:00.000000,911_calls,2025-07-18 05:41:00,Friday,5,7,3.0
call_4902,40.640291819000026,-73.99433356799994,75M,75M,2025-07-17T06:42:00.000000,911_calls,2025-07-17 06:42:00,Thursday,6,7,3.0
call_4903,40.851656037000055,-73.92761756999994,39Q1,39Q1,2025-07-16T07:43:00.000000,911_calls,2025-07-16 07:43:00,Wednesday,7,7,3.0
call_4904,40.85646395900005,-73.90395979499993,39H1,39H1,2025-07-15T08:44:00.000000,911_calls,2025-07-15 08:44:00,Tuesday,8,7,3.0
call_4905,40.65903333800003,-73.99939953599994,68Q1,68Q1,2025-07-14T09:45:00.000000,911_calls,2025-07-14 09:45:00,Monday,9,7,3.0
call_4906,40.64968737300006,-73.89341019999995,75D,75D,2025-07-13T10:46:00.000000,911_calls,2025-07-13 10:46:00,Sunday,10,7,3.0
call_4907,40.79686381500005,-73.94924622399998,75D,75D,2025-07-12T11:47:00.000000,911_calls,2025-07-12 11:47:00,Saturday,11,7,3.0
call_4908,40.798500915000034,-73.94594018899994,54H1,54H1,2025-07-11T12:48:00.000000,911_calls,2025-07-11 12:48:00,Friday,12,7,3.0
call_4909,40.88220104000004,-73.88318652999999,54C1,54C1,2025-07-10T13:49:00.000000,911_calls,2025-07-10 13:49:00,Thursday,13,7,3.0
call_4910,40.77829193100007,-73.77723950599994,75H,75H,2025-07-09T14:50:00.000000,911_calls,2025-07-09 14:50:00,Wednesday,14,7,3.0
call_4911,40.817033937000076,-73.93643431999999,22V2,22V2,2025-07-08T15:51:00.000000,911_calls,2025-07-08 15:51:00,Tuesday,15,7,3.0
call_4912,40.58532136300005,-73.81002278199998,59R4,59R4,2025-07-07T16:52:00.000000,911_calls,2025-07-07 16:52:00,Monday,16,7,3.0
call_4913,40.68397916200007,-73.86342178199999,54U2,54U2,2025-07-06T17:53:00.000000,911_calls,2025-07-06 17:53:00,Sunday,17,7,3.0
call_4914,40.753173041000025,-73.99275391199996,68Q1,68Q1,2025-07-05T18:54:00.000000,911_calls,2025-07-05 18:54:00,Saturday,18,7,3.0
call_4915,40.86603507500007,-73.89193541699996,75D,75D,2025-07-04T19:55:00.000000,911_calls,2025-07-04 19:55:00,Friday,19,7,3.0
call_4916,40.66888376700007,-73.93250571899995,75S,75S,2025-07-03T20:56:00.000000,911_calls,2025-07-03 20:56:00,Thursday,20,7,3.0
call_4917,40.833541155000034,-73.89264588499998,53H,53H,2025-07-02T21:57:00.000000,911_calls,2025-07-02 21:57:00,Wednesday,21,7,3.0
call_4918,40.79136748700006,-73.98096213899998,53S8,53S8,2025-07-01T22:58:00.000000,911_calls,2025-07-01 22:58:00,Tuesday,22,7,3.0
call_4919,40.829860659000076,-73.94293719299998,10Y3,10Y3,2025-06-30T23:59:00.000000,911_calls,2025-06-30 23:59:00,Monday,23,6,3.0
call_4920,40.67879588200003,-73.94409756499994,75D,75D,2025-07-29T00:00:00.000000,911_calls,2025-07-29 00:00:00,Tuesday,0,7,3.0
call_4921,40.69240388700007,-73.99007040599997,75S,75S,2025-07-28T01:01:00.000000,911_calls,2025-07-28 01:01:00,Monday,1,7,3.0
call_4922,40.75927784000004,-73.71894544299994,75D,75D,2025-07-27T02:02:00.000000,911_calls,2025-07-27 02:02:00,Sunday,2,7,3.0
call_4923,40.853450242000065,-73.89153654899997,34Q1,34Q1,2025-07-26T03:03:00.000000,911_calls,2025-07-26 03:03:00,Saturday,3,7,3.0
call_4924,40.67627490800004,-73.89216357999999,10V2,10V2,2025-07-25T04:04:00.000000,911_calls,2025-07-25 04:04:00,Friday,4,7,3.0
call_4925,40.60888276000003,-73.97245693499997,75M,75M,2025-07-24T05:05:00.000000,911_calls,2025-07-24 05:05:00,Thursday,5,7,3.0
call_4926,40.849123235000036,-73.93800489599994,52K2,52K2,2025-07-23T06:06:00.000000,911_calls,2025-07-23 06:06:00,Wednesday,6,7,3.0
call_4927,40.75226363000007,-73.98388239499997,68Q1,68Q1,2025-07-22T07:07:00.000000,911_calls,2025-07-22 07:07:00,Tuesday,7,7,3.0
call_4928,40.69226368000005,-73.98774453499993,75S,75S,2025-07-21T08:08:00.000000,911_calls,2025-07-21 08:08:00,Monday,8,7,3.0
call_4929,40.75226363000007,-73.98388239499997,68Q1,68Q1,2025-07-20T09:09:00.000000,911_calls,2025-07-20 09:09:00,Sunday,9,7,3.0
call_4930,40.674369253000066,-73.86304850799996,54E1,54E1,2025-07-19T10:10:00.000000,911_calls,2025-07-19 10:10:00,Saturday,10,7,3.0
call_4931,40.674369253000066,-73.86304850799996,54E1,54E1,2025-07-18T11:11:00.000000,911_calls,2025-07-18 11:11:00,Friday,11,7,3.0
call_4932,40.75189284100003,-73.96918556899993,52D2,52D2,2025-07-17T12:12:00.000000,911_calls,2025-07-17 12:12:00,Thursday,12,7,3.0
call_4933,40.781137615000034,-73.94567624899997,68Q1,68Q1,2025-07-16T13:13:00.000000,911_calls,2025-07-16 13:13:00,Wednesday,13,7,3.0
call_4934,40.690563893000046,-73.98187797899999,75S,75S,2025-07-15T14:14:00.000000,911_calls,2025-07-15 14:14:00,Tuesday,14,7,3.0
call_4935,40.747749268000064,-73.97317547199998,75D,75D,2025-07-14T15:15:00.000000,911_calls,2025-07-14 15:15:00,Monday,15,7,3.0
call_4936,40.65462789000003,-74.00418568699996,75S,75S,2025-07-13T16:16:00.000000,911_calls,2025-07-13 16:16:00,Sunday,16,7,3.0
call_4937,40.78052257600007,-73.94521817699996,68Q1,68Q1,2025-07-12T17:17:00.000000,911_calls,2025-07-12 17:17:00,Saturday,17,7,3.0
call_4938,40.667012337000074,-73.99581642299995,10Y8,10Y8,2025-07-11T18:18:00.000000,911_calls,2025-07-11 18:18:00,Friday,18,7,3.0
call_4939,40.69242620600005,-73.85999676399996,32Q1,32Q1,2025-07-10T19:19:00.000000,911_calls,2025-07-10 19:19:00,Thursday,19,7,3.0
call_4940,40.714271660000065,-73.74726088199998,29C,29C,2025-07-09T20:20:00.000000,911_calls,2025-07-09 20:20:00,Wednesday,20,7,3.0
call_4941,40.75664204200007,-73.98837157699995,75S,75S,2025-07-08T21:21:00.000000,911_calls,2025-07-08 21:21:00,Tuesday,21,7,3.0
call_4942,40.70184190100008,-73.80592549099998,10V2,10V2,2025-07-07T22:22:00.000000,911_calls,2025-07-07 22:22:00,Monday,22,7,3.0
call_4943,40.746804216000044,-73.90115850699993,68Q2,68Q2,2025-07-06T23:23:00.000000,911_calls,2025-07-06 23:23:00,Sunday,23,7,3.0
call_4944,40.70758131700006,-73.94067936799996,10V2,10V2,2025-07-05T00:24:00.000000,911_calls,2025-07-05 00:24:00,Saturday,0,7,3.0
call_4945,40.680508417000055,-73.97459780599996,75D,75D,2025-07-04T01:25:00.000000,911_calls,2025-07-04 01:25:00,Friday,1,7,3.0
call_4946,40.742196980000074,-73.97468254999995,68Q1,68Q1,2025-07-03T02:26:00.000000,911_calls,2025-07-03 02:26:00,Thursday,2,7,3.0
call_4947,40.72316928300006,-73.98412753799994,68Q1,68Q1,2025-07-02T03:27:00.000000,911_calls,2025-07-02 03:27:00,Wednesday,3,7,3.0
call_4948,40.75043984000007,-73.93904233699999,75D,75D,2025-07-01T04:28:00.000000,911_calls,2025-07-01 04:28:00,Tuesday,4,7,3.0
call_4949,40.69454259200006,-73.92906831899995,68Q1,68Q1,2025-06-30T05:29:00.000000,911_calls,2025-06-30 05:29:00,Monday,5,6,3.0
call_4950,40.64661862600008,-73.99619967999996,39H1,39H1,2025-07-29T06:30:00.000000,911_calls,2025-07-29 06:30:00,Tuesday,6,7,3.0
call_4951,40.75679820100004,-73.97111078699999,75T,75T,2025-07-28T07:31:00.000000,911_calls,2025-07-28 07:31:00,Monday,7,7,3.0
call_4952,40.815929553000046,-73.94516735699995,68Q1,68Q1,2025-07-27T08:32:00.000000,911_calls,2025-07-27 08:32:00,Sunday,8,7,3.0
call_4953,40.815929553000046,-73.94516735699995,68Q1,68Q1,2025-07-26T09:33:00.000000,911_calls,2025-07-26 09:33:00,Saturday,9,7,3.0
call_4954,40.75679820100004,-73.97111078699999,75T,75T,2025-07-25T10:34:00.000000,911_calls,2025-07-25 10:34:00,Friday,10,7,3.0
call_4955,40.664190517000065,-73.85326150399999,53D,53D,2025-07-24T11:35:00.000000,911_calls,2025-07-24 11:35:00,Thursday,11,7,3.0
call_4956,40.68699927500006,-73.93734432899998,75D,75D,2025-07-23T12:36:00.000000,911_calls,2025-07-23 12:36:00,Wednesday,12,7,3.0
call_4957,40.70675626000008,-74.01008971699997,75S,75S,2025-07-22T13:37:00.000000,911_calls,2025-07-22 13:37:00,Tuesday,13,7,3.0
call_4958,40.86616448400008,-73.89842858499998,54E2,54E2,2025-07-21T14:38:00.000000,911_calls,2025-07-21 14:38:00,Monday,14,7,3.0
call_4959,40.86616448400008,-73.89842858499998,54E2,54E2,2025-07-20T15:39:00.000000,911_calls,2025-07-20 15:39:00,Sunday,15,7,3.0
call_4960,40.74704352800006,-73.98712814799995,54C1,54C1,2025-07-19T16:40:00.000000,911_calls,2025-07-19 16:40:00,Saturday,16,7,3.0
call_4961,40.74705075800006,-73.89147157999997,56S9,56S9,2025-07-18T17:41:00.000000,911_calls,2025-07-18 17:41:00,Friday,17,7,3.0
call_4962,40.650153630000034,-74.00885227299995,68Q1,68Q1,2025-07-17T18:42:00.000000,911_calls,2025-07-17 18:42:00,Thursday,18,7,3.0
call_4963,40.65407147900004,-73.95138028299993,54E1,54E1,2025-07-16T19:43:00.000000,911_calls,2025-07-16 19:43:00,Wednesday,19,7,3.0
call_4964,40.65407147900004,-73.95138028299993,54E1,54E1,2025-07-15T20:44:00.000000,911_calls,2025-07-15 20:44:00,Tuesday,20,7,3.0
call_4965,40.76841343500007,-73.98205535799997,68Q2,68Q2,2025-07-14T21:45:00.000000,911_calls,2025-07-14 21:45:00,Monday,21,7,3.0
call_4966,40.57390906900008,-74.00049458999996,54E1,54E1,2025-07-13T22:46:00.000000,911_calls,2025-07-13 22:46:00,Sunday,22,7,3.0
call_4967,40.57390906900008,-74.00049458999996,54E1,54E1,2025-07-12T23:47:00.000000,911_calls,2025-07-12 23:47:00,Saturday,23,7,3.0
call_4968,40.675081686000055,-73.86434488499998,10V2,10V2,2025-07-11T00:48:00.000000,911_calls,2025-07-11 00:48:00,Friday,0,7,3.0
call_4969,40.88392785900004,-73.83419888499998,22V2,22V2,2025-07-10T01:49:00.000000,911_calls,2025-07-10 01:49:00,Thursday,1,7,3.0
call_4970,40.64526601000006,-74.02271786999995,75D,75D,2025-07-09T02:50:00.000000,911_calls,2025-07-09 02:50:00,Wednesday,2,7,3.0
call_4971,40.65398903800008,-73.90672359199993,10H1,10H1,2025-07-08T03:51:00.000000,911_calls,2025-07-08 03:51:00,Tuesday,3,7,3.0
call_4972,40.841127338000035,-73.87349333499998,10H1,10H1,2025-07-07T04:52:00.000000,911_calls,2025-07-07 04:52:00,Monday,4,7,3.0
call_4973,40.80404600700007,-73.93662010299994,75S,75S,2025-07-06T05:53:00.000000,911_calls,2025-07-06 05:53:00,Sunday,5,7,3.0
call_4974,40.85700985200003,-73.86761048899996,75T,75T,2025-07-05T06:54:00.000000,911_calls,2025-07-05 06:54:00,Saturday,6,7,3.0
call_4975,40.66646466200007,-73.90410359499998,75D,75D,2025-07-04T07:55:00.000000,911_calls,2025-07-04 07:55:00,Friday,7,7,3.0
call_4976,40.74030856500008,-74.00382659999997,50P9,50P9,2025-07-03T08:56:00.000000,911_calls,2025-07-03 08:56:00,Thursday,8,7,3.0
call_4977,40.64472407400007,-73.90184663899998,68Q2,68Q2,2025-07-02T09:57:00.000000,911_calls,2025-07-02 09:57:00,Wednesday,9,7,3.0
call_4978,40.58737417000003,-73.95417232099999,75M,75M,2025-07-01T10:58:00.000000,911_calls,2025-07-01 10:58:00,Tuesday,10,7,3.0
call_4979,40.74705075800006,-73.89147157999997,75S,75S,2025-06-30T11:59:00.000000,911_calls,2025-06-30 11:59:00,Monday,11,6,3.0
call_4980,40.71626346000005,-73.98407867999998,68Q1,68Q1,2025-07-29T12:00:00.000000,911_calls,2025-07-29 12:00:00,Tuesday,12,7,3.0
call_4981,40.71948360700003,-73.98866305299998,75D,75D,2025-07-28T13:01:00.000000,911_calls,2025-07-28 13:01:00,Monday,13,7,3.0
call_4982,40.71249165100005,-73.96834528499994,68Q1,68Q1,2025-07-27T14:02:00.000000,911_calls,2025-07-27 14:02:00,Sunday,14,7,3.0
call_4983,40.69612008900003,-73.83094428199996,75F,75F,2025-07-26T15:03:00.000000,911_calls,2025-07-26 15:03:00,Saturday,15,7,3.0
call_4984,40.87968581800004,-73.87946264499993,24Q1,24Q1,2025-07-25T16:04:00.000000,911_calls,2025-07-25 16:04:00,Friday,16,7,3.0
call_4985,40.84084902400008,-73.94005456699995,50G9,50G9,2025-07-24T17:05:00.000000,911_calls,2025-07-24 17:05:00,Thursday,17,7,3.0
call_4986,40.67140715000005,-73.92948225299995,68Q1,68Q1,2025-07-23T18:06:00.000000,911_calls,2025-07-23 18:06:00,Wednesday,18,7,3.0
call_4987,40.67040290800003,-73.88832308799994,22Q1,22Q1,2025-07-22T19:07:00.000000,911_calls,2025-07-22 19:07:00,Tuesday,19,7,3.0
call_4988,40.75417102900008,-73.98250314699999,75S,75S,2025-07-21T20:08:00.000000,911_calls,2025-07-21 20:08:00,Monday,20,7,3.0
call_4989,40.85582383700006,-73.92978559199997,56S9,56S9,2025-07-20T21:09:00.000000,911_calls,2025-07-20 21:09:00,Sunday,21,7,3.0
call_4990,40.70242641800007,-73.81247696799994,52D6,52D6,2025-07-19T22:10:00.000000,911_calls,2025-07-19 22:10:00,Saturday,22,7,3.0
call_4991,40.72148397800004,-73.73464289899994,59R3,59R3,2025-07-18T23:11:00.000000,911_calls,2025-07-18 23:11:00,Friday,23,7,3.0
call_4992,40.85426163500006,-73.88480081599994,11C4,11C4,2025-07-17T00:12:00.000000,911_calls,2025-07-17 00:12:00,Thursday,0,7,3.0
call_4993,40.57743553600005,-73.98817598099998,10H1,10H1,2025-07-16T01:13:00.000000,911_calls,2025-07-16 01:13:00,Wednesday,1,7,3.0
call_4994,40.71513224200004,-73.83222714599998,10V2,10V2,2025-07-15T02:14:00.000000,911_calls,2025-07-15 02:14:00,Tuesday,2,7,3.0
call_4995,40.637223031000076,-73.91262722399995,68Q2,68Q2,2025-07-14T03:15:00.000000,911_calls,2025-07-14 03:15:00,Monday,3,7,3.0
call_4996,40.83658782300006,-73.91214858099994,54S1,54S1,2025-07-13T04:16:00.000000,911_calls,2025-07-13 04:16:00,Sunday,4,7,3.0
call_4997,40.662767503000055,-73.90752952599996,75S,75S,2025-07-12T05:17:00.000000,911_calls,2025-07-12 05:17:00,Saturday,5,7,3.0
call_4998,40.62158483500008,-73.94105837899997,68Q2,68Q2,2025-07-11T06:18:00.000000,911_calls,2025-07-11 06:18:00,Friday,6,7,3.0
call_4999,40.66888376700007,-73.93250571899995,39H9,39H9,2025-07-10T07:19:00.000000,911_calls,2025-07-10 07:19:00,Thursday,7,7,3.0
