id,latitude,longitude,type,description,timestamp,source,date,day_of_week,hour,month,severity_score
call_0,40.66189404600004,-73.73913314899994,53S,53S,2025-07-29T00:00:00.000000,911_calls,2025-07-29 00:00:00,Tuesday,0,7,3.0
call_1,40.868407122000065,-73.89260767699994,54I2,54I2,2025-07-28T01:01:00.000000,911_calls,2025-07-28 01:01:00,Monday,1,7,3.0
call_2,40.698697527000036,-73.98881805399998,75S,75S,2025-07-27T02:02:00.000000,911_calls,2025-07-27 02:02:00,Sunday,2,7,3.0
call_3,40.62895151200007,-73.96793097699998,50G2,50G2,2025-07-26T03:03:00.000000,911_calls,2025-07-26 03:03:00,Saturday,3,7,3.0
call_4,40.74567670700003,-73.98772027499996,10H1,10H1,2025-07-25T04:04:00.000000,911_calls,2025-07-25 04:04:00,Friday,4,7,3.0
call_5,40.69226368000005,-73.98774453499993,75O,75O,2025-07-24T05:05:00.000000,911_calls,2025-07-24 05:05:00,Thursday,5,7,3.0
call_6,40.75093622800006,-74.00404376499995,54U2,54U2,2025-07-23T06:06:00.000000,911_calls,2025-07-23 06:06:00,Wednesday,6,7,3.0
call_7,40.61633949800006,-74.03095284899996,75S,75S,2025-07-22T07:07:00.000000,911_calls,2025-07-22 07:07:00,Tuesday,7,7,3.0
call_8,40.82849393200007,-73.90554670999995,52D1,52D1,2025-07-21T08:08:00.000000,911_calls,2025-07-21 08:08:00,Monday,8,7,3.0
call_9,40.74705075800006,-73.89147157999997,75O,75O,2025-07-20T09:09:00.000000,911_calls,2025-07-20 09:09:00,Sunday,9,7,3.0
call_10,40.86085841600004,-73.89778957199997,75S,75S,2025-07-19T10:10:00.000000,911_calls,2025-07-19 10:10:00,Saturday,10,7,3.0
call_11,40.718244241000036,-73.95836798199997,75M,75M,2025-07-18T11:11:00.000000,911_calls,2025-07-18 11:11:00,Friday,11,7,3.0
call_12,40.798285226000075,-73.96267373099994,52D1,52D1,2025-07-17T12:12:00.000000,911_calls,2025-07-17 12:12:00,Thursday,12,7,3.0
call_13,40.64065237300008,-73.94557802499997,10H1,10H1,2025-07-16T13:13:00.000000,911_calls,2025-07-16 13:13:00,Wednesday,13,7,3.0
call_14,40.718244241000036,-73.95836798199997,75O,75O,2025-07-15T14:14:00.000000,911_calls,2025-07-15 14:14:00,Tuesday,14,7,3.0
call_15,40.67836827600007,-73.90352044899998,75M,75M,2025-07-14T15:15:00.000000,911_calls,2025-07-14 15:15:00,Monday,15,7,3.0
call_16,40.71239662200003,-73.78490845799996,75S,75S,2025-07-13T16:16:00.000000,911_calls,2025-07-13 16:16:00,Sunday,16,7,3.0
call_17,40.83509424700003,-73.90804891499994,10S2,10S2,2025-07-12T17:17:00.000000,911_calls,2025-07-12 17:17:00,Saturday,17,7,3.0
call_18,40.640936675000034,-73.97350306399994,50G2,50G2,2025-07-11T18:18:00.000000,911_calls,2025-07-11 18:18:00,Friday,18,7,3.0
call_19,40.70950107600004,-73.78648322999999,11C4,11C4,2025-07-10T19:19:00.000000,911_calls,2025-07-10 19:19:00,Thursday,19,7,3.0
call_20,40.689447804000054,-73.99046749299998,10Y3,10Y3,2025-07-09T20:20:00.000000,911_calls,2025-07-09 20:20:00,Wednesday,20,7,3.0
call_21,40.621415599000045,-74.08007850499996,10S4,10S4,2025-07-08T21:21:00.000000,911_calls,2025-07-08 21:21:00,Tuesday,21,7,3.0
call_22,40.60156483000003,-73.94210597799997,10Y3,10Y3,2025-07-07T22:22:00.000000,911_calls,2025-07-07 22:22:00,Monday,22,7,3.0
call_23,40.83149958700005,-73.92034728999994,10Y3,10Y3,2025-07-06T23:23:00.000000,911_calls,2025-07-06 23:23:00,Sunday,23,7,3.0
call_24,40.644801520000044,-74.00526971499994,52D1,52D1,2025-07-05T00:24:00.000000,911_calls,2025-07-05 00:24:00,Saturday,0,7,3.0
call_25,40.79719864200007,-73.94329385599997,39P6,39P6,2025-07-04T01:25:00.000000,911_calls,2025-07-04 01:25:00,Friday,1,7,3.0
call_26,40.68887919500003,-73.90493676399996,75M,75M,2025-07-03T02:26:00.000000,911_calls,2025-07-03 02:26:00,Thursday,2,7,3.0
call_27,40.61484691900006,-73.95433715699994,10Y3,10Y3,2025-07-02T03:27:00.000000,911_calls,2025-07-02 03:27:00,Wednesday,3,7,3.0
call_28,40.752533054000025,-73.98740139399996,11C4,11C4,2025-07-01T04:28:00.000000,911_calls,2025-07-01 04:28:00,Tuesday,4,7,3.0
call_29,40.67906840200004,-73.90376820299997,75M,75M,2025-06-30T05:29:00.000000,911_calls,2025-06-30 05:29:00,Monday,5,6,3.0
call_30,40.78052257600007,-73.94521817699996,59R4,59R4,2025-06-29T06:30:00.000000,911_calls,2025-06-29 06:30:00,Sunday,6,6,3.0
call_31,40.606569086000036,-73.99082865999998,54C1,54C1,2025-06-28T07:31:00.000000,911_calls,2025-06-28 07:31:00,Saturday,7,6,3.0
call_32,40.67914758400008,-73.82261933099994,39V6,39V6,2025-06-27T08:32:00.000000,911_calls,2025-06-27 08:32:00,Friday,8,6,3.0
call_33,40.69026700100005,-73.93500461799994,29H2,29H2,2025-06-26T09:33:00.000000,911_calls,2025-06-26 09:33:00,Thursday,9,6,3.0
call_34,40.86985763400003,-73.91756066799996,39T2,39T2,2025-06-25T10:34:00.000000,911_calls,2025-06-25 10:34:00,Wednesday,10,6,3.0
call_35,40.61190307500004,-74.10302790199995,10S2,10S2,2025-06-24T11:35:00.000000,911_calls,2025-06-24 11:35:00,Tuesday,11,6,3.0
call_36,40.64921500600008,-73.96366886299995,11C4,11C4,2025-06-23T12:36:00.000000,911_calls,2025-06-23 12:36:00,Monday,12,6,3.0
call_37,40.67508142100007,-73.92363809599993,10S1,10S1,2025-06-22T13:37:00.000000,911_calls,2025-06-22 13:37:00,Sunday,13,6,3.0
call_38,40.86332066400007,-73.82310785699997,54U1,54U1,2025-06-21T14:38:00.000000,911_calls,2025-06-21 14:38:00,Saturday,14,6,3.0
call_39,40.68844433600003,-73.80091991899997,53X,53X,2025-06-20T15:39:00.000000,911_calls,2025-06-20 15:39:00,Friday,15,6,3.0
call_40,40.68844433600003,-73.80091991899997,53X,53X,2025-06-19T16:40:00.000000,911_calls,2025-06-19 16:40:00,Thursday,16,6,3.0
call_41,40.860087315000044,-73.89491310799997,75D,75D,2025-06-18T17:41:00.000000,911_calls,2025-06-18 17:41:00,Wednesday,17,6,3.0
call_42,40.65260032000003,-73.97856550299997,54H1,54H1,2025-06-17T18:42:00.000000,911_calls,2025-06-17 18:42:00,Tuesday,18,6,3.0
call_43,40.587376549000055,-73.96962511199996,10Y3,10Y3,2025-06-16T19:43:00.000000,911_calls,2025-06-16 19:43:00,Monday,19,6,3.0
call_44,40.72355737600003,-74.00165017899997,11C4,11C4,2025-06-15T20:44:00.000000,911_calls,2025-06-15 20:44:00,Sunday,20,6,3.0
call_45,40.61180402800005,-73.95033776199995,59R4,59R4,2025-06-14T21:45:00.000000,911_calls,2025-06-14 21:45:00,Saturday,21,6,3.0
call_46,40.853330001000074,-73.93161368199998,50P2,50P2,2025-06-13T22:46:00.000000,911_calls,2025-06-13 22:46:00,Friday,22,6,3.0
call_47,40.683788668000034,-73.76974188799994,10S2,10S2,2025-06-12T23:47:00.000000,911_calls,2025-06-12 23:47:00,Thursday,23,6,3.0
call_48,40.75673593700003,-73.99831941099995,54S2,54S2,2025-06-11T00:48:00.000000,911_calls,2025-06-11 00:48:00,Wednesday,0,6,3.0
call_49,40.67303140400003,-73.95567082599996,44H1,44H1,2025-06-10T01:49:00.000000,911_calls,2025-06-10 01:49:00,Tuesday,1,6,3.0
call_50,40.679270529000064,-73.92882497899996,75S,75S,2025-06-09T02:50:00.000000,911_calls,2025-06-09 02:50:00,Monday,2,6,3.0
call_51,40.579488612000034,-73.95482572199995,54C1,54C1,2025-06-08T03:51:00.000000,911_calls,2025-06-08 03:51:00,Sunday,3,6,3.0
call_52,40.882051545000024,-73.85539528099997,52D2,52D2,2025-06-07T04:52:00.000000,911_calls,2025-06-07 04:52:00,Saturday,4,6,3.0
call_53,40.84227324600005,-73.87224065199996,10N9,10N9,2025-06-06T05:53:00.000000,911_calls,2025-06-06 05:53:00,Friday,5,6,3.0
call_54,40.74857939100008,-73.87503331299996,11C4,11C4,2025-06-05T06:54:00.000000,911_calls,2025-06-05 06:54:00,Thursday,6,6,3.0
call_55,40.597857730000044,-73.96534603299995,53I,53I,2025-06-04T07:55:00.000000,911_calls,2025-06-04 07:55:00,Wednesday,7,6,3.0
call_56,40.679270529000064,-73.92882497899996,75S,75S,2025-06-03T08:56:00.000000,911_calls,2025-06-03 08:56:00,Tuesday,8,6,3.0
call_57,40.874217411000075,-73.87853242199998,75M,75M,2025-06-02T09:57:00.000000,911_calls,2025-06-02 09:57:00,Monday,9,6,3.0
call_58,40.66130220400004,-73.96115364399998,54E1,54E1,2025-06-01T10:58:00.000000,911_calls,2025-06-01 10:58:00,Sunday,10,6,3.0
call_59,40.66130220400004,-73.96115364399998,54E1,54E1,2025-05-31T11:59:00.000000,911_calls,2025-05-31 11:59:00,Saturday,11,5,3.0
call_60,40.69768508400006,-73.99381298799995,56S9,56S9,2025-05-30T12:00:00.000000,911_calls,2025-05-30 12:00:00,Friday,12,5,3.0
call_61,40.83382589400003,-73.93603522399997,52D6,52D6,2025-05-29T13:01:00.000000,911_calls,2025-05-29 13:01:00,Thursday,13,5,3.0
call_62,40.715462122000076,-73.98506366199996,54U2,54U2,2025-05-28T14:02:00.000000,911_calls,2025-05-28 14:02:00,Wednesday,14,5,3.0
call_63,40.755977862000066,-73.98886258299996,54E2,54E2,2025-05-27T15:03:00.000000,911_calls,2025-05-27 15:03:00,Tuesday,15,5,3.0
call_64,40.755977862000066,-73.98886258299996,54E2,54E2,2025-05-26T16:04:00.000000,911_calls,2025-05-26 16:04:00,Monday,16,5,3.0
call_65,40.72127357100004,-73.99359794999998,52K2,52K2,2025-05-25T17:05:00.000000,911_calls,2025-05-25 17:05:00,Sunday,17,5,3.0
call_66,40.59912276800003,-73.96431909099994,68Q1,68Q1,2025-05-24T18:06:00.000000,911_calls,2025-05-24 18:06:00,Saturday,18,5,3.0
call_67,40.60944690500003,-73.96754417299996,50G2,50G2,2025-05-23T19:07:00.000000,911_calls,2025-05-23 19:07:00,Friday,19,5,3.0
call_68,40.66044379400006,-73.87913793899997,54S1,54S1,2025-05-22T20:08:00.000000,911_calls,2025-05-22 20:08:00,Thursday,20,5,3.0
call_69,40.82437748600006,-73.94451363399997,75S,75S,2025-05-21T21:09:00.000000,911_calls,2025-05-21 21:09:00,Wednesday,21,5,3.0
call_70,40.688743368000075,-73.94498708099997,54S1,54S1,2025-05-20T22:10:00.000000,911_calls,2025-05-20 22:10:00,Tuesday,22,5,3.0
call_71,40.605512642000065,-73.94961857099997,68Q1,68Q1,2025-05-19T23:11:00.000000,911_calls,2025-05-19 23:11:00,Monday,23,5,3.0
call_72,40.762416409000025,-73.96084920699997,68Q1,68Q1,2025-05-18T00:12:00.000000,911_calls,2025-05-18 00:12:00,Sunday,0,5,3.0
call_73,40.76760643000006,-73.98173427399996,22Q9,22Q9,2025-05-17T01:13:00.000000,911_calls,2025-05-17 01:13:00,Saturday,1,5,3.0
call_74,40.62483062500007,-73.96467279199999,50G2,50G2,2025-05-16T02:14:00.000000,911_calls,2025-05-16 02:14:00,Friday,2,5,3.0
call_75,40.74663295800008,-73.87216421499994,52D1,52D1,2025-05-15T03:15:00.000000,911_calls,2025-05-15 03:15:00,Thursday,3,5,3.0
call_76,40.59273675600008,-73.79812307999998,50G2,50G2,2025-05-14T04:16:00.000000,911_calls,2025-05-14 04:16:00,Wednesday,4,5,3.0
call_77,40.58939157700007,-73.97095277299996,68Q1,68Q1,2025-05-13T05:17:00.000000,911_calls,2025-05-13 05:17:00,Tuesday,5,5,3.0
call_78,40.71928888000008,-73.99032614199996,53S,53S,2025-05-12T06:18:00.000000,911_calls,2025-05-12 06:18:00,Monday,6,5,3.0
call_79,40.71928888000008,-73.99032614199996,53S,53S,2025-05-11T07:19:00.000000,911_calls,2025-05-11 07:19:00,Sunday,7,5,3.0
call_80,40.779337025000075,-73.97925408299994,10H2,10H2,2025-05-10T08:20:00.000000,911_calls,2025-05-10 08:20:00,Saturday,8,5,3.0
call_81,40.815669883000055,-73.93656568099993,54H1,54H1,2025-05-09T09:21:00.000000,911_calls,2025-05-09 09:21:00,Friday,9,5,3.0
call_82,40.63242975400004,-73.94722400499995,75S,75S,2025-05-08T10:22:00.000000,911_calls,2025-05-08 10:22:00,Thursday,10,5,3.0
call_83,40.812296927000034,-73.92350234199995,54S1,54S1,2025-05-07T11:23:00.000000,911_calls,2025-05-07 11:23:00,Wednesday,11,5,3.0
call_84,40.770600416000036,-73.95852659799993,68Q1,68Q1,2025-05-06T12:24:00.000000,911_calls,2025-05-06 12:24:00,Tuesday,12,5,3.0
call_85,40.874217411000075,-73.87853242199998,75S,75S,2025-05-05T13:25:00.000000,911_calls,2025-05-05 13:25:00,Monday,13,5,3.0
call_86,40.59103248900004,-73.78612750699995,54C3,54C3,2025-05-04T14:26:00.000000,911_calls,2025-05-04 14:26:00,Sunday,14,5,3.0
call_87,40.59103248900004,-73.78612750699995,54C3,54C3,2025-05-03T15:27:00.000000,911_calls,2025-05-03 15:27:00,Saturday,15,5,3.0
call_88,40.63113077300005,-74.02050098199999,68Q1,68Q1,2025-05-02T16:28:00.000000,911_calls,2025-05-02 16:28:00,Friday,16,5,3.0
call_89,40.84833817400005,-73.91247643899999,75M,75M,2025-05-01T17:29:00.000000,911_calls,2025-05-01 17:29:00,Thursday,17,5,3.0
call_90,40.679270529000064,-73.92882497899996,75S,75S,2025-04-30T18:30:00.000000,911_calls,2025-04-30 18:30:00,Wednesday,18,4,3.0
call_91,40.71065931100003,-73.98986569399995,68Q1,68Q1,2025-04-29T19:31:00.000000,911_calls,2025-04-29 19:31:00,Tuesday,19,4,3.0
call_92,40.684461543000054,-73.97775120999995,75S,75S,2025-04-28T20:32:00.000000,911_calls,2025-04-28 20:32:00,Monday,20,4,3.0
call_93,40.85131986700003,-73.92141156699995,39H1,39H1,2025-04-27T21:33:00.000000,911_calls,2025-04-27 21:33:00,Sunday,21,4,3.0
call_94,40.77720816600004,-73.89540135099998,10Y3,10Y3,2025-04-26T22:34:00.000000,911_calls,2025-04-26 22:34:00,Saturday,22,4,3.0
call_95,40.75664204200007,-73.98837157699995,75M,75M,2025-04-25T23:35:00.000000,911_calls,2025-04-25 23:35:00,Friday,23,4,3.0
call_96,40.624374819000025,-74.00499432099997,68Q1,68Q1,2025-04-24T00:36:00.000000,911_calls,2025-04-24 00:36:00,Thursday,0,4,3.0
call_97,40.82437748600006,-73.94451363399997,75M,75M,2025-04-23T01:37:00.000000,911_calls,2025-04-23 01:37:00,Wednesday,1,4,3.0
call_98,40.69720337700005,-73.93561453399997,75M,75M,2025-04-22T02:38:00.000000,911_calls,2025-04-22 02:38:00,Tuesday,2,4,3.0
call_99,40.80769916300005,-73.94738485799996,10H1,10H1,2025-04-21T03:39:00.000000,911_calls,2025-04-21 03:39:00,Monday,3,4,3.0
call_100,40.624374819000025,-74.00499432099997,68Q1,68Q1,2025-04-20T04:40:00.000000,911_calls,2025-04-20 04:40:00,Sunday,4,4,3.0
call_101,40.736917049000056,-73.95190079599996,54S1,54S1,2025-04-19T05:41:00.000000,911_calls,2025-04-19 05:41:00,Saturday,5,4,3.0
call_102,40.58582199800003,-73.96607233599997,68Q1,68Q1,2025-04-18T06:42:00.000000,911_calls,2025-04-18 06:42:00,Friday,6,4,3.0
call_103,40.77513623100003,-73.95521653399999,54U2,54U2,2025-04-17T07:43:00.000000,911_calls,2025-04-17 07:43:00,Thursday,7,4,3.0
call_104,40.62835543600005,-74.07862418499997,53S,53S,2025-04-16T08:44:00.000000,911_calls,2025-04-16 08:44:00,Wednesday,8,4,3.0
call_105,40.74657843500006,-73.94542653799994,75M,75M,2025-04-15T09:45:00.000000,911_calls,2025-04-15 09:45:00,Tuesday,9,4,3.0
call_106,40.761752209000065,-73.98384039099994,54S2,54S2,2025-04-14T10:46:00.000000,911_calls,2025-04-14 10:46:00,Monday,10,4,3.0
call_107,40.82027627300005,-73.89600928499993,56S,56S,2025-04-13T11:47:00.000000,911_calls,2025-04-13 11:47:00,Sunday,11,4,3.0
call_108,40.624374819000025,-74.00499432099997,68Q1,68Q1,2025-04-12T12:48:00.000000,911_calls,2025-04-12 12:48:00,Saturday,12,4,3.0
call_109,40.75314959000008,-73.98008877399997,54H2,54H2,2025-04-11T13:49:00.000000,911_calls,2025-04-11 13:49:00,Friday,13,4,3.0
call_110,40.75314959000008,-73.98008877399997,54H2,54H2,2025-04-10T14:50:00.000000,911_calls,2025-04-10 14:50:00,Thursday,14,4,3.0
call_111,40.829270043000065,-73.84627758699997,67S8,67S8,2025-04-09T15:51:00.000000,911_calls,2025-04-09 15:51:00,Wednesday,15,4,3.0
call_112,40.65175137500006,-73.89942172299999,75M,75M,2025-04-08T16:52:00.000000,911_calls,2025-04-08 16:52:00,Tuesday,16,4,3.0
call_113,40.660783550000076,-73.96147833599997,75S,75S,2025-04-07T17:53:00.000000,911_calls,2025-04-07 17:53:00,Monday,17,4,3.0
call_114,40.728001566000046,-73.71572192399998,68Q1,68Q1,2025-04-06T18:54:00.000000,911_calls,2025-04-06 18:54:00,Sunday,18,4,3.0
call_115,40.50727773300008,-74.23728397499997,11R4,11R4,2025-04-05T19:55:00.000000,911_calls,2025-04-05 19:55:00,Saturday,19,4,3.0
call_116,40.84768101100008,-73.89770138399996,52D2,52D2,2025-04-04T20:56:00.000000,911_calls,2025-04-04 20:56:00,Friday,20,4,3.0
call_117,40.62954334900007,-73.94378215699999,10Y3,10Y3,2025-04-03T21:57:00.000000,911_calls,2025-04-03 21:57:00,Thursday,21,4,3.0
call_118,40.61659987100006,-74.03233971999998,75S,75S,2025-04-02T22:58:00.000000,911_calls,2025-04-02 22:58:00,Wednesday,22,4,3.0
call_119,40.73201947000007,-74.00073390899996,75S,75S,2025-04-01T23:59:00.000000,911_calls,2025-04-01 23:59:00,Tuesday,23,4,3.0
call_120,40.706442571000025,-73.93139647199996,75S,75S,2025-03-31T00:00:00.000000,911_calls,2025-03-31 00:00:00,Monday,0,3,3.0
call_121,40.85650319800004,-73.89542486299996,10S4,10S4,2025-03-30T01:01:00.000000,911_calls,2025-03-30 01:01:00,Sunday,1,3,3.0
call_122,40.67906840200004,-73.90376820299997,75S,75S,2025-03-29T02:02:00.000000,911_calls,2025-03-29 02:02:00,Saturday,2,3,3.0
call_123,40.690563893000046,-73.98187797899999,75S,75S,2025-03-28T03:03:00.000000,911_calls,2025-03-28 03:03:00,Friday,3,3,3.0
call_124,40.79719864200007,-73.94329385599997,52D1,52D1,2025-03-27T04:04:00.000000,911_calls,2025-03-27 04:04:00,Thursday,4,3,3.0
call_125,40.535586626000054,-74.22283941599994,10Y3,10Y3,2025-03-26T05:05:00.000000,911_calls,2025-03-26 05:05:00,Wednesday,5,3,3.0
call_126,40.85238190900003,-73.91351577099994,52D6,52D6,2025-03-25T06:06:00.000000,911_calls,2025-03-25 06:06:00,Tuesday,6,3,3.0
call_127,40.61948905300005,-73.90582444899997,50G2,50G2,2025-03-24T07:07:00.000000,911_calls,2025-03-24 07:07:00,Monday,7,3,3.0
call_128,40.87135165900003,-73.90124094399994,34Q1,34Q1,2025-03-23T08:08:00.000000,911_calls,2025-03-23 08:08:00,Sunday,8,3,3.0
call_129,40.714074580000045,-73.95049964199995,75S,75S,2025-03-22T09:09:00.000000,911_calls,2025-03-22 09:09:00,Saturday,9,3,3.0
call_130,40.820411060000026,-73.89332824199994,68Q1,68Q1,2025-03-21T10:10:00.000000,911_calls,2025-03-21 10:10:00,Friday,10,3,3.0
call_131,40.679270529000064,-73.92882497899996,75M,75M,2025-03-20T11:11:00.000000,911_calls,2025-03-20 11:11:00,Thursday,11,3,3.0
call_132,40.69454230000008,-73.99336250999994,75S,75S,2025-03-19T12:12:00.000000,911_calls,2025-03-19 12:12:00,Wednesday,12,3,3.0
call_133,40.58440471600005,-73.81344559799999,68Q1,68Q1,2025-03-18T13:13:00.000000,911_calls,2025-03-18 13:13:00,Tuesday,13,3,3.0
call_134,40.732510631000025,-73.97416303899996,67S8,67S8,2025-03-17T14:14:00.000000,911_calls,2025-03-17 14:14:00,Monday,14,3,3.0
call_135,40.82042804100007,-73.89388461399994,68Q1,68Q1,2025-03-16T15:15:00.000000,911_calls,2025-03-16 15:15:00,Sunday,15,3,3.0
call_136,40.679270529000064,-73.92882497899996,75M,75M,2025-03-15T16:16:00.000000,911_calls,2025-03-15 16:16:00,Saturday,16,3,3.0
call_137,40.88439934500008,-73.86537160499995,10H1,10H1,2025-03-14T17:17:00.000000,911_calls,2025-03-14 17:17:00,Friday,17,3,3.0
call_138,40.63497057200004,-73.88562252799994,75I,75I,2025-03-13T18:18:00.000000,911_calls,2025-03-13 18:18:00,Thursday,18,3,3.0
call_139,40.69327950500008,-73.80507052599995,11R4,11R4,2025-03-12T19:19:00.000000,911_calls,2025-03-12 19:19:00,Wednesday,19,3,3.0
call_140,40.744943539000076,-73.98502096499993,10H1,10H1,2025-03-11T20:20:00.000000,911_calls,2025-03-11 20:20:00,Tuesday,20,3,3.0
call_141,40.58380437500006,-73.81907796599995,68Q1,68Q1,2025-03-10T21:21:00.000000,911_calls,2025-03-10 21:21:00,Monday,21,3,3.0
call_142,40.67790752700006,-73.91078571399999,75S,75S,2025-03-09T22:22:00.000000,911_calls,2025-03-09 22:22:00,Sunday,22,3,3.0
call_143,40.679270529000064,-73.92882497899996,75O,75O,2025-03-08T23:23:00.000000,911_calls,2025-03-08 23:23:00,Saturday,23,3,3.0
call_144,40.625384515000064,-74.02729698399997,50G2,50G2,2025-03-07T00:24:00.000000,911_calls,2025-03-07 00:24:00,Friday,0,3,3.0
call_145,40.66894522600006,-73.92971556099997,52D6,52D6,2025-03-06T01:25:00.000000,911_calls,2025-03-06 01:25:00,Thursday,1,3,3.0
call_146,40.83127016100008,-73.91426592599998,75D,75D,2025-03-05T02:26:00.000000,911_calls,2025-03-05 02:26:00,Wednesday,2,3,3.0
call_147,40.84299535500003,-73.92168162399997,68Q1,68Q1,2025-03-04T03:27:00.000000,911_calls,2025-03-04 03:27:00,Tuesday,3,3,3.0
call_148,40.67245786700005,-73.87417375699994,68Q1,68Q1,2025-03-03T04:28:00.000000,911_calls,2025-03-03 04:28:00,Monday,4,3,3.0
call_149,40.64564719600003,-73.90287588699994,75O,75O,2025-03-02T05:29:00.000000,911_calls,2025-03-02 05:29:00,Sunday,5,3,3.0
call_150,40.827899467000066,-73.92588369299995,75S,75S,2025-03-01T06:30:00.000000,911_calls,2025-03-01 06:30:00,Saturday,6,3,3.0
call_151,40.85269075300005,-73.90487977199996,10P2,10P2,2025-02-28T07:31:00.000000,911_calls,2025-02-28 07:31:00,Friday,7,2,3.0
call_152,40.617969182000024,-73.95809913299996,11C4,11C4,2025-02-27T08:32:00.000000,911_calls,2025-02-27 08:32:00,Thursday,8,2,3.0
call_153,40.73181908400005,-73.99779324399998,10P2,10P2,2025-02-26T09:33:00.000000,911_calls,2025-02-26 09:33:00,Wednesday,9,2,3.0
call_154,40.61659987100006,-74.03233971999998,75O,75O,2025-02-25T10:34:00.000000,911_calls,2025-02-25 10:34:00,Tuesday,10,2,3.0
call_155,40.84084902400008,-73.94005456699995,75S,75S,2025-02-24T11:35:00.000000,911_calls,2025-02-24 11:35:00,Monday,11,2,3.0
call_156,40.79124032800007,-73.93889302799994,10S1,10S1,2025-02-23T12:36:00.000000,911_calls,2025-02-23 12:36:00,Sunday,12,2,3.0
call_157,40.86802685400005,-73.89698312799999,54S1,54S1,2025-02-22T13:37:00.000000,911_calls,2025-02-22 13:37:00,Saturday,13,2,3.0
call_158,40.76015718700006,-73.76742395499997,54S1,54S1,2025-02-21T14:38:00.000000,911_calls,2025-02-21 14:38:00,Friday,14,2,3.0
call_159,40.75842832100005,-73.91503828799995,50G2,50G2,2025-02-20T15:39:00.000000,911_calls,2025-02-20 15:39:00,Thursday,15,2,3.0
call_160,40.75664204200007,-73.98837157699995,13U9,13U9,2025-02-19T16:40:00.000000,911_calls,2025-02-19 16:40:00,Wednesday,16,2,3.0
call_161,40.75664204200007,-73.98837157699995,13U9,13U9,2025-02-18T17:41:00.000000,911_calls,2025-02-18 17:41:00,Tuesday,17,2,3.0
call_162,40.642291654000076,-73.92693303399994,10S4,10S4,2025-02-17T18:42:00.000000,911_calls,2025-02-17 18:42:00,Monday,18,2,3.0
call_163,40.74308261700003,-73.95398943899994,75S,75S,2025-02-16T19:43:00.000000,911_calls,2025-02-16 19:43:00,Sunday,19,2,3.0
call_164,40.67794926300007,-73.90464589699997,54U9,54U9,2025-02-15T20:44:00.000000,911_calls,2025-02-15 20:44:00,Saturday,20,2,3.0
call_165,40.71072244000004,-74.01013720899994,54S9,54S9,2025-02-14T21:45:00.000000,911_calls,2025-02-14 21:45:00,Friday,21,2,3.0
call_166,40.63824327900005,-74.01566778599994,10S2,10S2,2025-02-13T22:46:00.000000,911_calls,2025-02-13 22:46:00,Thursday,22,2,3.0
call_167,40.747729682000056,-73.98683929299995,54E1,54E1,2025-02-12T23:47:00.000000,911_calls,2025-02-12 23:47:00,Wednesday,23,2,3.0
call_168,40.747729682000056,-73.98683929299995,54E1,54E1,2025-02-11T00:48:00.000000,911_calls,2025-02-11 00:48:00,Tuesday,0,2,3.0
call_169,40.75226363000007,-73.98388239499997,68Q2,68Q2,2025-02-10T01:49:00.000000,911_calls,2025-02-10 01:49:00,Monday,1,2,3.0
call_170,40.74845426500008,-73.77609775099995,68Q1,68Q1,2025-02-09T02:50:00.000000,911_calls,2025-02-09 02:50:00,Sunday,2,2,3.0
call_171,40.84084902400008,-73.94005456699995,75S,75S,2025-02-08T03:51:00.000000,911_calls,2025-02-08 03:51:00,Saturday,3,2,3.0
call_172,40.63437605200005,-73.88398062199997,75I,75I,2025-02-07T04:52:00.000000,911_calls,2025-02-07 04:52:00,Friday,4,2,3.0
call_173,40.66313411500005,-73.74009069399995,68Q2,68Q2,2025-02-06T05:53:00.000000,911_calls,2025-02-06 05:53:00,Thursday,5,2,3.0
call_174,40.66423942200004,-73.90842501099996,75D,75D,2025-02-05T06:54:00.000000,911_calls,2025-02-05 06:54:00,Wednesday,6,2,3.0
call_175,40.662767503000055,-73.90752952599996,75D,75D,2025-02-04T07:55:00.000000,911_calls,2025-02-04 07:55:00,Tuesday,7,2,3.0
call_176,40.701332285000035,-73.98676549999993,75O,75O,2025-02-03T08:56:00.000000,911_calls,2025-02-03 08:56:00,Monday,8,2,3.0
call_177,40.640922930000045,-73.94900090099998,59R4,59R4,2025-02-02T09:57:00.000000,911_calls,2025-02-02 09:57:00,Sunday,9,2,3.0
call_178,40.719816137000066,-73.99425465899998,52D2,52D2,2025-02-01T10:58:00.000000,911_calls,2025-02-01 10:58:00,Saturday,10,2,3.0
call_179,40.66483511500007,-73.94818601299994,54S1,54S1,2025-01-31T11:59:00.000000,911_calls,2025-01-31 11:59:00,Friday,11,1,3.0
call_180,40.744758671000056,-73.97883539299994,75D,75D,2025-01-30T12:00:00.000000,911_calls,2025-01-30 12:00:00,Thursday,12,1,3.0
call_181,40.71898720200005,-73.82035963199996,52D1,52D1,2025-01-29T13:01:00.000000,911_calls,2025-01-29 13:01:00,Wednesday,13,1,3.0
call_182,40.73896154000005,-73.75391526399994,68Q1,68Q1,2025-01-28T14:02:00.000000,911_calls,2025-01-28 14:02:00,Tuesday,14,1,3.0
call_183,40.73754363100005,-73.74684062499995,50G2,50G2,2025-01-27T15:03:00.000000,911_calls,2025-01-27 15:03:00,Monday,15,1,3.0
call_184,40.85290843100006,-73.90934005599996,59R4,59R4,2025-01-26T16:04:00.000000,911_calls,2025-01-26 16:04:00,Sunday,16,1,3.0
call_185,40.79958346600006,-73.96262243699994,68Q1,68Q1,2025-01-25T17:05:00.000000,911_calls,2025-01-25 17:05:00,Saturday,17,1,3.0
call_186,40.684932642000035,-73.94880498999999,68Q2,68Q2,2025-01-24T18:06:00.000000,911_calls,2025-01-24 18:06:00,Friday,18,1,3.0
call_187,40.81054144700005,-73.93925822599994,10S2,10S2,2025-01-23T19:07:00.000000,911_calls,2025-01-23 19:07:00,Thursday,19,1,3.0
call_188,40.59543765300003,-73.79969567299997,39V6,39V6,2025-01-22T20:08:00.000000,911_calls,2025-01-22 20:08:00,Wednesday,20,1,3.0
call_189,40.74492419000006,-73.98401408999996,68Q1,68Q1,2025-01-21T21:09:00.000000,911_calls,2025-01-21 21:09:00,Tuesday,21,1,3.0
call_190,40.78927205800005,-73.97472243099998,68Q1,68Q1,2025-01-20T22:10:00.000000,911_calls,2025-01-20 22:10:00,Monday,22,1,3.0
call_191,40.64564719600003,-73.90287588699994,75S,75S,2025-01-19T23:11:00.000000,911_calls,2025-01-19 23:11:00,Sunday,23,1,3.0
call_192,40.74964837500005,-73.98787112699995,54E2,54E2,2025-01-18T00:12:00.000000,911_calls,2025-01-18 00:12:00,Saturday,0,1,3.0
call_193,40.74964837500005,-73.98787112699995,54E2,54E2,2025-01-17T01:13:00.000000,911_calls,2025-01-17 01:13:00,Friday,1,1,3.0
call_194,40.69976391700004,-73.91785033799994,68Q1,68Q1,2025-01-16T02:14:00.000000,911_calls,2025-01-16 02:14:00,Thursday,2,1,3.0
call_195,40.53471768400004,-74.17094196199997,10Y3,10Y3,2025-01-15T03:15:00.000000,911_calls,2025-01-15 03:15:00,Wednesday,3,1,3.0
call_196,40.75757811200003,-73.98954452399994,54S2,54S2,2025-01-14T04:16:00.000000,911_calls,2025-01-14 04:16:00,Tuesday,4,1,3.0
call_197,40.684932642000035,-73.94880498999999,68Q2,68Q2,2025-01-13T05:17:00.000000,911_calls,2025-01-13 05:17:00,Monday,5,1,3.0
call_198,40.79299897900006,-73.97285748699994,39H1,39H1,2025-01-12T06:18:00.000000,911_calls,2025-01-12 06:18:00,Sunday,6,1,3.0
call_199,40.70526798100008,-73.92298676599995,68Q1,68Q1,2025-01-11T07:19:00.000000,911_calls,2025-01-11 07:19:00,Saturday,7,1,3.0
call_200,40.75664204200007,-73.98837157699995,75S,75S,2025-01-10T08:20:00.000000,911_calls,2025-01-10 08:20:00,Friday,8,1,3.0
call_201,40.767543157000034,-73.77145955099996,68Q1,68Q1,2025-01-09T09:21:00.000000,911_calls,2025-01-09 09:21:00,Thursday,9,1,3.0
call_202,40.69951622000008,-73.91692018499998,68Q1,68Q1,2025-01-08T10:22:00.000000,911_calls,2025-01-08 10:22:00,Wednesday,10,1,3.0
call_203,40.706731389000026,-73.89875085999995,50G2,50G2,2025-01-07T11:23:00.000000,911_calls,2025-01-07 11:23:00,Tuesday,11,1,3.0
call_204,40.815684487000055,-73.94353822199997,10Y3,10Y3,2025-01-06T12:24:00.000000,911_calls,2025-01-06 12:24:00,Monday,12,1,3.0
call_205,40.70059287300006,-73.81585419699996,68Q1,68Q1,2025-01-05T13:25:00.000000,911_calls,2025-01-05 13:25:00,Sunday,13,1,3.0
call_206,40.75664204200007,-73.98837157699995,75S,75S,2025-01-04T14:26:00.000000,911_calls,2025-01-04 14:26:00,Saturday,14,1,3.0
call_207,40.827899467000066,-73.92588369299995,75M,75M,2025-01-03T15:27:00.000000,911_calls,2025-01-03 15:27:00,Friday,15,1,3.0
call_208,40.57707107300007,-74.00163575499994,10Y3,10Y3,2025-01-02T16:28:00.000000,911_calls,2025-01-02 16:28:00,Thursday,16,1,3.0
call_209,40.75664204200007,-73.98837157699995,75S,75S,2025-01-01T17:29:00.000000,911_calls,2025-01-01 17:29:00,Wednesday,17,1,3.0
call_210,40.69969798000005,-73.75153928399999,11R4,11R4,2024-12-31T18:30:00.000000,911_calls,2024-12-31 18:30:00,Tuesday,18,12,3.0
call_211,40.81756136700005,-73.92786058299998,75M,75M,2024-12-30T19:31:00.000000,911_calls,2024-12-30 19:31:00,Monday,19,12,3.0
call_212,40.87475106100004,-73.84927491399998,54U1,54U1,2024-12-29T20:32:00.000000,911_calls,2024-12-29 20:32:00,Sunday,20,12,3.0
call_213,40.68592602900003,-73.91577608399996,75S,75S,2024-12-28T21:33:00.000000,911_calls,2024-12-28 21:33:00,Saturday,21,12,3.0
call_214,40.71145290700008,-73.96416878799994,68Q2,68Q2,2024-12-27T22:34:00.000000,911_calls,2024-12-27 22:34:00,Friday,22,12,3.0
call_215,40.677628782000056,-73.97298375299994,39H9,39H9,2024-12-26T23:35:00.000000,911_calls,2024-12-26 23:35:00,Thursday,23,12,3.0
call_216,40.81122672500004,-73.94286285699997,10V2,10V2,2024-12-25T00:36:00.000000,911_calls,2024-12-25 00:36:00,Wednesday,0,12,3.0
call_217,40.705628483000055,-73.81014159699998,75S,75S,2024-12-24T01:37:00.000000,911_calls,2024-12-24 01:37:00,Tuesday,1,12,3.0
call_218,40.71899236000007,-73.98935216499996,75D,75D,2024-12-23T02:38:00.000000,911_calls,2024-12-23 02:38:00,Monday,2,12,3.0
call_219,40.75392695200003,-73.88364607899996,68Q1,68Q1,2024-12-22T03:39:00.000000,911_calls,2024-12-22 03:39:00,Sunday,3,12,3.0
call_220,40.600205912000035,-74.12150132299996,10Y3,10Y3,2024-12-21T04:40:00.000000,911_calls,2024-12-21 04:40:00,Saturday,4,12,3.0
call_221,40.747724394000045,-73.98873764699994,68Q2,68Q2,2024-12-20T05:41:00.000000,911_calls,2024-12-20 05:41:00,Friday,5,12,3.0
call_222,40.69226368000005,-73.98774453499993,75M,75M,2024-12-19T06:42:00.000000,911_calls,2024-12-19 06:42:00,Thursday,6,12,3.0
call_223,40.56626702900007,-74.13330627699997,68Q1,68Q1,2024-12-18T07:43:00.000000,911_calls,2024-12-18 07:43:00,Wednesday,7,12,3.0
call_224,40.83096704500008,-73.89311257399999,10S4,10S4,2024-12-17T08:44:00.000000,911_calls,2024-12-17 08:44:00,Tuesday,8,12,3.0
call_225,40.54086579800003,-74.15159754499996,68Q1,68Q1,2024-12-16T09:45:00.000000,911_calls,2024-12-16 09:45:00,Monday,9,12,3.0
call_226,40.72669378900008,-73.98595229499995,39H2,39H2,2024-12-15T10:46:00.000000,911_calls,2024-12-15 10:46:00,Sunday,10,12,3.0
call_227,40.785507848000066,-73.93139084199998,54H1,54H1,2024-12-14T11:47:00.000000,911_calls,2024-12-14 11:47:00,Saturday,11,12,3.0
call_228,40.74462276700007,-73.71638360599997,54E1,54E1,2024-12-13T12:48:00.000000,911_calls,2024-12-13 12:48:00,Friday,12,12,3.0
call_229,40.74462276700007,-73.71638360599997,54E1,54E1,2024-12-12T13:49:00.000000,911_calls,2024-12-12 13:49:00,Thursday,13,12,3.0
call_230,40.575662582000064,-74.13085560499997,10Y3,10Y3,2024-12-11T14:50:00.000000,911_calls,2024-12-11 14:50:00,Wednesday,14,12,3.0
call_231,40.66468589900006,-73.89452887499993,10Y9,10Y9,2024-12-10T15:51:00.000000,911_calls,2024-12-10 15:51:00,Tuesday,15,12,3.0
call_232,40.70590394900006,-73.92177415499998,75D,75D,2024-12-09T16:52:00.000000,911_calls,2024-12-09 16:52:00,Monday,16,12,3.0
call_233,40.547776948000035,-74.15182192199995,68Q1,68Q1,2024-12-08T17:53:00.000000,911_calls,2024-12-08 17:53:00,Sunday,17,12,3.0
call_234,40.82064655100004,-73.90198098499997,52D6,52D6,2024-12-07T18:54:00.000000,911_calls,2024-12-07 18:54:00,Saturday,18,12,3.0
call_235,40.75755741200004,-73.97874108699995,11C4,11C4,2024-12-06T19:55:00.000000,911_calls,2024-12-06 19:55:00,Friday,19,12,3.0
call_236,40.702916049000066,-73.80006160699998,54S9,54S9,2024-12-05T20:56:00.000000,911_calls,2024-12-05 20:56:00,Thursday,20,12,3.0
call_237,40.817536560000065,-73.92769441999997,75S,75S,2024-12-04T21:57:00.000000,911_calls,2024-12-04 21:57:00,Wednesday,21,12,3.0
call_238,40.66165581400003,-73.98120099899995,10Y3,10Y3,2024-12-03T22:58:00.000000,911_calls,2024-12-03 22:58:00,Tuesday,22,12,3.0
call_239,40.67504389800007,-73.89667555699998,75S,75S,2024-12-02T23:59:00.000000,911_calls,2024-12-02 23:59:00,Monday,23,12,3.0
call_240,40.89044388800005,-73.89826128299995,11C4,11C4,2024-12-01T00:00:00.000000,911_calls,2024-12-01 00:00:00,Sunday,0,12,3.0
call_241,40.54086579800003,-74.15159754499996,68Q1,68Q1,2024-11-30T01:01:00.000000,911_calls,2024-11-30 01:01:00,Saturday,1,11,3.0
call_242,40.58946324600004,-73.81000379799997,75D,75D,2024-11-29T02:02:00.000000,911_calls,2024-11-29 02:02:00,Friday,2,11,3.0
call_243,40.677417621000075,-74.00742101199995,75I,75I,2024-11-28T03:03:00.000000,911_calls,2024-11-28 03:03:00,Thursday,3,11,3.0
call_244,40.75708253000005,-73.96692720299995,75D,75D,2024-11-27T04:04:00.000000,911_calls,2024-11-27 04:04:00,Wednesday,4,11,3.0
call_245,40.75664204200007,-73.98837157699995,54S9,54S9,2024-11-26T05:05:00.000000,911_calls,2024-11-26 05:05:00,Tuesday,5,11,3.0
call_246,40.68346026200004,-73.87288383999999,75S,75S,2024-11-25T06:06:00.000000,911_calls,2024-11-25 06:06:00,Monday,6,11,3.0
call_247,40.674369253000066,-73.86304850799996,54U1,54U1,2024-11-24T07:07:00.000000,911_calls,2024-11-24 07:07:00,Sunday,7,11,3.0
call_248,40.76505303600004,-73.96613266099996,56S9,56S9,2024-11-23T08:08:00.000000,911_calls,2024-11-23 08:08:00,Saturday,8,11,3.0
call_249,40.83529790100005,-73.93756966899997,75D,75D,2024-11-22T09:09:00.000000,911_calls,2024-11-22 09:09:00,Friday,9,11,3.0
call_250,40.58399416100008,-73.96676090099999,75Z,75Z,2024-11-21T10:10:00.000000,911_calls,2024-11-21 10:10:00,Thursday,10,11,3.0
call_251,40.76004854100006,-73.99146088999998,22Q1,22Q1,2024-11-20T11:11:00.000000,911_calls,2024-11-20 11:11:00,Wednesday,11,11,3.0
call_252,40.70193074600007,-73.81658624099998,56S9,56S9,2024-11-19T12:12:00.000000,911_calls,2024-11-19 12:12:00,Tuesday,12,11,3.0
call_253,40.728186236000056,-73.78879741899993,75H,75H,2024-11-18T13:13:00.000000,911_calls,2024-11-18 13:13:00,Monday,13,11,3.0
call_254,40.67744162500003,-73.91917571799996,68Q1,68Q1,2024-11-17T14:14:00.000000,911_calls,2024-11-17 14:14:00,Sunday,14,11,3.0
call_255,40.838689661000046,-73.91880635699994,68Q1,68Q1,2024-11-16T15:15:00.000000,911_calls,2024-11-16 15:15:00,Saturday,15,11,3.0
call_256,40.730888367000034,-73.99216460199995,56S9,56S9,2024-11-15T16:16:00.000000,911_calls,2024-11-15 16:16:00,Friday,16,11,3.0
call_257,40.85557168400004,-73.86766034499993,75S,75S,2024-11-14T17:17:00.000000,911_calls,2024-11-14 17:17:00,Thursday,17,11,3.0
call_258,40.71626346000005,-73.98407867999998,75D,75D,2024-11-13T18:18:00.000000,911_calls,2024-11-13 18:18:00,Wednesday,18,11,3.0
call_259,40.67746959700003,-73.89899717699996,68Q1,68Q1,2024-11-12T19:19:00.000000,911_calls,2024-11-12 19:19:00,Tuesday,19,11,3.0
call_260,40.68207498100003,-73.98676571599998,68Q1,68Q1,2024-11-11T20:20:00.000000,911_calls,2024-11-11 20:20:00,Monday,20,11,3.0
call_261,40.67790752700006,-73.91078571399999,75O,75O,2024-11-10T21:21:00.000000,911_calls,2024-11-10 21:21:00,Sunday,21,11,3.0
call_262,40.71008001100006,-73.98823541899998,75D,75D,2024-11-09T22:22:00.000000,911_calls,2024-11-09 22:22:00,Saturday,22,11,3.0
call_263,40.66865444800004,-73.82632409599995,10Y3,10Y3,2024-11-08T23:23:00.000000,911_calls,2024-11-08 23:23:00,Friday,23,11,3.0
call_264,40.62886196000005,-73.92356848899993,75D,75D,2024-11-07T00:24:00.000000,911_calls,2024-11-07 00:24:00,Thursday,0,11,3.0
call_265,40.84413994500005,-73.90038861799997,68Q1,68Q1,2024-11-06T01:25:00.000000,911_calls,2024-11-06 01:25:00,Wednesday,1,11,3.0
call_266,40.58561704500005,-74.16177631999994,68Q1,68Q1,2024-11-05T02:26:00.000000,911_calls,2024-11-05 02:26:00,Tuesday,2,11,3.0
call_267,40.81756136700005,-73.92786058299998,75O,75O,2024-11-04T03:27:00.000000,911_calls,2024-11-04 03:27:00,Monday,3,11,3.0
call_268,40.766542661000074,-73.99230119999999,54E1,54E1,2024-11-03T04:28:00.000000,911_calls,2024-11-03 04:28:00,Sunday,4,11,3.0
call_269,40.766542661000074,-73.99230119999999,54E1,54E1,2024-11-02T05:29:00.000000,911_calls,2024-11-02 05:29:00,Saturday,5,11,3.0
call_270,40.667493455000056,-73.89717028299998,75D,75D,2024-11-01T06:30:00.000000,911_calls,2024-11-01 06:30:00,Friday,6,11,3.0
call_271,40.72022197000007,-74.01109465399998,10H1,10H1,2024-10-31T07:31:00.000000,911_calls,2024-10-31 07:31:00,Thursday,7,10,3.0
call_272,40.70722010500003,-73.92388261399998,54S9,54S9,2024-10-30T08:32:00.000000,911_calls,2024-10-30 08:32:00,Wednesday,8,10,3.0
call_273,40.72316928300006,-73.98412753799994,54E2,54E2,2024-10-29T09:33:00.000000,911_calls,2024-10-29 09:33:00,Tuesday,9,10,3.0
call_274,40.72316928300006,-73.98412753799994,54E2,54E2,2024-10-28T10:34:00.000000,911_calls,2024-10-28 10:34:00,Monday,10,10,3.0
call_275,40.721355481000046,-73.98814684599995,10P2,10P2,2024-10-27T11:35:00.000000,911_calls,2024-10-27 11:35:00,Sunday,11,10,3.0
call_276,40.660783550000076,-73.96147833599997,75M,75M,2024-10-26T12:36:00.000000,911_calls,2024-10-26 12:36:00,Saturday,12,10,3.0
call_277,40.67825086300007,-73.95289129299994,54S1,54S1,2024-10-25T13:37:00.000000,911_calls,2024-10-25 13:37:00,Friday,13,10,3.0
call_278,40.74845426500008,-73.77609775099995,68Q1,68Q1,2024-10-24T14:38:00.000000,911_calls,2024-10-24 14:38:00,Thursday,14,10,3.0
call_279,40.72083446800008,-74.00522883099995,75M,75M,2024-10-23T15:39:00.000000,911_calls,2024-10-23 15:39:00,Wednesday,15,10,3.0
call_280,40.68060295600003,-73.98088919999998,10H2,10H2,2024-10-22T16:40:00.000000,911_calls,2024-10-22 16:40:00,Tuesday,16,10,3.0
call_281,40.71255729300003,-73.95183901599995,68Q1,68Q1,2024-10-21T17:41:00.000000,911_calls,2024-10-21 17:41:00,Monday,17,10,3.0
call_282,40.64395993900007,-73.97966371899997,75S,75S,2024-10-20T18:42:00.000000,911_calls,2024-10-20 18:42:00,Sunday,18,10,3.0
call_283,40.702273406000074,-74.01587398599997,75M,75M,2024-10-19T19:43:00.000000,911_calls,2024-10-19 19:43:00,Saturday,19,10,3.0
call_284,40.71063084200006,-73.92655874299999,52D2,52D2,2024-10-18T20:44:00.000000,911_calls,2024-10-18 20:44:00,Friday,20,10,3.0
call_285,40.67258587100008,-73.87326145799994,68Q1,68Q1,2024-10-17T21:45:00.000000,911_calls,2024-10-17 21:45:00,Thursday,21,10,3.0
call_286,40.75808862800005,-73.85735368899998,68Q1,68Q1,2024-10-16T22:46:00.000000,911_calls,2024-10-16 22:46:00,Wednesday,22,10,3.0
call_287,40.60963564000008,-73.92502392599994,54U1,54U1,2024-10-15T23:47:00.000000,911_calls,2024-10-15 23:47:00,Tuesday,23,10,3.0
call_288,40.67508142100007,-73.92363809599993,75I,75I,2024-10-14T00:48:00.000000,911_calls,2024-10-14 00:48:00,Monday,0,10,3.0
call_289,40.65696453600003,-73.75159392099994,68Q1,68Q1,2024-10-13T01:49:00.000000,911_calls,2024-10-13 01:49:00,Sunday,1,10,3.0
call_290,40.77841252300004,-73.98208876999996,75D,75D,2024-10-12T02:50:00.000000,911_calls,2024-10-12 02:50:00,Saturday,2,10,3.0
call_291,40.826762949000056,-73.95126133499997,56S9,56S9,2024-10-11T03:51:00.000000,911_calls,2024-10-11 03:51:00,Friday,3,10,3.0
call_292,40.68397420800005,-73.98547093299999,59R4,59R4,2024-10-10T04:52:00.000000,911_calls,2024-10-10 04:52:00,Thursday,4,10,3.0
call_293,40.57584700600006,-74.16267419199994,59Q2,59Q2,2024-10-09T05:53:00.000000,911_calls,2024-10-09 05:53:00,Wednesday,5,10,3.0
call_294,40.626487188000056,-73.96069477599997,22Q1,22Q1,2024-10-08T06:54:00.000000,911_calls,2024-10-08 06:54:00,Tuesday,6,10,3.0
call_295,40.735674104000054,-73.71608972199994,11C4,11C4,2024-10-07T07:55:00.000000,911_calls,2024-10-07 07:55:00,Monday,7,10,3.0
call_296,40.606507942000064,-73.76115974599998,10S4,10S4,2024-10-06T08:56:00.000000,911_calls,2024-10-06 08:56:00,Sunday,8,10,3.0
call_297,40.71246983300006,-73.98161591799999,10S2,10S2,2024-10-05T09:57:00.000000,911_calls,2024-10-05 09:57:00,Saturday,9,10,3.0
call_298,40.68660506200007,-73.93427622399997,75D,75D,2024-10-04T10:58:00.000000,911_calls,2024-10-04 10:58:00,Friday,10,10,3.0
call_299,40.717068450000056,-73.80346059999994,68Q1,68Q1,2024-10-03T11:59:00.000000,911_calls,2024-10-03 11:59:00,Thursday,11,10,3.0
call_300,40.76755406400008,-73.91809524399997,10V2,10V2,2024-10-02T12:00:00.000000,911_calls,2024-10-02 12:00:00,Wednesday,12,10,3.0
call_301,40.67459999000005,-73.93057482199998,54S1,54S1,2024-10-01T13:01:00.000000,911_calls,2024-10-01 13:01:00,Tuesday,13,10,3.0
call_302,40.64527337000004,-73.89598654399998,10Y3,10Y3,2024-09-30T14:02:00.000000,911_calls,2024-09-30 14:02:00,Monday,14,9,3.0
call_303,40.56402276700004,-74.09667360399999,59W,59W,2024-09-29T15:03:00.000000,911_calls,2024-09-29 15:03:00,Sunday,15,9,3.0
call_304,40.745647537000025,-73.90304769199997,75S,75S,2024-09-28T16:04:00.000000,911_calls,2024-09-28 16:04:00,Saturday,16,9,3.0
call_305,40.664251439000054,-73.76845041899998,75D,75D,2024-09-27T17:05:00.000000,911_calls,2024-09-27 17:05:00,Friday,17,9,3.0
call_306,40.78811564700004,-73.97099247399996,75D,75D,2024-09-26T18:06:00.000000,911_calls,2024-09-26 18:06:00,Thursday,18,9,3.0
call_307,40.65206708800008,-73.92893328399998,10S4,10S4,2024-09-25T19:07:00.000000,911_calls,2024-09-25 19:07:00,Wednesday,19,9,3.0
call_308,40.679270529000064,-73.92882497899996,75O,75O,2024-09-24T20:08:00.000000,911_calls,2024-09-24 20:08:00,Tuesday,20,9,3.0
call_309,40.86275525800005,-73.90449300199998,75D,75D,2024-09-23T21:09:00.000000,911_calls,2024-09-23 21:09:00,Monday,21,9,3.0
call_310,40.68052914700007,-73.96953581599996,68Q1,68Q1,2024-09-22T22:10:00.000000,911_calls,2024-09-22 22:10:00,Sunday,22,9,3.0
call_311,40.625406085000066,-74.07670061899995,10P2,10P2,2024-09-21T23:11:00.000000,911_calls,2024-09-21 23:11:00,Saturday,23,9,3.0
call_312,40.702916049000066,-73.80006160699998,75O,75O,2024-09-20T00:12:00.000000,911_calls,2024-09-20 00:12:00,Friday,0,9,3.0
call_313,40.79766057200004,-73.95106232399996,54C1,54C1,2024-09-19T01:13:00.000000,911_calls,2024-09-19 01:13:00,Thursday,1,9,3.0
call_314,40.68350009100004,-73.85546888699997,51,51,2024-09-18T02:14:00.000000,911_calls,2024-09-18 02:14:00,Wednesday,2,9,3.0
call_315,40.76459128700003,-73.79255185499994,68Q1,68Q1,2024-09-17T03:15:00.000000,911_calls,2024-09-17 03:15:00,Tuesday,3,9,3.0
call_316,40.61056784600004,-73.98666463599994,68Q2,68Q2,2024-09-16T04:16:00.000000,911_calls,2024-09-16 04:16:00,Monday,4,9,3.0
call_317,40.788423557000044,-73.79083808899998,10Y3,10Y3,2024-09-15T05:17:00.000000,911_calls,2024-09-15 05:17:00,Sunday,5,9,3.0
call_318,40.83718613000008,-73.94259843199995,10P2,10P2,2024-09-14T06:18:00.000000,911_calls,2024-09-14 06:18:00,Saturday,6,9,3.0
call_319,40.67906840200004,-73.90376820299997,75S,75S,2024-09-13T07:19:00.000000,911_calls,2024-09-13 07:19:00,Friday,7,9,3.0
call_320,40.702273406000074,-74.01587398599997,75S,75S,2024-09-12T08:20:00.000000,911_calls,2024-09-12 08:20:00,Thursday,8,9,3.0
call_321,40.63217313900003,-74.14190448699998,68Q1,68Q1,2024-09-11T09:21:00.000000,911_calls,2024-09-11 09:21:00,Wednesday,9,9,3.0
call_322,40.76778482100008,-73.98162231199996,22Q9,22Q9,2024-09-10T10:22:00.000000,911_calls,2024-09-10 10:22:00,Tuesday,10,9,3.0
call_323,40.79581483100003,-73.93710106499998,68Q1,68Q1,2024-09-09T11:23:00.000000,911_calls,2024-09-09 11:23:00,Monday,11,9,3.0
call_324,40.88549712100007,-73.90044599699996,75T,75T,2024-09-08T12:24:00.000000,911_calls,2024-09-08 12:24:00,Sunday,12,9,3.0
call_325,40.75986975500007,-73.82897041199993,75S,75S,2024-09-07T13:25:00.000000,911_calls,2024-09-07 13:25:00,Saturday,13,9,3.0
call_326,40.734961457000054,-73.99048985099995,75S,75S,2024-09-06T14:26:00.000000,911_calls,2024-09-06 14:26:00,Friday,14,9,3.0
call_327,40.61106263600004,-73.99674915199995,68Q2,68Q2,2024-09-05T15:27:00.000000,911_calls,2024-09-05 15:27:00,Thursday,15,9,3.0
call_328,40.87135165900003,-73.90124094399994,10H1,10H1,2024-09-04T16:28:00.000000,911_calls,2024-09-04 16:28:00,Wednesday,16,9,3.0
call_329,40.845498305000035,-73.85816742799994,52D2,52D2,2024-09-03T17:29:00.000000,911_calls,2024-09-03 17:29:00,Tuesday,17,9,3.0
call_330,40.842615383000066,-73.93772543999995,68Q1,68Q1,2024-09-02T18:30:00.000000,911_calls,2024-09-02 18:30:00,Monday,18,9,3.0
call_331,40.84030289200007,-73.91787557399994,75S,75S,2024-09-01T19:31:00.000000,911_calls,2024-09-01 19:31:00,Sunday,19,9,3.0
call_332,40.75787438500004,-73.80810125399995,75D,75D,2024-08-31T20:32:00.000000,911_calls,2024-08-31 20:32:00,Saturday,20,8,3.0
call_333,40.64564719600003,-73.90287588699994,75O,75O,2024-08-30T21:33:00.000000,911_calls,2024-08-30 21:33:00,Friday,21,8,3.0
call_334,40.61922541600006,-73.99194356899994,68Q2,68Q2,2024-08-29T22:34:00.000000,911_calls,2024-08-29 22:34:00,Thursday,22,8,3.0
call_335,40.688604586000054,-73.98507328299996,75O,75O,2024-08-28T23:35:00.000000,911_calls,2024-08-28 23:35:00,Wednesday,23,8,3.0
call_336,40.67790752700006,-73.91078571399999,75M,75M,2024-08-27T00:36:00.000000,911_calls,2024-08-27 00:36:00,Tuesday,0,8,3.0
call_337,40.727778744000034,-74.00430213099997,39H2,39H2,2024-08-26T01:37:00.000000,911_calls,2024-08-26 01:37:00,Monday,1,8,3.0
call_338,40.764832279000075,-73.82898293899996,75D,75D,2024-08-25T02:38:00.000000,911_calls,2024-08-25 02:38:00,Sunday,2,8,3.0
call_339,40.755186784000045,-73.98387085899998,50G2,50G2,2024-08-24T03:39:00.000000,911_calls,2024-08-24 03:39:00,Saturday,3,8,3.0
call_340,40.73555988900006,-73.99146402799994,75M,75M,2024-08-23T04:40:00.000000,911_calls,2024-08-23 04:40:00,Friday,4,8,3.0
call_341,40.68514493500004,-73.97746253099996,75S,75S,2024-08-22T05:41:00.000000,911_calls,2024-08-22 05:41:00,Thursday,5,8,3.0
call_342,40.81743285600004,-73.89021153999994,52D1,52D1,2024-08-21T06:42:00.000000,911_calls,2024-08-21 06:42:00,Wednesday,6,8,3.0
call_343,40.71465309600006,-74.00816464399998,75S,75S,2024-08-20T07:43:00.000000,911_calls,2024-08-20 07:43:00,Tuesday,7,8,3.0
call_344,40.66888376700007,-73.93250571899995,75S,75S,2024-08-19T08:44:00.000000,911_calls,2024-08-19 08:44:00,Monday,8,8,3.0
call_345,40.783158687000025,-73.80144198199997,56S,56S,2024-08-18T09:45:00.000000,911_calls,2024-08-18 09:45:00,Sunday,9,8,3.0
call_346,40.844554076000065,-73.93444907799994,68Q1,68Q1,2024-08-17T10:46:00.000000,911_calls,2024-08-17 10:46:00,Saturday,10,8,3.0
call_347,40.75058041300008,-73.94016827599995,75M,75M,2024-08-16T11:47:00.000000,911_calls,2024-08-16 11:47:00,Friday,11,8,3.0
call_348,40.75016710300008,-73.97195820899998,75D,75D,2024-08-15T12:48:00.000000,911_calls,2024-08-15 12:48:00,Thursday,12,8,3.0
call_349,40.685946554000054,-73.91383979899996,75Z,75Z,2024-08-14T13:49:00.000000,911_calls,2024-08-14 13:49:00,Wednesday,13,8,3.0
call_350,40.71246983300006,-73.98161591799999,68Q1,68Q1,2024-08-13T14:50:00.000000,911_calls,2024-08-13 14:50:00,Tuesday,14,8,3.0
call_351,40.74308261700003,-73.95398943899994,75M,75M,2024-08-12T15:51:00.000000,911_calls,2024-08-12 15:51:00,Monday,15,8,3.0
call_352,40.861842730000035,-73.90295060899996,10S4,10S4,2024-08-11T16:52:00.000000,911_calls,2024-08-11 16:52:00,Sunday,16,8,3.0
call_353,40.677417621000075,-74.00742101199995,75I,75I,2024-08-10T17:53:00.000000,911_calls,2024-08-10 17:53:00,Saturday,17,8,3.0
call_354,40.63422844300004,-73.94911410399999,10V2,10V2,2024-08-09T18:54:00.000000,911_calls,2024-08-09 18:54:00,Friday,18,8,3.0
call_355,40.58932237800008,-73.98140138199994,68Q1,68Q1,2024-08-08T19:55:00.000000,911_calls,2024-08-08 19:55:00,Thursday,19,8,3.0
call_356,40.68672939500004,-73.95271222799994,10S2,10S2,2024-08-07T20:56:00.000000,911_calls,2024-08-07 20:56:00,Wednesday,20,8,3.0
call_357,40.81072622700003,-73.92662169499994,75S,75S,2024-08-06T21:57:00.000000,911_calls,2024-08-06 21:57:00,Tuesday,21,8,3.0
call_358,40.82908754500005,-73.91350629999994,54S1,54S1,2024-08-05T22:58:00.000000,911_calls,2024-08-05 22:58:00,Monday,22,8,3.0
call_359,40.827979381000034,-73.89760520499993,75D,75D,2024-08-04T23:59:00.000000,911_calls,2024-08-04 23:59:00,Sunday,23,8,3.0
call_360,40.69855941000003,-73.80607930199994,10V2,10V2,2024-08-03T00:00:00.000000,911_calls,2024-08-03 00:00:00,Saturday,0,8,3.0
call_361,40.76414872600003,-73.98661223299996,54S1,54S1,2024-08-02T01:01:00.000000,911_calls,2024-08-02 01:01:00,Friday,1,8,3.0
call_362,40.62399282300004,-74.15117035299994,68Q1,68Q1,2024-08-01T02:02:00.000000,911_calls,2024-08-01 02:02:00,Thursday,2,8,3.0
call_363,40.775443848000066,-73.93300428999999,54U1,54U1,2024-07-31T03:03:00.000000,911_calls,2024-07-31 03:03:00,Wednesday,3,7,3.0
call_364,40.66330400900006,-73.89315775499995,10P2,10P2,2024-07-30T04:04:00.000000,911_calls,2024-07-30 04:04:00,Tuesday,4,7,3.0
call_365,40.71329334200004,-73.76483880199999,68Q1,68Q1,2025-07-29T05:05:00.000000,911_calls,2025-07-29 05:05:00,Tuesday,5,7,3.0
call_366,40.81882329700005,-73.94123775899999,68Q1,68Q1,2025-07-28T06:06:00.000000,911_calls,2025-07-28 06:06:00,Monday,6,7,3.0
call_367,40.698577330000035,-73.91667251499996,68Q1,68Q1,2025-07-27T07:07:00.000000,911_calls,2025-07-27 07:07:00,Sunday,7,7,3.0
call_368,40.74948144100006,-73.87667738599998,75S,75S,2025-07-26T08:08:00.000000,911_calls,2025-07-26 08:08:00,Saturday,8,7,3.0
call_369,40.899198384000044,-73.85823008599993,54S1,54S1,2025-07-25T09:09:00.000000,911_calls,2025-07-25 09:09:00,Friday,9,7,3.0
call_370,40.83333029800008,-73.90576389199998,75D,75D,2025-07-24T10:10:00.000000,911_calls,2025-07-24 10:10:00,Thursday,10,7,3.0
call_371,40.809028744000045,-73.92060175899996,68Q1,68Q1,2025-07-23T11:11:00.000000,911_calls,2025-07-23 11:11:00,Wednesday,11,7,3.0
call_372,40.842735392000066,-73.84818006699999,68Q1,68Q1,2025-07-22T12:12:00.000000,911_calls,2025-07-22 12:12:00,Tuesday,12,7,3.0
call_373,40.68187148000004,-73.93632519199997,68Q1,68Q1,2025-07-21T13:13:00.000000,911_calls,2025-07-21 13:13:00,Monday,13,7,3.0
call_374,40.75364335100005,-73.88549456799996,68Q1,68Q1,2025-07-20T14:14:00.000000,911_calls,2025-07-20 14:14:00,Sunday,14,7,3.0
call_375,40.81113019400004,-73.93671450599999,54U1,54U1,2025-07-19T15:15:00.000000,911_calls,2025-07-19 15:15:00,Saturday,15,7,3.0
call_376,40.839905687000055,-73.88099117799999,68Q1,68Q1,2025-07-18T16:16:00.000000,911_calls,2025-07-18 16:16:00,Friday,16,7,3.0
call_377,40.655181335000066,-73.96113197999995,75M,75M,2025-07-17T17:17:00.000000,911_calls,2025-07-17 17:17:00,Thursday,17,7,3.0
call_378,40.72008200000005,-73.96278967699999,68Q1,68Q1,2025-07-16T18:18:00.000000,911_calls,2025-07-16 18:18:00,Wednesday,18,7,3.0
call_379,40.62928382500007,-74.13188301599996,68Q1,68Q1,2025-07-15T19:19:00.000000,911_calls,2025-07-15 19:19:00,Tuesday,19,7,3.0
call_380,40.676083154000025,-73.97165768099995,75D,75D,2025-07-14T20:20:00.000000,911_calls,2025-07-14 20:20:00,Monday,20,7,3.0
call_381,40.80351927500004,-73.94233488699996,68Q1,68Q1,2025-07-13T21:21:00.000000,911_calls,2025-07-13 21:21:00,Sunday,21,7,3.0
call_382,40.79397933200005,-73.93844629299997,68Q1,68Q1,2025-07-12T22:22:00.000000,911_calls,2025-07-12 22:22:00,Saturday,22,7,3.0
call_383,40.71465309600006,-74.00816464399998,75M,75M,2025-07-11T23:23:00.000000,911_calls,2025-07-11 23:23:00,Friday,23,7,3.0
call_384,40.70663885700003,-73.96503340399994,10S2,10S2,2025-07-10T00:24:00.000000,911_calls,2025-07-10 00:24:00,Thursday,0,7,3.0
call_385,40.66888376700007,-73.93250571899995,75S,75S,2025-07-09T01:25:00.000000,911_calls,2025-07-09 01:25:00,Wednesday,1,7,3.0
call_386,40.67836827600007,-73.90352044899998,54S9,54S9,2025-07-08T02:26:00.000000,911_calls,2025-07-08 02:26:00,Tuesday,2,7,3.0
call_387,40.71985897400003,-73.98322283799996,75D,75D,2025-07-07T03:27:00.000000,911_calls,2025-07-07 03:27:00,Monday,3,7,3.0
call_388,40.757317199000056,-73.98788055999995,54I1,54I1,2025-07-06T04:28:00.000000,911_calls,2025-07-06 04:28:00,Sunday,4,7,3.0
call_389,40.64475207900006,-74.08724138199995,75D,75D,2025-07-05T05:29:00.000000,911_calls,2025-07-05 05:29:00,Saturday,5,7,3.0
call_390,40.69454230000008,-73.99336250999994,75S,75S,2025-07-04T06:30:00.000000,911_calls,2025-07-04 06:30:00,Friday,6,7,3.0
call_391,40.79814608700008,-73.95035767199994,10P2,10P2,2025-07-03T07:31:00.000000,911_calls,2025-07-03 07:31:00,Thursday,7,7,3.0
call_392,40.627152412000044,-74.00748747099993,68Q2,68Q2,2025-07-02T08:32:00.000000,911_calls,2025-07-02 08:32:00,Wednesday,8,7,3.0
call_393,40.659453238000026,-73.93834695599998,68Q1,68Q1,2025-07-01T09:33:00.000000,911_calls,2025-07-01 09:33:00,Tuesday,9,7,3.0
call_394,40.84394527500007,-73.88580175899995,10H1,10H1,2025-06-30T10:34:00.000000,911_calls,2025-06-30 10:34:00,Monday,10,6,3.0
call_395,40.75441088400004,-73.94322560599994,68Q1,68Q1,2025-06-29T11:35:00.000000,911_calls,2025-06-29 11:35:00,Sunday,11,6,3.0
call_396,40.71217752600006,-74.00439130099994,75S,75S,2025-06-28T12:36:00.000000,911_calls,2025-06-28 12:36:00,Saturday,12,6,3.0
call_397,40.69341977000005,-73.99495651499996,68Q1,68Q1,2025-06-27T13:37:00.000000,911_calls,2025-06-27 13:37:00,Friday,13,6,3.0
call_398,40.664515169000026,-73.90658992299996,75D,75D,2025-06-26T14:38:00.000000,911_calls,2025-06-26 14:38:00,Thursday,14,6,3.0
call_399,40.73437082300006,-73.87345786699996,34Q2,34Q2,2025-06-25T15:39:00.000000,911_calls,2025-06-25 15:39:00,Wednesday,15,6,3.0
call_400,40.69249416900004,-73.90506863999997,68Q1,68Q1,2025-06-24T16:40:00.000000,911_calls,2025-06-24 16:40:00,Tuesday,16,6,3.0
call_401,40.81667457100008,-73.90481563899993,52K1,52K1,2025-06-23T17:41:00.000000,911_calls,2025-06-23 17:41:00,Monday,17,6,3.0
call_402,40.74821169900008,-73.77698278899999,10S2,10S2,2025-06-22T18:42:00.000000,911_calls,2025-06-22 18:42:00,Sunday,18,6,3.0
call_403,40.58532013800004,-74.08937430099996,11C4,11C4,2025-06-21T19:43:00.000000,911_calls,2025-06-21 19:43:00,Saturday,19,6,3.0
call_404,40.671542499000054,-73.88062828699998,10V2,10V2,2025-06-20T20:44:00.000000,911_calls,2025-06-20 20:44:00,Friday,20,6,3.0
call_405,40.73341895300007,-73.75477646199994,10Y3,10Y3,2025-06-19T21:45:00.000000,911_calls,2025-06-19 21:45:00,Thursday,21,6,3.0
call_406,40.84457340300003,-73.91751610199998,75D,75D,2025-06-18T22:46:00.000000,911_calls,2025-06-18 22:46:00,Wednesday,22,6,3.0
call_407,40.704468560000066,-73.92611469399998,10V2,10V2,2025-06-17T23:47:00.000000,911_calls,2025-06-17 23:47:00,Tuesday,23,6,3.0
call_408,40.85943828400008,-73.89351508899995,75D,75D,2025-06-16T00:48:00.000000,911_calls,2025-06-16 00:48:00,Monday,0,6,3.0
call_409,40.69634325800007,-73.95018463799994,75I,75I,2025-06-15T01:49:00.000000,911_calls,2025-06-15 01:49:00,Sunday,1,6,3.0
call_410,40.836104903000034,-73.91989366099995,11C4,11C4,2025-06-14T02:50:00.000000,911_calls,2025-06-14 02:50:00,Saturday,2,6,3.0
call_411,40.883934983000074,-73.86260958799994,11C4,11C4,2025-06-13T03:51:00.000000,911_calls,2025-06-13 03:51:00,Friday,3,6,3.0
call_412,40.63168387200005,-73.92824164299998,75D,75D,2025-06-12T04:52:00.000000,911_calls,2025-06-12 04:52:00,Thursday,4,6,3.0
call_413,40.62287068300003,-74.00476726399995,75D,75D,2025-06-11T05:53:00.000000,911_calls,2025-06-11 05:53:00,Wednesday,5,6,3.0
call_414,40.69796132100004,-73.91141523499994,75D,75D,2025-06-10T06:54:00.000000,911_calls,2025-06-10 06:54:00,Tuesday,6,6,3.0
call_415,40.85238482600005,-73.88264246499995,52D6,52D6,2025-06-09T07:55:00.000000,911_calls,2025-06-09 07:55:00,Monday,7,6,3.0
call_416,40.678175768000074,-73.74633411599996,75Z,75Z,2025-06-08T08:56:00.000000,911_calls,2025-06-08 08:56:00,Sunday,8,6,3.0
call_417,40.77193591900004,-73.99022462599999,75D,75D,2025-06-07T09:57:00.000000,911_calls,2025-06-07 09:57:00,Saturday,9,6,3.0
call_418,40.76008190300007,-73.92472102499994,54U2,54U2,2025-06-06T10:58:00.000000,911_calls,2025-06-06 10:58:00,Friday,10,6,3.0
call_419,40.70929528400006,-74.00865813999997,75S,75S,2025-06-05T11:59:00.000000,911_calls,2025-06-05 11:59:00,Thursday,11,6,3.0
call_420,40.84478247100003,-73.88867007999994,10P2,10P2,2025-06-04T12:00:00.000000,911_calls,2025-06-04 12:00:00,Wednesday,12,6,3.0
call_421,40.74524942700003,-73.94427999499999,34Q1,34Q1,2025-06-03T13:01:00.000000,911_calls,2025-06-03 13:01:00,Tuesday,13,6,3.0
call_422,40.707447364000075,-73.79214176799996,68Q1,68Q1,2025-06-02T14:02:00.000000,911_calls,2025-06-02 14:02:00,Monday,14,6,3.0
call_423,40.69878895200003,-73.95042804399998,75I,75I,2025-06-01T15:03:00.000000,911_calls,2025-06-01 15:03:00,Sunday,15,6,3.0
call_424,40.75500175900004,-73.91727328799993,54R2,54R2,2025-05-31T16:04:00.000000,911_calls,2025-05-31 16:04:00,Saturday,16,5,3.0
call_425,40.75500175900004,-73.91727328799993,54R2,54R2,2025-05-30T17:05:00.000000,911_calls,2025-05-30 17:05:00,Friday,17,5,3.0
call_426,40.67498697000008,-73.94584562599994,10H1,10H1,2025-05-29T18:06:00.000000,911_calls,2025-05-29 18:06:00,Thursday,18,5,3.0
call_427,40.757288052000035,-73.80063475599997,75D,75D,2025-05-28T19:07:00.000000,911_calls,2025-05-28 19:07:00,Wednesday,19,5,3.0
call_428,40.652572760000055,-73.95121919899998,68Q1,68Q1,2025-05-27T20:08:00.000000,911_calls,2025-05-27 20:08:00,Tuesday,20,5,3.0
call_429,40.61664118600004,-73.92630555499994,75Z,75Z,2025-05-26T21:09:00.000000,911_calls,2025-05-26 21:09:00,Monday,21,5,3.0
call_430,40.72848485000003,-73.97789165899997,68Q1,68Q1,2025-05-25T22:10:00.000000,911_calls,2025-05-25 22:10:00,Sunday,22,5,3.0
call_431,40.806096945000036,-73.96338095399994,68Q1,68Q1,2025-05-24T23:11:00.000000,911_calls,2025-05-24 23:11:00,Saturday,23,5,3.0
call_432,40.67505367800004,-73.97091546699994,75O,75O,2025-05-23T00:12:00.000000,911_calls,2025-05-23 00:12:00,Friday,0,5,3.0
call_433,40.86604021200003,-73.89452046199995,75O,75O,2025-05-22T01:13:00.000000,911_calls,2025-05-22 01:13:00,Thursday,1,5,3.0
call_434,40.88311992000007,-73.90332096899994,59R4,59R4,2025-05-21T02:14:00.000000,911_calls,2025-05-21 02:14:00,Wednesday,2,5,3.0
call_435,40.823387291000074,-73.87017044999999,54S1,54S1,2025-05-20T03:15:00.000000,911_calls,2025-05-20 03:15:00,Tuesday,3,5,3.0
call_436,40.79443182800003,-73.93773078399994,68Q1,68Q1,2025-05-19T04:16:00.000000,911_calls,2025-05-19 04:16:00,Monday,4,5,3.0
call_437,40.67713119800004,-73.98333453099997,68Q1,68Q1,2025-05-18T05:17:00.000000,911_calls,2025-05-18 05:17:00,Sunday,5,5,3.0
call_438,40.63317955900004,-73.97203618499998,10Y3,10Y3,2025-05-17T06:18:00.000000,911_calls,2025-05-17 06:18:00,Saturday,6,5,3.0
call_439,40.83592508100003,-73.92183088599995,75M,75M,2025-05-16T07:19:00.000000,911_calls,2025-05-16 07:19:00,Friday,7,5,3.0
call_440,40.88549712100007,-73.90044599699996,75T,75T,2025-05-15T08:20:00.000000,911_calls,2025-05-15 08:20:00,Thursday,8,5,3.0
call_441,40.702916049000066,-73.80006160699998,50P9,50P9,2025-05-14T09:21:00.000000,911_calls,2025-05-14 09:21:00,Wednesday,9,5,3.0
call_442,40.60858979600005,-74.15471178399997,75Z,75Z,2025-05-13T10:22:00.000000,911_calls,2025-05-13 10:22:00,Tuesday,10,5,3.0
call_443,40.757201070000065,-73.92650378899998,11C4,11C4,2025-05-12T11:23:00.000000,911_calls,2025-05-12 11:23:00,Monday,11,5,3.0
call_444,40.76543456400003,-73.87223281699994,68Q1,68Q1,2025-05-11T12:24:00.000000,911_calls,2025-05-11 12:24:00,Sunday,12,5,3.0
call_445,40.58223601700007,-73.98654068899998,50G2,50G2,2025-05-10T13:25:00.000000,911_calls,2025-05-10 13:25:00,Saturday,13,5,3.0
call_446,40.827899467000066,-73.92588369299995,75O,75O,2025-05-09T14:26:00.000000,911_calls,2025-05-09 14:26:00,Friday,14,5,3.0
call_447,40.722535470000025,-73.85488637399999,10Y3,10Y3,2025-05-08T15:27:00.000000,911_calls,2025-05-08 15:27:00,Thursday,15,5,3.0
call_448,40.70355491400005,-73.79967738599998,75D,75D,2025-05-07T16:28:00.000000,911_calls,2025-05-07 16:28:00,Wednesday,16,5,3.0
call_449,40.86327901900006,-73.90067809799996,75S,75S,2025-05-06T17:29:00.000000,911_calls,2025-05-06 17:29:00,Tuesday,17,5,3.0
call_450,40.75107189400006,-73.96820063099995,75D,75D,2025-05-05T18:30:00.000000,911_calls,2025-05-05 18:30:00,Monday,18,5,3.0
call_451,40.83023530100007,-73.94575541099994,68Q1,68Q1,2025-05-04T19:31:00.000000,911_calls,2025-05-04 19:31:00,Sunday,19,5,3.0
call_452,40.65899499400007,-73.90607503799998,34Q6,34Q6,2025-05-03T20:32:00.000000,911_calls,2025-05-03 20:32:00,Saturday,20,5,3.0
call_453,40.609575293000034,-73.81904414099995,75D,75D,2025-05-02T21:33:00.000000,911_calls,2025-05-02 21:33:00,Friday,21,5,3.0
call_454,40.733899019000035,-73.87372577699995,54U2,54U2,2025-05-01T22:34:00.000000,911_calls,2025-05-01 22:34:00,Thursday,22,5,3.0
call_455,40.75043076800006,-73.98928217599996,75S,75S,2025-04-30T23:35:00.000000,911_calls,2025-04-30 23:35:00,Wednesday,23,4,3.0
call_456,40.81602577600006,-73.91773211999998,75S,75S,2025-04-29T00:36:00.000000,911_calls,2025-04-29 00:36:00,Tuesday,0,4,3.0
call_457,40.72182201900006,-73.98747935099993,10P2,10P2,2025-04-28T01:37:00.000000,911_calls,2025-04-28 01:37:00,Monday,1,4,3.0
call_458,40.73201947000007,-74.00073390899996,75S,75S,2025-04-27T02:38:00.000000,911_calls,2025-04-27 02:38:00,Sunday,2,4,3.0
call_459,40.67640022200004,-73.95828594499994,10Y3,10Y3,2025-04-26T03:39:00.000000,911_calls,2025-04-26 03:39:00,Saturday,3,4,3.0
call_460,40.71345818400005,-73.91494049999994,60I,60I,2025-04-25T04:40:00.000000,911_calls,2025-04-25 04:40:00,Friday,4,4,3.0
call_461,40.71345818400005,-73.91494049999994,60I,60I,2025-04-24T05:41:00.000000,911_calls,2025-04-24 05:41:00,Thursday,5,4,3.0
call_462,40.756906909000065,-73.76181162999995,68Q1,68Q1,2025-04-23T06:42:00.000000,911_calls,2025-04-23 06:42:00,Wednesday,6,4,3.0
call_463,40.65448231900007,-73.91272355199999,68Q1,68Q1,2025-04-22T07:43:00.000000,911_calls,2025-04-22 07:43:00,Tuesday,7,4,3.0
call_464,40.72932358200006,-74.01114668299994,54U2,54U2,2025-04-21T08:44:00.000000,911_calls,2025-04-21 08:44:00,Monday,8,4,3.0
call_465,40.72932358200006,-74.01114668299994,54U2,54U2,2025-04-20T09:45:00.000000,911_calls,2025-04-20 09:45:00,Sunday,9,4,3.0
call_466,40.75924936100006,-73.98663487499994,24Q1,24Q1,2025-04-19T10:46:00.000000,911_calls,2025-04-19 10:46:00,Saturday,10,4,3.0
call_467,40.745647537000025,-73.90304769199997,75M,75M,2025-04-18T11:47:00.000000,911_calls,2025-04-18 11:47:00,Friday,11,4,3.0
call_468,40.692655665000075,-73.85686982799996,10P2,10P2,2025-04-17T12:48:00.000000,911_calls,2025-04-17 12:48:00,Thursday,12,4,3.0
call_469,40.71239662200003,-73.78490845799996,75S,75S,2025-04-16T13:49:00.000000,911_calls,2025-04-16 13:49:00,Wednesday,13,4,3.0
call_470,40.69226368000005,-73.98774453499993,75O,75O,2025-04-15T14:50:00.000000,911_calls,2025-04-15 14:50:00,Tuesday,14,4,3.0
call_471,40.84331398200004,-73.87775757699995,34Q2,34Q2,2025-04-14T15:51:00.000000,911_calls,2025-04-14 15:51:00,Monday,15,4,3.0
call_472,40.714074580000045,-73.95049964199995,75S,75S,2025-04-13T16:52:00.000000,911_calls,2025-04-13 16:52:00,Sunday,16,4,3.0
call_473,40.787227105000056,-73.81336481999995,75D,75D,2025-04-12T17:53:00.000000,911_calls,2025-04-12 17:53:00,Saturday,17,4,3.0
call_474,40.67247743200005,-73.96500444799995,75M,75M,2025-04-11T18:54:00.000000,911_calls,2025-04-11 18:54:00,Friday,18,4,3.0
call_475,40.80641965400008,-73.92646389299995,54S1,54S1,2025-04-10T19:55:00.000000,911_calls,2025-04-10 19:55:00,Thursday,19,4,3.0
call_476,40.78119897000005,-73.94777771499997,68Q1,68Q1,2025-04-09T20:56:00.000000,911_calls,2025-04-09 20:56:00,Wednesday,20,4,3.0
call_477,40.76096262300007,-73.99265199199994,13U2,13U2,2025-04-08T21:57:00.000000,911_calls,2025-04-08 21:57:00,Tuesday,21,4,3.0
call_478,40.76096262300007,-73.99265199199994,13U2,13U2,2025-04-07T22:58:00.000000,911_calls,2025-04-07 22:58:00,Monday,22,4,3.0
call_479,40.65735150300003,-73.95840237599998,68Q1,68Q1,2025-04-06T23:59:00.000000,911_calls,2025-04-06 23:59:00,Sunday,23,4,3.0
call_480,40.67500776000003,-74.00657714899995,75I,75I,2025-04-05T00:00:00.000000,911_calls,2025-04-05 00:00:00,Saturday,0,4,3.0
call_481,40.822416374000056,-73.91898879999997,52D6,52D6,2025-04-04T01:01:00.000000,911_calls,2025-04-04 01:01:00,Friday,1,4,3.0
call_482,40.72670230500006,-73.84871139399996,52D2,52D2,2025-04-03T02:02:00.000000,911_calls,2025-04-03 02:02:00,Thursday,2,4,3.0
call_483,40.690563893000046,-73.98187797899999,75O,75O,2025-04-02T03:03:00.000000,911_calls,2025-04-02 03:03:00,Wednesday,3,4,3.0
call_484,40.69385575200005,-73.82731504699996,75Z,75Z,2025-04-01T04:04:00.000000,911_calls,2025-04-01 04:04:00,Tuesday,4,4,3.0
call_485,40.75742705300007,-73.94260579999997,10P2,10P2,2025-03-31T05:05:00.000000,911_calls,2025-03-31 05:05:00,Monday,5,3,3.0
call_486,40.80143415400005,-73.96498722399997,75D,75D,2025-03-30T06:06:00.000000,911_calls,2025-03-30 06:06:00,Sunday,6,3,3.0
call_487,40.677628782000056,-73.97298375299994,75S,75S,2025-03-29T07:07:00.000000,911_calls,2025-03-29 07:07:00,Saturday,7,3,3.0
call_488,40.69657373000007,-73.94997890799993,75I,75I,2025-03-28T08:08:00.000000,911_calls,2025-03-28 08:08:00,Friday,8,3,3.0
call_489,40.63935117200003,-74.08613535099994,75D,75D,2025-03-27T09:09:00.000000,911_calls,2025-03-27 09:09:00,Thursday,9,3,3.0
call_490,40.60977656700004,-73.75061339299998,75D,75D,2025-03-26T10:10:00.000000,911_calls,2025-03-26 10:10:00,Wednesday,10,3,3.0
call_491,40.761308306000046,-73.99054023599996,34Q2,34Q2,2025-03-25T11:11:00.000000,911_calls,2025-03-25 11:11:00,Tuesday,11,3,3.0
call_492,40.68723707300006,-73.92221432099996,68Q1,68Q1,2025-03-24T12:12:00.000000,911_calls,2025-03-24 12:12:00,Monday,12,3,3.0
call_493,40.708477462000076,-74.00690868199996,68Q1,68Q1,2025-03-23T13:13:00.000000,911_calls,2025-03-23 13:13:00,Sunday,13,3,3.0
call_494,40.71512295100007,-73.80217492999998,10H1,10H1,2025-03-22T14:14:00.000000,911_calls,2025-03-22 14:14:00,Saturday,14,3,3.0
call_495,40.730155790000026,-73.86229522699995,10V2,10V2,2025-03-21T15:15:00.000000,911_calls,2025-03-21 15:15:00,Friday,15,3,3.0
call_496,40.698855309000066,-73.95156040199998,75I,75I,2025-03-20T16:16:00.000000,911_calls,2025-03-20 16:16:00,Thursday,16,3,3.0
call_497,40.736435957000026,-73.95691324499995,22V2,22V2,2025-03-19T17:17:00.000000,911_calls,2025-03-19 17:17:00,Wednesday,17,3,3.0
call_498,40.59888405400005,-73.82064675099997,75D,75D,2025-03-18T18:18:00.000000,911_calls,2025-03-18 18:18:00,Tuesday,18,3,3.0
call_499,40.682977178000044,-73.98084164799997,68Q2,68Q2,2025-03-17T19:19:00.000000,911_calls,2025-03-17 19:19:00,Monday,19,3,3.0
call_500,40.61947444200007,-73.98459164899998,68Q1,68Q1,2025-03-16T20:20:00.000000,911_calls,2025-03-16 20:20:00,Sunday,20,3,3.0
call_501,40.74397855700005,-73.91315485899997,10P9,10P9,2025-03-15T21:21:00.000000,911_calls,2025-03-15 21:21:00,Saturday,21,3,3.0
call_502,40.81756136700005,-73.92786058299998,75S,75S,2025-03-14T22:22:00.000000,911_calls,2025-03-14 22:22:00,Friday,22,3,3.0
call_503,40.66709976200008,-73.93267694399998,68Q1,68Q1,2025-03-13T23:23:00.000000,911_calls,2025-03-13 23:23:00,Thursday,23,3,3.0
call_504,40.846020053000075,-73.88837885999999,22Q2,22Q2,2025-03-12T00:24:00.000000,911_calls,2025-03-12 00:24:00,Wednesday,0,3,3.0
call_505,40.591434210000045,-74.10094398399997,68Q1,68Q1,2025-03-11T01:25:00.000000,911_calls,2025-03-11 01:25:00,Tuesday,1,3,3.0
call_506,40.79565843200004,-73.97205823199994,10H1,10H1,2025-03-10T02:26:00.000000,911_calls,2025-03-10 02:26:00,Monday,2,3,3.0
call_507,40.607619587000045,-73.98394251999997,10Y3,10Y3,2025-03-09T03:27:00.000000,911_calls,2025-03-09 03:27:00,Sunday,3,3,3.0
call_508,40.780256577000046,-73.80250499299996,75D,75D,2025-03-08T04:28:00.000000,911_calls,2025-03-08 04:28:00,Saturday,4,3,3.0
call_509,40.702973910000026,-73.89280564999996,39C2,39C2,2025-03-07T05:29:00.000000,911_calls,2025-03-07 05:29:00,Friday,5,3,3.0
call_510,40.885946223000076,-73.85981345999994,52D6,52D6,2025-03-06T06:30:00.000000,911_calls,2025-03-06 06:30:00,Thursday,6,3,3.0
call_511,40.69734105600003,-73.92714678499993,54S1,54S1,2025-03-05T07:31:00.000000,911_calls,2025-03-05 07:31:00,Wednesday,7,3,3.0
call_512,40.82374833200004,-73.90556789899995,75D,75D,2025-03-04T08:32:00.000000,911_calls,2025-03-04 08:32:00,Tuesday,8,3,3.0
call_513,40.74094185000007,-73.81816410199997,75D,75D,2025-03-03T09:33:00.000000,911_calls,2025-03-03 09:33:00,Monday,9,3,3.0
call_514,40.783753456000056,-73.94590882999995,68Q1,68Q1,2025-03-02T10:34:00.000000,911_calls,2025-03-02 10:34:00,Sunday,10,3,3.0
call_515,40.84084902400008,-73.94005456699995,75S,75S,2025-03-01T11:35:00.000000,911_calls,2025-03-01 11:35:00,Saturday,11,3,3.0
call_516,40.656179569000074,-73.95160940799997,68Q1,68Q1,2025-02-28T12:36:00.000000,911_calls,2025-02-28 12:36:00,Friday,12,2,3.0
call_517,40.731699724000066,-73.98231781399994,75D,75D,2025-02-27T13:37:00.000000,911_calls,2025-02-27 13:37:00,Thursday,13,2,3.0
call_518,40.66322449000006,-73.94944522199995,54U1,54U1,2025-02-26T14:38:00.000000,911_calls,2025-02-26 14:38:00,Wednesday,14,2,3.0
call_519,40.67144183900007,-73.95479588999996,68Q1,68Q1,2025-02-25T15:39:00.000000,911_calls,2025-02-25 15:39:00,Tuesday,15,2,3.0
call_520,40.74095063100003,-73.99212733199994,10H2,10H2,2025-02-24T16:40:00.000000,911_calls,2025-02-24 16:40:00,Monday,16,2,3.0
call_521,40.75058041300008,-73.94016827599995,75M,75M,2025-02-23T17:41:00.000000,911_calls,2025-02-23 17:41:00,Sunday,17,2,3.0
call_522,40.85295170000006,-73.82708274299995,50P9,50P9,2025-02-22T18:42:00.000000,911_calls,2025-02-22 18:42:00,Saturday,18,2,3.0
call_523,40.78079258300005,-73.98467709399995,68Q1,68Q1,2025-02-21T19:43:00.000000,911_calls,2025-02-21 19:43:00,Friday,19,2,3.0
call_524,40.69974268200008,-73.91142368699997,75O,75O,2025-02-20T20:44:00.000000,911_calls,2025-02-20 20:44:00,Thursday,20,2,3.0
call_525,40.69763116200005,-73.95864771999999,68Q1,68Q1,2025-02-19T21:45:00.000000,911_calls,2025-02-19 21:45:00,Wednesday,21,2,3.0
call_526,40.82159261600003,-73.94103659499996,11C4,11C4,2025-02-18T22:46:00.000000,911_calls,2025-02-18 22:46:00,Tuesday,22,2,3.0
call_527,40.771702033000054,-73.98483081899997,75D,75D,2025-02-17T23:47:00.000000,911_calls,2025-02-17 23:47:00,Monday,23,2,3.0
call_528,40.64968737300006,-73.89341019999995,75D,75D,2025-02-16T00:48:00.000000,911_calls,2025-02-16 00:48:00,Sunday,0,2,3.0
call_529,40.67322472500007,-73.89138261899996,75D,75D,2025-02-15T01:49:00.000000,911_calls,2025-02-15 01:49:00,Saturday,1,2,3.0
call_530,40.67943445800006,-73.93211287499997,75Z,75Z,2025-02-14T02:50:00.000000,911_calls,2025-02-14 02:50:00,Friday,2,2,3.0
call_531,40.78119897000005,-73.94777771499997,68Q1,68Q1,2025-02-13T03:51:00.000000,911_calls,2025-02-13 03:51:00,Thursday,3,2,3.0
call_532,40.77648325300004,-73.79659479199995,52D6,52D6,2025-02-12T04:52:00.000000,911_calls,2025-02-12 04:52:00,Wednesday,4,2,3.0
call_533,40.69121477200008,-73.98438756299998,68Q1,68Q1,2025-02-11T05:53:00.000000,911_calls,2025-02-11 05:53:00,Tuesday,5,2,3.0
call_534,40.88463803900004,-73.83182108999995,11C4,11C4,2025-02-10T06:54:00.000000,911_calls,2025-02-10 06:54:00,Monday,6,2,3.0
call_535,40.846629919000065,-73.90424868699995,54E1,54E1,2025-02-09T07:55:00.000000,911_calls,2025-02-09 07:55:00,Sunday,7,2,3.0
call_536,40.846629919000065,-73.90424868699995,54E1,54E1,2025-02-08T08:56:00.000000,911_calls,2025-02-08 08:56:00,Saturday,8,2,3.0
call_537,40.82514828500007,-73.94947035199993,68Q1,68Q1,2025-02-07T09:57:00.000000,911_calls,2025-02-07 09:57:00,Friday,9,2,3.0
call_538,40.60519547800004,-73.95251067999999,10Y3,10Y3,2025-02-06T10:58:00.000000,911_calls,2025-02-06 10:58:00,Thursday,10,2,3.0
call_539,40.768550454000035,-73.98070511799995,75D,75D,2025-02-05T11:59:00.000000,911_calls,2025-02-05 11:59:00,Wednesday,11,2,3.0
call_540,40.68131820000008,-73.95650899099996,10V2,10V2,2025-02-04T12:00:00.000000,911_calls,2025-02-04 12:00:00,Tuesday,12,2,3.0
call_541,40.79702294300006,-73.96358820199998,68Q1,68Q1,2025-02-03T13:01:00.000000,911_calls,2025-02-03 13:01:00,Monday,13,2,3.0
call_542,40.57628456500004,-73.98139061299997,75S,75S,2025-02-02T14:02:00.000000,911_calls,2025-02-02 14:02:00,Sunday,14,2,3.0
call_543,40.84084902400008,-73.94005456699995,75M,75M,2025-02-01T15:03:00.000000,911_calls,2025-02-01 15:03:00,Saturday,15,2,3.0
call_544,40.64564719600003,-73.90287588699994,75S,75S,2025-01-31T16:04:00.000000,911_calls,2025-01-31 16:04:00,Friday,16,1,3.0
call_545,40.665545645000066,-73.81638710599998,54I8,54I8,2025-01-30T17:05:00.000000,911_calls,2025-01-30 17:05:00,Thursday,17,1,3.0
call_546,40.59528914900005,-74.16603789899995,68Q1,68Q1,2025-01-29T18:06:00.000000,911_calls,2025-01-29 18:06:00,Wednesday,18,1,3.0
call_547,40.79082360600006,-73.93979986399995,68Q1,68Q1,2025-01-28T19:07:00.000000,911_calls,2025-01-28 19:07:00,Tuesday,19,1,3.0
call_548,40.82260706200003,-73.94434529499995,68Q1,68Q1,2025-01-27T20:08:00.000000,911_calls,2025-01-27 20:08:00,Monday,20,1,3.0
call_549,40.68592602900003,-73.91577608399996,75M,75M,2025-01-26T21:09:00.000000,911_calls,2025-01-26 21:09:00,Sunday,21,1,3.0
call_550,40.84416759000004,-73.91430351799994,10Y3,10Y3,2025-01-25T22:10:00.000000,911_calls,2025-01-25 22:10:00,Saturday,22,1,3.0
call_551,40.578065740000056,-73.95932652099998,68Q1,68Q1,2025-01-24T23:11:00.000000,911_calls,2025-01-24 23:11:00,Friday,23,1,3.0
call_552,40.59841150300008,-73.99027883299993,75Z,75Z,2025-01-23T00:12:00.000000,911_calls,2025-01-23 00:12:00,Thursday,0,1,3.0
call_553,40.67470324000004,-74.00292516799993,68Q1,68Q1,2025-01-22T01:13:00.000000,911_calls,2025-01-22 01:13:00,Wednesday,1,1,3.0
call_554,40.57390632400006,-73.99938589899995,10S1,10S1,2025-01-21T02:14:00.000000,911_calls,2025-01-21 02:14:00,Tuesday,2,1,3.0
call_555,40.70962570700004,-73.82999385799997,52D6,52D6,2025-01-20T03:15:00.000000,911_calls,2025-01-20 03:15:00,Monday,3,1,3.0
call_556,40.70993753300007,-74.00898285199997,75S,75S,2025-01-19T04:16:00.000000,911_calls,2025-01-19 04:16:00,Sunday,4,1,3.0
call_557,40.822133731000065,-73.91160040999995,52D2,52D2,2025-01-18T05:17:00.000000,911_calls,2025-01-18 05:17:00,Saturday,5,1,3.0
call_558,40.706368001000044,-73.80754259099996,75D,75D,2025-01-17T06:18:00.000000,911_calls,2025-01-17 06:18:00,Friday,6,1,3.0
call_559,40.84033594400006,-73.92199556399999,53S,53S,2025-01-16T07:19:00.000000,911_calls,2025-01-16 07:19:00,Thursday,7,1,3.0
call_560,40.76722164800003,-73.92574905199996,54U1,54U1,2025-01-15T08:20:00.000000,911_calls,2025-01-15 08:20:00,Wednesday,8,1,3.0
call_561,40.82372286700007,-73.95384696899998,68Q1,68Q1,2025-01-14T09:21:00.000000,911_calls,2025-01-14 09:21:00,Tuesday,9,1,3.0
call_562,40.76760643000006,-73.98173427399996,75S,75S,2025-01-13T10:22:00.000000,911_calls,2025-01-13 10:22:00,Monday,10,1,3.0
call_563,40.66127449000004,-73.74935397299998,68Q2,68Q2,2025-01-12T11:23:00.000000,911_calls,2025-01-12 11:23:00,Sunday,11,1,3.0
call_564,40.74750532000007,-73.82942441199998,75D,75D,2025-01-11T12:24:00.000000,911_calls,2025-01-11 12:24:00,Saturday,12,1,3.0
call_565,40.830021429000055,-73.82464901399999,10V2,10V2,2025-01-10T13:25:00.000000,911_calls,2025-01-10 13:25:00,Friday,13,1,3.0
call_566,40.68428204500003,-73.98934328299998,75I,75I,2025-01-09T14:26:00.000000,911_calls,2025-01-09 14:26:00,Thursday,14,1,3.0
call_567,40.51087836800008,-74.23355304399996,11R4,11R4,2025-01-08T15:27:00.000000,911_calls,2025-01-08 15:27:00,Wednesday,15,1,3.0
call_568,40.69455489300003,-73.93124642699996,68U1,68U1,2025-01-07T16:28:00.000000,911_calls,2025-01-07 16:28:00,Tuesday,16,1,3.0
call_569,40.66727380300006,-73.97796601499994,22Q1,22Q1,2025-01-06T17:29:00.000000,911_calls,2025-01-06 17:29:00,Monday,17,1,3.0
call_570,40.75273446700004,-73.97654816699998,75S,75S,2025-01-05T18:30:00.000000,911_calls,2025-01-05 18:30:00,Sunday,18,1,3.0
call_571,40.66905010500005,-73.87035911599997,68Q1,68Q1,2025-01-04T19:31:00.000000,911_calls,2025-01-04 19:31:00,Saturday,19,1,3.0
call_572,40.70993753300007,-74.00898285199997,75M,75M,2025-01-03T20:32:00.000000,911_calls,2025-01-03 20:32:00,Friday,20,1,3.0
call_573,40.82100441500006,-73.89092463699996,54S9,54S9,2025-01-02T21:33:00.000000,911_calls,2025-01-02 21:33:00,Thursday,21,1,3.0
call_574,40.79485288500007,-73.93477971999994,10H1,10H1,2025-01-01T22:34:00.000000,911_calls,2025-01-01 22:34:00,Wednesday,22,1,3.0
call_575,40.68871610400004,-73.82636559499997,10Y3,10Y3,2024-12-31T23:35:00.000000,911_calls,2024-12-31 23:35:00,Tuesday,23,12,3.0
call_576,40.608288909000066,-73.81617002399997,75S,75S,2024-12-30T00:36:00.000000,911_calls,2024-12-30 00:36:00,Monday,0,12,3.0
call_577,40.71941851100007,-73.97589250099998,75I,75I,2024-12-29T01:37:00.000000,911_calls,2024-12-29 01:37:00,Sunday,1,12,3.0
call_578,40.70607933000008,-73.80081315199999,75D,75D,2024-12-28T02:38:00.000000,911_calls,2024-12-28 02:38:00,Saturday,2,12,3.0
call_579,40.84833817400005,-73.91247643899999,75S,75S,2024-12-27T03:39:00.000000,911_calls,2024-12-27 03:39:00,Friday,3,12,3.0
call_580,40.702915242000074,-73.94073040599994,59W,59W,2024-12-26T04:40:00.000000,911_calls,2024-12-26 04:40:00,Thursday,4,12,3.0
call_581,40.718244241000036,-73.95836798199997,75M,75M,2024-12-25T05:41:00.000000,911_calls,2024-12-25 05:41:00,Wednesday,5,12,3.0
call_582,40.60961459300006,-73.75961795799998,10V2,10V2,2024-12-24T06:42:00.000000,911_calls,2024-12-24 06:42:00,Tuesday,6,12,3.0
call_583,40.68218030100007,-73.97607541999997,75Z,75Z,2024-12-23T07:43:00.000000,911_calls,2024-12-23 07:43:00,Monday,7,12,3.0
call_584,40.58422352600007,-73.92813422599994,75Z,75Z,2024-12-22T08:44:00.000000,911_calls,2024-12-22 08:44:00,Sunday,8,12,3.0
call_585,40.71003657800003,-74.00521355599994,68Q1,68Q1,2024-12-21T09:45:00.000000,911_calls,2024-12-21 09:45:00,Saturday,9,12,3.0
call_586,40.65567154100006,-73.92546954899996,10V2,10V2,2024-12-20T10:46:00.000000,911_calls,2024-12-20 10:46:00,Friday,10,12,3.0
call_587,40.75986975500007,-73.82897041199993,75D,75D,2024-12-19T11:47:00.000000,911_calls,2024-12-19 11:47:00,Thursday,11,12,3.0
call_588,40.66646466200007,-73.90410359499998,75D,75D,2024-12-18T12:48:00.000000,911_calls,2024-12-18 12:48:00,Wednesday,12,12,3.0
call_589,40.67513645900004,-73.94861783399995,10S2,10S2,2024-12-17T13:49:00.000000,911_calls,2024-12-17 13:49:00,Tuesday,13,12,3.0
call_590,40.67906840200004,-73.90376820299997,75M,75M,2024-12-16T14:50:00.000000,911_calls,2024-12-16 14:50:00,Monday,14,12,3.0
call_591,40.77931023000008,-73.98326924399998,54S9,54S9,2024-12-15T15:51:00.000000,911_calls,2024-12-15 15:51:00,Sunday,15,12,3.0
call_592,40.783753456000056,-73.94590882999995,68Q1,68Q1,2024-12-14T16:52:00.000000,911_calls,2024-12-14 16:52:00,Saturday,16,12,3.0
call_593,40.73566708800007,-73.99387080499997,10H2,10H2,2024-12-13T17:53:00.000000,911_calls,2024-12-13 17:53:00,Friday,17,12,3.0
call_594,40.68413233900003,-73.97863829699997,75S,75S,2024-12-12T18:54:00.000000,911_calls,2024-12-12 18:54:00,Thursday,18,12,3.0
call_595,40.70254187100005,-73.79955059199995,75D,75D,2024-12-11T19:55:00.000000,911_calls,2024-12-11 19:55:00,Wednesday,19,12,3.0
call_596,40.67081759000007,-73.93511008699994,10P2,10P2,2024-12-10T20:56:00.000000,911_calls,2024-12-10 20:56:00,Tuesday,20,12,3.0
call_597,40.58122211300008,-73.95890339399995,68Q1,68Q1,2024-12-09T21:57:00.000000,911_calls,2024-12-09 21:57:00,Monday,21,12,3.0
call_598,40.88132548600004,-73.82464027399999,11C4,11C4,2024-12-08T22:58:00.000000,911_calls,2024-12-08 22:58:00,Sunday,22,12,3.0
call_599,40.81545881100004,-73.94808320199996,10V2,10V2,2024-12-07T23:59:00.000000,911_calls,2024-12-07 23:59:00,Saturday,23,12,3.0
call_600,40.83827075800008,-73.85106334799997,10H2,10H2,2024-12-06T00:00:00.000000,911_calls,2024-12-06 00:00:00,Friday,0,12,3.0
call_601,40.72047063700006,-73.80920103299997,75D,75D,2024-12-05T01:01:00.000000,911_calls,2024-12-05 01:01:00,Thursday,1,12,3.0
call_602,40.587663570000075,-73.81055977899996,75D,75D,2024-12-04T02:02:00.000000,911_calls,2024-12-04 02:02:00,Wednesday,2,12,3.0
call_603,40.701332285000035,-73.98676549999993,75O,75O,2024-12-03T03:03:00.000000,911_calls,2024-12-03 03:03:00,Tuesday,3,12,3.0
call_604,40.76298008300006,-73.83118971499994,54C1,54C1,2024-12-02T04:04:00.000000,911_calls,2024-12-02 04:04:00,Monday,4,12,3.0
call_605,40.75626980700008,-73.96597108899994,10Y3,10Y3,2024-12-01T05:05:00.000000,911_calls,2024-12-01 05:05:00,Sunday,5,12,3.0
call_606,40.68739746400007,-73.91241724999998,68Q1,68Q1,2024-11-30T06:06:00.000000,911_calls,2024-11-30 06:06:00,Saturday,6,11,3.0
call_607,40.79714228700004,-73.94596657399995,68Q1,68Q1,2024-11-29T07:07:00.000000,911_calls,2024-11-29 07:07:00,Friday,7,11,3.0
call_608,40.72557069100003,-73.98237355799995,68Q1,68Q1,2024-11-28T08:08:00.000000,911_calls,2024-11-28 08:08:00,Thursday,8,11,3.0
call_609,40.87745403900004,-73.86667299299995,75S,75S,2024-11-27T09:09:00.000000,911_calls,2024-11-27 09:09:00,Wednesday,9,11,3.0
call_610,40.77848991600007,-73.95423577899999,10H2,10H2,2024-11-26T10:10:00.000000,911_calls,2024-11-26 10:10:00,Tuesday,10,11,3.0
call_611,40.805535587000065,-73.95199569899995,11C4,11C4,2024-11-25T11:11:00.000000,911_calls,2024-11-25 11:11:00,Monday,11,11,3.0
call_612,40.707881161000046,-73.78621429599997,75D,75D,2024-11-24T12:12:00.000000,911_calls,2024-11-24 12:12:00,Sunday,12,11,3.0
call_613,40.68273113500004,-73.95488919199994,50G2,50G2,2024-11-23T13:13:00.000000,911_calls,2024-11-23 13:13:00,Saturday,13,11,3.0
call_614,40.655181335000066,-73.96113197999995,75M,75M,2024-11-22T14:14:00.000000,911_calls,2024-11-22 14:14:00,Friday,14,11,3.0
call_615,40.67906840200004,-73.90376820299997,75M,75M,2024-11-21T15:15:00.000000,911_calls,2024-11-21 15:15:00,Thursday,15,11,3.0
call_616,40.72083446800008,-74.00522883099995,75S,75S,2024-11-20T16:16:00.000000,911_calls,2024-11-20 16:16:00,Wednesday,16,11,3.0
call_617,40.713719327000035,-73.98608849499993,68Q1,68Q1,2024-11-19T17:17:00.000000,911_calls,2024-11-19 17:17:00,Tuesday,17,11,3.0
call_618,40.70499992500004,-73.92032170499994,68Q1,68Q1,2024-11-18T18:18:00.000000,911_calls,2024-11-18 18:18:00,Monday,18,11,3.0
call_619,40.718792129000065,-73.81333639999997,75D,75D,2024-11-17T19:19:00.000000,911_calls,2024-11-17 19:19:00,Sunday,19,11,3.0
call_620,40.680591391000064,-73.97763712899996,75D,75D,2024-11-16T20:20:00.000000,911_calls,2024-11-16 20:20:00,Saturday,20,11,3.0
call_621,40.74682365000007,-73.98469934199994,10H2,10H2,2024-11-15T21:21:00.000000,911_calls,2024-11-15 21:21:00,Friday,21,11,3.0
call_622,40.67943181100003,-73.98717724799997,54U2,54U2,2024-11-14T22:22:00.000000,911_calls,2024-11-14 22:22:00,Thursday,22,11,3.0
call_623,40.64564719600003,-73.90287588699994,75S,75S,2024-11-13T23:23:00.000000,911_calls,2024-11-13 23:23:00,Wednesday,23,11,3.0
call_624,40.597792137000056,-74.09662527299997,68Q1,68Q1,2024-11-12T00:24:00.000000,911_calls,2024-11-12 00:24:00,Tuesday,0,11,3.0
call_625,40.827899467000066,-73.92588369299995,75O,75O,2024-11-11T01:25:00.000000,911_calls,2024-11-11 01:25:00,Monday,1,11,3.0
call_626,40.875931070000036,-73.86696532699995,53H,53H,2024-11-10T02:26:00.000000,911_calls,2024-11-10 02:26:00,Sunday,2,11,3.0
call_627,40.680508417000055,-73.97459780599996,75D,75D,2024-11-09T03:27:00.000000,911_calls,2024-11-09 03:27:00,Saturday,3,11,3.0
call_628,40.62020581500008,-74.02406014399998,75Z,75Z,2024-11-08T04:28:00.000000,911_calls,2024-11-08 04:28:00,Friday,4,11,3.0
call_629,40.740192542000045,-73.98636083299994,75T,75T,2024-11-07T05:29:00.000000,911_calls,2024-11-07 05:29:00,Thursday,5,11,3.0
call_630,40.68696870400004,-73.91166421199995,68Q1,68Q1,2024-11-06T06:30:00.000000,911_calls,2024-11-06 06:30:00,Wednesday,6,11,3.0
call_631,40.786694974000056,-73.97574536499997,68Q1,68Q1,2024-11-05T07:31:00.000000,911_calls,2024-11-05 07:31:00,Tuesday,7,11,3.0
call_632,40.68013390300007,-73.88086889099998,68Q1,68Q1,2024-11-04T08:32:00.000000,911_calls,2024-11-04 08:32:00,Monday,8,11,3.0
call_633,40.80591768200003,-73.91130407199995,53X,53X,2024-11-03T09:33:00.000000,911_calls,2024-11-03 09:33:00,Sunday,9,11,3.0
call_634,40.80591768200003,-73.91130407199995,53X,53X,2024-11-02T10:34:00.000000,911_calls,2024-11-02 10:34:00,Saturday,10,11,3.0
call_635,40.611453152000024,-73.97836621399995,10S2,10S2,2024-11-01T11:35:00.000000,911_calls,2024-11-01 11:35:00,Friday,11,11,3.0
call_636,40.87308067400005,-73.88900236499995,75T,75T,2024-10-31T12:36:00.000000,911_calls,2024-10-31 12:36:00,Thursday,12,10,3.0
call_637,40.755186784000045,-73.98387085899998,22Q2,22Q2,2024-10-30T13:37:00.000000,911_calls,2024-10-30 13:37:00,Wednesday,13,10,3.0
call_638,40.65150015000006,-73.93569107299999,54U2,54U2,2024-10-29T14:38:00.000000,911_calls,2024-10-29 14:38:00,Tuesday,14,10,3.0
call_639,40.84971703400004,-73.88270500499993,10V2,10V2,2024-10-28T15:39:00.000000,911_calls,2024-10-28 15:39:00,Monday,15,10,3.0
call_640,40.72669461300006,-74.00273623399994,68Q1,68Q1,2024-10-27T16:40:00.000000,911_calls,2024-10-27 16:40:00,Sunday,16,10,3.0
call_641,40.77870891600003,-73.98183955099995,54S2,54S2,2024-10-26T17:41:00.000000,911_calls,2024-10-26 17:41:00,Saturday,17,10,3.0
call_642,40.57390632400006,-73.99938589899995,75I,75I,2024-10-25T18:42:00.000000,911_calls,2024-10-25 18:42:00,Friday,18,10,3.0
call_643,40.76539747500004,-73.98570226399994,54S1,54S1,2024-10-24T19:43:00.000000,911_calls,2024-10-24 19:43:00,Thursday,19,10,3.0
call_644,40.64806092200007,-73.94637199099998,10V2,10V2,2024-10-23T20:44:00.000000,911_calls,2024-10-23 20:44:00,Wednesday,20,10,3.0
call_645,40.83960187400004,-73.93806436499995,68Q1,68Q1,2024-10-22T21:45:00.000000,911_calls,2024-10-22 21:45:00,Tuesday,21,10,3.0
call_646,40.78170668300004,-73.82513733799993,75D,75D,2024-10-21T22:46:00.000000,911_calls,2024-10-21 22:46:00,Monday,22,10,3.0
call_647,40.67896516700006,-73.93705624199998,54E1,54E1,2024-10-20T23:47:00.000000,911_calls,2024-10-20 23:47:00,Sunday,23,10,3.0
call_648,40.83235953500008,-73.93987069399998,68Q1,68Q1,2024-10-19T00:48:00.000000,911_calls,2024-10-19 00:48:00,Saturday,0,10,3.0
call_649,40.799781180000025,-73.97274997799997,75D,75D,2024-10-18T01:49:00.000000,911_calls,2024-10-18 01:49:00,Friday,1,10,3.0
call_650,40.82849393200007,-73.90554670999995,52D2,52D2,2024-10-17T02:50:00.000000,911_calls,2024-10-17 02:50:00,Thursday,2,10,3.0
call_651,40.832741241000065,-73.92187076299996,68U1,68U1,2024-10-16T03:51:00.000000,911_calls,2024-10-16 03:51:00,Wednesday,3,10,3.0
call_652,40.70290902100004,-73.92120421799996,68U1,68U1,2024-10-15T04:52:00.000000,911_calls,2024-10-15 04:52:00,Tuesday,4,10,3.0
call_653,40.68073899600006,-73.94963745499996,75S,75S,2024-10-14T05:53:00.000000,911_calls,2024-10-14 05:53:00,Monday,5,10,3.0
call_654,40.87516792200006,-73.87674078699996,34Q6,34Q6,2024-10-13T06:54:00.000000,911_calls,2024-10-13 06:54:00,Sunday,6,10,3.0
call_655,40.68309374300003,-73.72917460199994,10Y3,10Y3,2024-10-12T07:55:00.000000,911_calls,2024-10-12 07:55:00,Saturday,7,10,3.0
call_656,40.65433902400008,-73.89557597099997,75D,75D,2024-10-11T08:56:00.000000,911_calls,2024-10-11 08:56:00,Friday,8,10,3.0
call_657,40.623427986000024,-74.08330139199995,75Z,75Z,2024-10-10T09:57:00.000000,911_calls,2024-10-10 09:57:00,Thursday,9,10,3.0
call_658,40.84573435300007,-73.91008716099998,75M,75M,2024-10-09T10:58:00.000000,911_calls,2024-10-09 10:58:00,Wednesday,10,10,3.0
call_659,40.69031143900003,-73.81445103399994,54S2,54S2,2024-10-08T11:59:00.000000,911_calls,2024-10-08 11:59:00,Tuesday,11,10,3.0
call_660,40.690404614000045,-73.95986018899998,75D,75D,2024-10-07T12:00:00.000000,911_calls,2024-10-07 12:00:00,Monday,12,10,3.0
call_661,40.81334708700007,-73.93048428399999,75S,75S,2024-10-06T13:01:00.000000,911_calls,2024-10-06 13:01:00,Sunday,13,10,3.0
call_662,40.67505367800004,-73.97091546699994,75M,75M,2024-10-05T14:02:00.000000,911_calls,2024-10-05 14:02:00,Saturday,14,10,3.0
call_663,40.79680889300005,-73.97384915099997,75Z,75Z,2024-10-04T15:03:00.000000,911_calls,2024-10-04 15:03:00,Friday,15,10,3.0
call_664,40.636200349000035,-74.11146402699995,10S4,10S4,2024-10-03T16:04:00.000000,911_calls,2024-10-03 16:04:00,Thursday,16,10,3.0
call_665,40.65124438700008,-73.95847105299998,52D1,52D1,2024-10-02T17:05:00.000000,911_calls,2024-10-02 17:05:00,Wednesday,17,10,3.0
call_666,40.683645298000044,-73.98977605399995,75D,75D,2024-10-01T18:06:00.000000,911_calls,2024-10-01 18:06:00,Tuesday,18,10,3.0
call_667,40.66592656000006,-73.95226918999998,50G2,50G2,2024-09-30T19:07:00.000000,911_calls,2024-09-30 19:07:00,Monday,19,9,3.0
call_668,40.714946965000024,-73.82942115899993,56S9,56S9,2024-09-29T20:08:00.000000,911_calls,2024-09-29 20:08:00,Sunday,20,9,3.0
call_669,40.757201070000065,-73.92650378899998,75I,75I,2024-09-28T21:09:00.000000,911_calls,2024-09-28 21:09:00,Saturday,21,9,3.0
call_670,40.79220019600007,-73.95508226799996,75D,75D,2024-09-27T22:10:00.000000,911_calls,2024-09-27 22:10:00,Friday,22,9,3.0
call_671,40.67439291300008,-74.00685828399997,75I,75I,2024-09-26T23:11:00.000000,911_calls,2024-09-26 23:11:00,Thursday,23,9,3.0
call_672,40.66312981600004,-73.73819475699997,10S2,10S2,2024-09-25T00:12:00.000000,911_calls,2024-09-25 00:12:00,Wednesday,0,9,3.0
call_673,40.88584606500007,-73.84583936199994,75D,75D,2024-09-24T01:13:00.000000,911_calls,2024-09-24 01:13:00,Tuesday,1,9,3.0
call_674,40.66986340200003,-73.95431751799998,10S4,10S4,2024-09-23T02:14:00.000000,911_calls,2024-09-23 02:14:00,Monday,2,9,3.0
call_675,40.83037365200005,-73.89859885299995,34Q2,34Q2,2024-09-22T03:15:00.000000,911_calls,2024-09-22 03:15:00,Sunday,3,9,3.0
call_676,40.682067439000036,-73.99604622999993,75D,75D,2024-09-21T04:16:00.000000,911_calls,2024-09-21 04:16:00,Saturday,4,9,3.0
call_677,40.69218385600004,-73.98577565699998,75S,75S,2024-09-20T05:17:00.000000,911_calls,2024-09-20 05:17:00,Friday,5,9,3.0
call_678,40.75924936100006,-73.98663487499994,54U1,54U1,2024-09-19T06:18:00.000000,911_calls,2024-09-19 06:18:00,Thursday,6,9,3.0
call_679,40.86327901900006,-73.90067809799996,75M,75M,2024-09-18T07:19:00.000000,911_calls,2024-09-18 07:19:00,Wednesday,7,9,3.0
call_680,40.78264042200004,-73.97313252999999,56S9,56S9,2024-09-17T08:20:00.000000,911_calls,2024-09-17 08:20:00,Tuesday,8,9,3.0
call_681,40.70534732300007,-73.94115744599998,68Q1,68Q1,2024-09-16T09:21:00.000000,911_calls,2024-09-16 09:21:00,Monday,9,9,3.0
call_682,40.72083446800008,-74.00522883099995,75M,75M,2024-09-15T10:22:00.000000,911_calls,2024-09-15 10:22:00,Sunday,10,9,3.0
call_683,40.66697113600003,-73.78819101199997,53I,53I,2024-09-14T11:23:00.000000,911_calls,2024-09-14 11:23:00,Saturday,11,9,3.0
call_684,40.78683761100007,-73.79264143299997,75D,75D,2024-09-13T12:24:00.000000,911_calls,2024-09-13 12:24:00,Friday,12,9,3.0
call_685,40.68841912000005,-73.97584601399996,75D,75D,2024-09-12T13:25:00.000000,911_calls,2024-09-12 13:25:00,Thursday,13,9,3.0
call_686,40.69260465900004,-73.85779308899998,75D,75D,2024-09-11T14:26:00.000000,911_calls,2024-09-11 14:26:00,Wednesday,14,9,3.0
call_687,40.75877504400006,-73.99238511899995,68Q1,68Q1,2024-09-10T15:27:00.000000,911_calls,2024-09-10 15:27:00,Tuesday,15,9,3.0
call_688,40.789992691000066,-73.96962296399994,68Q1,68Q1,2024-09-09T16:28:00.000000,911_calls,2024-09-09 16:28:00,Monday,16,9,3.0
call_689,40.723009095000066,-73.97808828999996,68Q1,68Q1,2024-09-08T17:29:00.000000,911_calls,2024-09-08 17:29:00,Sunday,17,9,3.0
call_690,40.645870305000074,-73.95195201299998,10S4,10S4,2024-09-07T18:30:00.000000,911_calls,2024-09-07 18:30:00,Saturday,18,9,3.0
call_691,40.84413994500005,-73.90038861799997,68Q1,68Q1,2024-09-06T19:31:00.000000,911_calls,2024-09-06 19:31:00,Friday,19,9,3.0
call_692,40.608288909000066,-73.81617002399997,75M,75M,2024-09-05T20:32:00.000000,911_calls,2024-09-05 20:32:00,Thursday,20,9,3.0
call_693,40.78879467100006,-73.79115471499995,75D,75D,2024-09-04T21:33:00.000000,911_calls,2024-09-04 21:33:00,Wednesday,21,9,3.0
call_694,40.75438484000006,-73.85867183299996,10H1,10H1,2024-09-03T22:34:00.000000,911_calls,2024-09-03 22:34:00,Tuesday,22,9,3.0
call_695,40.71875074700006,-73.98857299099996,75O,75O,2024-09-02T23:35:00.000000,911_calls,2024-09-02 23:35:00,Monday,23,9,3.0
call_696,40.69313582600006,-73.96932090399997,75D,75D,2024-09-01T00:36:00.000000,911_calls,2024-09-01 00:36:00,Sunday,0,9,3.0
call_697,40.64576137500006,-73.95406015099996,10S4,10S4,2024-08-31T01:37:00.000000,911_calls,2024-08-31 01:37:00,Saturday,1,8,3.0
call_698,40.81944886100007,-73.94078197699997,75D,75D,2024-08-30T02:38:00.000000,911_calls,2024-08-30 02:38:00,Friday,2,8,3.0
call_699,40.57628456500004,-73.98139061299997,50G9,50G9,2024-08-29T03:39:00.000000,911_calls,2024-08-29 03:39:00,Thursday,3,8,3.0
call_700,40.752884728000026,-73.99111170399993,34K2,34K2,2024-08-28T04:40:00.000000,911_calls,2024-08-28 04:40:00,Wednesday,4,8,3.0
call_701,40.84413994500005,-73.90038861799997,54S1,54S1,2024-08-27T05:41:00.000000,911_calls,2024-08-27 05:41:00,Tuesday,5,8,3.0
call_702,40.77152949400005,-73.95483265599995,68Q1,68Q1,2024-08-26T06:42:00.000000,911_calls,2024-08-26 06:42:00,Monday,6,8,3.0
call_703,40.79299897900006,-73.97285748699994,10H1,10H1,2024-08-25T07:43:00.000000,911_calls,2024-08-25 07:43:00,Sunday,7,8,3.0
call_704,40.718358961000035,-73.81880651299997,34Q6,34Q6,2024-08-24T08:44:00.000000,911_calls,2024-08-24 08:44:00,Saturday,8,8,3.0
call_705,40.59435909800004,-73.77599151999993,68Q1,68Q1,2024-08-23T09:45:00.000000,911_calls,2024-08-23 09:45:00,Friday,9,8,3.0
call_706,40.611453152000024,-73.97836621399995,75I,75I,2024-08-22T10:46:00.000000,911_calls,2024-08-22 10:46:00,Thursday,10,8,3.0
call_707,40.76760643000006,-73.98173427399996,75M,75M,2024-08-21T11:47:00.000000,911_calls,2024-08-21 11:47:00,Wednesday,11,8,3.0
call_708,40.66322449000006,-73.94944522199995,52D1,52D1,2024-08-20T12:48:00.000000,911_calls,2024-08-20 12:48:00,Tuesday,12,8,3.0
call_709,40.693043457000044,-73.92827657699996,75S,75S,2024-08-19T13:49:00.000000,911_calls,2024-08-19 13:49:00,Monday,13,8,3.0
call_710,40.845045938000055,-73.88041814799993,10P2,10P2,2024-08-18T14:50:00.000000,911_calls,2024-08-18 14:50:00,Sunday,14,8,3.0
call_711,40.75703430500005,-73.98623827099993,54S1,54S1,2024-08-17T15:51:00.000000,911_calls,2024-08-17 15:51:00,Saturday,15,8,3.0
call_712,40.60679874500005,-73.75457528899994,68Q1,68Q1,2024-08-16T16:52:00.000000,911_calls,2024-08-16 16:52:00,Friday,16,8,3.0
call_713,40.80522066000003,-73.94735069599994,10V2,10V2,2024-08-15T17:53:00.000000,911_calls,2024-08-15 17:53:00,Thursday,17,8,3.0
call_714,40.88605550700004,-73.87875671899997,54S2,54S2,2024-08-14T18:54:00.000000,911_calls,2024-08-14 18:54:00,Wednesday,18,8,3.0
call_715,40.68151004300006,-73.95574450999999,75S,75S,2024-08-13T19:55:00.000000,911_calls,2024-08-13 19:55:00,Tuesday,19,8,3.0
call_716,40.67604572000005,-73.87207238999997,75S,75S,2024-08-12T20:56:00.000000,911_calls,2024-08-12 20:56:00,Monday,20,8,3.0
call_717,40.75723935900004,-73.96827348799997,10H1,10H1,2024-08-11T21:57:00.000000,911_calls,2024-08-11 21:57:00,Sunday,21,8,3.0
call_718,40.587912578000044,-73.98953147699996,68Q1,68Q1,2024-08-10T22:58:00.000000,911_calls,2024-08-10 22:58:00,Saturday,22,8,3.0
call_719,40.833342714000025,-73.86103369699998,75T,75T,2024-08-09T23:59:00.000000,911_calls,2024-08-09 23:59:00,Friday,23,8,3.0
call_720,40.84262259900004,-73.93586774299996,75D,75D,2024-08-08T00:00:00.000000,911_calls,2024-08-08 00:00:00,Thursday,0,8,3.0
call_721,40.62289300700007,-74.02387019099996,54H1,54H1,2024-08-07T01:01:00.000000,911_calls,2024-08-07 01:01:00,Wednesday,1,8,3.0
call_722,40.81756136700005,-73.92786058299998,75M,75M,2024-08-06T02:02:00.000000,911_calls,2024-08-06 02:02:00,Tuesday,2,8,3.0
call_723,40.80885065100006,-73.96581777599994,10H2,10H2,2024-08-05T03:03:00.000000,911_calls,2024-08-05 03:03:00,Monday,3,8,3.0
call_724,40.672740178000026,-73.98839701699995,68Q1,68Q1,2024-08-04T04:04:00.000000,911_calls,2024-08-04 04:04:00,Sunday,4,8,3.0
call_725,40.82557826300007,-73.94736349499993,75D,75D,2024-08-03T05:05:00.000000,911_calls,2024-08-03 05:05:00,Saturday,5,8,3.0
call_726,40.698697527000036,-73.98881805399998,75S,75S,2024-08-02T06:06:00.000000,911_calls,2024-08-02 06:06:00,Friday,6,8,3.0
call_727,40.75029158500007,-73.86023968299997,54S2,54S2,2024-08-01T07:07:00.000000,911_calls,2024-08-01 07:07:00,Thursday,7,8,3.0
call_728,40.66274750800005,-73.95085131599996,11C4,11C4,2024-07-31T08:08:00.000000,911_calls,2024-07-31 08:08:00,Wednesday,8,7,3.0
call_729,40.52965698500003,-74.23021204299994,54E2,54E2,2024-07-30T09:09:00.000000,911_calls,2024-07-30 09:09:00,Tuesday,9,7,3.0
call_730,40.52965698500003,-74.23021204299994,54E2,54E2,2025-07-29T10:10:00.000000,911_calls,2025-07-29 10:10:00,Tuesday,10,7,3.0
call_731,40.727778744000034,-74.00430213099997,75D,75D,2025-07-28T11:11:00.000000,911_calls,2025-07-28 11:11:00,Monday,11,7,3.0
call_732,40.60563898200007,-73.75907766099994,10S2,10S2,2025-07-27T12:12:00.000000,911_calls,2025-07-27 12:12:00,Sunday,12,7,3.0
call_733,40.827899467000066,-73.92588369299995,75S,75S,2025-07-26T13:13:00.000000,911_calls,2025-07-26 13:13:00,Saturday,13,7,3.0
call_734,40.85557168400004,-73.86766034499993,75D,75D,2025-07-25T14:14:00.000000,911_calls,2025-07-25 14:14:00,Friday,14,7,3.0
call_735,40.79225442100005,-73.84817239499995,10Y3,10Y3,2025-07-24T15:15:00.000000,911_calls,2025-07-24 15:15:00,Thursday,15,7,3.0
call_736,40.611453152000024,-73.97836621399995,75I,75I,2025-07-23T16:16:00.000000,911_calls,2025-07-23 16:16:00,Wednesday,16,7,3.0
call_737,40.81846860400003,-73.93026577299997,68Q1,68Q1,2025-07-22T17:17:00.000000,911_calls,2025-07-22 17:17:00,Tuesday,17,7,3.0
call_738,40.73201947000007,-74.00073390899996,54S9,54S9,2025-07-21T18:18:00.000000,911_calls,2025-07-21 18:18:00,Monday,18,7,3.0
call_739,40.67906840200004,-73.90376820299997,75S,75S,2025-07-20T19:19:00.000000,911_calls,2025-07-20 19:19:00,Sunday,19,7,3.0
call_740,40.57589788700005,-73.88650123199994,75D,75D,2025-07-19T20:20:00.000000,911_calls,2025-07-19 20:20:00,Saturday,20,7,3.0
call_741,40.76178801400005,-73.96129719099997,68Q1,68Q1,2025-07-18T21:21:00.000000,911_calls,2025-07-18 21:21:00,Friday,21,7,3.0
call_742,40.660670174000074,-73.88579112099995,10V2,10V2,2025-07-17T22:22:00.000000,911_calls,2025-07-17 22:22:00,Thursday,22,7,3.0
call_743,40.844816706000074,-73.90892098099994,75Z,75Z,2025-07-16T23:23:00.000000,911_calls,2025-07-16 23:23:00,Wednesday,23,7,3.0
call_744,40.68801044400004,-73.94483984799996,68Q1,68Q1,2025-07-15T00:24:00.000000,911_calls,2025-07-15 00:24:00,Tuesday,0,7,3.0
call_745,40.77082722200004,-73.99261118899994,34Q1,34Q1,2025-07-14T01:25:00.000000,911_calls,2025-07-14 01:25:00,Monday,1,7,3.0
call_746,40.65665674200005,-73.83937339799996,75D,75D,2025-07-13T02:26:00.000000,911_calls,2025-07-13 02:26:00,Sunday,2,7,3.0
call_747,40.767587810000066,-73.98596172099997,54U1,54U1,2025-07-12T03:27:00.000000,911_calls,2025-07-12 03:27:00,Saturday,3,7,3.0
call_748,40.85583766800005,-73.90013974599998,54S9,54S9,2025-07-11T04:28:00.000000,911_calls,2025-07-11 04:28:00,Friday,4,7,3.0
call_749,40.76002030400008,-73.85465671199995,75D,75D,2025-07-10T05:29:00.000000,911_calls,2025-07-10 05:29:00,Thursday,5,7,3.0
call_750,40.57628456500004,-73.98139061299997,54S9,54S9,2025-07-09T06:30:00.000000,911_calls,2025-07-09 06:30:00,Wednesday,6,7,3.0
call_751,40.84852831000006,-73.91347379299998,10H1,10H1,2025-07-08T07:31:00.000000,911_calls,2025-07-08 07:31:00,Tuesday,7,7,3.0
call_752,40.873377987000026,-73.88708546399994,54S9,54S9,2025-07-07T08:32:00.000000,911_calls,2025-07-07 08:32:00,Monday,8,7,3.0
call_753,40.67039952700003,-73.95662425699999,75M,75M,2025-07-06T09:33:00.000000,911_calls,2025-07-06 09:33:00,Sunday,9,7,3.0
call_754,40.651146864000054,-73.94236206999994,54S1,54S1,2025-07-05T10:34:00.000000,911_calls,2025-07-05 10:34:00,Saturday,10,7,3.0
call_755,40.64976764200003,-73.89716156499998,54U1,54U1,2025-07-04T11:35:00.000000,911_calls,2025-07-04 11:35:00,Friday,11,7,3.0
call_756,40.72636105500004,-73.76612039299994,10V8,10V8,2025-07-03T12:36:00.000000,911_calls,2025-07-03 12:36:00,Thursday,12,7,3.0
call_757,40.61018936700003,-74.11557684699994,75Z,75Z,2025-07-02T13:37:00.000000,911_calls,2025-07-02 13:37:00,Wednesday,13,7,3.0
call_758,40.714150577000055,-73.94854808099996,29H1,29H1,2025-07-01T14:38:00.000000,911_calls,2025-07-01 14:38:00,Tuesday,14,7,3.0
call_759,40.827899467000066,-73.92588369299995,75O,75O,2025-06-30T15:39:00.000000,911_calls,2025-06-30 15:39:00,Monday,15,6,3.0
call_760,40.75053554700003,-73.77507656999995,68Q2,68Q2,2025-06-29T16:40:00.000000,911_calls,2025-06-29 16:40:00,Sunday,16,6,3.0
call_761,40.660783550000076,-73.96147833599997,75S,75S,2025-06-28T17:41:00.000000,911_calls,2025-06-28 17:41:00,Saturday,17,6,3.0
call_762,40.71677420700007,-73.98576319599994,68Q1,68Q1,2025-06-27T18:42:00.000000,911_calls,2025-06-27 18:42:00,Friday,18,6,3.0
call_763,40.81072849200007,-73.92171959199999,10S4,10S4,2025-06-26T19:43:00.000000,911_calls,2025-06-26 19:43:00,Thursday,19,6,3.0
call_764,40.64535093400008,-73.95737565299999,54S1,54S1,2025-06-25T20:44:00.000000,911_calls,2025-06-25 20:44:00,Wednesday,20,6,3.0
call_765,40.81602577600006,-73.91773211999998,39Q9,39Q9,2025-06-24T21:45:00.000000,911_calls,2025-06-24 21:45:00,Tuesday,21,6,3.0
call_766,40.50576911100006,-74.24074155899996,11R4,11R4,2025-06-23T22:46:00.000000,911_calls,2025-06-23 22:46:00,Monday,22,6,3.0
call_767,40.83508322200004,-73.85035134199995,59R4,59R4,2025-06-22T23:47:00.000000,911_calls,2025-06-22 23:47:00,Sunday,23,6,3.0
call_768,40.83527723200007,-73.93999815299998,75T,75T,2025-06-21T00:48:00.000000,911_calls,2025-06-21 00:48:00,Saturday,0,6,3.0
call_769,40.68346026200004,-73.87288383999999,75S,75S,2025-06-20T01:49:00.000000,911_calls,2025-06-20 01:49:00,Friday,1,6,3.0
call_770,40.72083446800008,-74.00522883099995,75M,75M,2025-06-19T02:50:00.000000,911_calls,2025-06-19 02:50:00,Thursday,2,6,3.0
call_771,40.85853931200006,-73.90439060499995,54S2,54S2,2025-06-18T03:51:00.000000,911_calls,2025-06-18 03:51:00,Wednesday,3,6,3.0
call_772,40.645870305000074,-73.95195201299998,54E1,54E1,2025-06-17T04:52:00.000000,911_calls,2025-06-17 04:52:00,Tuesday,4,6,3.0
call_773,40.827899467000066,-73.92588369299995,75M,75M,2025-06-16T05:53:00.000000,911_calls,2025-06-16 05:53:00,Monday,5,6,3.0
call_774,40.82017603300005,-73.93534020299995,75D,75D,2025-06-15T06:54:00.000000,911_calls,2025-06-15 06:54:00,Sunday,6,6,3.0
call_775,40.66983535600008,-73.91469332599996,75D,75D,2025-06-14T07:55:00.000000,911_calls,2025-06-14 07:55:00,Saturday,7,6,3.0
call_776,40.82639692600003,-73.90220376499997,75I,75I,2025-06-13T08:56:00.000000,911_calls,2025-06-13 08:56:00,Friday,8,6,3.0
call_777,40.86092831600007,-73.92030842899999,75D,75D,2025-06-12T09:57:00.000000,911_calls,2025-06-12 09:57:00,Thursday,9,6,3.0
call_778,40.82612303500008,-73.93890435399999,75D,75D,2025-06-11T10:58:00.000000,911_calls,2025-06-11 10:58:00,Wednesday,10,6,3.0
call_779,40.68346026200004,-73.87288383999999,75O,75O,2025-06-10T11:59:00.000000,911_calls,2025-06-10 11:59:00,Tuesday,11,6,3.0
call_780,40.57628456500004,-73.98139061299997,50G9,50G9,2025-06-09T12:00:00.000000,911_calls,2025-06-09 12:00:00,Monday,12,6,3.0
call_781,40.67159056500003,-73.76418193799998,10V2,10V2,2025-06-08T13:01:00.000000,911_calls,2025-06-08 13:01:00,Sunday,13,6,3.0
call_782,40.71735156900007,-73.94990920399994,54U2,54U2,2025-06-07T14:02:00.000000,911_calls,2025-06-07 14:02:00,Saturday,14,6,3.0
call_783,40.62970762400005,-74.02702134899994,68Q2,68Q2,2025-06-06T15:03:00.000000,911_calls,2025-06-06 15:03:00,Friday,15,6,3.0
call_784,40.81111301300007,-73.95234931199997,75D,75D,2025-06-05T16:04:00.000000,911_calls,2025-06-05 16:04:00,Thursday,16,6,3.0
call_785,40.57628456500004,-73.98139061299997,50P9,50P9,2025-06-04T17:05:00.000000,911_calls,2025-06-04 17:05:00,Wednesday,17,6,3.0
call_786,40.62285052300007,-74.08093757199998,68Q1,68Q1,2025-06-03T18:06:00.000000,911_calls,2025-06-03 18:06:00,Tuesday,18,6,3.0
call_787,40.62285052300007,-74.08093757199998,68Q1,68Q1,2025-06-02T19:07:00.000000,911_calls,2025-06-02 19:07:00,Monday,19,6,3.0
call_788,40.67778272900006,-74.00654858099995,75D,75D,2025-06-01T20:08:00.000000,911_calls,2025-06-01 20:08:00,Sunday,20,6,3.0
call_789,40.74394974900008,-73.98362456899997,54U2,54U2,2025-05-31T21:09:00.000000,911_calls,2025-05-31 21:09:00,Saturday,21,5,3.0
call_790,40.624672230000044,-74.02078718799999,68Q2,68Q2,2025-05-30T22:10:00.000000,911_calls,2025-05-30 22:10:00,Friday,22,5,3.0
call_791,40.81366497300007,-73.94477906099996,75D,75D,2025-05-29T23:11:00.000000,911_calls,2025-05-29 23:11:00,Thursday,23,5,3.0
call_792,40.79564142800007,-73.95341859399997,75D,75D,2025-05-28T00:12:00.000000,911_calls,2025-05-28 00:12:00,Wednesday,0,5,3.0
call_793,40.69010641500006,-73.98897094299997,68Q1,68Q1,2025-05-27T01:13:00.000000,911_calls,2025-05-27 01:13:00,Tuesday,1,5,3.0
call_794,40.77152949400005,-73.95483265599995,68Q1,68Q1,2025-05-26T02:14:00.000000,911_calls,2025-05-26 02:14:00,Monday,2,5,3.0
call_795,40.623349088000055,-74.02161530799998,68Q2,68Q2,2025-05-25T03:15:00.000000,911_calls,2025-05-25 03:15:00,Sunday,3,5,3.0
call_796,40.68196577800006,-73.99369906999993,75D,75D,2025-05-24T04:16:00.000000,911_calls,2025-05-24 04:16:00,Saturday,4,5,3.0
call_797,40.849727216000076,-73.90578765199996,75S,75S,2025-05-23T05:17:00.000000,911_calls,2025-05-23 05:17:00,Friday,5,5,3.0
call_798,40.81893169800003,-73.81348183999995,68Q1,68Q1,2025-05-22T06:18:00.000000,911_calls,2025-05-22 06:18:00,Thursday,6,5,3.0
call_799,40.86188627300004,-73.89320748999995,11C4,11C4,2025-05-21T07:19:00.000000,911_calls,2025-05-21 07:19:00,Wednesday,7,5,3.0
call_800,40.81914502800004,-73.93716572399995,75D,75D,2025-05-20T08:20:00.000000,911_calls,2025-05-20 08:20:00,Tuesday,8,5,3.0
call_801,40.713461969000036,-73.96383584799997,68Q1,68Q1,2025-05-19T09:21:00.000000,911_calls,2025-05-19 09:21:00,Monday,9,5,3.0
call_802,40.57898609200004,-73.83663345199994,68Q1,68Q1,2025-05-18T10:22:00.000000,911_calls,2025-05-18 10:22:00,Sunday,10,5,3.0
call_803,40.694189649000066,-73.98134689099999,10Y3,10Y3,2025-05-17T11:23:00.000000,911_calls,2025-05-17 11:23:00,Saturday,11,5,3.0
call_804,40.70254440000008,-73.81414288499997,11C4,11C4,2025-05-16T12:24:00.000000,911_calls,2025-05-16 12:24:00,Friday,12,5,3.0
call_805,40.62507529800007,-74.02297397299998,68Q2,68Q2,2025-05-15T13:25:00.000000,911_calls,2025-05-15 13:25:00,Thursday,13,5,3.0
call_806,40.74690206500003,-73.89096656299995,75S,75S,2025-05-14T14:26:00.000000,911_calls,2025-05-14 14:26:00,Wednesday,14,5,3.0
call_807,40.84395961600006,-73.83620321899997,50P9,50P9,2025-05-13T15:27:00.000000,911_calls,2025-05-13 15:27:00,Tuesday,15,5,3.0
call_808,40.77313587500004,-73.95667648699998,68Q1,68Q1,2025-05-12T16:28:00.000000,911_calls,2025-05-12 16:28:00,Monday,16,5,3.0
call_809,40.743332244000044,-73.98407582099998,75T,75T,2025-05-11T17:29:00.000000,911_calls,2025-05-11 17:29:00,Sunday,17,5,3.0
call_810,40.80904299700006,-73.91369851599995,10H2,10H2,2025-05-10T18:30:00.000000,911_calls,2025-05-10 18:30:00,Saturday,18,5,3.0
call_811,40.79884745600003,-73.95387866199997,75S,75S,2025-05-09T19:31:00.000000,911_calls,2025-05-09 19:31:00,Friday,19,5,3.0
call_812,40.799631850000026,-73.94616681699995,11C4,11C4,2025-05-08T20:32:00.000000,911_calls,2025-05-08 20:32:00,Thursday,20,5,3.0
call_813,40.611453152000024,-73.97836621399995,75I,75I,2025-05-07T21:33:00.000000,911_calls,2025-05-07 21:33:00,Wednesday,21,5,3.0
call_814,40.57628456500004,-73.98139061299997,75M,75M,2025-05-06T22:34:00.000000,911_calls,2025-05-06 22:34:00,Tuesday,22,5,3.0
call_815,40.781462248000025,-73.98430140899995,39T1,39T1,2025-05-05T23:35:00.000000,911_calls,2025-05-05 23:35:00,Monday,23,5,3.0
call_816,40.744385116000046,-73.85379943099997,59W,59W,2025-05-04T00:36:00.000000,911_calls,2025-05-04 00:36:00,Sunday,0,5,3.0
call_817,40.76178801400005,-73.96129719099997,68Q1,68Q1,2025-05-03T01:37:00.000000,911_calls,2025-05-03 01:37:00,Saturday,1,5,3.0
call_818,40.67459999000005,-73.93057482199998,54S1,54S1,2025-05-02T02:38:00.000000,911_calls,2025-05-02 02:38:00,Friday,2,5,3.0
call_819,40.68599964600003,-73.75194007899995,53S,53S,2025-05-01T03:39:00.000000,911_calls,2025-05-01 03:39:00,Thursday,3,5,3.0
call_820,40.722198683000045,-74.00337099599994,68Q1,68Q1,2025-04-30T04:40:00.000000,911_calls,2025-04-30 04:40:00,Wednesday,4,4,3.0
call_821,40.67558382800007,-73.98903463099998,10P2,10P2,2025-04-29T05:41:00.000000,911_calls,2025-04-29 05:41:00,Tuesday,5,4,3.0
call_822,40.701047309000046,-73.92010282599995,75D,75D,2025-04-28T06:42:00.000000,911_calls,2025-04-28 06:42:00,Monday,6,4,3.0
call_823,40.59122761900005,-73.98370522199997,68Q1,68Q1,2025-04-27T07:43:00.000000,911_calls,2025-04-27 07:43:00,Sunday,7,4,3.0
call_824,40.70740920000003,-73.93219259199998,68Q1,68Q1,2025-04-26T08:44:00.000000,911_calls,2025-04-26 08:44:00,Saturday,8,4,3.0
call_825,40.809711323000045,-73.88955598299998,68Q1,68Q1,2025-04-25T09:45:00.000000,911_calls,2025-04-25 09:45:00,Friday,9,4,3.0
call_826,40.762416409000025,-73.96084920699997,68Q1,68Q1,2025-04-24T10:46:00.000000,911_calls,2025-04-24 10:46:00,Thursday,10,4,3.0
call_827,40.83716885100006,-73.90418641199994,68Q1,68Q1,2025-04-23T11:47:00.000000,911_calls,2025-04-23 11:47:00,Wednesday,11,4,3.0
call_828,40.69521241600006,-73.75253688899994,75D,75D,2025-04-22T12:48:00.000000,911_calls,2025-04-22 12:48:00,Tuesday,12,4,3.0
call_829,40.753831441000045,-73.98856336499995,10H2,10H2,2025-04-21T13:49:00.000000,911_calls,2025-04-21 13:49:00,Monday,13,4,3.0
call_830,40.82954483300006,-73.90187031199997,69S,69S,2025-04-20T14:50:00.000000,911_calls,2025-04-20 14:50:00,Sunday,14,4,3.0
call_831,40.64683278100006,-73.99956540899996,54S2,54S2,2025-04-19T15:51:00.000000,911_calls,2025-04-19 15:51:00,Saturday,15,4,3.0
call_832,40.71753847200006,-73.73889010799996,10P2,10P2,2025-04-18T16:52:00.000000,911_calls,2025-04-18 16:52:00,Friday,16,4,3.0
call_833,40.65290208700003,-73.89402853999997,75I,75I,2025-04-17T17:53:00.000000,911_calls,2025-04-17 17:53:00,Thursday,17,4,3.0
call_834,40.67790752700006,-73.91078571399999,75S,75S,2025-04-16T18:54:00.000000,911_calls,2025-04-16 18:54:00,Wednesday,18,4,3.0
call_835,40.74361566300007,-73.99051387699996,10V2,10V2,2025-04-15T19:55:00.000000,911_calls,2025-04-15 19:55:00,Tuesday,19,4,3.0
call_836,40.66905010500005,-73.87035911599997,10Y3,10Y3,2025-04-14T20:56:00.000000,911_calls,2025-04-14 20:56:00,Monday,20,4,3.0
call_837,40.60887741600004,-73.75497462099997,10S4,10S4,2025-04-13T21:57:00.000000,911_calls,2025-04-13 21:57:00,Sunday,21,4,3.0
call_838,40.71222373400008,-73.96274717099999,68Q1,68Q1,2025-04-12T22:58:00.000000,911_calls,2025-04-12 22:58:00,Saturday,22,4,3.0
call_839,40.81341444100008,-73.94321139999994,68Q1,68Q1,2025-04-11T23:59:00.000000,911_calls,2025-04-11 23:59:00,Friday,23,4,3.0
call_840,40.707881161000046,-73.78621429599997,75D,75D,2025-04-10T00:00:00.000000,911_calls,2025-04-10 00:00:00,Thursday,0,4,3.0
call_841,40.84009408900005,-73.91383171199993,75D,75D,2025-04-09T01:01:00.000000,911_calls,2025-04-09 01:01:00,Wednesday,1,4,3.0
call_842,40.826222044000076,-73.87719278299994,53H,53H,2025-04-08T02:02:00.000000,911_calls,2025-04-08 02:02:00,Tuesday,2,4,3.0
call_843,40.726849369000035,-73.80103248999995,39H1,39H1,2025-04-07T03:03:00.000000,911_calls,2025-04-07 03:03:00,Monday,3,4,3.0
call_844,40.592336182000054,-73.98148695899994,75D,75D,2025-04-06T04:04:00.000000,911_calls,2025-04-06 04:04:00,Sunday,4,4,3.0
call_845,40.535586626000054,-74.22283941599994,75D,75D,2025-04-05T05:05:00.000000,911_calls,2025-04-05 05:05:00,Saturday,5,4,3.0
call_846,40.79494394100004,-73.94075321199995,68Q1,68Q1,2025-04-04T06:06:00.000000,911_calls,2025-04-04 06:06:00,Friday,6,4,3.0
call_847,40.69272611000008,-73.93966846299998,54U1,54U1,2025-04-03T07:07:00.000000,911_calls,2025-04-03 07:07:00,Thursday,7,4,3.0
call_848,40.67348635900004,-73.93662880999995,75D,75D,2025-04-02T08:08:00.000000,911_calls,2025-04-02 08:08:00,Wednesday,8,4,3.0
call_849,40.609477420000076,-74.08537288999997,68Q1,68Q1,2025-04-01T09:09:00.000000,911_calls,2025-04-01 09:09:00,Tuesday,9,4,3.0
call_850,40.57806954000006,-73.95480508199995,68Q1,68Q1,2025-03-31T10:10:00.000000,911_calls,2025-03-31 10:10:00,Monday,10,3,3.0
call_851,40.721120186000064,-73.97553112599996,75I,75I,2025-03-30T11:11:00.000000,911_calls,2025-03-30 11:11:00,Sunday,11,3,3.0
call_852,40.60232281200007,-73.75886635399996,75Z,75Z,2025-03-29T12:12:00.000000,911_calls,2025-03-29 12:12:00,Saturday,12,3,3.0
call_853,40.75664204200007,-73.98837157699995,75S,75S,2025-03-28T13:13:00.000000,911_calls,2025-03-28 13:13:00,Friday,13,3,3.0
call_854,40.67811077700003,-73.96870049799998,50P1,50P1,2025-03-27T14:14:00.000000,911_calls,2025-03-27 14:14:00,Thursday,14,3,3.0
call_855,40.69139260500003,-73.90732034599995,10V2,10V2,2025-03-26T15:15:00.000000,911_calls,2025-03-26 15:15:00,Wednesday,15,3,3.0
call_856,40.69628382500008,-73.80435852099998,75D,75D,2025-03-25T16:16:00.000000,911_calls,2025-03-25 16:16:00,Tuesday,16,3,3.0
call_857,40.86479447100004,-73.91869494699995,75Z,75Z,2025-03-24T17:17:00.000000,911_calls,2025-03-24 17:17:00,Monday,17,3,3.0
call_858,40.84833817400005,-73.91247643899999,75M,75M,2025-03-23T18:18:00.000000,911_calls,2025-03-23 18:18:00,Sunday,18,3,3.0
call_859,40.78138350000006,-73.94919302799997,34Q1,34Q1,2025-03-22T19:19:00.000000,911_calls,2025-03-22 19:19:00,Saturday,19,3,3.0
call_860,40.743746747000046,-73.88372159999994,50G2,50G2,2025-03-21T20:20:00.000000,911_calls,2025-03-21 20:20:00,Friday,20,3,3.0
call_861,40.88661151500003,-73.84356275699997,68Q1,68Q1,2025-03-20T21:21:00.000000,911_calls,2025-03-20 21:21:00,Thursday,21,3,3.0
call_862,40.81072622700003,-73.92662169499994,75S,75S,2025-03-19T22:22:00.000000,911_calls,2025-03-19 22:22:00,Wednesday,22,3,3.0
call_863,40.67424444300008,-73.94869783199994,75D,75D,2025-03-18T23:23:00.000000,911_calls,2025-03-18 23:23:00,Tuesday,23,3,3.0
call_864,40.826036645000045,-73.88926150299994,52D6,52D6,2025-03-17T00:24:00.000000,911_calls,2025-03-17 00:24:00,Monday,0,3,3.0
call_865,40.68942044000005,-73.99153483799995,10H1,10H1,2025-03-16T01:25:00.000000,911_calls,2025-03-16 01:25:00,Sunday,1,3,3.0
call_866,40.71308482200004,-73.93602844599997,52D1,52D1,2025-03-15T02:26:00.000000,911_calls,2025-03-15 02:26:00,Saturday,2,3,3.0
call_867,40.74260718200003,-73.95252822099997,10H2,10H2,2025-03-14T03:27:00.000000,911_calls,2025-03-14 03:27:00,Friday,3,3,3.0
call_868,40.636099595000076,-74.11344911299994,54E1,54E1,2025-03-13T04:28:00.000000,911_calls,2025-03-13 04:28:00,Thursday,4,3,3.0
call_869,40.636099595000076,-74.11344911299994,54E1,54E1,2025-03-12T05:29:00.000000,911_calls,2025-03-12 05:29:00,Wednesday,5,3,3.0
call_870,40.717669485000044,-73.99047067299995,68Q1,68Q1,2025-03-11T06:30:00.000000,911_calls,2025-03-11 06:30:00,Tuesday,6,3,3.0
call_871,40.82280248200004,-73.90032661699996,68Q1,68Q1,2025-03-10T07:31:00.000000,911_calls,2025-03-10 07:31:00,Monday,7,3,3.0
call_872,40.86990589100003,-73.91982763299995,75D,75D,2025-03-09T08:32:00.000000,911_calls,2025-03-09 08:32:00,Sunday,8,3,3.0
call_873,40.65114909700003,-73.89504039199994,75D,75D,2025-03-08T09:33:00.000000,911_calls,2025-03-08 09:33:00,Saturday,9,3,3.0
call_874,40.677419358000066,-73.98305685499997,10Y3,10Y3,2025-03-07T10:34:00.000000,911_calls,2025-03-07 10:34:00,Friday,10,3,3.0
call_875,40.701332285000035,-73.98676549999993,75S,75S,2025-03-06T11:35:00.000000,911_calls,2025-03-06 11:35:00,Thursday,11,3,3.0
call_876,40.74562679700006,-73.93149326299994,10H1,10H1,2025-03-05T12:36:00.000000,911_calls,2025-03-05 12:36:00,Wednesday,12,3,3.0
call_877,40.70042942600003,-73.80820890199993,54S9,54S9,2025-03-04T13:37:00.000000,911_calls,2025-03-04 13:37:00,Tuesday,13,3,3.0
call_878,40.793361256000026,-73.97273815999995,75D,75D,2025-03-03T14:38:00.000000,911_calls,2025-03-03 14:38:00,Monday,14,3,3.0
call_879,40.83527723200007,-73.93999815299998,75T,75T,2025-03-02T15:39:00.000000,911_calls,2025-03-02 15:39:00,Sunday,15,3,3.0
call_880,40.71626346000005,-73.98407867999998,75D,75D,2025-03-01T16:40:00.000000,911_calls,2025-03-01 16:40:00,Saturday,16,3,3.0
call_881,40.874064909000026,-73.89071465699999,75S,75S,2025-02-28T17:41:00.000000,911_calls,2025-02-28 17:41:00,Friday,17,2,3.0
call_882,40.63488631000007,-74.08111069899996,68Q1,68Q1,2025-02-27T18:42:00.000000,911_calls,2025-02-27 18:42:00,Thursday,18,2,3.0
call_883,40.71761420900003,-73.94222162299997,54U2,54U2,2025-02-26T19:43:00.000000,911_calls,2025-02-26 19:43:00,Wednesday,19,2,3.0
call_884,40.59097419900007,-73.97827563199996,75I,75I,2025-02-25T20:44:00.000000,911_calls,2025-02-25 20:44:00,Tuesday,20,2,3.0
call_885,40.82782501300005,-73.92534538199999,75M,75M,2025-02-24T21:45:00.000000,911_calls,2025-02-24 21:45:00,Monday,21,2,3.0
call_886,40.519176436000066,-74.20760660399998,68Q1,68Q1,2025-02-23T22:46:00.000000,911_calls,2025-02-23 22:46:00,Sunday,22,2,3.0
call_887,40.75909625400004,-73.73737357299996,75D,75D,2025-02-22T23:47:00.000000,911_calls,2025-02-22 23:47:00,Saturday,23,2,3.0
call_888,40.68696870400004,-73.91166421199995,68Q2,68Q2,2025-02-21T00:48:00.000000,911_calls,2025-02-21 00:48:00,Friday,0,2,3.0
call_889,40.72634048200007,-73.99545191299995,22Q1,22Q1,2025-02-20T01:49:00.000000,911_calls,2025-02-20 01:49:00,Thursday,1,2,3.0
call_890,40.86131332800005,-73.92554639399998,54S2,54S2,2025-02-19T02:50:00.000000,911_calls,2025-02-19 02:50:00,Wednesday,2,2,3.0
call_891,40.77677219000003,-73.82369882599994,75D,75D,2025-02-18T03:51:00.000000,911_calls,2025-02-18 03:51:00,Tuesday,3,2,3.0
call_892,40.638878797000075,-74.11194411599996,68Q1,68Q1,2025-02-17T04:52:00.000000,911_calls,2025-02-17 04:52:00,Monday,4,2,3.0
call_893,40.69100673300005,-73.98932778499994,68Q1,68Q1,2025-02-16T05:53:00.000000,911_calls,2025-02-16 05:53:00,Sunday,5,2,3.0
call_894,40.751669512000035,-73.97658102499997,54U1,54U1,2025-02-15T06:54:00.000000,911_calls,2025-02-15 06:54:00,Saturday,6,2,3.0
call_895,40.65008644000005,-73.93071204599994,13U2,13U2,2025-02-14T07:55:00.000000,911_calls,2025-02-14 07:55:00,Friday,7,2,3.0
call_896,40.65008644000005,-73.93071204599994,13U2,13U2,2025-02-13T08:56:00.000000,911_calls,2025-02-13 08:56:00,Thursday,8,2,3.0
call_897,40.812296927000034,-73.92350234199995,68U2,68U2,2025-02-12T09:57:00.000000,911_calls,2025-02-12 09:57:00,Wednesday,9,2,3.0
call_898,40.757509699000025,-73.80343512399998,75D,75D,2025-02-11T10:58:00.000000,911_calls,2025-02-11 10:58:00,Tuesday,10,2,3.0
call_899,40.65433902400008,-73.89557597099997,75I,75I,2025-02-10T11:59:00.000000,911_calls,2025-02-10 11:59:00,Monday,11,2,3.0
call_900,40.80767256000007,-73.94927049299997,10V2,10V2,2025-02-09T12:00:00.000000,911_calls,2025-02-09 12:00:00,Sunday,12,2,3.0
call_901,40.708612996000056,-73.81925501399996,75M,75M,2025-02-08T13:01:00.000000,911_calls,2025-02-08 13:01:00,Saturday,13,2,3.0
call_902,40.758467661000054,-73.86673789699995,52D6,52D6,2025-02-07T14:02:00.000000,911_calls,2025-02-07 14:02:00,Friday,14,2,3.0
call_903,40.72455178800004,-73.85403054499994,10Y3,10Y3,2025-02-06T15:03:00.000000,911_calls,2025-02-06 15:03:00,Thursday,15,2,3.0
call_904,40.81604099200007,-73.95535519699996,10Y3,10Y3,2025-02-05T16:04:00.000000,911_calls,2025-02-05 16:04:00,Wednesday,16,2,3.0
call_905,40.72597435900008,-73.84214312599994,11R4,11R4,2025-02-04T17:05:00.000000,911_calls,2025-02-04 17:05:00,Tuesday,17,2,3.0
call_906,40.68739746400007,-73.91241724999998,68Q2,68Q2,2025-02-03T18:06:00.000000,911_calls,2025-02-03 18:06:00,Monday,18,2,3.0
call_907,40.75092782300004,-73.99253038399996,10P2,10P2,2025-02-02T19:07:00.000000,911_calls,2025-02-02 19:07:00,Sunday,19,2,3.0
call_908,40.82640185900004,-73.93679392799999,68Q1,68Q1,2025-02-01T20:08:00.000000,911_calls,2025-02-01 20:08:00,Saturday,20,2,3.0
call_909,40.69010896100008,-73.90506842999997,10Y3,10Y3,2025-01-31T21:09:00.000000,911_calls,2025-01-31 21:09:00,Friday,21,1,3.0
call_910,40.69198273200004,-73.76475529599998,10V2,10V2,2025-01-30T22:10:00.000000,911_calls,2025-01-30 22:10:00,Thursday,22,1,3.0
call_911,40.688604586000054,-73.98507328299996,75O,75O,2025-01-29T23:11:00.000000,911_calls,2025-01-29 23:11:00,Wednesday,23,1,3.0
call_912,40.64564719600003,-73.90287588699994,75M,75M,2025-01-28T00:12:00.000000,911_calls,2025-01-28 00:12:00,Tuesday,0,1,3.0
call_913,40.708409465000045,-73.80880272499996,24Q1,24Q1,2025-01-27T01:13:00.000000,911_calls,2025-01-27 01:13:00,Monday,1,1,3.0
call_914,40.75092782300004,-73.99253038399996,10P2,10P2,2025-01-26T02:14:00.000000,911_calls,2025-01-26 02:14:00,Sunday,2,1,3.0
call_915,40.69454230000008,-73.99336250999994,75S,75S,2025-01-25T03:15:00.000000,911_calls,2025-01-25 03:15:00,Saturday,3,1,3.0
call_916,40.74168920000005,-74.00298585099995,54S1,54S1,2025-01-24T04:16:00.000000,911_calls,2025-01-24 04:16:00,Friday,4,1,3.0
call_917,40.79153542000006,-73.97034815299997,68Q1,68Q1,2025-01-23T05:17:00.000000,911_calls,2025-01-23 05:17:00,Thursday,5,1,3.0
call_918,40.678812065000045,-73.85771433899998,75S,75S,2025-01-22T06:18:00.000000,911_calls,2025-01-22 06:18:00,Wednesday,6,1,3.0
call_919,40.81095467400007,-73.91935316099995,10S4,10S4,2025-01-21T07:19:00.000000,911_calls,2025-01-21 07:19:00,Tuesday,7,1,3.0
call_920,40.56539505300003,-74.11191815299998,68Q1,68Q1,2025-01-20T08:20:00.000000,911_calls,2025-01-20 08:20:00,Monday,8,1,3.0
call_921,40.70864267700006,-73.73173632899994,10Y3,10Y3,2025-01-19T09:21:00.000000,911_calls,2025-01-19 09:21:00,Sunday,9,1,3.0
call_922,40.82032379100008,-73.86272285299998,10S4,10S4,2025-01-18T10:22:00.000000,911_calls,2025-01-18 10:22:00,Saturday,10,1,3.0
call_923,40.68960040700006,-73.94080714699999,52D6,52D6,2025-01-17T11:23:00.000000,911_calls,2025-01-17 11:23:00,Friday,11,1,3.0
call_924,40.70712299300004,-73.92231735799999,75D,75D,2025-01-16T12:24:00.000000,911_calls,2025-01-16 12:24:00,Thursday,12,1,3.0
call_925,40.74970646600008,-73.99342558899997,10P2,10P2,2025-01-15T13:25:00.000000,911_calls,2025-01-15 13:25:00,Wednesday,13,1,3.0
call_926,40.60817874400004,-74.16219114199998,68Q1,68Q1,2025-01-14T14:26:00.000000,911_calls,2025-01-14 14:26:00,Tuesday,14,1,3.0
call_927,40.662767503000055,-73.90752952599996,75S,75S,2025-01-13T15:27:00.000000,911_calls,2025-01-13 15:27:00,Monday,15,1,3.0
call_928,40.83391300900007,-73.94531515399996,68Q1,68Q1,2025-01-12T16:28:00.000000,911_calls,2025-01-12 16:28:00,Sunday,16,1,3.0
call_929,40.64395993900007,-73.97966371899997,75O,75O,2025-01-11T17:29:00.000000,911_calls,2025-01-11 17:29:00,Saturday,17,1,3.0
call_930,40.84448348800004,-73.91465008299997,75S,75S,2025-01-10T18:30:00.000000,911_calls,2025-01-10 18:30:00,Friday,18,1,3.0
call_931,40.62169154900005,-73.91073477399993,68Q1,68Q1,2025-01-09T19:31:00.000000,911_calls,2025-01-09 19:31:00,Thursday,19,1,3.0
call_932,40.83666953000005,-73.90444732999998,68Q1,68Q1,2025-01-08T20:32:00.000000,911_calls,2025-01-08 20:32:00,Wednesday,20,1,3.0
call_933,40.78182730700007,-73.94732225099995,68Q1,68Q1,2025-01-07T21:33:00.000000,911_calls,2025-01-07 21:33:00,Tuesday,21,1,3.0
call_934,40.68714813300005,-73.97510368799993,75D,75D,2025-01-06T22:34:00.000000,911_calls,2025-01-06 22:34:00,Monday,22,1,3.0
call_935,40.81113019400004,-73.93671450599999,75D,75D,2025-01-05T23:35:00.000000,911_calls,2025-01-05 23:35:00,Sunday,23,1,3.0
call_936,40.75208922000007,-73.70251378999995,54S1,54S1,2025-01-04T00:36:00.000000,911_calls,2025-01-04 00:36:00,Saturday,0,1,3.0
call_937,40.69569116200006,-73.93113706899999,68Q1,68Q1,2025-01-03T01:37:00.000000,911_calls,2025-01-03 01:37:00,Friday,1,1,3.0
call_938,40.83885865800005,-73.94464250299995,75D,75D,2025-01-02T02:38:00.000000,911_calls,2025-01-02 02:38:00,Thursday,2,1,3.0
call_939,40.59294471900006,-73.79466219699998,75D,75D,2025-01-01T03:39:00.000000,911_calls,2025-01-01 03:39:00,Wednesday,3,1,3.0
call_940,40.74611788500005,-73.98216241299997,68Q9,68Q9,2024-12-31T04:40:00.000000,911_calls,2024-12-31 04:40:00,Tuesday,4,12,3.0
call_941,40.50582943500007,-74.25101912599996,10P2,10P2,2024-12-30T05:41:00.000000,911_calls,2024-12-30 05:41:00,Monday,5,12,3.0
call_942,40.714946965000024,-73.82942115899993,75S,75S,2024-12-29T06:42:00.000000,911_calls,2024-12-29 06:42:00,Sunday,6,12,3.0
call_943,40.78738543700007,-73.94170967999997,75D,75D,2024-12-28T07:43:00.000000,911_calls,2024-12-28 07:43:00,Saturday,7,12,3.0
call_944,40.87878297800006,-73.90624912699997,68Q1,68Q1,2024-12-27T08:44:00.000000,911_calls,2024-12-27 08:44:00,Friday,8,12,3.0
call_945,40.82097993300005,-73.84964238799995,10H1,10H1,2024-12-26T09:45:00.000000,911_calls,2024-12-26 09:45:00,Thursday,9,12,3.0
call_946,40.76226872900003,-73.98798795399995,39T1,39T1,2024-12-25T10:46:00.000000,911_calls,2024-12-25 10:46:00,Wednesday,10,12,3.0
call_947,40.61922541600006,-73.99194356899994,68Q2,68Q2,2024-12-24T11:47:00.000000,911_calls,2024-12-24 11:47:00,Tuesday,11,12,3.0
call_948,40.825471779000054,-73.90199555699996,75I,75I,2024-12-23T12:48:00.000000,911_calls,2024-12-23 12:48:00,Monday,12,12,3.0
call_949,40.603056396000056,-73.93900403699996,53I,53I,2024-12-22T13:49:00.000000,911_calls,2024-12-22 13:49:00,Sunday,13,12,3.0
call_950,40.706206045000044,-73.93060322199995,68Q1,68Q1,2024-12-21T14:50:00.000000,911_calls,2024-12-21 14:50:00,Saturday,14,12,3.0
call_951,40.71222373400008,-73.96274717099999,68Q1,68Q1,2024-12-20T15:51:00.000000,911_calls,2024-12-20 15:51:00,Friday,15,12,3.0
call_952,40.61922541600006,-73.99194356899994,68Q2,68Q2,2024-12-19T16:52:00.000000,911_calls,2024-12-19 16:52:00,Thursday,16,12,3.0
call_953,40.643283042000064,-73.91566054899994,11C4,11C4,2024-12-18T17:53:00.000000,911_calls,2024-12-18 17:53:00,Wednesday,17,12,3.0
call_954,40.71854485400007,-73.98821227999997,75T,75T,2024-12-17T18:54:00.000000,911_calls,2024-12-17 18:54:00,Tuesday,18,12,3.0
call_955,40.76755406400008,-73.91809524399997,10V2,10V2,2024-12-16T19:55:00.000000,911_calls,2024-12-16 19:55:00,Monday,19,12,3.0
call_956,40.70793565500003,-73.80290681699995,75M,75M,2024-12-15T20:56:00.000000,911_calls,2024-12-15 20:56:00,Sunday,20,12,3.0
call_957,40.86327901900006,-73.90067809799996,75O,75O,2024-12-14T21:57:00.000000,911_calls,2024-12-14 21:57:00,Saturday,21,12,3.0
call_958,40.610468884000056,-73.95412045199998,11C4,11C4,2024-12-13T22:58:00.000000,911_calls,2024-12-13 22:58:00,Friday,22,12,3.0
call_959,40.66905010500005,-73.87035911599997,75I,75I,2024-12-12T23:59:00.000000,911_calls,2024-12-12 23:59:00,Thursday,23,12,3.0
call_960,40.58685598400007,-74.10082545299997,75D,75D,2024-12-11T00:00:00.000000,911_calls,2024-12-11 00:00:00,Wednesday,0,12,3.0
call_961,40.81602577600006,-73.91773211999998,75S,75S,2024-12-10T01:01:00.000000,911_calls,2024-12-10 01:01:00,Tuesday,1,12,3.0
call_962,40.82164100000006,-73.93907105599999,75D,75D,2024-12-09T02:02:00.000000,911_calls,2024-12-09 02:02:00,Monday,2,12,3.0
call_963,40.815079394000065,-73.91850279199997,10N2,10N2,2024-12-08T03:03:00.000000,911_calls,2024-12-08 03:03:00,Sunday,3,12,3.0
call_964,40.75416455100003,-73.94465152299995,75D,75D,2024-12-07T04:04:00.000000,911_calls,2024-12-07 04:04:00,Saturday,4,12,3.0
call_965,40.84445978200006,-73.83281539699993,68Q1,68Q1,2024-12-06T05:05:00.000000,911_calls,2024-12-06 05:05:00,Friday,5,12,3.0
call_966,40.788120813000035,-73.78590609199995,75D,75D,2024-12-05T06:06:00.000000,911_calls,2024-12-05 06:06:00,Thursday,6,12,3.0
call_967,40.71107159500008,-73.95000409899995,54U2,54U2,2024-12-04T07:07:00.000000,911_calls,2024-12-04 07:07:00,Wednesday,7,12,3.0
call_968,40.65433902400008,-73.89557597099997,75D,75D,2024-12-03T08:08:00.000000,911_calls,2024-12-03 08:08:00,Tuesday,8,12,3.0
call_969,40.86085841600004,-73.89778957199997,75S,75S,2024-12-02T09:09:00.000000,911_calls,2024-12-02 09:09:00,Monday,9,12,3.0
call_970,40.73201947000007,-74.00073390899996,75M,75M,2024-12-01T10:10:00.000000,911_calls,2024-12-01 10:10:00,Sunday,10,12,3.0
call_971,40.66018199800004,-73.83047308599998,75S,75S,2024-11-30T11:11:00.000000,911_calls,2024-11-30 11:11:00,Saturday,11,11,3.0
call_972,40.77313587500004,-73.95667648699998,68Q1,68Q1,2024-11-29T12:12:00.000000,911_calls,2024-11-29 12:12:00,Friday,12,11,3.0
call_973,40.64968737300006,-73.89341019999995,75I,75I,2024-11-28T13:13:00.000000,911_calls,2024-11-28 13:13:00,Thursday,13,11,3.0
call_974,40.70184190100008,-73.80592549099998,75D,75D,2024-11-27T14:14:00.000000,911_calls,2024-11-27 14:14:00,Wednesday,14,11,3.0
call_975,40.612930541000026,-73.98241049899997,75M,75M,2024-11-26T15:15:00.000000,911_calls,2024-11-26 15:15:00,Tuesday,15,11,3.0
call_976,40.834045428000024,-73.82123066499997,54U1,54U1,2024-11-25T16:16:00.000000,911_calls,2024-11-25 16:16:00,Monday,16,11,3.0
call_977,40.77336128700006,-73.93421226799995,75D,75D,2024-11-24T17:17:00.000000,911_calls,2024-11-24 17:17:00,Sunday,17,11,3.0
call_978,40.84080819600007,-73.84175138099994,75T,75T,2024-11-23T18:18:00.000000,911_calls,2024-11-23 18:18:00,Saturday,18,11,3.0
call_979,40.740769733000036,-74.00178773499994,75M,75M,2024-11-22T19:19:00.000000,911_calls,2024-11-22 19:19:00,Friday,19,11,3.0
call_980,40.68151004300006,-73.95574450999999,75S,75S,2024-11-21T20:20:00.000000,911_calls,2024-11-21 20:20:00,Thursday,20,11,3.0
call_981,40.83302355200004,-73.93947981799994,75D,75D,2024-11-20T21:21:00.000000,911_calls,2024-11-20 21:21:00,Wednesday,21,11,3.0
call_982,40.618871273000025,-74.00892736899993,75D,75D,2024-11-19T22:22:00.000000,911_calls,2024-11-19 22:22:00,Tuesday,22,11,3.0
call_983,40.811588415000074,-73.91894056699994,75D,75D,2024-11-18T23:23:00.000000,911_calls,2024-11-18 23:23:00,Monday,23,11,3.0
call_984,40.623427986000024,-74.08330139199995,52K6,52K6,2024-11-17T00:24:00.000000,911_calls,2024-11-17 00:24:00,Sunday,0,11,3.0
call_985,40.714074580000045,-73.95049964199995,75S,75S,2024-11-16T01:25:00.000000,911_calls,2024-11-16 01:25:00,Saturday,1,11,3.0
call_986,40.821417315000076,-73.91901530799998,75D,75D,2024-11-15T02:26:00.000000,911_calls,2024-11-15 02:26:00,Friday,2,11,3.0
call_987,40.77573313600004,-73.92167407599999,11R3,11R3,2024-11-14T03:27:00.000000,911_calls,2024-11-14 03:27:00,Thursday,3,11,3.0
call_988,40.81464181000007,-73.94418938599995,75D,75D,2024-11-13T04:28:00.000000,911_calls,2024-11-13 04:28:00,Wednesday,4,11,3.0
call_989,40.75338394900007,-73.86401579099999,53H,53H,2024-11-12T05:29:00.000000,911_calls,2024-11-12 05:29:00,Tuesday,5,11,3.0
call_990,40.69720337700005,-73.93561453399997,75S,75S,2024-11-11T06:30:00.000000,911_calls,2024-11-11 06:30:00,Monday,6,11,3.0
call_991,40.82023013700007,-73.90622322499996,68Q1,68Q1,2024-11-10T07:31:00.000000,911_calls,2024-11-10 07:31:00,Sunday,7,11,3.0
call_992,40.66460637300003,-73.95239629299994,68Q1,68Q1,2024-11-09T08:32:00.000000,911_calls,2024-11-09 08:32:00,Saturday,8,11,3.0
call_993,40.87473406700008,-73.90906803099995,13X,13X,2024-11-08T09:33:00.000000,911_calls,2024-11-08 09:33:00,Friday,9,11,3.0
call_994,40.87473406700008,-73.90906803099995,13X,13X,2024-11-07T10:34:00.000000,911_calls,2024-11-07 10:34:00,Thursday,10,11,3.0
call_995,40.89547896300007,-73.85571330899995,10V2,10V2,2024-11-06T11:35:00.000000,911_calls,2024-11-06 11:35:00,Wednesday,11,11,3.0
call_996,40.68514493500004,-73.97746253099996,54E9,54E9,2024-11-05T12:36:00.000000,911_calls,2024-11-05 12:36:00,Tuesday,12,11,3.0
call_997,40.85557168400004,-73.86766034499993,75S,75S,2024-11-04T13:37:00.000000,911_calls,2024-11-04 13:37:00,Monday,13,11,3.0
call_998,40.75058041300008,-73.94016827599995,75M,75M,2024-11-03T14:38:00.000000,911_calls,2024-11-03 14:38:00,Sunday,14,11,3.0
call_999,40.761308306000046,-73.99054023599996,34Q2,34Q2,2024-11-02T15:39:00.000000,911_calls,2024-11-02 15:39:00,Saturday,15,11,3.0
call_1000,40.70504474200004,-73.75795017399997,75L,75L,2024-11-01T16:40:00.000000,911_calls,2024-11-01 16:40:00,Friday,16,11,3.0
call_1001,40.84858283500006,-73.90267717899997,54E1,54E1,2024-10-31T17:41:00.000000,911_calls,2024-10-31 17:41:00,Thursday,17,10,3.0
call_1002,40.84858283500006,-73.90267717899997,54E1,54E1,2024-10-30T18:42:00.000000,911_calls,2024-10-30 18:42:00,Wednesday,18,10,3.0
call_1003,40.81334708700007,-73.93048428399999,75S,75S,2024-10-29T19:43:00.000000,911_calls,2024-10-29 19:43:00,Tuesday,19,10,3.0
call_1004,40.71239662200003,-73.78490845799996,75S,75S,2024-10-28T20:44:00.000000,911_calls,2024-10-28 20:44:00,Monday,20,10,3.0
call_1005,40.77931023000008,-73.98326924399998,75S,75S,2024-10-27T21:45:00.000000,911_calls,2024-10-27 21:45:00,Sunday,21,10,3.0
call_1006,40.66888376700007,-73.93250571899995,75O,75O,2024-10-26T22:46:00.000000,911_calls,2024-10-26 22:46:00,Saturday,22,10,3.0
call_1007,40.81909583700008,-73.94285248799997,52D6,52D6,2024-10-25T23:47:00.000000,911_calls,2024-10-25 23:47:00,Friday,23,10,3.0
call_1008,40.83568607500007,-73.92565457699999,54E1,54E1,2024-10-24T00:48:00.000000,911_calls,2024-10-24 00:48:00,Thursday,0,10,3.0
call_1009,40.83568607500007,-73.92565457699999,54E1,54E1,2024-10-23T01:49:00.000000,911_calls,2024-10-23 01:49:00,Wednesday,1,10,3.0
call_1010,40.69768508400006,-73.99381298799995,75S,75S,2024-10-22T02:50:00.000000,911_calls,2024-10-22 02:50:00,Tuesday,2,10,3.0
call_1011,40.76511454900003,-73.98405256399997,53I,53I,2024-10-21T03:51:00.000000,911_calls,2024-10-21 03:51:00,Monday,3,10,3.0
call_1012,40.66508262600007,-73.99307707399998,54S9,54S9,2024-10-20T04:52:00.000000,911_calls,2024-10-20 04:52:00,Sunday,4,10,3.0
call_1013,40.817217733000064,-73.95347213499997,11C4,11C4,2024-10-19T05:53:00.000000,911_calls,2024-10-19 05:53:00,Saturday,5,10,3.0
call_1014,40.57628456500004,-73.98139061299997,75M,75M,2024-10-18T06:54:00.000000,911_calls,2024-10-18 06:54:00,Friday,6,10,3.0
call_1015,40.79409372500004,-73.93681015499999,68Q1,68Q1,2024-10-17T07:55:00.000000,911_calls,2024-10-17 07:55:00,Thursday,7,10,3.0
call_1016,40.72187751800004,-74.00420434399996,54U1,54U1,2024-10-16T08:56:00.000000,911_calls,2024-10-16 08:56:00,Wednesday,8,10,3.0
call_1017,40.728916629000025,-73.98289583599995,54U2,54U2,2024-10-15T09:57:00.000000,911_calls,2024-10-15 09:57:00,Tuesday,9,10,3.0
call_1018,40.58737417000003,-73.95417232099999,75S,75S,2024-10-14T10:58:00.000000,911_calls,2024-10-14 10:58:00,Monday,10,10,3.0
call_1019,40.67836827600007,-73.90352044899998,75M,75M,2024-10-13T11:59:00.000000,911_calls,2024-10-13 11:59:00,Sunday,11,10,3.0
call_1020,40.74788104700008,-73.99104019099997,68U1,68U1,2024-10-12T12:00:00.000000,911_calls,2024-10-12 12:00:00,Saturday,12,10,3.0
call_1021,40.74788104700008,-73.99104019099997,68U1,68U1,2024-10-11T13:01:00.000000,911_calls,2024-10-11 13:01:00,Friday,13,10,3.0
call_1022,40.743334066000045,-73.77546898099996,67S8,67S8,2024-10-10T14:02:00.000000,911_calls,2024-10-10 14:02:00,Thursday,14,10,3.0
call_1023,40.64579935100005,-73.91113854899999,75D,75D,2024-10-09T15:03:00.000000,911_calls,2024-10-09 15:03:00,Wednesday,15,10,3.0
call_1024,40.678795070000035,-73.98761000799993,10H1,10H1,2024-10-08T16:04:00.000000,911_calls,2024-10-08 16:04:00,Tuesday,16,10,3.0
call_1025,40.72525633500004,-73.99636476499995,75O,75O,2024-10-07T17:05:00.000000,911_calls,2024-10-07 17:05:00,Monday,17,10,3.0
call_1026,40.60937187800005,-73.99848158299994,68Q2,68Q2,2024-10-06T18:06:00.000000,911_calls,2024-10-06 18:06:00,Sunday,18,10,3.0
call_1027,40.86327901900006,-73.90067809799996,75S,75S,2024-10-05T19:07:00.000000,911_calls,2024-10-05 19:07:00,Saturday,19,10,3.0
call_1028,40.74559137400007,-73.98559463699996,22Q1,22Q1,2024-10-04T20:08:00.000000,911_calls,2024-10-04 20:08:00,Friday,20,10,3.0
call_1029,40.61051921200004,-74.00037961099997,68Q2,68Q2,2024-10-03T21:09:00.000000,911_calls,2024-10-03 21:09:00,Thursday,21,10,3.0
call_1030,40.70722010500003,-73.92388261399998,75M,75M,2024-10-02T22:10:00.000000,911_calls,2024-10-02 22:10:00,Wednesday,22,10,3.0
call_1031,40.73709779600006,-73.90324416399994,68Q2,68Q2,2024-10-01T23:11:00.000000,911_calls,2024-10-01 23:11:00,Tuesday,23,10,3.0
call_1032,40.84084902400008,-73.94005456699995,54S9,54S9,2024-09-30T00:12:00.000000,911_calls,2024-09-30 00:12:00,Monday,0,9,3.0
call_1033,40.86604021200003,-73.89452046199995,75M,75M,2024-09-29T01:13:00.000000,911_calls,2024-09-29 01:13:00,Sunday,1,9,3.0
call_1034,40.740769733000036,-74.00178773499994,75S,75S,2024-09-28T02:14:00.000000,911_calls,2024-09-28 02:14:00,Saturday,2,9,3.0
call_1035,40.66968264500008,-73.87146456599999,75I,75I,2024-09-27T03:15:00.000000,911_calls,2024-09-27 03:15:00,Friday,3,9,3.0
call_1036,40.711952093000036,-73.98985467599994,75I,75I,2024-09-26T04:16:00.000000,911_calls,2024-09-26 04:16:00,Thursday,4,9,3.0
call_1037,40.667148205000046,-73.88340093999994,75O,75O,2024-09-25T05:17:00.000000,911_calls,2024-09-25 05:17:00,Wednesday,5,9,3.0
call_1038,40.758711971000025,-73.99328753499998,54U1,54U1,2024-09-24T06:18:00.000000,911_calls,2024-09-24 06:18:00,Tuesday,6,9,3.0
call_1039,40.60749290200005,-73.91458210599995,68Q1,68Q1,2024-09-23T07:19:00.000000,911_calls,2024-09-23 07:19:00,Monday,7,9,3.0
call_1040,40.72028377500004,-73.73912466699994,10V2,10V2,2024-09-22T08:20:00.000000,911_calls,2024-09-22 08:20:00,Sunday,8,9,3.0
call_1041,40.84813252600003,-73.89927299199996,68Q1,68Q1,2024-09-21T09:21:00.000000,911_calls,2024-09-21 09:21:00,Saturday,9,9,3.0
call_1042,40.861100159000046,-73.89199404799996,68Q1,68Q1,2024-09-20T10:22:00.000000,911_calls,2024-09-20 10:22:00,Friday,10,9,3.0
call_1043,40.75664204200007,-73.98837157699995,10P9,10P9,2024-09-19T11:23:00.000000,911_calls,2024-09-19 11:23:00,Thursday,11,9,3.0
call_1044,40.79063522100006,-73.94745973599998,10H2,10H2,2024-09-18T12:24:00.000000,911_calls,2024-09-18 12:24:00,Wednesday,12,9,3.0
call_1045,40.75757811200003,-73.98954452399994,22Q1,22Q1,2024-09-17T13:25:00.000000,911_calls,2024-09-17 13:25:00,Tuesday,13,9,3.0
call_1046,40.67800758000004,-73.77360146599995,10H1,10H1,2024-09-16T14:26:00.000000,911_calls,2024-09-16 14:26:00,Monday,14,9,3.0
call_1047,40.75197560600003,-73.86377323599999,10P2,10P2,2024-09-15T15:27:00.000000,911_calls,2024-09-15 15:27:00,Sunday,15,9,3.0
call_1048,40.782779309000034,-73.98152067899997,56S,56S,2024-09-14T16:28:00.000000,911_calls,2024-09-14 16:28:00,Saturday,16,9,3.0
call_1049,40.75848796300005,-73.96735965999994,75D,75D,2024-09-13T17:29:00.000000,911_calls,2024-09-13 17:29:00,Friday,17,9,3.0
call_1050,40.80789202400007,-73.95564964599998,10P2,10P2,2024-09-12T18:30:00.000000,911_calls,2024-09-12 18:30:00,Thursday,18,9,3.0
call_1051,40.68397420800005,-73.98547093299999,75I,75I,2024-09-11T19:31:00.000000,911_calls,2024-09-11 19:31:00,Wednesday,19,9,3.0
call_1052,40.69924381800007,-73.93757084499998,68Q2,68Q2,2024-09-10T20:32:00.000000,911_calls,2024-09-10 20:32:00,Tuesday,20,9,3.0
call_1053,40.592336182000054,-73.98148695899994,75D,75D,2024-09-09T21:33:00.000000,911_calls,2024-09-09 21:33:00,Monday,21,9,3.0
call_1054,40.60316728600003,-73.82150674399998,68Q1,68Q1,2024-09-08T22:34:00.000000,911_calls,2024-09-08 22:34:00,Sunday,22,9,3.0
call_1055,40.78379559800004,-73.85711445599998,75D,75D,2024-09-07T23:35:00.000000,911_calls,2024-09-07 23:35:00,Saturday,23,9,3.0
call_1056,40.628252744000065,-74.02761878699994,75D,75D,2024-09-06T00:36:00.000000,911_calls,2024-09-06 00:36:00,Friday,0,9,3.0
call_1057,40.68073899600006,-73.94963745499996,11C4,11C4,2024-09-05T01:37:00.000000,911_calls,2024-09-05 01:37:00,Thursday,1,9,3.0
call_1058,40.62559358000004,-73.99715551999998,75S,75S,2024-09-04T02:38:00.000000,911_calls,2024-09-04 02:38:00,Wednesday,2,9,3.0
call_1059,40.849727216000076,-73.90578765199996,75M,75M,2024-09-03T03:39:00.000000,911_calls,2024-09-03 03:39:00,Tuesday,3,9,3.0
call_1060,40.72562407400005,-74.00516787399994,68Q1,68Q1,2024-09-02T04:40:00.000000,911_calls,2024-09-02 04:40:00,Monday,4,9,3.0
call_1061,40.64968737300006,-73.89341019999995,75I,75I,2024-09-01T05:41:00.000000,911_calls,2024-09-01 05:41:00,Sunday,5,9,3.0
call_1062,40.77119077100008,-73.95206016799995,22Q1,22Q1,2024-08-31T06:42:00.000000,911_calls,2024-08-31 06:42:00,Saturday,6,8,3.0
call_1063,40.69226368000005,-73.98774453499993,50P9,50P9,2024-08-30T07:43:00.000000,911_calls,2024-08-30 07:43:00,Friday,7,8,3.0
call_1064,40.702916049000066,-73.80006160699998,22P9,22P9,2024-08-29T08:44:00.000000,911_calls,2024-08-29 08:44:00,Thursday,8,8,3.0
call_1065,40.60875051100004,-73.95379029299994,53X,53X,2024-08-28T09:45:00.000000,911_calls,2024-08-28 09:45:00,Wednesday,9,8,3.0
call_1066,40.60875051100004,-73.95379029299994,53X,53X,2024-08-27T10:46:00.000000,911_calls,2024-08-27 10:46:00,Tuesday,10,8,3.0
call_1067,40.82138013500003,-73.95710393599995,75D,75D,2024-08-26T11:47:00.000000,911_calls,2024-08-26 11:47:00,Monday,11,8,3.0
call_1068,40.66562605000007,-73.73275641599997,10V2,10V2,2024-08-25T12:48:00.000000,911_calls,2024-08-25 12:48:00,Sunday,12,8,3.0
call_1069,40.69098523100007,-73.99700128199999,75Z,75Z,2024-08-24T13:49:00.000000,911_calls,2024-08-24 13:49:00,Saturday,13,8,3.0
call_1070,40.82254248000004,-73.90444954999998,75D,75D,2024-08-23T14:50:00.000000,911_calls,2024-08-23 14:50:00,Friday,14,8,3.0
call_1071,40.71250695400005,-73.77796435699997,52D2,52D2,2024-08-22T15:51:00.000000,911_calls,2024-08-22 15:51:00,Thursday,15,8,3.0
call_1072,40.81608766100004,-73.89582435399996,54S1,54S1,2024-08-21T16:52:00.000000,911_calls,2024-08-21 16:52:00,Wednesday,16,8,3.0
call_1073,40.74632881800005,-73.88852423299994,10P2,10P2,2024-08-20T17:53:00.000000,911_calls,2024-08-20 17:53:00,Tuesday,17,8,3.0
call_1074,40.67906840200004,-73.90376820299997,75S,75S,2024-08-19T18:54:00.000000,911_calls,2024-08-19 18:54:00,Monday,18,8,3.0
call_1075,40.69086153600006,-73.95588614699994,10V2,10V2,2024-08-18T19:55:00.000000,911_calls,2024-08-18 19:55:00,Sunday,19,8,3.0
call_1076,40.81251295800007,-73.95268066399996,68Q1,68Q1,2024-08-17T20:56:00.000000,911_calls,2024-08-17 20:56:00,Saturday,20,8,3.0
call_1077,40.81821683800007,-73.85028810799997,68Q1,68Q1,2024-08-16T21:57:00.000000,911_calls,2024-08-16 21:57:00,Friday,21,8,3.0
call_1078,40.651621539000075,-74.01430507399994,75D,75D,2024-08-15T22:58:00.000000,911_calls,2024-08-15 22:58:00,Thursday,22,8,3.0
call_1079,40.82173633200006,-73.89286725999995,68Q1,68Q1,2024-08-14T23:59:00.000000,911_calls,2024-08-14 23:59:00,Wednesday,23,8,3.0
call_1080,40.69972934400005,-73.93219318999996,75Z,75Z,2024-08-13T00:00:00.000000,911_calls,2024-08-13 00:00:00,Tuesday,0,8,3.0
call_1081,40.80789202400007,-73.95564964599998,50G2,50G2,2024-08-12T01:01:00.000000,911_calls,2024-08-12 01:01:00,Monday,1,8,3.0
call_1082,40.68346026200004,-73.87288383999999,75M,75M,2024-08-11T02:02:00.000000,911_calls,2024-08-11 02:02:00,Sunday,2,8,3.0
call_1083,40.813897919000055,-73.89953433599999,68Q1,68Q1,2024-08-10T03:03:00.000000,911_calls,2024-08-10 03:03:00,Saturday,3,8,3.0
call_1084,40.69972934400005,-73.93219318999996,10V2,10V2,2024-08-09T04:04:00.000000,911_calls,2024-08-09 04:04:00,Friday,4,8,3.0
call_1085,40.79884745600003,-73.95387866199997,75D,75D,2024-08-08T05:05:00.000000,911_calls,2024-08-08 05:05:00,Thursday,5,8,3.0
call_1086,40.73280433300005,-74.00566636699995,54C1,54C1,2024-08-07T06:06:00.000000,911_calls,2024-08-07 06:06:00,Wednesday,6,8,3.0
call_1087,40.82027627300005,-73.89600928499993,68Q1,68Q1,2024-08-06T07:07:00.000000,911_calls,2024-08-06 07:07:00,Tuesday,7,8,3.0
call_1088,40.592336182000054,-73.98148695899994,75I,75I,2024-08-05T08:08:00.000000,911_calls,2024-08-05 08:08:00,Monday,8,8,3.0
call_1089,40.75664204200007,-73.98837157699995,75S,75S,2024-08-04T09:09:00.000000,911_calls,2024-08-04 09:09:00,Sunday,9,8,3.0
call_1090,40.59865825600008,-74.07214705999996,53S,53S,2024-08-03T10:10:00.000000,911_calls,2024-08-03 10:10:00,Saturday,10,8,3.0
call_1091,40.852477202000046,-73.90223771399997,52D2,52D2,2024-08-02T11:11:00.000000,911_calls,2024-08-02 11:11:00,Friday,11,8,3.0
call_1092,40.69226368000005,-73.98774453499993,75S,75S,2024-08-01T12:12:00.000000,911_calls,2024-08-01 12:12:00,Thursday,12,8,3.0
call_1093,40.84522350700007,-73.93396048499994,52F1,52F1,2024-07-31T13:13:00.000000,911_calls,2024-07-31 13:13:00,Wednesday,13,7,3.0
call_1094,40.590669658000024,-73.97898143899994,75I,75I,2024-07-30T14:14:00.000000,911_calls,2024-07-30 14:14:00,Tuesday,14,7,3.0
call_1095,40.75016710300008,-73.97195820899998,75D,75D,2025-07-29T15:15:00.000000,911_calls,2025-07-29 15:15:00,Tuesday,15,7,3.0
call_1096,40.61261362700003,-74.08312221699998,75I,75I,2025-07-28T16:16:00.000000,911_calls,2025-07-28 16:16:00,Monday,16,7,3.0
call_1097,40.687029720000055,-73.99120341199995,75T,75T,2025-07-27T17:17:00.000000,911_calls,2025-07-27 17:17:00,Sunday,17,7,3.0
call_1098,40.847483502000046,-73.88335592999994,10Y3,10Y3,2025-07-26T18:18:00.000000,911_calls,2025-07-26 18:18:00,Saturday,18,7,3.0
call_1099,40.67571118700005,-73.73907549899997,75D,75D,2025-07-25T19:19:00.000000,911_calls,2025-07-25 19:19:00,Friday,19,7,3.0
call_1100,40.57628456500004,-73.98139061299997,75M,75M,2025-07-24T20:20:00.000000,911_calls,2025-07-24 20:20:00,Thursday,20,7,3.0
call_1101,40.79691358000008,-73.95686688099994,75D,75D,2025-07-23T21:21:00.000000,911_calls,2025-07-23 21:21:00,Wednesday,21,7,3.0
call_1102,40.75107189400006,-73.96820063099995,75D,75D,2025-07-22T22:22:00.000000,911_calls,2025-07-22 22:22:00,Tuesday,22,7,3.0
call_1103,40.84889368900008,-73.93485685799999,20Q2,20Q2,2025-07-21T23:23:00.000000,911_calls,2025-07-21 23:23:00,Monday,23,7,3.0
call_1104,40.687029720000055,-73.99120341199995,75T,75T,2025-07-20T00:24:00.000000,911_calls,2025-07-20 00:24:00,Sunday,0,7,3.0
call_1105,40.579975037000054,-73.97465403799998,75Z,75Z,2025-07-19T01:25:00.000000,911_calls,2025-07-19 01:25:00,Saturday,1,7,3.0
call_1106,40.668630731000064,-73.90463038099995,10S4,10S4,2025-07-18T02:26:00.000000,911_calls,2025-07-18 02:26:00,Friday,2,7,3.0
call_1107,40.86309029500006,-73.92734482299994,10P2,10P2,2025-07-17T03:27:00.000000,911_calls,2025-07-17 03:27:00,Thursday,3,7,3.0
call_1108,40.84951150900008,-73.90717594899996,54U2,54U2,2025-07-16T04:28:00.000000,911_calls,2025-07-16 04:28:00,Wednesday,4,7,3.0
call_1109,40.85476109900003,-73.93351000399997,56S,56S,2025-07-15T05:29:00.000000,911_calls,2025-07-15 05:29:00,Tuesday,5,7,3.0
call_1110,40.64968737300006,-73.89341019999995,75D,75D,2025-07-14T06:30:00.000000,911_calls,2025-07-14 06:30:00,Monday,6,7,3.0
call_1111,40.808985749000044,-73.89438330099995,11C4,11C4,2025-07-13T07:31:00.000000,911_calls,2025-07-13 07:31:00,Sunday,7,7,3.0
call_1112,40.686307691000025,-73.98937901699998,68Q1,68Q1,2025-07-12T08:32:00.000000,911_calls,2025-07-12 08:32:00,Saturday,8,7,3.0
call_1113,40.85168795000004,-73.82812705699996,68Q1,68Q1,2025-07-11T09:33:00.000000,911_calls,2025-07-11 09:33:00,Friday,9,7,3.0
call_1114,40.70062134500006,-73.91934958099995,68Q2,68Q2,2025-07-10T10:34:00.000000,911_calls,2025-07-10 10:34:00,Thursday,10,7,3.0
call_1115,40.659610961000055,-73.88332761199996,10S4,10S4,2025-07-09T11:35:00.000000,911_calls,2025-07-09 11:35:00,Wednesday,11,7,3.0
call_1116,40.836520601000075,-73.94002594299997,75S,75S,2025-07-08T12:36:00.000000,911_calls,2025-07-08 12:36:00,Tuesday,12,7,3.0
call_1117,40.84459203900008,-73.90268663199998,10V2,10V2,2025-07-07T13:37:00.000000,911_calls,2025-07-07 13:37:00,Monday,13,7,3.0
call_1118,40.63015221300003,-74.08016104299998,34Q6,34Q6,2025-07-06T14:38:00.000000,911_calls,2025-07-06 14:38:00,Sunday,14,7,3.0
call_1119,40.66888376700007,-73.93250571899995,75O,75O,2025-07-05T15:39:00.000000,911_calls,2025-07-05 15:39:00,Saturday,15,7,3.0
call_1120,40.68507713300005,-73.98211383699999,68Q1,68Q1,2025-07-04T16:40:00.000000,911_calls,2025-07-04 16:40:00,Friday,16,7,3.0
call_1121,40.70062134500006,-73.91934958099995,68Q2,68Q2,2025-07-03T17:41:00.000000,911_calls,2025-07-03 17:41:00,Thursday,17,7,3.0
call_1122,40.85188898200005,-73.83421006899994,68Q1,68Q1,2025-07-02T18:42:00.000000,911_calls,2025-07-02 18:42:00,Wednesday,18,7,3.0
call_1123,40.693043457000044,-73.92827657699996,75M,75M,2025-07-01T19:43:00.000000,911_calls,2025-07-01 19:43:00,Tuesday,19,7,3.0
call_1124,40.735674104000054,-73.71608972199994,11C4,11C4,2025-06-30T20:44:00.000000,911_calls,2025-06-30 20:44:00,Monday,20,6,3.0
call_1125,40.606271599000024,-73.94100707299998,52D2,52D2,2025-06-29T21:45:00.000000,911_calls,2025-06-29 21:45:00,Sunday,21,6,3.0
call_1126,40.59514856000004,-73.79299905299996,75D,75D,2025-06-28T22:46:00.000000,911_calls,2025-06-28 22:46:00,Saturday,22,6,3.0
call_1127,40.650433838000026,-74.00478364999998,75D,75D,2025-06-27T23:47:00.000000,911_calls,2025-06-27 23:47:00,Friday,23,6,3.0
call_1128,40.69446338000006,-73.93434420699998,75D,75D,2025-06-26T00:48:00.000000,911_calls,2025-06-26 00:48:00,Thursday,0,6,3.0
call_1129,40.58946324600004,-73.81000379799997,75D,75D,2025-06-25T01:49:00.000000,911_calls,2025-06-25 01:49:00,Wednesday,1,6,3.0
call_1130,40.75461336400008,-73.98561795299997,54S2,54S2,2025-06-24T02:50:00.000000,911_calls,2025-06-24 02:50:00,Tuesday,2,6,3.0
call_1131,40.74850681300006,-73.99058897199995,10P2,10P2,2025-06-23T03:51:00.000000,911_calls,2025-06-23 03:51:00,Monday,3,6,3.0
call_1132,40.69090837700003,-73.91658113199998,68Q2,68Q2,2025-06-22T04:52:00.000000,911_calls,2025-06-22 04:52:00,Sunday,4,6,3.0
call_1133,40.57978019500007,-73.99842465499995,75I,75I,2025-06-21T05:53:00.000000,911_calls,2025-06-21 05:53:00,Saturday,5,6,3.0
call_1134,40.57628456500004,-73.98139061299997,75M,75M,2025-06-20T06:54:00.000000,911_calls,2025-06-20 06:54:00,Friday,6,6,3.0
call_1135,40.70818790700008,-73.95970159899997,68Q1,68Q1,2025-06-19T07:55:00.000000,911_calls,2025-06-19 07:55:00,Thursday,7,6,3.0
call_1136,40.75087795600007,-73.87362501799998,10P2,10P2,2025-06-18T08:56:00.000000,911_calls,2025-06-18 08:56:00,Wednesday,8,6,3.0
call_1137,40.76506619600008,-73.99656114199996,34Q2,34Q2,2025-06-17T09:57:00.000000,911_calls,2025-06-17 09:57:00,Tuesday,9,6,3.0
call_1138,40.72636681100005,-73.98331500399996,68Q1,68Q1,2025-06-16T10:58:00.000000,911_calls,2025-06-16 10:58:00,Monday,10,6,3.0
call_1139,40.59262934700007,-73.97844792499995,75M,75M,2025-06-15T11:59:00.000000,911_calls,2025-06-15 11:59:00,Sunday,11,6,3.0
call_1140,40.88281315200004,-73.87792724899998,10P2,10P2,2025-06-14T12:00:00.000000,911_calls,2025-06-14 12:00:00,Saturday,12,6,3.0
call_1141,40.57628456500004,-73.98139061299997,50G9,50G9,2025-06-13T13:01:00.000000,911_calls,2025-06-13 13:01:00,Friday,13,6,3.0
call_1142,40.68671915300007,-73.92346972299998,59W,59W,2025-06-12T14:02:00.000000,911_calls,2025-06-12 14:02:00,Thursday,14,6,3.0
call_1143,40.68671915300007,-73.92346972299998,59W,59W,2025-06-11T15:03:00.000000,911_calls,2025-06-11 15:03:00,Wednesday,15,6,3.0
call_1144,40.66512493100004,-73.95898867799997,75D,75D,2025-06-10T16:04:00.000000,911_calls,2025-06-10 16:04:00,Tuesday,16,6,3.0
call_1145,40.69720337700005,-73.93561453399997,75S,75S,2025-06-09T17:05:00.000000,911_calls,2025-06-09 17:05:00,Monday,17,6,3.0
call_1146,40.63553758900008,-74.08755360199996,10S4,10S4,2025-06-08T18:06:00.000000,911_calls,2025-06-08 18:06:00,Sunday,18,6,3.0
call_1147,40.814040017000025,-73.94276289999993,10S4,10S4,2025-06-07T19:07:00.000000,911_calls,2025-06-07 19:07:00,Saturday,19,6,3.0
call_1148,40.64395993900007,-73.97966371899997,75S,75S,2025-06-06T20:08:00.000000,911_calls,2025-06-06 20:08:00,Friday,20,6,3.0
call_1149,40.86085841600004,-73.89778957199997,75S,75S,2025-06-05T21:09:00.000000,911_calls,2025-06-05 21:09:00,Thursday,21,6,3.0
call_1150,40.68933206100007,-73.98594934699997,54C1,54C1,2025-06-04T22:10:00.000000,911_calls,2025-06-04 22:10:00,Wednesday,22,6,3.0
call_1151,40.769477005000056,-73.87172324099998,50G2,50G2,2025-06-03T23:11:00.000000,911_calls,2025-06-03 23:11:00,Tuesday,23,6,3.0
call_1152,40.63830720000004,-74.02635825499993,68Q2,68Q2,2025-06-02T00:12:00.000000,911_calls,2025-06-02 00:12:00,Monday,0,6,3.0
call_1153,40.68023991100006,-73.84538446799996,75S,75S,2025-06-01T01:13:00.000000,911_calls,2025-06-01 01:13:00,Sunday,1,6,3.0
call_1154,40.826282132000074,-73.92070763799995,68Q1,68Q1,2025-05-31T02:14:00.000000,911_calls,2025-05-31 02:14:00,Saturday,2,5,3.0
call_1155,40.63190918200007,-74.00668098299997,75T,75T,2025-05-30T03:15:00.000000,911_calls,2025-05-30 03:15:00,Friday,3,5,3.0
call_1156,40.75991354900003,-73.98629182099995,24Q1,24Q1,2025-05-29T04:16:00.000000,911_calls,2025-05-29 04:16:00,Thursday,4,5,3.0
call_1157,40.67500776000003,-74.00657714899995,75D,75D,2025-05-28T05:17:00.000000,911_calls,2025-05-28 05:17:00,Wednesday,5,5,3.0
call_1158,40.84459203900008,-73.90268663199998,10V2,10V2,2025-05-27T06:18:00.000000,911_calls,2025-05-27 06:18:00,Tuesday,6,5,3.0
call_1159,40.798294748000046,-73.93977143699993,75D,75D,2025-05-26T07:19:00.000000,911_calls,2025-05-26 07:19:00,Monday,7,5,3.0
call_1160,40.88296335500007,-73.89381734999995,68Q1,68Q1,2025-05-25T08:20:00.000000,911_calls,2025-05-25 08:20:00,Sunday,8,5,3.0
call_1161,40.74479335700005,-73.99329254599996,54E1,54E1,2025-05-24T09:21:00.000000,911_calls,2025-05-24 09:21:00,Saturday,9,5,3.0
call_1162,40.826667745000066,-73.88625055599994,75T,75T,2025-05-23T10:22:00.000000,911_calls,2025-05-23 10:22:00,Friday,10,5,3.0
call_1163,40.68044128100007,-73.98256214799994,10H2,10H2,2025-05-22T11:23:00.000000,911_calls,2025-05-22 11:23:00,Thursday,11,5,3.0
call_1164,40.698431106000044,-73.91564127499998,68Q2,68Q2,2025-05-21T12:24:00.000000,911_calls,2025-05-21 12:24:00,Wednesday,12,5,3.0
call_1165,40.71161053700007,-73.94049903499996,75S,75S,2025-05-20T13:25:00.000000,911_calls,2025-05-20 13:25:00,Tuesday,13,5,3.0
call_1166,40.62325763300004,-74.00616138399994,75D,75D,2025-05-19T14:26:00.000000,911_calls,2025-05-19 14:26:00,Monday,14,5,3.0
call_1167,40.83925377200006,-73.91325094499996,75S,75S,2025-05-18T15:27:00.000000,911_calls,2025-05-18 15:27:00,Sunday,15,5,3.0
call_1168,40.73754363100005,-73.74684062499995,50G2,50G2,2025-05-17T16:28:00.000000,911_calls,2025-05-17 16:28:00,Saturday,16,5,3.0
call_1169,40.86085841600004,-73.89778957199997,75S,75S,2025-05-16T17:29:00.000000,911_calls,2025-05-16 17:29:00,Friday,17,5,3.0
call_1170,40.70996548200003,-73.93870422099997,50P2,50P2,2025-05-15T18:30:00.000000,911_calls,2025-05-15 18:30:00,Thursday,18,5,3.0
call_1171,40.862230304000036,-73.91044446099994,29H2,29H2,2025-05-14T19:31:00.000000,911_calls,2025-05-14 19:31:00,Wednesday,19,5,3.0
call_1172,40.68725954200005,-73.96113131099997,52K2,52K2,2025-05-13T20:32:00.000000,911_calls,2025-05-13 20:32:00,Tuesday,20,5,3.0
call_1173,40.874064909000026,-73.89071465699999,75S,75S,2025-05-12T21:33:00.000000,911_calls,2025-05-12 21:33:00,Monday,21,5,3.0
call_1174,40.824192598000025,-73.93722599499995,75D,75D,2025-05-11T22:34:00.000000,911_calls,2025-05-11 22:34:00,Sunday,22,5,3.0
call_1175,40.78738543700007,-73.94170967999997,10V2,10V2,2025-05-10T23:35:00.000000,911_calls,2025-05-10 23:35:00,Saturday,23,5,3.0
call_1176,40.68073899600006,-73.94963745499996,75S,75S,2025-05-09T00:36:00.000000,911_calls,2025-05-09 00:36:00,Friday,0,5,3.0
call_1177,40.686515635000035,-73.98374684299995,68Q1,68Q1,2025-05-08T01:37:00.000000,911_calls,2025-05-08 01:37:00,Thursday,1,5,3.0
call_1178,40.64425425200005,-74.01644754099993,53S,53S,2025-05-07T02:38:00.000000,911_calls,2025-05-07 02:38:00,Wednesday,2,5,3.0
call_1179,40.78785561600006,-73.81504588699994,11C4,11C4,2025-05-06T03:39:00.000000,911_calls,2025-05-06 03:39:00,Tuesday,3,5,3.0
call_1180,40.710178357000075,-73.79211160999995,24K1,24K1,2025-05-05T04:40:00.000000,911_calls,2025-05-05 04:40:00,Monday,4,5,3.0
call_1181,40.595394560000045,-73.74104212099996,68Q1,68Q1,2025-05-04T05:41:00.000000,911_calls,2025-05-04 05:41:00,Sunday,5,5,3.0
call_1182,40.727169282000034,-73.71995037399995,68Q1,68Q1,2025-05-03T06:42:00.000000,911_calls,2025-05-03 06:42:00,Saturday,6,5,3.0
call_1183,40.58795031200003,-73.98359800899993,75M,75M,2025-05-02T07:43:00.000000,911_calls,2025-05-02 07:43:00,Friday,7,5,3.0
call_1184,40.61314611900008,-73.92076270099994,68Q1,68Q1,2025-05-01T08:44:00.000000,911_calls,2025-05-01 08:44:00,Thursday,8,5,3.0
call_1185,40.83882088100006,-73.94043586199996,54S1,54S1,2025-04-30T09:45:00.000000,911_calls,2025-04-30 09:45:00,Wednesday,9,4,3.0
call_1186,40.85185051700006,-73.90119037599999,34Q1,34Q1,2025-04-29T10:46:00.000000,911_calls,2025-04-29 10:46:00,Tuesday,10,4,3.0
call_1187,40.60968444700006,-74.00893694499996,68Q2,68Q2,2025-04-28T11:47:00.000000,911_calls,2025-04-28 11:47:00,Monday,11,4,3.0
call_1188,40.759150161000036,-73.96084390699997,54U1,54U1,2025-04-27T12:48:00.000000,911_calls,2025-04-27 12:48:00,Sunday,12,4,3.0
call_1189,40.66639803400005,-73.97702188899996,68Q1,68Q1,2025-04-26T13:49:00.000000,911_calls,2025-04-26 13:49:00,Saturday,13,4,3.0
call_1190,40.69426487000004,-73.93280818499994,68Q2,68Q2,2025-04-25T14:50:00.000000,911_calls,2025-04-25 14:50:00,Friday,14,4,3.0
call_1191,40.84448348800004,-73.91465008299997,75M,75M,2025-04-24T15:51:00.000000,911_calls,2025-04-24 15:51:00,Thursday,15,4,3.0
call_1192,40.75461336400008,-73.98561795299997,10Y3,10Y3,2025-04-23T16:52:00.000000,911_calls,2025-04-23 16:52:00,Wednesday,16,4,3.0
call_1193,40.696197031000054,-73.98868504299998,75Z,75Z,2025-04-22T17:53:00.000000,911_calls,2025-04-22 17:53:00,Tuesday,17,4,3.0
call_1194,40.676912869000034,-73.89952437999995,75S,75S,2025-04-21T18:54:00.000000,911_calls,2025-04-21 18:54:00,Monday,18,4,3.0
call_1195,40.84413994500005,-73.90038861799997,68Q1,68Q1,2025-04-20T19:55:00.000000,911_calls,2025-04-20 19:55:00,Sunday,19,4,3.0
call_1196,40.75664204200007,-73.98837157699995,75S,75S,2025-04-19T20:56:00.000000,911_calls,2025-04-19 20:56:00,Saturday,20,4,3.0
call_1197,40.85209439700003,-73.93079802899996,53S,53S,2025-04-18T21:57:00.000000,911_calls,2025-04-18 21:57:00,Friday,21,4,3.0
call_1198,40.67790752700006,-73.91078571399999,75M,75M,2025-04-17T22:58:00.000000,911_calls,2025-04-17 22:58:00,Thursday,22,4,3.0
call_1199,40.60559823400007,-73.75409351699994,34Q1,34Q1,2025-04-16T23:59:00.000000,911_calls,2025-04-16 23:59:00,Wednesday,23,4,3.0
call_1200,40.60968444700006,-74.00893694499996,68Q2,68Q2,2025-04-15T00:00:00.000000,911_calls,2025-04-15 00:00:00,Tuesday,0,4,3.0
call_1201,40.75664204200007,-73.98837157699995,75S,75S,2025-04-14T01:01:00.000000,911_calls,2025-04-14 01:01:00,Monday,1,4,3.0
call_1202,40.80128280400004,-73.95585631799997,10H1,10H1,2025-04-13T02:02:00.000000,911_calls,2025-04-13 02:02:00,Sunday,2,4,3.0
call_1203,40.77544584100008,-73.91154323799998,75S,75S,2025-04-12T03:03:00.000000,911_calls,2025-04-12 03:03:00,Saturday,3,4,3.0
call_1204,40.721359988000074,-73.98084865299995,10H1,10H1,2025-04-11T04:04:00.000000,911_calls,2025-04-11 04:04:00,Friday,4,4,3.0
call_1205,40.862777925000046,-73.92818391099996,10Y3,10Y3,2025-04-10T05:05:00.000000,911_calls,2025-04-10 05:05:00,Thursday,5,4,3.0
call_1206,40.791995291000035,-73.95069089899994,10H2,10H2,2025-04-09T06:06:00.000000,911_calls,2025-04-09 06:06:00,Wednesday,6,4,3.0
call_1207,40.61101273600008,-74.01113772799994,68Q2,68Q2,2025-04-08T07:07:00.000000,911_calls,2025-04-08 07:07:00,Tuesday,7,4,3.0
call_1208,40.65734573700007,-73.90319404099995,54S2,54S2,2025-04-07T08:08:00.000000,911_calls,2025-04-07 08:08:00,Monday,8,4,3.0
call_1209,40.78385224500005,-73.97998931899997,75Z,75Z,2025-04-06T09:09:00.000000,911_calls,2025-04-06 09:09:00,Sunday,9,4,3.0
call_1210,40.68546825900006,-73.97476538199999,68Q1,68Q1,2025-04-05T10:10:00.000000,911_calls,2025-04-05 10:10:00,Saturday,10,4,3.0
call_1211,40.74657843500006,-73.94542653799994,54Q9,54Q9,2025-04-04T11:11:00.000000,911_calls,2025-04-04 11:11:00,Friday,11,4,3.0
call_1212,40.70827517600003,-73.94506834899994,68Q1,68Q1,2025-04-03T12:12:00.000000,911_calls,2025-04-03 12:12:00,Thursday,12,4,3.0
call_1213,40.795295372000055,-73.92243116999998,75D,75D,2025-04-02T13:13:00.000000,911_calls,2025-04-02 13:13:00,Wednesday,13,4,3.0
call_1214,40.57628456500004,-73.98139061299997,50P9,50P9,2025-04-01T14:14:00.000000,911_calls,2025-04-01 14:14:00,Tuesday,14,4,3.0
call_1215,40.64591936100004,-73.95807437399998,11C4,11C4,2025-03-31T15:15:00.000000,911_calls,2025-03-31 15:15:00,Monday,15,3,3.0
call_1216,40.759699236000074,-73.96121538099999,68Q1,68Q1,2025-03-30T16:16:00.000000,911_calls,2025-03-30 16:16:00,Sunday,16,3,3.0
call_1217,40.75213017200008,-73.99537074899996,10P2,10P2,2025-03-29T17:17:00.000000,911_calls,2025-03-29 17:17:00,Saturday,17,3,3.0
call_1218,40.69226368000005,-73.98774453499993,75O,75O,2025-03-28T18:18:00.000000,911_calls,2025-03-28 18:18:00,Friday,18,3,3.0
call_1219,40.824045452000064,-73.95072496199998,10Y3,10Y3,2025-03-27T19:19:00.000000,911_calls,2025-03-27 19:19:00,Thursday,19,3,3.0
call_1220,40.808374136000054,-73.94688582299995,54E9,54E9,2025-03-26T20:20:00.000000,911_calls,2025-03-26 20:20:00,Wednesday,20,3,3.0
call_1221,40.755186784000045,-73.98387085899998,54E2,54E2,2025-03-25T21:21:00.000000,911_calls,2025-03-25 21:21:00,Tuesday,21,3,3.0
call_1222,40.755186784000045,-73.98387085899998,54E2,54E2,2025-03-24T22:22:00.000000,911_calls,2025-03-24 22:22:00,Monday,22,3,3.0
call_1223,40.81643210000004,-73.91411162799994,68Q1,68Q1,2025-03-23T23:23:00.000000,911_calls,2025-03-23 23:23:00,Sunday,23,3,3.0
call_1224,40.817536560000065,-73.92769441999997,75S,75S,2025-03-22T00:24:00.000000,911_calls,2025-03-22 00:24:00,Saturday,0,3,3.0
call_1225,40.83509424700003,-73.90804891499994,75D,75D,2025-03-21T01:25:00.000000,911_calls,2025-03-21 01:25:00,Friday,1,3,3.0
call_1226,40.698697527000036,-73.98881805399998,75S,75S,2025-03-20T02:26:00.000000,911_calls,2025-03-20 02:26:00,Thursday,2,3,3.0
call_1227,40.650433838000026,-74.00478364999998,75D,75D,2025-03-19T03:27:00.000000,911_calls,2025-03-19 03:27:00,Wednesday,3,3,3.0
call_1228,40.80040837100006,-73.95183686199994,75D,75D,2025-03-18T04:28:00.000000,911_calls,2025-03-18 04:28:00,Tuesday,4,3,3.0
call_1229,40.749681321000025,-73.98795774099995,75M,75M,2025-03-17T05:29:00.000000,911_calls,2025-03-17 05:29:00,Monday,5,3,3.0
call_1230,40.67935656600008,-73.75034598599996,75D,75D,2025-03-16T06:30:00.000000,911_calls,2025-03-16 06:30:00,Sunday,6,3,3.0
call_1231,40.78738543700007,-73.94170967999997,10P2,10P2,2025-03-15T07:31:00.000000,911_calls,2025-03-15 07:31:00,Saturday,7,3,3.0
call_1232,40.68650412100004,-73.92207094799994,10H2,10H2,2025-03-14T08:32:00.000000,911_calls,2025-03-14 08:32:00,Friday,8,3,3.0
call_1233,40.75273446700004,-73.97654816699998,54U9,54U9,2025-03-13T09:33:00.000000,911_calls,2025-03-13 09:33:00,Thursday,9,3,3.0
call_1234,40.87536751500005,-73.91186230599999,39C2,39C2,2025-03-12T10:34:00.000000,911_calls,2025-03-12 10:34:00,Wednesday,10,3,3.0
call_1235,40.77544584100008,-73.91154323799998,75M,75M,2025-03-11T11:35:00.000000,911_calls,2025-03-11 11:35:00,Tuesday,11,3,3.0
call_1236,40.760462294000035,-73.98467455099996,54S2,54S2,2025-03-10T12:36:00.000000,911_calls,2025-03-10 12:36:00,Monday,12,3,3.0
call_1237,40.852121056000044,-73.90302624299994,10H2,10H2,2025-03-09T13:37:00.000000,911_calls,2025-03-09 13:37:00,Sunday,13,3,3.0
call_1238,40.64047529100003,-73.94846436099994,75D,75D,2025-03-08T14:38:00.000000,911_calls,2025-03-08 14:38:00,Saturday,14,3,3.0
call_1239,40.83458517400004,-73.90643065799998,75D,75D,2025-03-07T15:39:00.000000,911_calls,2025-03-07 15:39:00,Friday,15,3,3.0
call_1240,40.57807271200005,-74.16291000599995,54H1,54H1,2025-03-06T16:40:00.000000,911_calls,2025-03-06 16:40:00,Thursday,16,3,3.0
call_1241,40.70178809300006,-73.80657122199995,10H2,10H2,2025-03-05T17:41:00.000000,911_calls,2025-03-05 17:41:00,Wednesday,17,3,3.0
call_1242,40.731699724000066,-73.98231781399994,75D,75D,2025-03-04T18:42:00.000000,911_calls,2025-03-04 18:42:00,Tuesday,18,3,3.0
call_1243,40.70221511200003,-73.91424795699999,68Q2,68Q2,2025-03-03T19:43:00.000000,911_calls,2025-03-03 19:43:00,Monday,19,3,3.0
call_1244,40.67550993700007,-74.00837615699999,75D,75D,2025-03-02T20:44:00.000000,911_calls,2025-03-02 20:44:00,Sunday,20,3,3.0
call_1245,40.78927025100006,-73.94565155699996,10Y3,10Y3,2025-03-01T21:45:00.000000,911_calls,2025-03-01 21:45:00,Saturday,21,3,3.0
call_1246,40.71854485400007,-73.98821227999997,75T,75T,2025-02-28T22:46:00.000000,911_calls,2025-02-28 22:46:00,Friday,22,2,3.0
call_1247,40.86327901900006,-73.90067809799996,75M,75M,2025-02-27T23:47:00.000000,911_calls,2025-02-27 23:47:00,Thursday,23,2,3.0
call_1248,40.827979381000034,-73.89760520499993,75D,75D,2025-02-26T00:48:00.000000,911_calls,2025-02-26 00:48:00,Wednesday,0,2,3.0
call_1249,40.68316293700008,-73.96532333899995,75Z,75Z,2025-02-25T01:49:00.000000,911_calls,2025-02-25 01:49:00,Tuesday,1,2,3.0
call_1250,40.68819651900003,-73.92042471799994,54U2,54U2,2025-02-24T02:50:00.000000,911_calls,2025-02-24 02:50:00,Monday,2,2,3.0
call_1251,40.74014929700007,-74.00558038399998,10P2,10P2,2025-02-23T03:51:00.000000,911_calls,2025-02-23 03:51:00,Sunday,3,2,3.0
call_1252,40.69226368000005,-73.98774453499993,54S9,54S9,2025-02-22T04:52:00.000000,911_calls,2025-02-22 04:52:00,Saturday,4,2,3.0
call_1253,40.79168823400005,-73.77683353899994,75D,75D,2025-02-21T05:53:00.000000,911_calls,2025-02-21 05:53:00,Friday,5,2,3.0
call_1254,40.85874494300003,-73.86561513299995,56S,56S,2025-02-20T06:54:00.000000,911_calls,2025-02-20 06:54:00,Thursday,6,2,3.0
call_1255,40.67678362100003,-73.99326333099998,22V2,22V2,2025-02-19T07:55:00.000000,911_calls,2025-02-19 07:55:00,Wednesday,7,2,3.0
call_1256,40.77544584100008,-73.91154323799998,10P9,10P9,2025-02-18T08:56:00.000000,911_calls,2025-02-18 08:56:00,Tuesday,8,2,3.0
call_1257,40.68151004300006,-73.95574450999999,75S,75S,2025-02-17T09:57:00.000000,911_calls,2025-02-17 09:57:00,Monday,9,2,3.0
call_1258,40.89460888600007,-73.85570434599998,24Q6,24Q6,2025-02-16T10:58:00.000000,911_calls,2025-02-16 10:58:00,Sunday,10,2,3.0
call_1259,40.679128551000076,-73.96678559399999,68Q1,68Q1,2025-02-15T11:59:00.000000,911_calls,2025-02-15 11:59:00,Saturday,11,2,3.0
call_1260,40.72557069100003,-73.98237355799995,75D,75D,2025-02-14T12:00:00.000000,911_calls,2025-02-14 12:00:00,Friday,12,2,3.0
call_1261,40.68365977800005,-73.85154206999994,10Y3,10Y3,2025-02-13T13:01:00.000000,911_calls,2025-02-13 13:01:00,Thursday,13,2,3.0
call_1262,40.705768326000054,-73.92012962899997,68Q1,68Q1,2025-02-12T14:02:00.000000,911_calls,2025-02-12 14:02:00,Wednesday,14,2,3.0
call_1263,40.80218076500006,-73.95700794699997,10H2,10H2,2025-02-11T15:03:00.000000,911_calls,2025-02-11 15:03:00,Tuesday,15,2,3.0
call_1264,40.58648912700005,-73.92997875399993,50G2,50G2,2025-02-10T16:04:00.000000,911_calls,2025-02-10 16:04:00,Monday,16,2,3.0
call_1265,40.65198701700007,-74.01037334499995,75D,75D,2025-02-09T17:05:00.000000,911_calls,2025-02-09 17:05:00,Sunday,17,2,3.0
call_1266,40.841349886000046,-73.83083905999996,68Q1,68Q1,2025-02-08T18:06:00.000000,911_calls,2025-02-08 18:06:00,Saturday,18,2,3.0
call_1267,40.844267444000025,-73.90851693499997,52D1,52D1,2025-02-07T19:07:00.000000,911_calls,2025-02-07 19:07:00,Friday,19,2,3.0
call_1268,40.71008001100006,-73.98823541899998,54S2,54S2,2025-02-06T20:08:00.000000,911_calls,2025-02-06 20:08:00,Thursday,20,2,3.0
call_1269,40.69528709600007,-73.80413786199995,52D1,52D1,2025-02-05T21:09:00.000000,911_calls,2025-02-05 21:09:00,Wednesday,21,2,3.0
call_1270,40.72677824700003,-73.98149651899996,75D,75D,2025-02-04T22:10:00.000000,911_calls,2025-02-04 22:10:00,Tuesday,22,2,3.0
call_1271,40.83894442600007,-73.90064214799997,54E1,54E1,2025-02-03T23:11:00.000000,911_calls,2025-02-03 23:11:00,Monday,23,2,3.0
call_1272,40.83894442600007,-73.90064214799997,54E1,54E1,2025-02-02T00:12:00.000000,911_calls,2025-02-02 00:12:00,Sunday,0,2,3.0
call_1273,40.750664208000046,-73.99086657499998,10P2,10P2,2025-02-01T01:13:00.000000,911_calls,2025-02-01 01:13:00,Saturday,1,2,3.0
call_1274,40.71239662200003,-73.78490845799996,75S,75S,2025-01-31T02:14:00.000000,911_calls,2025-01-31 02:14:00,Friday,2,1,3.0
call_1275,40.82100441500006,-73.89092463699996,75S,75S,2025-01-30T03:15:00.000000,911_calls,2025-01-30 03:15:00,Thursday,3,1,3.0
call_1276,40.59468632000005,-74.07670853999997,75D,75D,2025-01-29T04:16:00.000000,911_calls,2025-01-29 04:16:00,Wednesday,4,1,3.0
call_1277,40.728615975000025,-74.00005917499993,54U2,54U2,2025-01-28T05:17:00.000000,911_calls,2025-01-28 05:17:00,Tuesday,5,1,3.0
call_1278,40.608288909000066,-73.81617002399997,75S,75S,2025-01-27T06:18:00.000000,911_calls,2025-01-27 06:18:00,Monday,6,1,3.0
call_1279,40.67914894300003,-73.80160023399998,10Y3,10Y3,2025-01-26T07:19:00.000000,911_calls,2025-01-26 07:19:00,Sunday,7,1,3.0
call_1280,40.85854705700007,-73.90380133999997,75S,75S,2025-01-25T08:20:00.000000,911_calls,2025-01-25 08:20:00,Saturday,8,1,3.0
call_1281,40.76226872900003,-73.98798795399995,34Q2,34Q2,2025-01-24T09:21:00.000000,911_calls,2025-01-24 09:21:00,Friday,9,1,3.0
call_1282,40.82487717500004,-73.90317795599998,75I,75I,2025-01-23T10:22:00.000000,911_calls,2025-01-23 10:22:00,Thursday,10,1,3.0
call_1283,40.60520581900005,-73.75031714899995,10S4,10S4,2025-01-22T11:23:00.000000,911_calls,2025-01-22 11:23:00,Wednesday,11,1,3.0
call_1284,40.743491445000075,-73.92291010399998,75D,75D,2025-01-21T12:24:00.000000,911_calls,2025-01-21 12:24:00,Tuesday,12,1,3.0
call_1285,40.77089564100004,-73.95529881199997,53S,53S,2025-01-20T13:25:00.000000,911_calls,2025-01-20 13:25:00,Monday,13,1,3.0
call_1286,40.88275512300004,-73.83178245599998,10H1,10H1,2025-01-19T14:26:00.000000,911_calls,2025-01-19 14:26:00,Sunday,14,1,3.0
call_1287,40.63498821500008,-74.01367819899997,59W,59W,2025-01-18T15:27:00.000000,911_calls,2025-01-18 15:27:00,Saturday,15,1,3.0
call_1288,40.69292022700006,-73.90582170299996,68Q2,68Q2,2025-01-17T16:28:00.000000,911_calls,2025-01-17 16:28:00,Friday,16,1,3.0
call_1289,40.698602393000044,-73.95062653499997,54S1,54S1,2025-01-16T17:29:00.000000,911_calls,2025-01-16 17:29:00,Thursday,17,1,3.0
call_1290,40.78984839000003,-73.81171431699994,75H,75H,2025-01-15T18:30:00.000000,911_calls,2025-01-15 18:30:00,Wednesday,18,1,3.0
call_1291,40.57801531800004,-73.96454995799996,34Q1,34Q1,2025-01-14T19:31:00.000000,911_calls,2025-01-14 19:31:00,Tuesday,19,1,3.0
call_1292,40.669484613000066,-73.98605085699995,75D,75D,2025-01-13T20:32:00.000000,911_calls,2025-01-13 20:32:00,Monday,20,1,3.0
call_1293,40.79984474200006,-73.96428735899997,75D,75D,2025-01-12T21:33:00.000000,911_calls,2025-01-12 21:33:00,Sunday,21,1,3.0
call_1294,40.57522723400007,-73.96667526999994,10Y3,10Y3,2025-01-11T22:34:00.000000,911_calls,2025-01-11 22:34:00,Saturday,22,1,3.0
call_1295,40.71854485400007,-73.98821227999997,75T,75T,2025-01-10T23:35:00.000000,911_calls,2025-01-10 23:35:00,Friday,23,1,3.0
call_1296,40.67505367800004,-73.97091546699994,75O,75O,2025-01-09T00:36:00.000000,911_calls,2025-01-09 00:36:00,Thursday,0,1,3.0
call_1297,40.727509928000075,-73.86008902499998,68Q2,68Q2,2025-01-08T01:37:00.000000,911_calls,2025-01-08 01:37:00,Wednesday,1,1,3.0
call_1298,40.71467550500006,-73.96497147299993,68Q1,68Q1,2025-01-07T02:38:00.000000,911_calls,2025-01-07 02:38:00,Tuesday,2,1,3.0
call_1299,40.74850993700005,-74.00114552699995,54U1,54U1,2025-01-06T03:39:00.000000,911_calls,2025-01-06 03:39:00,Monday,3,1,3.0
call_1300,40.874064909000026,-73.89071465699999,75S,75S,2025-01-05T04:40:00.000000,911_calls,2025-01-05 04:40:00,Sunday,4,1,3.0
call_1301,40.683645298000044,-73.98977605399995,75I,75I,2025-01-04T05:41:00.000000,911_calls,2025-01-04 05:41:00,Saturday,5,1,3.0
call_1302,40.86802685400005,-73.89698312799999,75S,75S,2025-01-03T06:42:00.000000,911_calls,2025-01-03 06:42:00,Friday,6,1,3.0
call_1303,40.57978019500007,-73.99842465499995,75I,75I,2025-01-02T07:43:00.000000,911_calls,2025-01-02 07:43:00,Thursday,7,1,3.0
call_1304,40.737925493000034,-73.81480198199995,10H2,10H2,2025-01-01T08:44:00.000000,911_calls,2025-01-01 08:44:00,Wednesday,8,1,3.0
call_1305,40.71327959000007,-73.85446284199998,68Q2,68Q2,2024-12-31T09:45:00.000000,911_calls,2024-12-31 09:45:00,Tuesday,9,12,3.0
call_1306,40.71290191700007,-74.00846021499996,52D2,52D2,2024-12-30T10:46:00.000000,911_calls,2024-12-30 10:46:00,Monday,10,12,3.0
call_1307,40.689868372000035,-73.73528796999994,10V2,10V2,2024-12-29T11:47:00.000000,911_calls,2024-12-29 11:47:00,Sunday,11,12,3.0
call_1308,40.70993753300007,-74.00898285199997,75S,75S,2024-12-28T12:48:00.000000,911_calls,2024-12-28 12:48:00,Saturday,12,12,3.0
call_1309,40.72559185000006,-73.97775912699996,10P2,10P2,2024-12-27T13:49:00.000000,911_calls,2024-12-27 13:49:00,Friday,13,12,3.0
call_1310,40.67836827600007,-73.90352044899998,75S,75S,2024-12-26T14:50:00.000000,911_calls,2024-12-26 14:50:00,Thursday,14,12,3.0
call_1311,40.86604021200003,-73.89452046199995,24Q2,24Q2,2024-12-25T15:51:00.000000,911_calls,2024-12-25 15:51:00,Wednesday,15,12,3.0
call_1312,40.725304202000075,-73.94618356199999,39H1,39H1,2024-12-24T16:52:00.000000,911_calls,2024-12-24 16:52:00,Tuesday,16,12,3.0
call_1313,40.75160025400004,-73.99204306099995,54S9,54S9,2024-12-23T17:53:00.000000,911_calls,2024-12-23 17:53:00,Monday,17,12,3.0
call_1314,40.69249416900004,-73.90506863999997,22P2,22P2,2024-12-22T18:54:00.000000,911_calls,2024-12-22 18:54:00,Sunday,18,12,3.0
call_1315,40.67705128500006,-73.92231633299997,10V2,10V2,2024-12-21T19:55:00.000000,911_calls,2024-12-21 19:55:00,Saturday,19,12,3.0
call_1316,40.695956498000044,-73.96594416999994,75D,75D,2024-12-20T20:56:00.000000,911_calls,2024-12-20 20:56:00,Friday,20,12,3.0
call_1317,40.62559358000004,-73.99715551999998,75S,75S,2024-12-19T21:57:00.000000,911_calls,2024-12-19 21:57:00,Thursday,21,12,3.0
call_1318,40.722705560000065,-73.95400350699998,39H1,39H1,2024-12-18T22:58:00.000000,911_calls,2024-12-18 22:58:00,Wednesday,22,12,3.0
call_1319,40.75885707500004,-73.98861664699996,54S2,54S2,2024-12-17T23:59:00.000000,911_calls,2024-12-17 23:59:00,Tuesday,23,12,3.0
call_1320,40.84445978200006,-73.83281539699993,39H1,39H1,2024-12-16T00:00:00.000000,911_calls,2024-12-16 00:00:00,Monday,0,12,3.0
call_1321,40.72441873200006,-73.98916730199994,68Q1,68Q1,2024-12-15T01:01:00.000000,911_calls,2024-12-15 01:01:00,Sunday,1,12,3.0
call_1322,40.701752284000065,-73.92351016999999,75D,75D,2024-12-14T02:02:00.000000,911_calls,2024-12-14 02:02:00,Saturday,2,12,3.0
call_1323,40.61549122300005,-74.08165622999996,10V2,10V2,2024-12-13T03:03:00.000000,911_calls,2024-12-13 03:03:00,Friday,3,12,3.0
call_1324,40.62890106800006,-74.00208014699996,68Q2,68Q2,2024-12-12T04:04:00.000000,911_calls,2024-12-12 04:04:00,Thursday,4,12,3.0
call_1325,40.70386081600003,-73.99392782799998,75D,75D,2024-12-11T05:05:00.000000,911_calls,2024-12-11 05:05:00,Wednesday,5,12,3.0
call_1326,40.604078962000074,-73.75472573599995,75S,75S,2024-12-10T06:06:00.000000,911_calls,2024-12-10 06:06:00,Tuesday,6,12,3.0
call_1327,40.76035134000006,-73.82981746199994,10V2,10V2,2024-12-09T07:07:00.000000,911_calls,2024-12-09 07:07:00,Monday,7,12,3.0
call_1328,40.817229145000056,-73.94228687999998,75D,75D,2024-12-08T08:08:00.000000,911_calls,2024-12-08 08:08:00,Sunday,8,12,3.0
call_1329,40.798072594000075,-73.93033047999995,10Y3,10Y3,2024-12-07T09:09:00.000000,911_calls,2024-12-07 09:09:00,Saturday,9,12,3.0
call_1330,40.821427723000056,-73.93551602499997,75D,75D,2024-12-06T10:10:00.000000,911_calls,2024-12-06 10:10:00,Friday,10,12,3.0
call_1331,40.75176221900006,-73.97373329099997,11C4,11C4,2024-12-05T11:11:00.000000,911_calls,2024-12-05 11:11:00,Thursday,11,12,3.0
call_1332,40.70590213300005,-73.91167519099997,34Q6,34Q6,2024-12-04T12:12:00.000000,911_calls,2024-12-04 12:12:00,Wednesday,12,12,3.0
call_1333,40.57790712700006,-73.98393166299996,68Q1,68Q1,2024-12-03T13:13:00.000000,911_calls,2024-12-03 13:13:00,Tuesday,13,12,3.0
call_1334,40.70307489900006,-73.80791636699996,75D,75D,2024-12-02T14:14:00.000000,911_calls,2024-12-02 14:14:00,Monday,14,12,3.0
call_1335,40.73943264900004,-73.99035569499995,10P2,10P2,2024-12-01T15:15:00.000000,911_calls,2024-12-01 15:15:00,Sunday,15,12,3.0
call_1336,40.76443186900008,-73.97332759099999,68Q9,68Q9,2024-11-30T16:16:00.000000,911_calls,2024-11-30 16:16:00,Saturday,16,11,3.0
call_1337,40.76516078900005,-73.98125842699994,34Q6,34Q6,2024-11-29T17:17:00.000000,911_calls,2024-11-29 17:17:00,Friday,17,11,3.0
call_1338,40.78164000800007,-73.94590332499996,75C,75C,2024-11-28T18:18:00.000000,911_calls,2024-11-28 18:18:00,Thursday,18,11,3.0
call_1339,40.52101670300004,-74.21732010099998,75M,75M,2024-11-27T19:19:00.000000,911_calls,2024-11-27 19:19:00,Wednesday,19,11,3.0
call_1340,40.69554895700003,-73.94778709999997,68Q1,68Q1,2024-11-26T20:20:00.000000,911_calls,2024-11-26 20:20:00,Tuesday,20,11,3.0
call_1341,40.667148205000046,-73.88340093999994,75S,75S,2024-11-25T21:21:00.000000,911_calls,2024-11-25 21:21:00,Monday,21,11,3.0
call_1342,40.76071027900008,-73.97457083099994,68Q2,68Q2,2024-11-24T22:22:00.000000,911_calls,2024-11-24 22:22:00,Sunday,22,11,3.0
call_1343,40.84301251800008,-73.88625152199995,52D6,52D6,2024-11-23T23:23:00.000000,911_calls,2024-11-23 23:23:00,Saturday,23,11,3.0
call_1344,40.76760643000006,-73.98173427399996,54S9,54S9,2024-11-22T00:24:00.000000,911_calls,2024-11-22 00:24:00,Friday,0,11,3.0
call_1345,40.74690206500003,-73.89096656299995,39Q9,39Q9,2024-11-21T01:25:00.000000,911_calls,2024-11-21 01:25:00,Thursday,1,11,3.0
call_1346,40.77877371100004,-73.97595044999997,68Q1,68Q1,2024-11-20T02:26:00.000000,911_calls,2024-11-20 02:26:00,Wednesday,2,11,3.0
call_1347,40.90112420200006,-73.86664721599993,10Y3,10Y3,2024-11-19T03:27:00.000000,911_calls,2024-11-19 03:27:00,Tuesday,3,11,3.0
call_1348,40.827899467000066,-73.92588369299995,75S,75S,2024-11-18T04:28:00.000000,911_calls,2024-11-18 04:28:00,Monday,4,11,3.0
call_1349,40.70112962700006,-73.80837999999994,54E2,54E2,2024-11-17T05:29:00.000000,911_calls,2024-11-17 05:29:00,Sunday,5,11,3.0
call_1350,40.667148205000046,-73.88340093999994,54S9,54S9,2024-11-16T06:30:00.000000,911_calls,2024-11-16 06:30:00,Saturday,6,11,3.0
call_1351,40.85557168400004,-73.86766034499993,50P1,50P1,2024-11-15T07:31:00.000000,911_calls,2024-11-15 07:31:00,Friday,7,11,3.0
call_1352,40.50675509000007,-74.24564651599997,10V2,10V2,2024-11-14T08:32:00.000000,911_calls,2024-11-14 08:32:00,Thursday,8,11,3.0
call_1353,40.68207498100003,-73.98676571599998,68Q1,68Q1,2024-11-13T09:33:00.000000,911_calls,2024-11-13 09:33:00,Wednesday,9,11,3.0
call_1354,40.61986423400003,-73.93182405399995,10H2,10H2,2024-11-12T10:34:00.000000,911_calls,2024-11-12 10:34:00,Tuesday,10,11,3.0
call_1355,40.82240600500006,-73.94877510899994,68Q1,68Q1,2024-11-11T11:35:00.000000,911_calls,2024-11-11 11:35:00,Monday,11,11,3.0
call_1356,40.67130014900005,-73.73420809099997,68Q1,68Q1,2024-11-10T12:36:00.000000,911_calls,2024-11-10 12:36:00,Sunday,12,11,3.0
call_1357,40.83256016900003,-73.93057623299995,59R4,59R4,2024-11-09T13:37:00.000000,911_calls,2024-11-09 13:37:00,Saturday,13,11,3.0
call_1358,40.78589784300004,-73.97075510799993,68Q1,68Q1,2024-11-08T14:38:00.000000,911_calls,2024-11-08 14:38:00,Friday,14,11,3.0
call_1359,40.712997905000066,-74.00946301699997,54S9,54S9,2024-11-07T15:39:00.000000,911_calls,2024-11-07 15:39:00,Thursday,15,11,3.0
call_1360,40.706870769000034,-73.81452035999996,52D1,52D1,2024-11-06T16:40:00.000000,911_calls,2024-11-06 16:40:00,Wednesday,16,11,3.0
call_1361,40.650864289000026,-74.01154800699999,75D,75D,2024-11-05T17:41:00.000000,911_calls,2024-11-05 17:41:00,Tuesday,17,11,3.0
call_1362,40.640291819000026,-73.99433356799994,75T,75T,2024-11-04T18:42:00.000000,911_calls,2024-11-04 18:42:00,Monday,18,11,3.0
call_1363,40.83715438300004,-73.90329380299994,75I,75I,2024-11-03T19:43:00.000000,911_calls,2024-11-03 19:43:00,Sunday,19,11,3.0
call_1364,40.84159462000008,-73.85538925299994,52D6,52D6,2024-11-02T20:44:00.000000,911_calls,2024-11-02 20:44:00,Saturday,20,11,3.0
call_1365,40.62152039800003,-73.92471519499998,68Q1,68Q1,2024-11-01T21:45:00.000000,911_calls,2024-11-01 21:45:00,Friday,21,11,3.0
call_1366,40.79063840500004,-73.94843119099994,68Q1,68Q1,2024-10-31T22:46:00.000000,911_calls,2024-10-31 22:46:00,Thursday,22,10,3.0
call_1367,40.660783550000076,-73.96147833599997,75S,75S,2024-10-30T23:47:00.000000,911_calls,2024-10-30 23:47:00,Wednesday,23,10,3.0
call_1368,40.83739247600005,-73.91645167499996,54U1,54U1,2024-10-29T00:48:00.000000,911_calls,2024-10-29 00:48:00,Tuesday,0,10,3.0
call_1369,40.80023655600007,-73.96214891299996,68Q1,68Q1,2024-10-28T01:49:00.000000,911_calls,2024-10-28 01:49:00,Monday,1,10,3.0
call_1370,40.51660333800004,-74.23256600399998,75D,75D,2024-10-27T02:50:00.000000,911_calls,2024-10-27 02:50:00,Sunday,2,10,3.0
call_1371,40.83070203200003,-73.92203937899995,10Y3,10Y3,2024-10-26T03:51:00.000000,911_calls,2024-10-26 03:51:00,Saturday,3,10,3.0
call_1372,40.75861762200003,-73.98320946699994,22Q1,22Q1,2024-10-25T04:52:00.000000,911_calls,2024-10-25 04:52:00,Friday,4,10,3.0
call_1373,40.814041821000046,-73.92238041999997,52D6,52D6,2024-10-24T05:53:00.000000,911_calls,2024-10-24 05:53:00,Thursday,5,10,3.0
call_1374,40.83015118700007,-73.89238395399997,75S,75S,2024-10-23T06:54:00.000000,911_calls,2024-10-23 06:54:00,Wednesday,6,10,3.0
call_1375,40.747508390000064,-73.85359768999996,10V2,10V2,2024-10-22T07:55:00.000000,911_calls,2024-10-22 07:55:00,Tuesday,7,10,3.0
call_1376,40.58795031200003,-73.98359800899993,75M,75M,2024-10-21T08:56:00.000000,911_calls,2024-10-21 08:56:00,Monday,8,10,3.0
call_1377,40.79006207800006,-73.97269617499995,75D,75D,2024-10-20T09:57:00.000000,911_calls,2024-10-20 09:57:00,Sunday,9,10,3.0
call_1378,40.699162124000054,-73.92078308999999,10P2,10P2,2024-10-19T10:58:00.000000,911_calls,2024-10-19 10:58:00,Saturday,10,10,3.0
call_1379,40.82437748600006,-73.94451363399997,39H9,39H9,2024-10-18T11:59:00.000000,911_calls,2024-10-18 11:59:00,Friday,11,10,3.0
call_1380,40.74911885500006,-73.99014135499993,10P2,10P2,2024-10-17T12:00:00.000000,911_calls,2024-10-17 12:00:00,Thursday,12,10,3.0
call_1381,40.721355481000046,-73.98814684599995,10P2,10P2,2024-10-16T13:01:00.000000,911_calls,2024-10-16 13:01:00,Wednesday,13,10,3.0
call_1382,40.71652158200004,-73.98492995199996,53S,53S,2024-10-15T14:02:00.000000,911_calls,2024-10-15 14:02:00,Tuesday,14,10,3.0
call_1383,40.66048172400008,-73.88129685699994,10S4,10S4,2024-10-14T15:03:00.000000,911_calls,2024-10-14 15:03:00,Monday,15,10,3.0
call_1384,40.67459999000005,-73.93057482199998,54E1,54E1,2024-10-13T16:04:00.000000,911_calls,2024-10-13 16:04:00,Sunday,16,10,3.0
call_1385,40.660670174000074,-73.88579112099995,59V,59V,2024-10-12T17:05:00.000000,911_calls,2024-10-12 17:05:00,Saturday,17,10,3.0
call_1386,40.81535900800003,-73.95927543799996,68Q1,68Q1,2024-10-11T18:06:00.000000,911_calls,2024-10-11 18:06:00,Friday,18,10,3.0
call_1387,40.70880562700006,-73.79192111599997,24Q2,24Q2,2024-10-10T19:07:00.000000,911_calls,2024-10-10 19:07:00,Thursday,19,10,3.0
call_1388,40.632407353000076,-73.93558337299999,11C4,11C4,2024-10-09T20:08:00.000000,911_calls,2024-10-09 20:08:00,Wednesday,20,10,3.0
call_1389,40.82779397400003,-73.89900386999994,75I,75I,2024-10-08T21:09:00.000000,911_calls,2024-10-08 21:09:00,Tuesday,21,10,3.0
call_1390,40.63781546100006,-74.02814159099995,68Q2,68Q2,2024-10-07T22:10:00.000000,911_calls,2024-10-07 22:10:00,Monday,22,10,3.0
call_1391,40.71465309600006,-74.00816464399998,75S,75S,2024-10-06T23:11:00.000000,911_calls,2024-10-06 23:11:00,Sunday,23,10,3.0
call_1392,40.817229145000056,-73.94228687999998,75D,75D,2024-10-05T00:12:00.000000,911_calls,2024-10-05 00:12:00,Saturday,0,10,3.0
call_1393,40.74452451700006,-73.86929921099994,34Q2,34Q2,2024-10-04T01:13:00.000000,911_calls,2024-10-04 01:13:00,Friday,1,10,3.0
call_1394,40.62252460800005,-74.00871172199999,68Q2,68Q2,2024-10-03T02:14:00.000000,911_calls,2024-10-03 02:14:00,Thursday,2,10,3.0
call_1395,40.75991354900003,-73.98629182099995,54S2,54S2,2024-10-02T03:15:00.000000,911_calls,2024-10-02 03:15:00,Wednesday,3,10,3.0
call_1396,40.675727746000064,-73.92149590099996,75D,75D,2024-10-01T04:16:00.000000,911_calls,2024-10-01 04:16:00,Tuesday,4,10,3.0
call_1397,40.839991756000074,-73.84283753799997,10H9,10H9,2024-09-30T05:17:00.000000,911_calls,2024-09-30 05:17:00,Monday,5,9,3.0
call_1398,40.63175124700007,-73.94605003999999,10V2,10V2,2024-09-29T06:18:00.000000,911_calls,2024-09-29 06:18:00,Sunday,6,9,3.0
call_1399,40.63082998100003,-74.01262535399997,68Q2,68Q2,2024-09-28T07:19:00.000000,911_calls,2024-09-28 07:19:00,Saturday,7,9,3.0
call_1400,40.592336182000054,-73.98148695899994,75D,75D,2024-09-27T08:20:00.000000,911_calls,2024-09-27 08:20:00,Friday,8,9,3.0
call_1401,40.87745403900004,-73.86667299299995,75S,75S,2024-09-26T09:21:00.000000,911_calls,2024-09-26 09:21:00,Thursday,9,9,3.0
call_1402,40.592886099000054,-73.79565256399997,75C,75C,2024-09-25T10:22:00.000000,911_calls,2024-09-25 10:22:00,Wednesday,10,9,3.0
call_1403,40.68414956600003,-73.77881595499997,10V2,10V2,2024-09-24T11:23:00.000000,911_calls,2024-09-24 11:23:00,Tuesday,11,9,3.0
call_1404,40.81257998400008,-73.94894884799999,75D,75D,2024-09-23T12:24:00.000000,911_calls,2024-09-23 12:24:00,Monday,12,9,3.0
call_1405,40.66983535600008,-73.91469332599996,75D,75D,2024-09-22T13:25:00.000000,911_calls,2024-09-22 13:25:00,Sunday,13,9,3.0
call_1406,40.74363195800004,-73.98860481199995,10P2,10P2,2024-09-21T14:26:00.000000,911_calls,2024-09-21 14:26:00,Saturday,14,9,3.0
call_1407,40.62361769300003,-74.02357145699995,68Q2,68Q2,2024-09-20T15:27:00.000000,911_calls,2024-09-20 15:27:00,Friday,15,9,3.0
call_1408,40.63242975400004,-73.94722400499995,75S,75S,2024-09-19T16:28:00.000000,911_calls,2024-09-19 16:28:00,Thursday,16,9,3.0
call_1409,40.66692937100004,-73.89561033099994,54S2,54S2,2024-09-18T17:29:00.000000,911_calls,2024-09-18 17:29:00,Wednesday,17,9,3.0
call_1410,40.81142203400003,-73.88471240199993,68Q1,68Q1,2024-09-17T18:30:00.000000,911_calls,2024-09-17 18:30:00,Tuesday,18,9,3.0
call_1411,40.63186591900006,-73.92533040699993,68Q1,68Q1,2024-09-16T19:31:00.000000,911_calls,2024-09-16 19:31:00,Monday,19,9,3.0
call_1412,40.75558209600007,-73.91514298499999,54C2,54C2,2024-09-15T20:32:00.000000,911_calls,2024-09-15 20:32:00,Sunday,20,9,3.0
call_1413,40.72420015400007,-73.97722564299994,29Q1,29Q1,2024-09-14T21:33:00.000000,911_calls,2024-09-14 21:33:00,Saturday,21,9,3.0
call_1414,40.70149136200007,-73.98575563899993,75S,75S,2024-09-13T22:34:00.000000,911_calls,2024-09-13 22:34:00,Friday,22,9,3.0
call_1415,40.64048931100007,-73.99209594199993,54E1,54E1,2024-09-12T23:35:00.000000,911_calls,2024-09-12 23:35:00,Thursday,23,9,3.0
call_1416,40.64048931100007,-73.99209594199993,54E1,54E1,2024-09-11T00:36:00.000000,911_calls,2024-09-11 00:36:00,Wednesday,0,9,3.0
call_1417,40.626117444000045,-74.02699828099998,68Q2,68Q2,2024-09-10T01:37:00.000000,911_calls,2024-09-10 01:37:00,Tuesday,1,9,3.0
call_1418,40.82581777900003,-73.94897843799998,75D,75D,2024-09-09T02:38:00.000000,911_calls,2024-09-09 02:38:00,Monday,2,9,3.0
call_1419,40.79588378900007,-73.94888941899995,68Q1,68Q1,2024-09-08T03:39:00.000000,911_calls,2024-09-08 03:39:00,Sunday,3,9,3.0
call_1420,40.751646125000036,-73.98433730999994,39T1,39T1,2024-09-07T04:40:00.000000,911_calls,2024-09-07 04:40:00,Saturday,4,9,3.0
call_1421,40.75655452900003,-73.99214714599998,10P2,10P2,2024-09-06T05:41:00.000000,911_calls,2024-09-06 05:41:00,Friday,5,9,3.0
call_1422,40.826282132000074,-73.92070763799995,68Q1,68Q1,2024-09-05T06:42:00.000000,911_calls,2024-09-05 06:42:00,Thursday,6,9,3.0
call_1423,40.663185499000065,-73.96228074399994,10V2,10V2,2024-09-04T07:43:00.000000,911_calls,2024-09-04 07:43:00,Wednesday,7,9,3.0
call_1424,40.73903358500007,-73.98154724399996,59R4,59R4,2024-09-03T08:44:00.000000,911_calls,2024-09-03 08:44:00,Tuesday,8,9,3.0
call_1425,40.71239662200003,-73.78490845799996,75M,75M,2024-09-02T09:45:00.000000,911_calls,2024-09-02 09:45:00,Monday,9,9,3.0
call_1426,40.81142203400003,-73.88471240199993,68Q1,68Q1,2024-09-01T10:46:00.000000,911_calls,2024-09-01 10:46:00,Sunday,10,9,3.0
call_1427,40.60629019800007,-73.75422061799998,68Q1,68Q1,2024-08-31T11:47:00.000000,911_calls,2024-08-31 11:47:00,Saturday,11,8,3.0
call_1428,40.843336710000074,-73.90478110499998,10P2,10P2,2024-08-30T12:48:00.000000,911_calls,2024-08-30 12:48:00,Friday,12,8,3.0
call_1429,40.684345009000026,-73.92784965399994,68Q1,68Q1,2024-08-29T13:49:00.000000,911_calls,2024-08-29 13:49:00,Thursday,13,8,3.0
call_1430,40.708477462000076,-74.00690868199996,68Q1,68Q1,2024-08-28T14:50:00.000000,911_calls,2024-08-28 14:50:00,Wednesday,14,8,3.0
call_1431,40.78379559800004,-73.85711445599998,75D,75D,2024-08-27T15:51:00.000000,911_calls,2024-08-27 15:51:00,Tuesday,15,8,3.0
call_1432,40.68301403800007,-73.99020881399997,75I,75I,2024-08-26T16:52:00.000000,911_calls,2024-08-26 16:52:00,Monday,16,8,3.0
call_1433,40.69974268200008,-73.91142368699997,75S,75S,2024-08-25T17:53:00.000000,911_calls,2024-08-25 17:53:00,Sunday,17,8,3.0
call_1434,40.57981858900007,-73.83721101099997,75D,75D,2024-08-24T18:54:00.000000,911_calls,2024-08-24 18:54:00,Saturday,18,8,3.0
call_1435,40.688604586000054,-73.98507328299996,75O,75O,2024-08-23T19:55:00.000000,911_calls,2024-08-23 19:55:00,Friday,19,8,3.0
call_1436,40.617594620000034,-74.03763154099994,68Q2,68Q2,2024-08-22T20:56:00.000000,911_calls,2024-08-22 20:56:00,Thursday,20,8,3.0
call_1437,40.638706899000056,-73.94681909099995,75D,75D,2024-08-21T21:57:00.000000,911_calls,2024-08-21 21:57:00,Wednesday,21,8,3.0
call_1438,40.867108012000074,-73.89769319299995,10S4,10S4,2024-08-20T22:58:00.000000,911_calls,2024-08-20 22:58:00,Tuesday,22,8,3.0
call_1439,40.624327452000045,-74.03806761999994,68Q2,68Q2,2024-08-19T23:59:00.000000,911_calls,2024-08-19 23:59:00,Monday,23,8,3.0
call_1440,40.826323649000074,-73.93937751299995,75D,75D,2024-08-18T00:00:00.000000,911_calls,2024-08-18 00:00:00,Sunday,0,8,3.0
call_1441,40.69010327500007,-73.98542272099996,75T,75T,2024-08-17T01:01:00.000000,911_calls,2024-08-17 01:01:00,Saturday,1,8,3.0
call_1442,40.73237453300004,-73.81077620999997,10V2,10V2,2024-08-16T02:02:00.000000,911_calls,2024-08-16 02:02:00,Friday,2,8,3.0
call_1443,40.88323554800007,-73.86299798899995,75M,75M,2024-08-15T03:03:00.000000,911_calls,2024-08-15 03:03:00,Thursday,3,8,3.0
call_1444,40.76140476000006,-73.99967656899997,52D1,52D1,2024-08-14T04:04:00.000000,911_calls,2024-08-14 04:04:00,Wednesday,4,8,3.0
call_1445,40.77544584100008,-73.91154323799998,75M,75M,2024-08-13T05:05:00.000000,911_calls,2024-08-13 05:05:00,Tuesday,5,8,3.0
call_1446,40.73393724300007,-73.87106639099994,11C4,11C4,2024-08-12T06:06:00.000000,911_calls,2024-08-12 06:06:00,Monday,6,8,3.0
call_1447,40.74077247500003,-73.99807442399998,75T,75T,2024-08-11T07:07:00.000000,911_calls,2024-08-11 07:07:00,Sunday,7,8,3.0
call_1448,40.69768508400006,-73.99381298799995,75S,75S,2024-08-10T08:08:00.000000,911_calls,2024-08-10 08:08:00,Saturday,8,8,3.0
call_1449,40.75664204200007,-73.98837157699995,39Q9,39Q9,2024-08-09T09:09:00.000000,911_calls,2024-08-09 09:09:00,Friday,9,8,3.0
call_1450,40.73552127500005,-73.95513490699994,68Q1,68Q1,2024-08-08T10:10:00.000000,911_calls,2024-08-08 10:10:00,Thursday,10,8,3.0
call_1451,40.80191116900005,-73.95539356899997,75D,75D,2024-08-07T11:11:00.000000,911_calls,2024-08-07 11:11:00,Wednesday,11,8,3.0
call_1452,40.672740178000026,-73.98839701699995,68Q1,68Q1,2024-08-06T12:12:00.000000,911_calls,2024-08-06 12:12:00,Tuesday,12,8,3.0
call_1453,40.73977318800007,-73.99298631899995,68Q1,68Q1,2024-08-05T13:13:00.000000,911_calls,2024-08-05 13:13:00,Monday,13,8,3.0
call_1454,40.78119897000005,-73.94777771499997,68Q1,68Q1,2024-08-04T14:14:00.000000,911_calls,2024-08-04 14:14:00,Sunday,14,8,3.0
call_1455,40.57628456500004,-73.98139061299997,75M,75M,2024-08-03T15:15:00.000000,911_calls,2024-08-03 15:15:00,Saturday,15,8,3.0
call_1456,40.83456194200005,-73.91544337999994,54S1,54S1,2024-08-02T16:16:00.000000,911_calls,2024-08-02 16:16:00,Friday,16,8,3.0
call_1457,40.64639898000007,-73.99463214499997,75S,75S,2024-08-01T17:17:00.000000,911_calls,2024-08-01 17:17:00,Thursday,17,8,3.0
call_1458,40.724141753000026,-74.00785193099995,54R1,54R1,2024-07-31T18:18:00.000000,911_calls,2024-07-31 18:18:00,Wednesday,18,7,3.0
call_1459,40.724141753000026,-74.00785193099995,54R1,54R1,2024-07-30T19:19:00.000000,911_calls,2024-07-30 19:19:00,Tuesday,19,7,3.0
call_1460,40.702986784000075,-73.93594075699997,68Q1,68Q1,2025-07-29T20:20:00.000000,911_calls,2025-07-29 20:20:00,Tuesday,20,7,3.0
call_1461,40.674881362000065,-74.00866088199996,75D,75D,2025-07-28T21:21:00.000000,911_calls,2025-07-28 21:21:00,Monday,21,7,3.0
call_1462,40.849727216000076,-73.90578765199996,68U9,68U9,2025-07-27T22:22:00.000000,911_calls,2025-07-27 22:22:00,Sunday,22,7,3.0
call_1463,40.73201947000007,-74.00073390899996,34Q9,34Q9,2025-07-26T23:23:00.000000,911_calls,2025-07-26 23:23:00,Saturday,23,7,3.0
call_1464,40.698855309000066,-73.95156040199998,75D,75D,2025-07-25T00:24:00.000000,911_calls,2025-07-25 00:24:00,Friday,0,7,3.0
call_1465,40.67158592800007,-73.90684678399998,10V2,10V2,2025-07-24T01:25:00.000000,911_calls,2025-07-24 01:25:00,Thursday,1,7,3.0
call_1466,40.818815405000066,-73.95408520999996,34Q6,34Q6,2025-07-23T02:26:00.000000,911_calls,2025-07-23 02:26:00,Wednesday,2,7,3.0
call_1467,40.72146384000007,-73.95835514799995,54U1,54U1,2025-07-22T03:27:00.000000,911_calls,2025-07-22 03:27:00,Tuesday,3,7,3.0
call_1468,40.71095979100005,-73.79317685999996,75S,75S,2025-07-21T04:28:00.000000,911_calls,2025-07-21 04:28:00,Monday,4,7,3.0
call_1469,40.63595344100003,-73.96783393499999,10S4,10S4,2025-07-20T05:29:00.000000,911_calls,2025-07-20 05:29:00,Sunday,5,7,3.0
call_1470,40.66905010500005,-73.87035911599997,75I,75I,2025-07-19T06:30:00.000000,911_calls,2025-07-19 06:30:00,Saturday,6,7,3.0
call_1471,40.693724908000036,-73.95055441699998,39G,39G,2025-07-18T07:31:00.000000,911_calls,2025-07-18 07:31:00,Friday,7,7,3.0
call_1472,40.78895849100007,-73.81134487299994,75H,75H,2025-07-17T08:32:00.000000,911_calls,2025-07-17 08:32:00,Thursday,8,7,3.0
call_1473,40.71266395500004,-73.79606450499995,52D6,52D6,2025-07-16T09:33:00.000000,911_calls,2025-07-16 09:33:00,Wednesday,9,7,3.0
call_1474,40.71095979100005,-73.79317685999996,50P9,50P9,2025-07-15T10:34:00.000000,911_calls,2025-07-15 10:34:00,Tuesday,10,7,3.0
call_1475,40.85239263300008,-73.89964247199998,10V2,10V2,2025-07-14T11:35:00.000000,911_calls,2025-07-14 11:35:00,Monday,11,7,3.0
call_1476,40.62276777200003,-73.92244795299996,10P2,10P2,2025-07-13T12:36:00.000000,911_calls,2025-07-13 12:36:00,Sunday,12,7,3.0
call_1477,40.69010641500006,-73.98897094299997,68Q1,68Q1,2025-07-12T13:37:00.000000,911_calls,2025-07-12 13:37:00,Saturday,13,7,3.0
call_1478,40.67778272900006,-74.00654858099995,75I,75I,2025-07-11T14:38:00.000000,911_calls,2025-07-11 14:38:00,Friday,14,7,3.0
call_1479,40.60551791300003,-73.95575526599998,54U1,54U1,2025-07-10T15:39:00.000000,911_calls,2025-07-10 15:39:00,Thursday,15,7,3.0
call_1480,40.65462789000003,-74.00418568699996,75S,75S,2025-07-09T16:40:00.000000,911_calls,2025-07-09 16:40:00,Wednesday,16,7,3.0
call_1481,40.79074641400007,-73.95063404199993,75D,75D,2025-07-08T17:41:00.000000,911_calls,2025-07-08 17:41:00,Tuesday,17,7,3.0
call_1482,40.78641190700006,-73.97409517999995,68Q1,68Q1,2025-07-07T18:42:00.000000,911_calls,2025-07-07 18:42:00,Monday,18,7,3.0
call_1483,40.74690206500003,-73.89096656299995,10P9,10P9,2025-07-06T19:43:00.000000,911_calls,2025-07-06 19:43:00,Sunday,19,7,3.0
call_1484,40.84566696100006,-73.88380729499994,54E2,54E2,2025-07-05T20:44:00.000000,911_calls,2025-07-05 20:44:00,Saturday,20,7,3.0
call_1485,40.84566696100006,-73.88380729499994,54E2,54E2,2025-07-04T21:45:00.000000,911_calls,2025-07-04 21:45:00,Friday,21,7,3.0
call_1486,40.643652762000045,-74.08907047599996,10S4,10S4,2025-07-03T22:46:00.000000,911_calls,2025-07-03 22:46:00,Thursday,22,7,3.0
call_1487,40.743323160000045,-73.83760545199993,54E8,54E8,2025-07-02T23:47:00.000000,911_calls,2025-07-02 23:47:00,Wednesday,23,7,3.0
call_1488,40.66571097100007,-73.91992887599997,75D,75D,2025-07-01T00:48:00.000000,911_calls,2025-07-01 00:48:00,Tuesday,0,7,3.0
call_1489,40.66738645300006,-73.85405471499996,34Q2,34Q2,2025-06-30T01:49:00.000000,911_calls,2025-06-30 01:49:00,Monday,1,6,3.0
call_1490,40.71830890700005,-73.98926569499997,68Q1,68Q1,2025-06-29T02:50:00.000000,911_calls,2025-06-29 02:50:00,Sunday,2,6,3.0
call_1491,40.73364563600006,-73.75944475299997,75H,75H,2025-06-28T03:51:00.000000,911_calls,2025-06-28 03:51:00,Saturday,3,6,3.0
call_1492,40.67009720800007,-73.87403762199995,75I,75I,2025-06-27T04:52:00.000000,911_calls,2025-06-27 04:52:00,Friday,4,6,3.0
call_1493,40.71888168700008,-73.98220577599994,52D6,52D6,2025-06-26T05:53:00.000000,911_calls,2025-06-26 05:53:00,Thursday,5,6,3.0
call_1494,40.67277409600007,-73.73420582399996,75D,75D,2025-06-25T06:54:00.000000,911_calls,2025-06-25 06:54:00,Wednesday,6,6,3.0
call_1495,40.69292022700006,-73.90582170299996,68Q1,68Q1,2025-06-24T07:55:00.000000,911_calls,2025-06-24 07:55:00,Tuesday,7,6,3.0
call_1496,40.68207498100003,-73.98676571599998,68Q1,68Q1,2025-06-23T08:56:00.000000,911_calls,2025-06-23 08:56:00,Monday,8,6,3.0
call_1497,40.762416409000025,-73.96084920699997,68Q1,68Q1,2025-06-22T09:57:00.000000,911_calls,2025-06-22 09:57:00,Sunday,9,6,3.0
call_1498,40.66556617400005,-73.92090589299994,54U2,54U2,2025-06-21T10:58:00.000000,911_calls,2025-06-21 10:58:00,Saturday,10,6,3.0
call_1499,40.82748529600008,-73.84576861199997,10V2,10V2,2025-06-20T11:59:00.000000,911_calls,2025-06-20 11:59:00,Friday,11,6,3.0
call_1500,40.849894662000054,-73.86446188799994,10H1,10H1,2025-06-19T12:00:00.000000,911_calls,2025-06-19 12:00:00,Thursday,12,6,3.0
call_1501,40.68152250900005,-73.98121703199996,54E1,54E1,2025-06-18T13:01:00.000000,911_calls,2025-06-18 13:01:00,Wednesday,13,6,3.0
call_1502,40.68152250900005,-73.98121703199996,54E1,54E1,2025-06-17T14:02:00.000000,911_calls,2025-06-17 14:02:00,Tuesday,14,6,3.0
call_1503,40.61320355000004,-74.00407143399997,54Q2,54Q2,2025-06-16T15:03:00.000000,911_calls,2025-06-16 15:03:00,Monday,15,6,3.0
call_1504,40.68684131600003,-73.73787810399995,75D,75D,2025-06-15T16:04:00.000000,911_calls,2025-06-15 16:04:00,Sunday,16,6,3.0
call_1505,40.65462789000003,-74.00418568699996,75S,75S,2025-06-14T17:05:00.000000,911_calls,2025-06-14 17:05:00,Saturday,17,6,3.0
call_1506,40.697832591000065,-73.92326222299994,54U2,54U2,2025-06-13T18:06:00.000000,911_calls,2025-06-13 18:06:00,Friday,18,6,3.0
call_1507,40.67258587100008,-73.87326145799994,75I,75I,2025-06-12T19:07:00.000000,911_calls,2025-06-12 19:07:00,Thursday,19,6,3.0
call_1508,40.755178493000074,-73.83427390599996,75D,75D,2025-06-11T20:08:00.000000,911_calls,2025-06-11 20:08:00,Wednesday,20,6,3.0
call_1509,40.74306071800004,-73.91919716199999,75S,75S,2025-06-10T21:09:00.000000,911_calls,2025-06-10 21:09:00,Tuesday,21,6,3.0
call_1510,40.833290075000036,-73.87248917799997,68Q1,68Q1,2025-06-09T22:10:00.000000,911_calls,2025-06-09 22:10:00,Monday,22,6,3.0
call_1511,40.689048255000046,-73.95861337799994,75D,75D,2025-06-08T23:11:00.000000,911_calls,2025-06-08 23:11:00,Sunday,23,6,3.0
call_1512,40.74231632600004,-73.98165820599996,10P2,10P2,2025-06-07T00:12:00.000000,911_calls,2025-06-07 00:12:00,Saturday,0,6,3.0
call_1513,40.82782501300005,-73.92534538199999,75M,75M,2025-06-06T01:13:00.000000,911_calls,2025-06-06 01:13:00,Friday,1,6,3.0
call_1514,40.82935045800008,-73.92032095499997,10S4,10S4,2025-06-05T02:14:00.000000,911_calls,2025-06-05 02:14:00,Thursday,2,6,3.0
call_1515,40.65030703900004,-74.01212090899998,75D,75D,2025-06-04T03:15:00.000000,911_calls,2025-06-04 03:15:00,Wednesday,3,6,3.0
call_1516,40.52766323700007,-74.23071237699997,68Q1,68Q1,2025-06-03T04:16:00.000000,911_calls,2025-06-03 04:16:00,Tuesday,4,6,3.0
call_1517,40.659406052000065,-73.96263609899995,68Q1,68Q1,2025-06-02T05:17:00.000000,911_calls,2025-06-02 05:17:00,Monday,5,6,3.0
call_1518,40.82186668700007,-73.89737253599998,52D6,52D6,2025-06-01T06:18:00.000000,911_calls,2025-06-01 06:18:00,Sunday,6,6,3.0
call_1519,40.747301899000036,-73.88718365899996,75D,75D,2025-05-31T07:19:00.000000,911_calls,2025-05-31 07:19:00,Saturday,7,5,3.0
call_1520,40.786061036000035,-73.97620781899997,10Y3,10Y3,2025-05-30T08:20:00.000000,911_calls,2025-05-30 08:20:00,Friday,8,5,3.0
call_1521,40.668647132000046,-73.87327975599999,75I,75I,2025-05-29T09:21:00.000000,911_calls,2025-05-29 09:21:00,Thursday,9,5,3.0
call_1522,40.830447407000065,-73.87579016199999,13U2,13U2,2025-05-28T10:22:00.000000,911_calls,2025-05-28 10:22:00,Wednesday,10,5,3.0
call_1523,40.830447407000065,-73.87579016199999,13U2,13U2,2025-05-27T11:23:00.000000,911_calls,2025-05-27 11:23:00,Tuesday,11,5,3.0
call_1524,40.80595974100004,-73.93293384199995,75D,75D,2025-05-26T12:24:00.000000,911_calls,2025-05-26 12:24:00,Monday,12,5,3.0
call_1525,40.61567390000005,-73.92458131399997,10S4,10S4,2025-05-25T13:25:00.000000,911_calls,2025-05-25 13:25:00,Sunday,13,5,3.0
call_1526,40.65568192500007,-74.00291352099998,68Q1,68Q1,2025-05-24T14:26:00.000000,911_calls,2025-05-24 14:26:00,Saturday,14,5,3.0
call_1527,40.85328009600005,-73.88587248599998,68Q1,68Q1,2025-05-23T15:27:00.000000,911_calls,2025-05-23 15:27:00,Friday,15,5,3.0
call_1528,40.67779167400005,-73.74517107599996,75D,75D,2025-05-22T16:28:00.000000,911_calls,2025-05-22 16:28:00,Thursday,16,5,3.0
call_1529,40.843216237000036,-73.93728755699993,75D,75D,2025-05-21T17:29:00.000000,911_calls,2025-05-21 17:29:00,Wednesday,17,5,3.0
call_1530,40.66646466200007,-73.90410359499998,75D,75D,2025-05-20T18:30:00.000000,911_calls,2025-05-20 18:30:00,Tuesday,18,5,3.0
call_1531,40.776822493000054,-73.97738095799997,75S,75S,2025-05-19T19:31:00.000000,911_calls,2025-05-19 19:31:00,Monday,19,5,3.0
call_1532,40.719963868000036,-73.98794867999999,75D,75D,2025-05-18T20:32:00.000000,911_calls,2025-05-18 20:32:00,Sunday,20,5,3.0
call_1533,40.667148205000046,-73.88340093999994,75O,75O,2025-05-17T21:33:00.000000,911_calls,2025-05-17 21:33:00,Saturday,21,5,3.0
call_1534,40.82603459000006,-73.89898124699994,52V6,52V6,2025-05-16T22:34:00.000000,911_calls,2025-05-16 22:34:00,Friday,22,5,3.0
call_1535,40.68151004300006,-73.95574450999999,75S,75S,2025-05-15T23:35:00.000000,911_calls,2025-05-15 23:35:00,Thursday,23,5,3.0
call_1536,40.68684981600006,-73.97947756399998,10H2,10H2,2025-05-14T00:36:00.000000,911_calls,2025-05-14 00:36:00,Wednesday,0,5,3.0
call_1537,40.677419358000066,-73.98305685499997,10Y3,10Y3,2025-05-13T01:37:00.000000,911_calls,2025-05-13 01:37:00,Tuesday,1,5,3.0
call_1538,40.76941270300006,-73.98326811999993,56S,56S,2025-05-12T02:38:00.000000,911_calls,2025-05-12 02:38:00,Monday,2,5,3.0
call_1539,40.869762252000044,-73.90097574599997,68Q1,68Q1,2025-05-11T03:39:00.000000,911_calls,2025-05-11 03:39:00,Sunday,3,5,3.0
call_1540,40.705650897000055,-73.79442684699995,75H,75H,2025-05-10T04:40:00.000000,911_calls,2025-05-10 04:40:00,Saturday,4,5,3.0
call_1541,40.66457188700008,-73.99018268399993,68Q1,68Q1,2025-05-09T05:41:00.000000,911_calls,2025-05-09 05:41:00,Friday,5,5,3.0
call_1542,40.83371524300003,-73.94500815199996,68Q1,68Q1,2025-05-08T06:42:00.000000,911_calls,2025-05-08 06:42:00,Thursday,6,5,3.0
call_1543,40.68112594000007,-73.97436682299997,68Q1,68Q1,2025-05-07T07:43:00.000000,911_calls,2025-05-07 07:43:00,Wednesday,7,5,3.0
call_1544,40.70993753300007,-74.00898285199997,75S,75S,2025-05-06T08:44:00.000000,911_calls,2025-05-06 08:44:00,Tuesday,8,5,3.0
call_1545,40.88680259100005,-73.84687148999996,54U1,54U1,2025-05-05T09:45:00.000000,911_calls,2025-05-05 09:45:00,Monday,9,5,3.0
call_1546,40.670550854000055,-73.97687986999995,75H,75H,2025-05-04T10:46:00.000000,911_calls,2025-05-04 10:46:00,Sunday,10,5,3.0
call_1547,40.65462789000003,-74.00418568699996,75O,75O,2025-05-03T11:47:00.000000,911_calls,2025-05-03 11:47:00,Saturday,11,5,3.0
call_1548,40.84524211200005,-73.90889148399998,10V2,10V2,2025-05-02T12:48:00.000000,911_calls,2025-05-02 12:48:00,Friday,12,5,3.0
call_1549,40.658381415000065,-73.88618429299999,10V2,10V2,2025-05-01T13:49:00.000000,911_calls,2025-05-01 13:49:00,Thursday,13,5,3.0
call_1550,40.746645976000025,-73.99193899199997,68Q1,68Q1,2025-04-30T14:50:00.000000,911_calls,2025-04-30 14:50:00,Wednesday,14,4,3.0
call_1551,40.749733638000066,-73.98967568499995,10P2,10P2,2025-04-29T15:51:00.000000,911_calls,2025-04-29 15:51:00,Tuesday,15,4,3.0
call_1552,40.729963292000036,-73.99090549299996,52D9,52D9,2025-04-28T16:52:00.000000,911_calls,2025-04-28 16:52:00,Monday,16,4,3.0
call_1553,40.69768508400006,-73.99381298799995,75M,75M,2025-04-27T17:53:00.000000,911_calls,2025-04-27 17:53:00,Sunday,17,4,3.0
call_1554,40.66633234200003,-73.87242985499995,60I,60I,2025-04-26T18:54:00.000000,911_calls,2025-04-26 18:54:00,Saturday,18,4,3.0
call_1555,40.748774970000056,-73.98327691099996,10H2,10H2,2025-04-25T19:55:00.000000,911_calls,2025-04-25 19:55:00,Friday,19,4,3.0
call_1556,40.64579935100005,-73.91113854899999,75Z,75Z,2025-04-24T20:56:00.000000,911_calls,2025-04-24 20:56:00,Thursday,20,4,3.0
call_1557,40.82484750900005,-73.85412127399997,10M2,10M2,2025-04-23T21:57:00.000000,911_calls,2025-04-23 21:57:00,Wednesday,21,4,3.0
call_1558,40.744172707000075,-73.98894034199998,54S1,54S1,2025-04-22T22:58:00.000000,911_calls,2025-04-22 22:58:00,Tuesday,22,4,3.0
call_1559,40.86211447300008,-73.92507190099997,75D,75D,2025-04-21T23:59:00.000000,911_calls,2025-04-21 23:59:00,Monday,23,4,3.0
call_1560,40.69149695300007,-73.95963596099995,68Q1,68Q1,2025-04-20T00:00:00.000000,911_calls,2025-04-20 00:00:00,Sunday,0,4,3.0
call_1561,40.68004872600005,-73.77590919399995,54S1,54S1,2025-04-19T01:01:00.000000,911_calls,2025-04-19 01:01:00,Saturday,1,4,3.0
call_1562,40.80323524100004,-73.93469926599994,68Q1,68Q1,2025-04-18T02:02:00.000000,911_calls,2025-04-18 02:02:00,Friday,2,4,3.0
call_1563,40.67068366800004,-73.72996399399995,50G1,50G1,2025-04-17T03:03:00.000000,911_calls,2025-04-17 03:03:00,Thursday,3,4,3.0
call_1564,40.659835679000025,-73.97919392699998,75M,75M,2025-04-16T04:04:00.000000,911_calls,2025-04-16 04:04:00,Wednesday,4,4,3.0
call_1565,40.642239516000075,-74.01688665099994,75D,75D,2025-04-15T05:05:00.000000,911_calls,2025-04-15 05:05:00,Tuesday,5,4,3.0
call_1566,40.86733746700003,-73.91681537799997,75D,75D,2025-04-14T06:06:00.000000,911_calls,2025-04-14 06:06:00,Monday,6,4,3.0
call_1567,40.75808862800005,-73.85735368899998,68Q1,68Q1,2025-04-13T07:07:00.000000,911_calls,2025-04-13 07:07:00,Sunday,7,4,3.0
call_1568,40.71107159500008,-73.95000409899995,53H,53H,2025-04-12T08:08:00.000000,911_calls,2025-04-12 08:08:00,Saturday,8,4,3.0
call_1569,40.75757811200003,-73.98954452399994,68Q1,68Q1,2025-04-11T09:09:00.000000,911_calls,2025-04-11 09:09:00,Friday,9,4,3.0
call_1570,40.64763400100003,-74.00769877999994,75D,75D,2025-04-10T10:10:00.000000,911_calls,2025-04-10 10:10:00,Thursday,10,4,3.0
call_1571,40.77082722200004,-73.99261118899994,24Q1,24Q1,2025-04-09T11:11:00.000000,911_calls,2025-04-09 11:11:00,Wednesday,11,4,3.0
call_1572,40.65290208700003,-73.89402853999997,75D,75D,2025-04-08T12:12:00.000000,911_calls,2025-04-08 12:12:00,Tuesday,12,4,3.0
call_1573,40.69240388700007,-73.99007040599997,75M,75M,2025-04-07T13:13:00.000000,911_calls,2025-04-07 13:13:00,Monday,13,4,3.0
call_1574,40.812296927000034,-73.92350234199995,75D,75D,2025-04-06T14:14:00.000000,911_calls,2025-04-06 14:14:00,Sunday,14,4,3.0
call_1575,40.84219105100004,-73.82616380099995,68Q1,68Q1,2025-04-05T15:15:00.000000,911_calls,2025-04-05 15:15:00,Saturday,15,4,3.0
call_1576,40.83786234100006,-73.92956602799995,54S1,54S1,2025-04-04T16:16:00.000000,911_calls,2025-04-04 16:16:00,Friday,16,4,3.0
call_1577,40.78783760700003,-73.81071608499997,75H,75H,2025-04-03T17:17:00.000000,911_calls,2025-04-03 17:17:00,Thursday,17,4,3.0
call_1578,40.800334261000046,-73.94565697199994,75D,75D,2025-04-02T18:18:00.000000,911_calls,2025-04-02 18:18:00,Wednesday,18,4,3.0
call_1579,40.86345833400003,-73.90174073399999,10P2,10P2,2025-04-01T19:19:00.000000,911_calls,2025-04-01 19:19:00,Tuesday,19,4,3.0
call_1580,40.608861932000025,-73.95804002099999,75S,75S,2025-03-31T20:20:00.000000,911_calls,2025-03-31 20:20:00,Monday,20,3,3.0
call_1581,40.826282132000074,-73.92070763799995,68Q1,68Q1,2025-03-30T21:21:00.000000,911_calls,2025-03-30 21:21:00,Sunday,21,3,3.0
call_1582,40.75736191000004,-73.92912776099996,10P2,10P2,2025-03-29T22:22:00.000000,911_calls,2025-03-29 22:22:00,Saturday,22,3,3.0
call_1583,40.711952093000036,-73.98985467599994,68Q1,68Q1,2025-03-28T23:23:00.000000,911_calls,2025-03-28 23:23:00,Friday,23,3,3.0
call_1584,40.744172707000075,-73.98894034199998,54S2,54S2,2025-03-27T00:24:00.000000,911_calls,2025-03-27 00:24:00,Thursday,0,3,3.0
call_1585,40.60780806200006,-73.81931183899997,75D,75D,2025-03-26T01:25:00.000000,911_calls,2025-03-26 01:25:00,Wednesday,1,3,3.0
call_1586,40.84980933200006,-73.94318032999996,53S8,53S8,2025-03-25T02:26:00.000000,911_calls,2025-03-25 02:26:00,Tuesday,2,3,3.0
call_1587,40.763808604000076,-73.98872409799998,68Q1,68Q1,2025-03-24T03:27:00.000000,911_calls,2025-03-24 03:27:00,Monday,3,3,3.0
call_1588,40.82782501300005,-73.92534538199999,54E9,54E9,2025-03-23T04:28:00.000000,911_calls,2025-03-23 04:28:00,Sunday,4,3,3.0
call_1589,40.67210040400005,-73.87111383099995,75I,75I,2025-03-22T05:29:00.000000,911_calls,2025-03-22 05:29:00,Saturday,5,3,3.0
call_1590,40.71465309600006,-74.00816464399998,68Q9,68Q9,2025-03-21T06:30:00.000000,911_calls,2025-03-21 06:30:00,Friday,6,3,3.0
call_1591,40.68723707300006,-73.92221432099996,68Q1,68Q1,2025-03-20T07:31:00.000000,911_calls,2025-03-20 07:31:00,Thursday,7,3,3.0
call_1592,40.62449533600005,-74.07996332299996,75D,75D,2025-03-19T08:32:00.000000,911_calls,2025-03-19 08:32:00,Wednesday,8,3,3.0
call_1593,40.849727216000076,-73.90578765199996,75S,75S,2025-03-18T09:33:00.000000,911_calls,2025-03-18 09:33:00,Tuesday,9,3,3.0
call_1594,40.65184534600007,-73.92988853999998,75Z,75Z,2025-03-17T10:34:00.000000,911_calls,2025-03-17 10:34:00,Monday,10,3,3.0
call_1595,40.76535388900004,-73.87374556099996,22V2,22V2,2025-03-16T11:35:00.000000,911_calls,2025-03-16 11:35:00,Sunday,11,3,3.0
call_1596,40.70283977200006,-73.99410103799994,54U2,54U2,2025-03-15T12:36:00.000000,911_calls,2025-03-15 12:36:00,Saturday,12,3,3.0
call_1597,40.66744666500006,-73.87237725799997,75I,75I,2025-03-14T13:37:00.000000,911_calls,2025-03-14 13:37:00,Friday,13,3,3.0
call_1598,40.85501743800006,-73.88307521799999,39H1,39H1,2025-03-13T14:38:00.000000,911_calls,2025-03-13 14:38:00,Thursday,14,3,3.0
call_1599,40.679011668000044,-73.91922068399998,52D6,52D6,2025-03-12T15:39:00.000000,911_calls,2025-03-12 15:39:00,Wednesday,15,3,3.0
call_1600,40.66888376700007,-73.93250571899995,54S9,54S9,2025-03-11T16:40:00.000000,911_calls,2025-03-11 16:40:00,Tuesday,16,3,3.0
call_1601,40.768783520000056,-73.91046181299998,54S2,54S2,2025-03-10T17:41:00.000000,911_calls,2025-03-10 17:41:00,Monday,17,3,3.0
call_1602,40.76456598800007,-73.97175720899997,54S2,54S2,2025-03-09T18:42:00.000000,911_calls,2025-03-09 18:42:00,Sunday,18,3,3.0
call_1603,40.77543410700008,-73.95198490299998,68Q1,68Q1,2025-03-08T19:43:00.000000,911_calls,2025-03-08 19:43:00,Saturday,19,3,3.0
call_1604,40.69519897600003,-73.95084903199995,75M,75M,2025-03-07T20:44:00.000000,911_calls,2025-03-07 20:44:00,Friday,20,3,3.0
call_1605,40.661078030000056,-73.99371545899999,68Q1,68Q1,2025-03-06T21:45:00.000000,911_calls,2025-03-06 21:45:00,Thursday,21,3,3.0
call_1606,40.696493892000035,-73.94943081499997,24Q2,24Q2,2025-03-05T22:46:00.000000,911_calls,2025-03-05 22:46:00,Wednesday,22,3,3.0
call_1607,40.81468002500003,-73.91656689099995,10H1,10H1,2025-03-04T23:47:00.000000,911_calls,2025-03-04 23:47:00,Tuesday,23,3,3.0
call_1608,40.84364319300005,-73.94016047699995,54E1,54E1,2025-03-03T00:48:00.000000,911_calls,2025-03-03 00:48:00,Monday,0,3,3.0
call_1609,40.84364319300005,-73.94016047699995,54E1,54E1,2025-03-02T01:49:00.000000,911_calls,2025-03-02 01:49:00,Sunday,1,3,3.0
call_1610,40.80377589700004,-73.91373785399998,53S,53S,2025-03-01T02:50:00.000000,911_calls,2025-03-01 02:50:00,Saturday,2,3,3.0
call_1611,40.67009720800007,-73.87403762199995,75I,75I,2025-02-28T03:51:00.000000,911_calls,2025-02-28 03:51:00,Friday,3,2,3.0
call_1612,40.76178801400005,-73.96129719099997,68Q1,68Q1,2025-02-27T04:52:00.000000,911_calls,2025-02-27 04:52:00,Thursday,4,2,3.0
call_1613,40.827899467000066,-73.92588369299995,75M,75M,2025-02-26T05:53:00.000000,911_calls,2025-02-26 05:53:00,Wednesday,5,2,3.0
call_1614,40.74526492500007,-73.90503314699998,68Q2,68Q2,2025-02-25T06:54:00.000000,911_calls,2025-02-25 06:54:00,Tuesday,6,2,3.0
call_1615,40.86600470600007,-73.87043794899995,39C1,39C1,2025-02-24T07:55:00.000000,911_calls,2025-02-24 07:55:00,Monday,7,2,3.0
call_1616,40.668883566000034,-73.98655204599999,75D,75D,2025-02-23T08:56:00.000000,911_calls,2025-02-23 08:56:00,Sunday,8,2,3.0
call_1617,40.87745403900004,-73.86667299299995,75S,75S,2025-02-22T09:57:00.000000,911_calls,2025-02-22 09:57:00,Saturday,9,2,3.0
call_1618,40.81464181000007,-73.94418938599995,75D,75D,2025-02-21T10:58:00.000000,911_calls,2025-02-21 10:58:00,Friday,10,2,3.0
call_1619,40.76198309100005,-73.98633471299996,34K1,34K1,2025-02-20T11:59:00.000000,911_calls,2025-02-20 11:59:00,Thursday,11,2,3.0
call_1620,40.76198309100005,-73.98633471299996,34K1,34K1,2025-02-19T12:00:00.000000,911_calls,2025-02-19 12:00:00,Wednesday,12,2,3.0
call_1621,40.75664204200007,-73.98837157699995,75S,75S,2025-02-18T13:01:00.000000,911_calls,2025-02-18 13:01:00,Tuesday,13,2,3.0
call_1622,40.84450299200006,-73.93635024499997,68Q1,68Q1,2025-02-17T14:02:00.000000,911_calls,2025-02-17 14:02:00,Monday,14,2,3.0
call_1623,40.65462789000003,-74.00418568699996,75O,75O,2025-02-16T15:03:00.000000,911_calls,2025-02-16 15:03:00,Sunday,15,2,3.0
call_1624,40.64026568200006,-74.01901565699995,75Z,75Z,2025-02-15T16:04:00.000000,911_calls,2025-02-15 16:04:00,Saturday,16,2,3.0
call_1625,40.60440637700003,-73.97409016599994,68Q1,68Q1,2025-02-14T17:05:00.000000,911_calls,2025-02-14 17:05:00,Friday,17,2,3.0
call_1626,40.605002926000054,-73.97860599099994,68Q1,68Q1,2025-02-13T18:06:00.000000,911_calls,2025-02-13 18:06:00,Thursday,18,2,3.0
call_1627,40.68913703900006,-73.93178928699996,75D,75D,2025-02-12T19:07:00.000000,911_calls,2025-02-12 19:07:00,Wednesday,19,2,3.0
call_1628,40.60424683600007,-73.97261370299998,68Q1,68Q1,2025-02-11T20:08:00.000000,911_calls,2025-02-11 20:08:00,Tuesday,20,2,3.0
call_1629,40.70254187100005,-73.79955059199995,75T,75T,2025-02-10T21:09:00.000000,911_calls,2025-02-10 21:09:00,Monday,21,2,3.0
call_1630,40.75664204200007,-73.98837157699995,75O,75O,2025-02-09T22:10:00.000000,911_calls,2025-02-09 22:10:00,Sunday,22,2,3.0
call_1631,40.58095849000006,-73.83778063799997,75T,75T,2025-02-08T23:11:00.000000,911_calls,2025-02-08 23:11:00,Saturday,23,2,3.0
call_1632,40.80404600700007,-73.93662010299994,75O,75O,2025-02-07T00:12:00.000000,911_calls,2025-02-07 00:12:00,Friday,0,2,3.0
call_1633,40.821942740000054,-73.93873476499994,75D,75D,2025-02-06T01:13:00.000000,911_calls,2025-02-06 01:13:00,Thursday,1,2,3.0
call_1634,40.736218594000036,-73.99098402399994,68Q1,68Q1,2025-02-05T02:14:00.000000,911_calls,2025-02-05 02:14:00,Wednesday,2,2,3.0
call_1635,40.60551356800005,-73.97920365199997,68Q1,68Q1,2025-02-04T03:15:00.000000,911_calls,2025-02-04 03:15:00,Tuesday,3,2,3.0
call_1636,40.75545687600004,-74.00223209299998,75M,75M,2025-02-03T04:16:00.000000,911_calls,2025-02-03 04:16:00,Monday,4,2,3.0
call_1637,40.68346026200004,-73.87288383999999,75S,75S,2025-02-02T05:17:00.000000,911_calls,2025-02-02 05:17:00,Sunday,5,2,3.0
call_1638,40.75521188700003,-73.98704355199999,10H1,10H1,2025-02-01T06:18:00.000000,911_calls,2025-02-01 06:18:00,Saturday,6,2,3.0
call_1639,40.79447877000007,-73.94361037899995,13X1,13X1,2025-01-31T07:19:00.000000,911_calls,2025-01-31 07:19:00,Friday,7,1,3.0
call_1640,40.79447877000007,-73.94361037899995,13X1,13X1,2025-01-30T08:20:00.000000,911_calls,2025-01-30 08:20:00,Thursday,8,1,3.0
call_1641,40.75058041300008,-73.94016827599995,10P9,10P9,2025-01-29T09:21:00.000000,911_calls,2025-01-29 09:21:00,Wednesday,9,1,3.0
call_1642,40.725745937000056,-73.83775651999997,53X,53X,2025-01-28T10:22:00.000000,911_calls,2025-01-28 10:22:00,Tuesday,10,1,3.0
call_1643,40.725745937000056,-73.83775651999997,53X,53X,2025-01-27T11:23:00.000000,911_calls,2025-01-27 11:23:00,Monday,11,1,3.0
call_1644,40.64395993900007,-73.97966371899997,75S,75S,2025-01-26T12:24:00.000000,911_calls,2025-01-26 12:24:00,Sunday,12,1,3.0
call_1645,40.67245786700005,-73.87417375699994,75I,75I,2025-01-25T13:25:00.000000,911_calls,2025-01-25 13:25:00,Saturday,13,1,3.0
call_1646,40.65046717200005,-73.95726787499996,10V2,10V2,2025-01-24T14:26:00.000000,911_calls,2025-01-24 14:26:00,Friday,14,1,3.0
call_1647,40.742384009000034,-73.90634361999997,68Q2,68Q2,2025-01-23T15:27:00.000000,911_calls,2025-01-23 15:27:00,Thursday,15,1,3.0
call_1648,40.89371668000007,-73.89644055699995,10Y3,10Y3,2025-01-22T16:28:00.000000,911_calls,2025-01-22 16:28:00,Wednesday,16,1,3.0
call_1649,40.744893027000046,-73.89403740299997,68Q2,68Q2,2025-01-21T17:29:00.000000,911_calls,2025-01-21 17:29:00,Tuesday,17,1,3.0
call_1650,40.65462789000003,-74.00418568699996,75O,75O,2025-01-20T18:30:00.000000,911_calls,2025-01-20 18:30:00,Monday,18,1,3.0
call_1651,40.81334708700007,-73.93048428399999,75M,75M,2025-01-19T19:31:00.000000,911_calls,2025-01-19 19:31:00,Sunday,19,1,3.0
call_1652,40.70355491400005,-73.79967738599998,75D,75D,2025-01-18T20:32:00.000000,911_calls,2025-01-18 20:32:00,Saturday,20,1,3.0
call_1653,40.76992308300004,-73.95298530199995,75D,75D,2025-01-17T21:33:00.000000,911_calls,2025-01-17 21:33:00,Friday,21,1,3.0
call_1654,40.75664204200007,-73.98837157699995,11C4,11C4,2025-01-16T22:34:00.000000,911_calls,2025-01-16 22:34:00,Thursday,22,1,3.0
call_1655,40.67338152900004,-73.83414910199997,54U1,54U1,2025-01-15T23:35:00.000000,911_calls,2025-01-15 23:35:00,Wednesday,23,1,3.0
call_1656,40.79763487500003,-73.96314001099995,75D,75D,2025-01-14T00:36:00.000000,911_calls,2025-01-14 00:36:00,Tuesday,0,1,3.0
call_1657,40.70808588800003,-73.75147916499998,10H1,10H1,2025-01-13T01:37:00.000000,911_calls,2025-01-13 01:37:00,Monday,1,1,3.0
call_1658,40.72020968000004,-73.97938071199997,68Q1,68Q1,2025-01-12T02:38:00.000000,911_calls,2025-01-12 02:38:00,Sunday,2,1,3.0
call_1659,40.81339064900004,-73.94508997099996,75D,75D,2025-01-11T03:39:00.000000,911_calls,2025-01-11 03:39:00,Saturday,3,1,3.0
call_1660,40.66744666500006,-73.87237725799997,75I,75I,2025-01-10T04:40:00.000000,911_calls,2025-01-10 04:40:00,Friday,4,1,3.0
call_1661,40.74590243000006,-73.99990761599997,50G2,50G2,2025-01-09T05:41:00.000000,911_calls,2025-01-09 05:41:00,Thursday,5,1,3.0
call_1662,40.729107200000044,-74.00446457899994,11C4,11C4,2025-01-08T06:42:00.000000,911_calls,2025-01-08 06:42:00,Wednesday,6,1,3.0
call_1663,40.82173304600008,-73.90476143399997,75D,75D,2025-01-07T07:43:00.000000,911_calls,2025-01-07 07:43:00,Tuesday,7,1,3.0
call_1664,40.682907777000025,-73.97661959299995,10V2,10V2,2025-01-06T08:44:00.000000,911_calls,2025-01-06 08:44:00,Monday,8,1,3.0
call_1665,40.75979352100006,-73.99585391499994,34Q1,34Q1,2025-01-05T09:45:00.000000,911_calls,2025-01-05 09:45:00,Sunday,9,1,3.0
call_1666,40.76729627000003,-73.77291888299999,50P2,50P2,2025-01-04T10:46:00.000000,911_calls,2025-01-04 10:46:00,Saturday,10,1,3.0
call_1667,40.65462789000003,-74.00418568699996,75S,75S,2025-01-03T11:47:00.000000,911_calls,2025-01-03 11:47:00,Friday,11,1,3.0
call_1668,40.72082690500008,-73.94492452399999,53S,53S,2025-01-02T12:48:00.000000,911_calls,2025-01-02 12:48:00,Thursday,12,1,3.0
call_1669,40.65254790900008,-73.89098381599996,75D,75D,2025-01-01T13:49:00.000000,911_calls,2025-01-01 13:49:00,Wednesday,13,1,3.0
call_1670,40.828754623000066,-73.86659351599997,68Q1,68Q1,2024-12-31T14:50:00.000000,911_calls,2024-12-31 14:50:00,Tuesday,14,12,3.0
call_1671,40.62559358000004,-73.99715551999998,75M,75M,2024-12-30T15:51:00.000000,911_calls,2024-12-30 15:51:00,Monday,15,12,3.0
call_1672,40.66744666500006,-73.87237725799997,75I,75I,2024-12-29T16:52:00.000000,911_calls,2024-12-29 16:52:00,Sunday,16,12,3.0
call_1673,40.517089544000044,-74.24037950699994,75D,75D,2024-12-28T17:53:00.000000,911_calls,2024-12-28 17:53:00,Saturday,17,12,3.0
call_1674,40.67277409600007,-73.73420582399996,54S2,54S2,2024-12-27T18:54:00.000000,911_calls,2024-12-27 18:54:00,Friday,18,12,3.0
call_1675,40.78379559800004,-73.85711445599998,75D,75D,2024-12-26T19:55:00.000000,911_calls,2024-12-26 19:55:00,Thursday,19,12,3.0
call_1676,40.66191021100008,-73.88246574399994,22Q1,22Q1,2024-12-25T20:56:00.000000,911_calls,2024-12-25 20:56:00,Wednesday,20,12,3.0
call_1677,40.72078298800005,-73.97752984799996,75I,75I,2024-12-24T21:57:00.000000,911_calls,2024-12-24 21:57:00,Tuesday,21,12,3.0
call_1678,40.81179819500005,-73.94998985099994,75D,75D,2024-12-23T22:58:00.000000,911_calls,2024-12-23 22:58:00,Monday,22,12,3.0
call_1679,40.86085841600004,-73.89778957199997,75O,75O,2024-12-22T23:59:00.000000,911_calls,2024-12-22 23:59:00,Sunday,23,12,3.0
call_1680,40.64498150400004,-74.07732129999994,68Q1,68Q1,2024-12-21T00:00:00.000000,911_calls,2024-12-21 00:00:00,Saturday,0,12,3.0
call_1681,40.681161720000034,-73.96441581099998,10H2,10H2,2024-12-20T01:01:00.000000,911_calls,2024-12-20 01:01:00,Friday,1,12,3.0
call_1682,40.54059638700005,-74.17683949599996,75D,75D,2024-12-19T02:02:00.000000,911_calls,2024-12-19 02:02:00,Thursday,2,12,3.0
call_1683,40.65462789000003,-74.00418568699996,75O,75O,2024-12-18T03:03:00.000000,911_calls,2024-12-18 03:03:00,Wednesday,3,12,3.0
call_1684,40.85111921300006,-73.90631703399998,10Y3,10Y3,2024-12-17T04:04:00.000000,911_calls,2024-12-17 04:04:00,Tuesday,4,12,3.0
call_1685,40.861487398000065,-73.92312039299998,52D1,52D1,2024-12-16T05:05:00.000000,911_calls,2024-12-16 05:05:00,Monday,5,12,3.0
call_1686,40.72907407900004,-73.86437568899998,68Q2,68Q2,2024-12-15T06:06:00.000000,911_calls,2024-12-15 06:06:00,Sunday,6,12,3.0
call_1687,40.745850535000045,-73.88502436299996,10V2,10V2,2024-12-14T07:07:00.000000,911_calls,2024-12-14 07:07:00,Saturday,7,12,3.0
call_1688,40.67485050400006,-73.98489249999994,68Q1,68Q1,2024-12-13T08:08:00.000000,911_calls,2024-12-13 08:08:00,Friday,8,12,3.0
call_1689,40.693724908000036,-73.95055441699998,10V2,10V2,2024-12-12T09:09:00.000000,911_calls,2024-12-12 09:09:00,Thursday,9,12,3.0
call_1690,40.68004872600005,-73.77590919399995,54S1,54S1,2024-12-11T10:10:00.000000,911_calls,2024-12-11 10:10:00,Wednesday,10,12,3.0
call_1691,40.671634710000035,-73.87442765599997,75I,75I,2024-12-10T11:11:00.000000,911_calls,2024-12-10 11:11:00,Tuesday,11,12,3.0
call_1692,40.685851213000035,-73.96036412099994,52K6,52K6,2024-12-09T12:12:00.000000,911_calls,2024-12-09 12:12:00,Monday,12,12,3.0
call_1693,40.57720791600008,-73.99028911799996,75I,75I,2024-12-08T13:13:00.000000,911_calls,2024-12-08 13:13:00,Sunday,13,12,3.0
call_1694,40.62966608800008,-74.02853084299994,68Q1,68Q1,2024-12-07T14:14:00.000000,911_calls,2024-12-07 14:14:00,Saturday,14,12,3.0
call_1695,40.816366145000075,-73.86762631099998,59R4,59R4,2024-12-06T15:15:00.000000,911_calls,2024-12-06 15:15:00,Friday,15,12,3.0
call_1696,40.84690651400007,-73.88276417699996,54S1,54S1,2024-12-05T16:16:00.000000,911_calls,2024-12-05 16:16:00,Thursday,16,12,3.0
call_1697,40.86275525800005,-73.90449300199998,75D,75D,2024-12-04T17:17:00.000000,911_calls,2024-12-04 17:17:00,Wednesday,17,12,3.0
call_1698,40.84833817400005,-73.91247643899999,75S,75S,2024-12-03T18:18:00.000000,911_calls,2024-12-03 18:18:00,Tuesday,18,12,3.0
call_1699,40.62236021500007,-73.99713764599994,68Q1,68Q1,2024-12-02T19:19:00.000000,911_calls,2024-12-02 19:19:00,Monday,19,12,3.0
call_1700,40.75894852500005,-73.82780325099998,75H,75H,2024-12-01T20:20:00.000000,911_calls,2024-12-01 20:20:00,Sunday,20,12,3.0
call_1701,40.83732773700007,-73.90381756699998,75I,75I,2024-11-30T21:21:00.000000,911_calls,2024-11-30 21:21:00,Saturday,21,11,3.0
call_1702,40.64475207900006,-74.08724138199995,75D,75D,2024-11-29T22:22:00.000000,911_calls,2024-11-29 22:22:00,Friday,22,11,3.0
call_1703,40.83590005600007,-73.87732669899998,75D,75D,2024-11-28T23:23:00.000000,911_calls,2024-11-28 23:23:00,Thursday,23,11,3.0
call_1704,40.61761420700003,-73.99172764299993,68Q1,68Q1,2024-11-27T00:24:00.000000,911_calls,2024-11-27 00:24:00,Wednesday,0,11,3.0
call_1705,40.57801531800004,-73.96454995799996,68Q1,68Q1,2024-11-26T01:25:00.000000,911_calls,2024-11-26 01:25:00,Tuesday,1,11,3.0
call_1706,40.71095979100005,-73.79317685999996,75M,75M,2024-11-25T02:26:00.000000,911_calls,2024-11-25 02:26:00,Monday,2,11,3.0
call_1707,40.66968264500008,-73.87146456599999,75I,75I,2024-11-24T03:27:00.000000,911_calls,2024-11-24 03:27:00,Sunday,3,11,3.0
call_1708,40.605276651000054,-73.99935680099998,68Q1,68Q1,2024-11-23T04:28:00.000000,911_calls,2024-11-23 04:28:00,Saturday,4,11,3.0
call_1709,40.796705606000046,-73.82624645999994,75D,75D,2024-11-22T05:29:00.000000,911_calls,2024-11-22 05:29:00,Friday,5,11,3.0
call_1710,40.67677262400008,-73.97389981999999,75H,75H,2024-11-21T06:30:00.000000,911_calls,2024-11-21 06:30:00,Thursday,6,11,3.0
call_1711,40.84354252300005,-73.91162978899996,68Q1,68Q1,2024-11-20T07:31:00.000000,911_calls,2024-11-20 07:31:00,Wednesday,7,11,3.0
call_1712,40.776822493000054,-73.97738095799997,75M,75M,2024-11-19T08:32:00.000000,911_calls,2024-11-19 08:32:00,Tuesday,8,11,3.0
call_1713,40.749733638000066,-73.98967568499995,54S2,54S2,2024-11-18T09:33:00.000000,911_calls,2024-11-18 09:33:00,Monday,9,11,3.0
call_1714,40.785573905000035,-73.80948030299999,75H,75H,2024-11-17T10:34:00.000000,911_calls,2024-11-17 10:34:00,Sunday,10,11,3.0
call_1715,40.668647132000046,-73.87327975599999,75I,75I,2024-11-16T11:35:00.000000,911_calls,2024-11-16 11:35:00,Saturday,11,11,3.0
call_1716,40.52461153300004,-74.23044285999998,75Z,75Z,2024-11-15T12:36:00.000000,911_calls,2024-11-15 12:36:00,Friday,12,11,3.0
call_1717,40.67210040400005,-73.87111383099995,75I,75I,2024-11-14T13:37:00.000000,911_calls,2024-11-14 13:37:00,Thursday,13,11,3.0
call_1718,40.68151004300006,-73.95574450999999,75S,75S,2024-11-13T14:38:00.000000,911_calls,2024-11-13 14:38:00,Wednesday,14,11,3.0
call_1719,40.89818459800006,-73.84465685499998,52D6,52D6,2024-11-12T15:39:00.000000,911_calls,2024-11-12 15:39:00,Tuesday,15,11,3.0
call_1720,40.69177551300004,-73.86442991999996,75D,75D,2024-11-11T16:40:00.000000,911_calls,2024-11-11 16:40:00,Monday,16,11,3.0
call_1721,40.76944622800005,-73.95480879699994,75D,75D,2024-11-10T17:41:00.000000,911_calls,2024-11-10 17:41:00,Sunday,17,11,3.0
call_1722,40.88855868600007,-73.85497967499998,10S4,10S4,2024-11-09T18:42:00.000000,911_calls,2024-11-09 18:42:00,Saturday,18,11,3.0
call_1723,40.790601054000035,-73.93936309199995,54U2,54U2,2024-11-08T19:43:00.000000,911_calls,2024-11-08 19:43:00,Friday,19,11,3.0
call_1724,40.70598235800003,-73.80509469799995,52D1,52D1,2024-11-07T20:44:00.000000,911_calls,2024-11-07 20:44:00,Thursday,20,11,3.0
call_1725,40.74435360000007,-73.98649711799999,59R4,59R4,2024-11-06T21:45:00.000000,911_calls,2024-11-06 21:45:00,Wednesday,21,11,3.0
call_1726,40.72078298800005,-73.97752984799996,75I,75I,2024-11-05T22:46:00.000000,911_calls,2024-11-05 22:46:00,Tuesday,22,11,3.0
call_1727,40.74292949900007,-73.99079545899997,39Q1,39Q1,2024-11-04T23:47:00.000000,911_calls,2024-11-04 23:47:00,Monday,23,11,3.0
call_1728,40.83173741000007,-73.85248004899995,53I,53I,2024-11-03T00:48:00.000000,911_calls,2024-11-03 00:48:00,Sunday,0,11,3.0
call_1729,40.68057825600005,-73.95246421199994,75Z,75Z,2024-11-02T01:49:00.000000,911_calls,2024-11-02 01:49:00,Saturday,1,11,3.0
call_1730,40.679450865000035,-73.75079630299996,75D,75D,2024-11-01T02:50:00.000000,911_calls,2024-11-01 02:50:00,Friday,2,11,3.0
call_1731,40.75664204200007,-73.98837157699995,75O,75O,2024-10-31T03:51:00.000000,911_calls,2024-10-31 03:51:00,Thursday,3,10,3.0
call_1732,40.726865400000065,-73.86049446299995,10Y3,10Y3,2024-10-30T04:52:00.000000,911_calls,2024-10-30 04:52:00,Wednesday,4,10,3.0
call_1733,40.66888376700007,-73.93250571899995,50P9,50P9,2024-10-29T05:53:00.000000,911_calls,2024-10-29 05:53:00,Tuesday,5,10,3.0
call_1734,40.67834756000008,-73.91191357999998,75D,75D,2024-10-28T06:54:00.000000,911_calls,2024-10-28 06:54:00,Monday,6,10,3.0
call_1735,40.82226207200006,-73.94053739799995,68Q1,68Q1,2024-10-27T07:55:00.000000,911_calls,2024-10-27 07:55:00,Sunday,7,10,3.0
call_1736,40.69377100300005,-73.92021251599994,10S4,10S4,2024-10-26T08:56:00.000000,911_calls,2024-10-26 08:56:00,Saturday,8,10,3.0
call_1737,40.838424184000075,-73.86653075899994,10H1,10H1,2024-10-25T09:57:00.000000,911_calls,2024-10-25 09:57:00,Friday,9,10,3.0
call_1738,40.71626346000005,-73.98407867999998,75D,75D,2024-10-24T10:58:00.000000,911_calls,2024-10-24 10:58:00,Thursday,10,10,3.0
call_1739,40.80814283800004,-73.94530020299999,68Q1,68Q1,2024-10-23T11:59:00.000000,911_calls,2024-10-23 11:59:00,Wednesday,11,10,3.0
call_1740,40.72047063700006,-73.80920103299997,75D,75D,2024-10-22T12:00:00.000000,911_calls,2024-10-22 12:00:00,Tuesday,12,10,3.0
call_1741,40.82232314000004,-73.93666773099994,68Q1,68Q1,2024-10-21T13:01:00.000000,911_calls,2024-10-21 13:01:00,Monday,13,10,3.0
call_1742,40.75924936100006,-73.98663487499994,54U2,54U2,2024-10-20T14:02:00.000000,911_calls,2024-10-20 14:02:00,Sunday,14,10,3.0
call_1743,40.75058041300008,-73.94016827599995,75M,75M,2024-10-19T15:03:00.000000,911_calls,2024-10-19 15:03:00,Saturday,15,10,3.0
call_1744,40.753668041000026,-73.90345831399998,10V2,10V2,2024-10-18T16:04:00.000000,911_calls,2024-10-18 16:04:00,Friday,16,10,3.0
call_1745,40.58469474000003,-73.96018653899995,10V8,10V8,2024-10-17T17:05:00.000000,911_calls,2024-10-17 17:05:00,Thursday,17,10,3.0
call_1746,40.691849912000066,-73.95656703099996,10V2,10V2,2024-10-16T18:06:00.000000,911_calls,2024-10-16 18:06:00,Wednesday,18,10,3.0
call_1747,40.656923240000026,-73.93964677899999,10Y3,10Y3,2024-10-15T19:07:00.000000,911_calls,2024-10-15 19:07:00,Tuesday,19,10,3.0
call_1748,40.751112050000074,-73.97524941899997,54C1,54C1,2024-10-14T20:08:00.000000,911_calls,2024-10-14 20:08:00,Monday,20,10,3.0
call_1749,40.80959683800006,-73.94978559799995,10H2,10H2,2024-10-13T21:09:00.000000,911_calls,2024-10-13 21:09:00,Sunday,21,10,3.0
call_1750,40.67270571600005,-73.87242487399999,75I,75I,2024-10-12T22:10:00.000000,911_calls,2024-10-12 22:10:00,Saturday,22,10,3.0
call_1751,40.676330602000064,-74.00868270099994,75D,75D,2024-10-11T23:11:00.000000,911_calls,2024-10-11 23:11:00,Friday,23,10,3.0
call_1752,40.70787580000007,-74.01327836699994,54S9,54S9,2024-10-10T00:12:00.000000,911_calls,2024-10-10 00:12:00,Thursday,0,10,3.0
call_1753,40.826667745000066,-73.88625055599994,75T,75T,2024-10-09T01:13:00.000000,911_calls,2024-10-09 01:13:00,Wednesday,1,10,3.0
call_1754,40.84582439900004,-73.93856819599995,68Q1,68Q1,2024-10-08T02:14:00.000000,911_calls,2024-10-08 02:14:00,Tuesday,2,10,3.0
call_1755,40.78819836000008,-73.94266955599994,11C4,11C4,2024-10-07T03:15:00.000000,911_calls,2024-10-07 03:15:00,Monday,3,10,3.0
call_1756,40.69587104300007,-73.82054813399998,75D,75D,2024-10-06T04:16:00.000000,911_calls,2024-10-06 04:16:00,Sunday,4,10,3.0
call_1757,40.86281598200003,-73.90829619399994,11C4,11C4,2024-10-05T05:17:00.000000,911_calls,2024-10-05 05:17:00,Saturday,5,10,3.0
call_1758,40.65859540800005,-73.98134963399997,75D,75D,2024-10-04T06:18:00.000000,911_calls,2024-10-04 06:18:00,Friday,6,10,3.0
call_1759,40.70607933000008,-73.80081315199999,75D,75D,2024-10-03T07:19:00.000000,911_calls,2024-10-03 07:19:00,Thursday,7,10,3.0
call_1760,40.628252744000065,-74.02761878699994,75D,75D,2024-10-02T08:20:00.000000,911_calls,2024-10-02 08:20:00,Wednesday,8,10,3.0
call_1761,40.749899665000044,-73.88291684499995,10V2,10V2,2024-10-01T09:21:00.000000,911_calls,2024-10-01 09:21:00,Tuesday,9,10,3.0
call_1762,40.705628483000055,-73.81014159699998,75S,75S,2024-09-30T10:22:00.000000,911_calls,2024-09-30 10:22:00,Monday,10,9,3.0
call_1763,40.621779237000055,-74.07815174999996,75D,75D,2024-09-29T11:23:00.000000,911_calls,2024-09-29 11:23:00,Sunday,11,9,3.0
call_1764,40.70451983100003,-73.89347040299998,54S1,54S1,2024-09-28T12:24:00.000000,911_calls,2024-09-28 12:24:00,Saturday,12,9,3.0
call_1765,40.67836827600007,-73.90352044899998,75S,75S,2024-09-27T13:25:00.000000,911_calls,2024-09-27 13:25:00,Friday,13,9,3.0
call_1766,40.64214714600007,-73.97358906299996,10S4,10S4,2024-09-26T14:26:00.000000,911_calls,2024-09-26 14:26:00,Thursday,14,9,3.0
call_1767,40.80191116900005,-73.95539356899997,68U2,68U2,2024-09-25T15:27:00.000000,911_calls,2024-09-25 15:27:00,Wednesday,15,9,3.0
call_1768,40.86560949600005,-73.89474168599997,75S,75S,2024-09-24T16:28:00.000000,911_calls,2024-09-24 16:28:00,Tuesday,16,9,3.0
call_1769,40.60541396900004,-73.95669528599996,50G2,50G2,2024-09-23T17:29:00.000000,911_calls,2024-09-23 17:29:00,Monday,17,9,3.0
call_1770,40.70686081400004,-74.00661996799994,68Q1,68Q1,2024-09-22T18:30:00.000000,911_calls,2024-09-22 18:30:00,Sunday,18,9,3.0
call_1771,40.722669980000035,-73.98600364999999,10H1,10H1,2024-09-21T19:31:00.000000,911_calls,2024-09-21 19:31:00,Saturday,19,9,3.0
call_1772,40.75506923000006,-73.98767162199994,22Q1,22Q1,2024-09-20T20:32:00.000000,911_calls,2024-09-20 20:32:00,Friday,20,9,3.0
call_1773,40.75664204200007,-73.98837157699995,75S,75S,2024-09-19T21:33:00.000000,911_calls,2024-09-19 21:33:00,Thursday,21,9,3.0
call_1774,40.675575887000036,-74.00726217999994,75D,75D,2024-09-18T22:34:00.000000,911_calls,2024-09-18 22:34:00,Wednesday,22,9,3.0
call_1775,40.81756136700005,-73.92786058299998,75S,75S,2024-09-17T23:35:00.000000,911_calls,2024-09-17 23:35:00,Tuesday,23,9,3.0
call_1776,40.64564719600003,-73.90287588699994,75S,75S,2024-09-16T00:36:00.000000,911_calls,2024-09-16 00:36:00,Monday,0,9,3.0
call_1777,40.88311992000007,-73.90332096899994,54S1,54S1,2024-09-15T01:37:00.000000,911_calls,2024-09-15 01:37:00,Sunday,1,9,3.0
call_1778,40.794952884000054,-73.97143733299998,75S,75S,2024-09-14T02:38:00.000000,911_calls,2024-09-14 02:38:00,Saturday,2,9,3.0
call_1779,40.793361256000026,-73.97273815999995,75D,75D,2024-09-13T03:39:00.000000,911_calls,2024-09-13 03:39:00,Friday,3,9,3.0
call_1780,40.56528940800007,-74.10757736099998,68Q1,68Q1,2024-09-12T04:40:00.000000,911_calls,2024-09-12 04:40:00,Thursday,4,9,3.0
call_1781,40.762268335000044,-73.75699498299997,75D,75D,2024-09-11T05:41:00.000000,911_calls,2024-09-11 05:41:00,Wednesday,5,9,3.0
call_1782,40.827899467000066,-73.92588369299995,75S,75S,2024-09-10T06:42:00.000000,911_calls,2024-09-10 06:42:00,Tuesday,6,9,3.0
call_1783,40.747301899000036,-73.88718365899996,75D,75D,2024-09-09T07:43:00.000000,911_calls,2024-09-09 07:43:00,Monday,7,9,3.0
call_1784,40.76914830000004,-73.95811593899998,75D,75D,2024-09-08T08:44:00.000000,911_calls,2024-09-08 08:44:00,Sunday,8,9,3.0
call_1785,40.65462789000003,-74.00418568699996,75S,75S,2024-09-07T09:45:00.000000,911_calls,2024-09-07 09:45:00,Saturday,9,9,3.0
call_1786,40.675727746000064,-73.92149590099996,75D,75D,2024-09-06T10:46:00.000000,911_calls,2024-09-06 10:46:00,Friday,10,9,3.0
call_1787,40.804538456000046,-73.93376967299997,75D,75D,2024-09-05T11:47:00.000000,911_calls,2024-09-05 11:47:00,Thursday,11,9,3.0
call_1788,40.76198309100005,-73.98633471299996,75S,75S,2024-09-04T12:48:00.000000,911_calls,2024-09-04 12:48:00,Wednesday,12,9,3.0
call_1789,40.752596391000054,-73.98946951099998,29H1,29H1,2024-09-03T13:49:00.000000,911_calls,2024-09-03 13:49:00,Tuesday,13,9,3.0
call_1790,40.70545056800006,-73.92104973099998,75D,75D,2024-09-02T14:50:00.000000,911_calls,2024-09-02 14:50:00,Monday,14,9,3.0
call_1791,40.87562216300006,-73.87802723399994,10P2,10P2,2024-09-01T15:51:00.000000,911_calls,2024-09-01 15:51:00,Sunday,15,9,3.0
call_1792,40.70213290600003,-73.75812664799997,11R4,11R4,2024-08-31T16:52:00.000000,911_calls,2024-08-31 16:52:00,Saturday,16,8,3.0
call_1793,40.60900645400005,-73.97321320799995,68Q1,68Q1,2024-08-30T17:53:00.000000,911_calls,2024-08-30 17:53:00,Friday,17,8,3.0
call_1794,40.75231007200006,-73.83416554499996,11C4,11C4,2024-08-29T18:54:00.000000,911_calls,2024-08-29 18:54:00,Thursday,18,8,3.0
call_1795,40.68714051200004,-73.85614609099997,52D6,52D6,2024-08-28T19:55:00.000000,911_calls,2024-08-28 19:55:00,Wednesday,19,8,3.0
call_1796,40.72418006500004,-73.95545280999994,29H2,29H2,2024-08-27T20:56:00.000000,911_calls,2024-08-27 20:56:00,Tuesday,20,8,3.0
call_1797,40.834409864000065,-73.91769131999996,75S,75S,2024-08-26T21:57:00.000000,911_calls,2024-08-26 21:57:00,Monday,21,8,3.0
call_1798,40.69226368000005,-73.98774453499993,75O,75O,2024-08-25T22:58:00.000000,911_calls,2024-08-25 22:58:00,Sunday,22,8,3.0
call_1799,40.70087665300008,-73.91558408399999,68Q1,68Q1,2024-08-24T23:59:00.000000,911_calls,2024-08-24 23:59:00,Saturday,23,8,3.0
call_1800,40.749600533000034,-73.86537333399997,75D,75D,2024-08-23T00:00:00.000000,911_calls,2024-08-23 00:00:00,Friday,0,8,3.0
call_1801,40.64805055900007,-74.01444124599993,75D,75D,2024-08-22T01:01:00.000000,911_calls,2024-08-22 01:01:00,Thursday,1,8,3.0
call_1802,40.855241729000056,-73.92940664399998,10V2,10V2,2024-08-21T02:02:00.000000,911_calls,2024-08-21 02:02:00,Wednesday,2,8,3.0
call_1803,40.81747422800004,-73.89636049399996,68Q1,68Q1,2024-08-20T03:03:00.000000,911_calls,2024-08-20 03:03:00,Tuesday,3,8,3.0
call_1804,40.65819694400005,-73.95853880799996,75Z,75Z,2024-08-19T04:04:00.000000,911_calls,2024-08-19 04:04:00,Monday,4,8,3.0
call_1805,40.76941550300006,-73.96085592299994,50P1,50P1,2024-08-18T05:05:00.000000,911_calls,2024-08-18 05:05:00,Sunday,5,8,3.0
call_1806,40.79719864200007,-73.94329385599997,68Q1,68Q1,2024-08-17T06:06:00.000000,911_calls,2024-08-17 06:06:00,Saturday,6,8,3.0
call_1807,40.67061051200005,-73.97350930099998,75H,75H,2024-08-16T07:07:00.000000,911_calls,2024-08-16 07:07:00,Friday,7,8,3.0
call_1808,40.75058041300008,-73.94016827599995,10P9,10P9,2024-08-15T08:08:00.000000,911_calls,2024-08-15 08:08:00,Thursday,8,8,3.0
call_1809,40.63799559500006,-73.90725038199997,75D,75D,2024-08-14T09:09:00.000000,911_calls,2024-08-14 09:09:00,Wednesday,9,8,3.0
call_1810,40.68476079800007,-73.82631099299994,52K6,52K6,2024-08-13T10:10:00.000000,911_calls,2024-08-13 10:10:00,Tuesday,10,8,3.0
call_1811,40.69974268200008,-73.91142368699997,75S,75S,2024-08-12T11:11:00.000000,911_calls,2024-08-12 11:11:00,Monday,11,8,3.0
call_1812,40.736720354000056,-73.98573728399998,68Q1,68Q1,2024-08-11T12:12:00.000000,911_calls,2024-08-11 12:12:00,Sunday,12,8,3.0
call_1813,40.69867719400003,-73.83024897799999,10H2,10H2,2024-08-10T13:13:00.000000,911_calls,2024-08-10 13:13:00,Saturday,13,8,3.0
call_1814,40.76778482100008,-73.98162231199996,75S,75S,2024-08-09T14:14:00.000000,911_calls,2024-08-09 14:14:00,Friday,14,8,3.0
call_1815,40.63575578000007,-74.11957359999997,75I,75I,2024-08-08T15:15:00.000000,911_calls,2024-08-08 15:15:00,Thursday,15,8,3.0
call_1816,40.63449190100005,-74.11815178699999,75I,75I,2024-08-07T16:16:00.000000,911_calls,2024-08-07 16:16:00,Wednesday,16,8,3.0
call_1817,40.74308261700003,-73.95398943899994,75S,75S,2024-08-06T17:17:00.000000,911_calls,2024-08-06 17:17:00,Tuesday,17,8,3.0
call_1818,40.84132291000003,-73.92442309199998,75D,75D,2024-08-05T18:18:00.000000,911_calls,2024-08-05 18:18:00,Monday,18,8,3.0
call_1819,40.812336766000044,-73.92566259599994,52K1,52K1,2024-08-04T19:19:00.000000,911_calls,2024-08-04 19:19:00,Sunday,19,8,3.0
call_1820,40.82075983800007,-73.92082260699993,75I,75I,2024-08-03T20:20:00.000000,911_calls,2024-08-03 20:20:00,Saturday,20,8,3.0
call_1821,40.68346026200004,-73.87288383999999,75O,75O,2024-08-02T21:21:00.000000,911_calls,2024-08-02 21:21:00,Friday,21,8,3.0
call_1822,40.661580695000055,-73.95700124099994,24Q2,24Q2,2024-08-01T22:22:00.000000,911_calls,2024-08-01 22:22:00,Thursday,22,8,3.0
call_1823,40.714946965000024,-73.82942115899993,75M,75M,2024-07-31T23:23:00.000000,911_calls,2024-07-31 23:23:00,Wednesday,23,7,3.0
call_1824,40.565054547000045,-74.18438692599995,75H,75H,2024-07-30T00:24:00.000000,911_calls,2024-07-30 00:24:00,Tuesday,0,7,3.0
call_1825,40.63093648500006,-74.16174567299998,34Q6,34Q6,2025-07-29T01:25:00.000000,911_calls,2025-07-29 01:25:00,Tuesday,1,7,3.0
call_1826,40.79958346600006,-73.96262243699994,34Q2,34Q2,2025-07-28T02:26:00.000000,911_calls,2025-07-28 02:26:00,Monday,2,7,3.0
call_1827,40.67210040400005,-73.87111383099995,75D,75D,2025-07-27T03:27:00.000000,911_calls,2025-07-27 03:27:00,Sunday,3,7,3.0
call_1828,40.71441921200005,-73.73957327599999,10V2,10V2,2025-07-26T04:28:00.000000,911_calls,2025-07-26 04:28:00,Saturday,4,7,3.0
call_1829,40.71830890700005,-73.98926569499997,54U1,54U1,2025-07-25T05:29:00.000000,911_calls,2025-07-25 05:29:00,Friday,5,7,3.0
call_1830,40.57564361900006,-73.99378828999994,75D,75D,2025-07-24T06:30:00.000000,911_calls,2025-07-24 06:30:00,Thursday,6,7,3.0
call_1831,40.71634415200003,-74.00125319299997,68Q1,68Q1,2025-07-23T07:31:00.000000,911_calls,2025-07-23 07:31:00,Wednesday,7,7,3.0
call_1832,40.667497300000036,-73.87101818999997,75I,75I,2025-07-22T08:32:00.000000,911_calls,2025-07-22 08:32:00,Tuesday,8,7,3.0
call_1833,40.671015340000054,-73.91071923099997,10V2,10V2,2025-07-21T09:33:00.000000,911_calls,2025-07-21 09:33:00,Monday,9,7,3.0
call_1834,40.604078962000074,-73.75472573599995,75S,75S,2025-07-20T10:34:00.000000,911_calls,2025-07-20 10:34:00,Sunday,10,7,3.0
call_1835,40.85501743800006,-73.88307521799999,68Q1,68Q1,2025-07-19T11:35:00.000000,911_calls,2025-07-19 11:35:00,Saturday,11,7,3.0
call_1836,40.716621029000066,-73.99100831799996,68Q1,68Q1,2025-07-18T12:36:00.000000,911_calls,2025-07-18 12:36:00,Friday,12,7,3.0
call_1837,40.86735588200003,-73.92786441499999,10V2,10V2,2025-07-17T13:37:00.000000,911_calls,2025-07-17 13:37:00,Thursday,13,7,3.0
call_1838,40.75226444800006,-73.99155933799995,54U1,54U1,2025-07-16T14:38:00.000000,911_calls,2025-07-16 14:38:00,Wednesday,14,7,3.0
call_1839,40.84659512200005,-73.89576934899998,10V2,10V2,2025-07-15T15:39:00.000000,911_calls,2025-07-15 15:39:00,Tuesday,15,7,3.0
call_1840,40.656923240000026,-73.93964677899999,54S1,54S1,2025-07-14T16:40:00.000000,911_calls,2025-07-14 16:40:00,Monday,16,7,3.0
call_1841,40.65088416300006,-73.89348036399997,54S1,54S1,2025-07-13T17:41:00.000000,911_calls,2025-07-13 17:41:00,Sunday,17,7,3.0
call_1842,40.677419358000066,-73.98305685499997,10Y3,10Y3,2025-07-12T18:42:00.000000,911_calls,2025-07-12 18:42:00,Saturday,18,7,3.0
call_1843,40.75924936100006,-73.98663487499994,54S2,54S2,2025-07-11T19:43:00.000000,911_calls,2025-07-11 19:43:00,Friday,19,7,3.0
call_1844,40.75664204200007,-73.98837157699995,54S9,54S9,2025-07-10T20:44:00.000000,911_calls,2025-07-10 20:44:00,Thursday,20,7,3.0
call_1845,40.871159334000026,-73.88894772099997,68Q1,68Q1,2025-07-09T21:45:00.000000,911_calls,2025-07-09 21:45:00,Wednesday,21,7,3.0
call_1846,40.65539077500006,-73.89313078399994,75D,75D,2025-07-08T22:46:00.000000,911_calls,2025-07-08 22:46:00,Tuesday,22,7,3.0
call_1847,40.83507919300007,-73.91715926599994,68Q1,68Q1,2025-07-07T23:47:00.000000,911_calls,2025-07-07 23:47:00,Monday,23,7,3.0
call_1848,40.667497300000036,-73.87101818999997,75I,75I,2025-07-06T00:48:00.000000,911_calls,2025-07-06 00:48:00,Sunday,0,7,3.0
call_1849,40.68757877200005,-73.99260598799998,68Q1,68Q1,2025-07-05T01:49:00.000000,911_calls,2025-07-05 01:49:00,Saturday,1,7,3.0
call_1850,40.87182617500008,-73.89170905799995,68Q1,68Q1,2025-07-04T02:50:00.000000,911_calls,2025-07-04 02:50:00,Friday,2,7,3.0
call_1851,40.70945823400007,-73.81742037999999,39T1,39T1,2025-07-03T03:51:00.000000,911_calls,2025-07-03 03:51:00,Thursday,3,7,3.0
call_1852,40.669051068000044,-73.90182525899996,75S,75S,2025-07-02T04:52:00.000000,911_calls,2025-07-02 04:52:00,Wednesday,4,7,3.0
call_1853,40.636034375000065,-74.02696626299996,75D,75D,2025-07-01T05:53:00.000000,911_calls,2025-07-01 05:53:00,Tuesday,5,7,3.0
call_1854,40.80550434700007,-73.91647725199994,10Y3,10Y3,2025-06-30T06:54:00.000000,911_calls,2025-06-30 06:54:00,Monday,6,6,3.0
call_1855,40.68023991100006,-73.84538446799996,75S,75S,2025-06-29T07:55:00.000000,911_calls,2025-06-29 07:55:00,Sunday,7,6,3.0
call_1856,40.75211177400007,-73.87242800499996,10P2,10P2,2025-06-28T08:56:00.000000,911_calls,2025-06-28 08:56:00,Saturday,8,6,3.0
call_1857,40.82138013500003,-73.95710393599995,75D,75D,2025-06-27T09:57:00.000000,911_calls,2025-06-27 09:57:00,Friday,9,6,3.0
call_1858,40.83722494500006,-73.88729499199997,75T,75T,2025-06-26T10:58:00.000000,911_calls,2025-06-26 10:58:00,Thursday,10,6,3.0
call_1859,40.68121575400005,-73.94203683199999,52D1,52D1,2025-06-25T11:59:00.000000,911_calls,2025-06-25 11:59:00,Wednesday,11,6,3.0
call_1860,40.87016298000003,-73.90422926499997,44H1,44H1,2025-06-24T12:00:00.000000,911_calls,2025-06-24 12:00:00,Tuesday,12,6,3.0
call_1861,40.852009200000055,-73.86778671699994,54C1,54C1,2025-06-23T13:01:00.000000,911_calls,2025-06-23 13:01:00,Monday,13,6,3.0
call_1862,40.68195166000004,-73.97239070399996,68Q1,68Q1,2025-06-22T14:02:00.000000,911_calls,2025-06-22 14:02:00,Sunday,14,6,3.0
call_1863,40.68933550400004,-73.80040882999998,52D2,52D2,2025-06-21T15:03:00.000000,911_calls,2025-06-21 15:03:00,Saturday,15,6,3.0
call_1864,40.770555718000026,-73.73502501899998,75D,75D,2025-06-20T16:04:00.000000,911_calls,2025-06-20 16:04:00,Friday,16,6,3.0
call_1865,40.69666565400007,-73.92265049999997,34K1,34K1,2025-06-19T17:05:00.000000,911_calls,2025-06-19 17:05:00,Thursday,17,6,3.0
call_1866,40.682635445000074,-73.97383262699998,68Q1,68Q1,2025-06-18T18:06:00.000000,911_calls,2025-06-18 18:06:00,Wednesday,18,6,3.0
call_1867,40.80941319900006,-73.94436716399997,68Q1,68Q1,2025-06-17T19:07:00.000000,911_calls,2025-06-17 19:07:00,Tuesday,19,6,3.0
call_1868,40.874064909000026,-73.89071465699999,75M,75M,2025-06-16T20:08:00.000000,911_calls,2025-06-16 20:08:00,Monday,20,6,3.0
call_1869,40.67906840200004,-73.90376820299997,75S,75S,2025-06-15T21:09:00.000000,911_calls,2025-06-15 21:09:00,Sunday,21,6,3.0
call_1870,40.69587104300007,-73.82054813399998,54S2,54S2,2025-06-14T22:10:00.000000,911_calls,2025-06-14 22:10:00,Saturday,22,6,3.0
call_1871,40.69501448600005,-73.99507900599997,10H2,10H2,2025-06-13T23:11:00.000000,911_calls,2025-06-13 23:11:00,Friday,23,6,3.0
call_1872,40.69038962900004,-73.99753859299994,68Q1,68Q1,2025-06-12T00:12:00.000000,911_calls,2025-06-12 00:12:00,Thursday,0,6,3.0
call_1873,40.81334708700007,-73.93048428399999,75O,75O,2025-06-11T01:13:00.000000,911_calls,2025-06-11 01:13:00,Wednesday,1,6,3.0
call_1874,40.65399938500008,-73.89636577299996,75I,75I,2025-06-10T02:14:00.000000,911_calls,2025-06-10 02:14:00,Tuesday,2,6,3.0
call_1875,40.68280264100008,-73.97281940899995,68Q1,68Q1,2025-06-09T03:15:00.000000,911_calls,2025-06-09 03:15:00,Monday,3,6,3.0
call_1876,40.721574160000046,-73.84390324699996,75S,75S,2025-06-08T04:16:00.000000,911_calls,2025-06-08 04:16:00,Sunday,4,6,3.0
call_1877,40.628252744000065,-74.02761878699994,75D,75D,2025-06-07T05:17:00.000000,911_calls,2025-06-07 05:17:00,Saturday,5,6,3.0
call_1878,40.68041746400007,-73.97295017499994,68Q1,68Q1,2025-06-06T06:18:00.000000,911_calls,2025-06-06 06:18:00,Friday,6,6,3.0
call_1879,40.75783900300007,-73.99121211099998,54U2,54U2,2025-06-05T07:19:00.000000,911_calls,2025-06-05 07:19:00,Thursday,7,6,3.0
call_1880,40.75783900300007,-73.99121211099998,54U2,54U2,2025-06-04T08:20:00.000000,911_calls,2025-06-04 08:20:00,Wednesday,8,6,3.0
call_1881,40.72876985400006,-73.78235525199995,75D,75D,2025-06-03T09:21:00.000000,911_calls,2025-06-03 09:21:00,Tuesday,9,6,3.0
call_1882,40.72173239000006,-73.94433212399997,54E1,54E1,2025-06-02T10:22:00.000000,911_calls,2025-06-02 10:22:00,Monday,10,6,3.0
call_1883,40.72173239000006,-73.94433212399997,54E1,54E1,2025-06-01T11:23:00.000000,911_calls,2025-06-01 11:23:00,Sunday,11,6,3.0
call_1884,40.67910832800004,-73.99150730399998,68Q1,68Q1,2025-05-31T12:24:00.000000,911_calls,2025-05-31 12:24:00,Saturday,12,5,3.0
call_1885,40.63809837200006,-74.08017058899998,75D,75D,2025-05-30T13:25:00.000000,911_calls,2025-05-30 13:25:00,Friday,13,5,3.0
call_1886,40.75531670700008,-73.99305326199999,54C1,54C1,2025-05-29T14:26:00.000000,911_calls,2025-05-29 14:26:00,Thursday,14,5,3.0
call_1887,40.608288909000066,-73.81617002399997,75O,75O,2025-05-28T15:27:00.000000,911_calls,2025-05-28 15:27:00,Wednesday,15,5,3.0
call_1888,40.70511006900006,-73.88231383799996,52D2,52D2,2025-05-27T16:28:00.000000,911_calls,2025-05-27 16:28:00,Tuesday,16,5,3.0
call_1889,40.73338396100007,-73.76031889899997,75H,75H,2025-05-26T17:29:00.000000,911_calls,2025-05-26 17:29:00,Monday,17,5,3.0
call_1890,40.76972363800007,-73.98998306599998,53S,53S,2025-05-25T18:30:00.000000,911_calls,2025-05-25 18:30:00,Sunday,18,5,3.0
call_1891,40.66604157200004,-73.90696627099999,10V2,10V2,2025-05-24T19:31:00.000000,911_calls,2025-05-24 19:31:00,Saturday,19,5,3.0
call_1892,40.69974144100007,-73.95055356099994,68Q1,68Q1,2025-05-23T20:32:00.000000,911_calls,2025-05-23 20:32:00,Friday,20,5,3.0
call_1893,40.76443186900008,-73.97332759099999,56S9,56S9,2025-05-22T21:33:00.000000,911_calls,2025-05-22 21:33:00,Thursday,21,5,3.0
call_1894,40.74492419000006,-73.98401408999996,68Q1,68Q1,2025-05-21T22:34:00.000000,911_calls,2025-05-21 22:34:00,Wednesday,22,5,3.0
call_1895,40.57916262500004,-74.00037223199996,75D,75D,2025-05-20T23:35:00.000000,911_calls,2025-05-20 23:35:00,Tuesday,23,5,3.0
call_1896,40.65462789000003,-74.00418568699996,75O,75O,2025-05-19T00:36:00.000000,911_calls,2025-05-19 00:36:00,Monday,0,5,3.0
call_1897,40.63854586200006,-73.97305362199995,39C2,39C2,2025-05-18T01:37:00.000000,911_calls,2025-05-18 01:37:00,Sunday,1,5,3.0
call_1898,40.84912847900006,-73.89276530999996,68Q1,68Q1,2025-05-17T02:38:00.000000,911_calls,2025-05-17 02:38:00,Saturday,2,5,3.0
call_1899,40.71880019500003,-73.98901309299998,34Q2,34Q2,2025-05-16T03:39:00.000000,911_calls,2025-05-16 03:39:00,Friday,3,5,3.0
call_1900,40.82514828500007,-73.94947035199993,39H2,39H2,2025-05-15T04:40:00.000000,911_calls,2025-05-15 04:40:00,Thursday,4,5,3.0
call_1901,40.688604586000054,-73.98507328299996,75M,75M,2025-05-14T05:41:00.000000,911_calls,2025-05-14 05:41:00,Wednesday,5,5,3.0
call_1902,40.83590005600007,-73.87732669899998,68Q1,68Q1,2025-05-13T06:42:00.000000,911_calls,2025-05-13 06:42:00,Tuesday,6,5,3.0
call_1903,40.866485013000045,-73.90089385499994,10P2,10P2,2025-05-12T07:43:00.000000,911_calls,2025-05-12 07:43:00,Monday,7,5,3.0
call_1904,40.591214867000076,-73.97405567699997,50P9,50P9,2025-05-11T08:44:00.000000,911_calls,2025-05-11 08:44:00,Sunday,8,5,3.0
call_1905,40.75896588000006,-73.98111578499999,54S2,54S2,2025-05-10T09:45:00.000000,911_calls,2025-05-10 09:45:00,Saturday,9,5,3.0
call_1906,40.81879602600003,-73.89210605999995,53S,53S,2025-05-09T10:46:00.000000,911_calls,2025-05-09 10:46:00,Friday,10,5,3.0
call_1907,40.847127862000036,-73.82018707899994,52D6,52D6,2025-05-08T11:47:00.000000,911_calls,2025-05-08 11:47:00,Thursday,11,5,3.0
call_1908,40.74492419000006,-73.98401408999996,68Q1,68Q1,2025-05-07T12:48:00.000000,911_calls,2025-05-07 12:48:00,Wednesday,12,5,3.0
call_1909,40.74134137300007,-73.97839260899997,10H2,10H2,2025-05-06T13:49:00.000000,911_calls,2025-05-06 13:49:00,Tuesday,13,5,3.0
call_1910,40.848341256000026,-73.93354533699994,52D6,52D6,2025-05-05T14:50:00.000000,911_calls,2025-05-05 14:50:00,Monday,14,5,3.0
call_1911,40.70364237800004,-73.94029335399995,68Q1,68Q1,2025-05-04T15:51:00.000000,911_calls,2025-05-04 15:51:00,Sunday,15,5,3.0
call_1912,40.671634710000035,-73.87442765599997,75I,75I,2025-05-03T16:52:00.000000,911_calls,2025-05-03 16:52:00,Saturday,16,5,3.0
call_1913,40.63214589000006,-73.90324140299998,68Q1,68Q1,2025-05-02T17:53:00.000000,911_calls,2025-05-02 17:53:00,Friday,17,5,3.0
call_1914,40.68711272400003,-73.97640177399995,75S,75S,2025-05-01T18:54:00.000000,911_calls,2025-05-01 18:54:00,Thursday,18,5,3.0
call_1915,40.874064909000026,-73.89071465699999,75M,75M,2025-04-30T19:55:00.000000,911_calls,2025-04-30 19:55:00,Wednesday,19,4,3.0
call_1916,40.66727380300006,-73.97796601499994,75H,75H,2025-04-29T20:56:00.000000,911_calls,2025-04-29 20:56:00,Tuesday,20,4,3.0
call_1917,40.88605550700004,-73.87875671899997,75O,75O,2025-04-28T21:57:00.000000,911_calls,2025-04-28 21:57:00,Monday,21,4,3.0
call_1918,40.75393423100007,-73.88270401999995,68Q1,68Q1,2025-04-27T22:58:00.000000,911_calls,2025-04-27 22:58:00,Sunday,22,4,3.0
call_1919,40.783916057000056,-73.94733504199996,54S9,54S9,2025-04-26T23:59:00.000000,911_calls,2025-04-26 23:59:00,Saturday,23,4,3.0
call_1920,40.771594675000074,-73.98261771199998,54U1,54U1,2025-04-25T00:00:00.000000,911_calls,2025-04-25 00:00:00,Friday,0,4,3.0
call_1921,40.65399938500008,-73.89636577299996,75I,75I,2025-04-24T01:01:00.000000,911_calls,2025-04-24 01:01:00,Thursday,1,4,3.0
call_1922,40.883646028000044,-73.84674495299998,68Q1,68Q1,2025-04-23T02:02:00.000000,911_calls,2025-04-23 02:02:00,Wednesday,2,4,3.0
call_1923,40.75521188700003,-73.98704355199999,52K2,52K2,2025-04-22T03:03:00.000000,911_calls,2025-04-22 03:03:00,Tuesday,3,4,3.0
call_1924,40.74034258800003,-73.72269892899999,10V2,10V2,2025-04-21T04:04:00.000000,911_calls,2025-04-21 04:04:00,Monday,4,4,3.0
call_1925,40.75757811200003,-73.98954452399994,50P2,50P2,2025-04-20T05:05:00.000000,911_calls,2025-04-20 05:05:00,Sunday,5,4,3.0
call_1926,40.65209148800005,-74.00829032799999,68Q1,68Q1,2025-04-19T06:06:00.000000,911_calls,2025-04-19 06:06:00,Saturday,6,4,3.0
call_1927,40.78060492100008,-73.97832570699995,24Q2,24Q2,2025-04-18T07:07:00.000000,911_calls,2025-04-18 07:07:00,Friday,7,4,3.0
call_1928,40.70626243900006,-73.80194514099998,75H,75H,2025-04-17T08:08:00.000000,911_calls,2025-04-17 08:08:00,Thursday,8,4,3.0
call_1929,40.68151004300006,-73.95574450999999,75S,75S,2025-04-16T09:09:00.000000,911_calls,2025-04-16 09:09:00,Wednesday,9,4,3.0
call_1930,40.640878962000045,-74.00934468899999,68Q1,68Q1,2025-04-15T10:10:00.000000,911_calls,2025-04-15 10:10:00,Tuesday,10,4,3.0
call_1931,40.57503125100004,-73.98988266699996,75I,75I,2025-04-14T11:11:00.000000,911_calls,2025-04-14 11:11:00,Monday,11,4,3.0
call_1932,40.702273406000074,-74.01587398599997,75S,75S,2025-04-13T12:12:00.000000,911_calls,2025-04-13 12:12:00,Sunday,12,4,3.0
call_1933,40.68346026200004,-73.87288383999999,75O,75O,2025-04-12T13:13:00.000000,911_calls,2025-04-12 13:13:00,Saturday,13,4,3.0
call_1934,40.660783550000076,-73.96147833599997,75S,75S,2025-04-11T14:14:00.000000,911_calls,2025-04-11 14:14:00,Friday,14,4,3.0
call_1935,40.60711566300006,-74.00077214699996,75D,75D,2025-04-10T15:15:00.000000,911_calls,2025-04-10 15:15:00,Thursday,15,4,3.0
call_1936,40.69448042700003,-73.91073468999997,39H1,39H1,2025-04-09T16:16:00.000000,911_calls,2025-04-09 16:16:00,Wednesday,16,4,3.0
call_1937,40.70993753300007,-74.00898285199997,54S9,54S9,2025-04-08T17:17:00.000000,911_calls,2025-04-08 17:17:00,Tuesday,17,4,3.0
call_1938,40.76042997600007,-73.88435666599997,68Q1,68Q1,2025-04-07T18:18:00.000000,911_calls,2025-04-07 18:18:00,Monday,18,4,3.0
call_1939,40.69805961700007,-73.93538650699998,56S,56S,2025-04-06T19:19:00.000000,911_calls,2025-04-06 19:19:00,Sunday,19,4,3.0
call_1940,40.74054710400003,-74.00854672499997,10P2,10P2,2025-04-05T20:20:00.000000,911_calls,2025-04-05 20:20:00,Saturday,20,4,3.0
call_1941,40.798292547000074,-73.94082246699998,75O,75O,2025-04-04T21:21:00.000000,911_calls,2025-04-04 21:21:00,Friday,21,4,3.0
call_1942,40.68946016800004,-73.81591739499999,75D,75D,2025-04-03T22:22:00.000000,911_calls,2025-04-03 22:22:00,Thursday,22,4,3.0
call_1943,40.70905899500008,-74.01139217199994,10Y3,10Y3,2025-04-02T23:23:00.000000,911_calls,2025-04-02 23:23:00,Wednesday,23,4,3.0
call_1944,40.836520601000075,-73.94002594299997,75S,75S,2025-04-01T00:24:00.000000,911_calls,2025-04-01 00:24:00,Tuesday,0,4,3.0
call_1945,40.75058041300008,-73.94016827599995,75M,75M,2025-03-31T01:25:00.000000,911_calls,2025-03-31 01:25:00,Monday,1,3,3.0
call_1946,40.67009720800007,-73.87403762199995,75I,75I,2025-03-30T02:26:00.000000,911_calls,2025-03-30 02:26:00,Sunday,2,3,3.0
call_1947,40.67533223700008,-73.81217821599995,75D,75D,2025-03-29T03:27:00.000000,911_calls,2025-03-29 03:27:00,Saturday,3,3,3.0
call_1948,40.81656871100006,-73.89662924999999,75T,75T,2025-03-28T04:28:00.000000,911_calls,2025-03-28 04:28:00,Friday,4,3,3.0
call_1949,40.77220507900006,-73.93304365199998,10P2,10P2,2025-03-27T05:29:00.000000,911_calls,2025-03-27 05:29:00,Thursday,5,3,3.0
call_1950,40.718905214000074,-73.73761491699997,68Q1,68Q1,2025-03-26T06:30:00.000000,911_calls,2025-03-26 06:30:00,Wednesday,6,3,3.0
call_1951,40.63743489600006,-73.92935961599994,75C,75C,2025-03-25T07:31:00.000000,911_calls,2025-03-25 07:31:00,Tuesday,7,3,3.0
call_1952,40.63452592700003,-73.92166686799999,75D,75D,2025-03-24T08:32:00.000000,911_calls,2025-03-24 08:32:00,Monday,8,3,3.0
call_1953,40.608756767000045,-73.97359866999994,54S2,54S2,2025-03-23T09:33:00.000000,911_calls,2025-03-23 09:33:00,Sunday,9,3,3.0
call_1954,40.88214192200007,-73.86662742799996,68Q1,68Q1,2025-03-22T10:34:00.000000,911_calls,2025-03-22 10:34:00,Saturday,10,3,3.0
call_1955,40.831003846000044,-73.86072781499996,10S4,10S4,2025-03-21T11:35:00.000000,911_calls,2025-03-21 11:35:00,Friday,11,3,3.0
call_1956,40.66331345300006,-73.72860610399994,68Q1,68Q1,2025-03-20T12:36:00.000000,911_calls,2025-03-20 12:36:00,Thursday,12,3,3.0
call_1957,40.67155977800007,-73.93225427199997,10V2,10V2,2025-03-19T13:37:00.000000,911_calls,2025-03-19 13:37:00,Wednesday,13,3,3.0
call_1958,40.673018624000065,-73.91020103399995,54I1,54I1,2025-03-18T14:38:00.000000,911_calls,2025-03-18 14:38:00,Tuesday,14,3,3.0
call_1959,40.743686429000036,-73.98491659099994,54U2,54U2,2025-03-17T15:39:00.000000,911_calls,2025-03-17 15:39:00,Monday,15,3,3.0
call_1960,40.57599199300006,-73.99060607299998,75D,75D,2025-03-16T16:40:00.000000,911_calls,2025-03-16 16:40:00,Sunday,16,3,3.0
call_1961,40.69839253400005,-73.93201062499998,53S,53S,2025-03-15T17:41:00.000000,911_calls,2025-03-15 17:41:00,Saturday,17,3,3.0
call_1962,40.830406321000055,-73.91527521199998,75I,75I,2025-03-14T18:42:00.000000,911_calls,2025-03-14 18:42:00,Friday,18,3,3.0
call_1963,40.84956706400004,-73.88368120199993,68Q1,68Q1,2025-03-13T19:43:00.000000,911_calls,2025-03-13 19:43:00,Thursday,19,3,3.0
call_1964,40.810269084000026,-73.94930463799994,75D,75D,2025-03-12T20:44:00.000000,911_calls,2025-03-12 20:44:00,Wednesday,20,3,3.0
call_1965,40.836891096000045,-73.88279628099997,54C1,54C1,2025-03-11T21:45:00.000000,911_calls,2025-03-11 21:45:00,Tuesday,21,3,3.0
call_1966,40.826556227000026,-73.93801869399994,75D,75D,2025-03-10T22:46:00.000000,911_calls,2025-03-10 22:46:00,Monday,22,3,3.0
call_1967,40.784796096000036,-73.97813295799995,10Y3,10Y3,2025-03-09T23:47:00.000000,911_calls,2025-03-09 23:47:00,Sunday,23,3,3.0
call_1968,40.72181718100006,-74.00259172699998,52D1,52D1,2025-03-08T00:48:00.000000,911_calls,2025-03-08 00:48:00,Saturday,0,3,3.0
call_1969,40.75804408300007,-73.97019701999994,54S9,54S9,2025-03-07T01:49:00.000000,911_calls,2025-03-07 01:49:00,Friday,1,3,3.0
call_1970,40.83015118700007,-73.89238395399997,75T,75T,2025-03-06T02:50:00.000000,911_calls,2025-03-06 02:50:00,Thursday,2,3,3.0
call_1971,40.694304239000076,-73.97748467799994,68Q1,68Q1,2025-03-05T03:51:00.000000,911_calls,2025-03-05 03:51:00,Wednesday,3,3,3.0
call_1972,40.60412090600005,-74.00654135299999,68Q1,68Q1,2025-03-04T04:52:00.000000,911_calls,2025-03-04 04:52:00,Tuesday,4,3,3.0
call_1973,40.77089564100004,-73.95529881199997,75D,75D,2025-03-03T05:53:00.000000,911_calls,2025-03-03 05:53:00,Monday,5,3,3.0
call_1974,40.66795334400007,-73.98897820999997,75D,75D,2025-03-02T06:54:00.000000,911_calls,2025-03-02 06:54:00,Sunday,6,3,3.0
call_1975,40.59881263200003,-73.99770761099995,68Q1,68Q1,2025-03-01T07:55:00.000000,911_calls,2025-03-01 07:55:00,Saturday,7,3,3.0
call_1976,40.69974268200008,-73.91142368699997,75S,75S,2025-02-28T08:56:00.000000,911_calls,2025-02-28 08:56:00,Friday,8,2,3.0
call_1977,40.60884895600003,-74.08146082599995,68Q2,68Q2,2025-02-27T09:57:00.000000,911_calls,2025-02-27 09:57:00,Thursday,9,2,3.0
call_1978,40.714074580000045,-73.95049964199995,75S,75S,2025-02-26T10:58:00.000000,911_calls,2025-02-26 10:58:00,Wednesday,10,2,3.0
call_1979,40.61413064200008,-74.06286029499995,68Q2,68Q2,2025-02-25T11:59:00.000000,911_calls,2025-02-25 11:59:00,Tuesday,11,2,3.0
call_1980,40.773824905000026,-73.95013751199997,68Q1,68Q1,2025-02-24T12:00:00.000000,911_calls,2025-02-24 12:00:00,Monday,12,2,3.0
call_1981,40.740512143000046,-73.79287943199995,11C4,11C4,2025-02-23T13:01:00.000000,911_calls,2025-02-23 13:01:00,Sunday,13,2,3.0
call_1982,40.767543157000034,-73.77145955099996,68Q1,68Q1,2025-02-22T14:02:00.000000,911_calls,2025-02-22 14:02:00,Saturday,14,2,3.0
call_1983,40.60700035900004,-73.99756687399997,10Y3,10Y3,2025-02-21T15:03:00.000000,911_calls,2025-02-21 15:03:00,Friday,15,2,3.0
call_1984,40.77146191600008,-73.90641464799995,10V2,10V2,2025-02-20T16:04:00.000000,911_calls,2025-02-20 16:04:00,Thursday,16,2,3.0
call_1985,40.58795031200003,-73.98359800899993,75T,75T,2025-02-19T17:05:00.000000,911_calls,2025-02-19 17:05:00,Wednesday,17,2,3.0
call_1986,40.600154743000076,-73.76298300899998,68Q1,68Q1,2025-02-18T18:06:00.000000,911_calls,2025-02-18 18:06:00,Tuesday,18,2,3.0
call_1987,40.77082722200004,-73.99261118899994,24Q1,24Q1,2025-02-17T19:07:00.000000,911_calls,2025-02-17 19:07:00,Monday,19,2,3.0
call_1988,40.621415599000045,-74.08007850499996,75I,75I,2025-02-16T20:08:00.000000,911_calls,2025-02-16 20:08:00,Sunday,20,2,3.0
call_1989,40.76126636400005,-73.98365640999998,75S,75S,2025-02-15T21:09:00.000000,911_calls,2025-02-15 21:09:00,Saturday,21,2,3.0
call_1990,40.64291042600007,-74.00364804999998,10S4,10S4,2025-02-14T22:10:00.000000,911_calls,2025-02-14 22:10:00,Friday,22,2,3.0
call_1991,40.86216301400003,-73.93256986999995,75D,75D,2025-02-13T23:11:00.000000,911_calls,2025-02-13 23:11:00,Thursday,23,2,3.0
call_1992,40.61756053800008,-73.91061062599994,75Z,75Z,2025-02-12T00:12:00.000000,911_calls,2025-02-12 00:12:00,Wednesday,0,2,3.0
call_1993,40.77589130500007,-73.90235736899996,75D,75D,2025-02-11T01:13:00.000000,911_calls,2025-02-11 01:13:00,Tuesday,1,2,3.0
call_1994,40.621415599000045,-74.08007850499996,75I,75I,2025-02-10T02:14:00.000000,911_calls,2025-02-10 02:14:00,Monday,2,2,3.0
call_1995,40.816043904000026,-73.91622558399996,24Q1,24Q1,2025-02-09T03:15:00.000000,911_calls,2025-02-09 03:15:00,Sunday,3,2,3.0
call_1996,40.783585352000046,-73.95051296599996,68Q1,68Q1,2025-02-08T04:16:00.000000,911_calls,2025-02-08 04:16:00,Saturday,4,2,3.0
call_1997,40.72946043700006,-73.89233729399996,10Y3,10Y3,2025-02-07T05:17:00.000000,911_calls,2025-02-07 05:17:00,Friday,5,2,3.0
call_1998,40.645870305000074,-73.95195201299998,75D,75D,2025-02-06T06:18:00.000000,911_calls,2025-02-06 06:18:00,Thursday,6,2,3.0
call_1999,40.75664204200007,-73.98837157699995,75O,75O,2025-02-05T07:19:00.000000,911_calls,2025-02-05 07:19:00,Wednesday,7,2,3.0
call_2000,40.71249165100005,-73.96834528499994,68Q2,68Q2,2025-02-04T08:20:00.000000,911_calls,2025-02-04 08:20:00,Tuesday,8,2,3.0
call_2001,40.75493348100008,-73.91039019299996,75I,75I,2025-02-03T09:21:00.000000,911_calls,2025-02-03 09:21:00,Monday,9,2,3.0
call_2002,40.81660632400008,-73.94274985399994,52D2,52D2,2025-02-02T10:22:00.000000,911_calls,2025-02-02 10:22:00,Sunday,10,2,3.0
call_2003,40.870182380000074,-73.89498031499994,10P2,10P2,2025-02-01T11:23:00.000000,911_calls,2025-02-01 11:23:00,Saturday,11,2,3.0
call_2004,40.86084242800007,-73.91915529099998,10V2,10V2,2025-01-31T12:24:00.000000,911_calls,2025-01-31 12:24:00,Friday,12,1,3.0
call_2005,40.83017747100007,-73.83748742299997,10V2,10V2,2025-01-30T13:25:00.000000,911_calls,2025-01-30 13:25:00,Thursday,13,1,3.0
call_2006,40.82851311300004,-73.89594220999999,75D,75D,2025-01-29T14:26:00.000000,911_calls,2025-01-29 14:26:00,Wednesday,14,1,3.0
call_2007,40.74483329900005,-73.98188487199997,68Q1,68Q1,2025-01-28T15:27:00.000000,911_calls,2025-01-28 15:27:00,Tuesday,15,1,3.0
call_2008,40.69405440100007,-73.90998157899998,39H1,39H1,2025-01-27T16:28:00.000000,911_calls,2025-01-27 16:28:00,Monday,16,1,3.0
call_2009,40.77437520800004,-73.98337879799993,34Q9,34Q9,2025-01-26T17:29:00.000000,911_calls,2025-01-26 17:29:00,Sunday,17,1,3.0
call_2010,40.607523650000076,-73.96140102199996,54C2,54C2,2025-01-25T18:30:00.000000,911_calls,2025-01-25 18:30:00,Saturday,18,1,3.0
call_2011,40.61676270800007,-74.02898637799996,68Q1,68Q1,2025-01-24T19:31:00.000000,911_calls,2025-01-24 19:31:00,Friday,19,1,3.0
call_2012,40.66945424600004,-73.86851987999995,10Y3,10Y3,2025-01-23T20:32:00.000000,911_calls,2025-01-23 20:32:00,Thursday,20,1,3.0
call_2013,40.66945424600004,-73.86851987999995,10Y3,10Y3,2025-01-22T21:33:00.000000,911_calls,2025-01-22 21:33:00,Wednesday,21,1,3.0
call_2014,40.834409864000065,-73.91769131999996,54S9,54S9,2025-01-21T22:34:00.000000,911_calls,2025-01-21 22:34:00,Tuesday,22,1,3.0
call_2015,40.74178632500008,-73.91802587499996,68Q2,68Q2,2025-01-20T23:35:00.000000,911_calls,2025-01-20 23:35:00,Monday,23,1,3.0
call_2016,40.64639898000007,-73.99463214499997,75M,75M,2025-01-19T00:36:00.000000,911_calls,2025-01-19 00:36:00,Sunday,0,1,3.0
call_2017,40.83802433000005,-73.83154861999998,10V2,10V2,2025-01-18T01:37:00.000000,911_calls,2025-01-18 01:37:00,Saturday,1,1,3.0
call_2018,40.81095467400007,-73.91935316099995,10S4,10S4,2025-01-17T02:38:00.000000,911_calls,2025-01-17 02:38:00,Friday,2,1,3.0
call_2019,40.703688826000075,-73.93988215399997,10Y3,10Y3,2025-01-16T03:39:00.000000,911_calls,2025-01-16 03:39:00,Thursday,3,1,3.0
call_2020,40.71222373400008,-73.96274717099999,68Q1,68Q1,2025-01-15T04:40:00.000000,911_calls,2025-01-15 04:40:00,Wednesday,4,1,3.0
call_2021,40.82193193200004,-73.89977873599997,75D,75D,2025-01-14T05:41:00.000000,911_calls,2025-01-14 05:41:00,Tuesday,5,1,3.0
call_2022,40.73185913100008,-73.98375382699999,39H1,39H1,2025-01-13T06:42:00.000000,911_calls,2025-01-13 06:42:00,Monday,6,1,3.0
call_2023,40.65433902400008,-73.89557597099997,75D,75D,2025-01-12T07:43:00.000000,911_calls,2025-01-12 07:43:00,Sunday,7,1,3.0
call_2024,40.83333029800008,-73.90576389199998,75D,75D,2025-01-11T08:44:00.000000,911_calls,2025-01-11 08:44:00,Saturday,8,1,3.0
call_2025,40.57628456500004,-73.98139061299997,50P9,50P9,2025-01-10T09:45:00.000000,911_calls,2025-01-10 09:45:00,Friday,9,1,3.0
call_2026,40.63417125600006,-73.89359350899997,10S4,10S4,2025-01-09T10:46:00.000000,911_calls,2025-01-09 10:46:00,Thursday,10,1,3.0
call_2027,40.70206381500003,-73.82091015399999,53D,53D,2025-01-08T11:47:00.000000,911_calls,2025-01-08 11:47:00,Wednesday,11,1,3.0
call_2028,40.67992781300006,-73.87802822699996,11C4,11C4,2025-01-07T12:48:00.000000,911_calls,2025-01-07 12:48:00,Tuesday,12,1,3.0
call_2029,40.67277409600007,-73.73420582399996,34Q2,34Q2,2025-01-06T13:49:00.000000,911_calls,2025-01-06 13:49:00,Monday,13,1,3.0
call_2030,40.634446457000024,-74.02061729299999,68Q1,68Q1,2025-01-05T14:50:00.000000,911_calls,2025-01-05 14:50:00,Sunday,14,1,3.0
call_2031,40.75877504400006,-73.99238511899995,54U2,54U2,2025-01-04T15:51:00.000000,911_calls,2025-01-04 15:51:00,Saturday,15,1,3.0
call_2032,40.624327452000045,-74.03806761999994,68Q1,68Q1,2025-01-03T16:52:00.000000,911_calls,2025-01-03 16:52:00,Friday,16,1,3.0
call_2033,40.753101075000075,-73.86860382899994,68Q1,68Q1,2025-01-02T17:53:00.000000,911_calls,2025-01-02 17:53:00,Thursday,17,1,3.0
call_2034,40.626294322000035,-74.02122359199996,68Q1,68Q1,2025-01-01T18:54:00.000000,911_calls,2025-01-01 18:54:00,Wednesday,18,1,3.0
call_2035,40.68953228600003,-73.97063870999995,75D,75D,2024-12-31T19:55:00.000000,911_calls,2024-12-31 19:55:00,Tuesday,19,12,3.0
call_2036,40.62303466900005,-74.01356047599995,68Q1,68Q1,2024-12-30T20:56:00.000000,911_calls,2024-12-30 20:56:00,Monday,20,12,3.0
call_2037,40.64537834300006,-74.09021148699998,68Q2,68Q2,2024-12-29T21:57:00.000000,911_calls,2024-12-29 21:57:00,Sunday,21,12,3.0
call_2038,40.683612062000066,-73.92770261899994,68Q1,68Q1,2024-12-28T22:58:00.000000,911_calls,2024-12-28 22:58:00,Saturday,22,12,3.0
call_2039,40.84116729400006,-73.87239095599995,54E9,54E9,2024-12-27T23:59:00.000000,911_calls,2024-12-27 23:59:00,Friday,23,12,3.0
call_2040,40.84116729400006,-73.87239095599995,54E9,54E9,2024-12-26T00:00:00.000000,911_calls,2024-12-26 00:00:00,Thursday,0,12,3.0
call_2041,40.68739746400007,-73.91241724999998,11A2,11A2,2024-12-25T01:01:00.000000,911_calls,2024-12-25 01:01:00,Wednesday,1,12,3.0
call_2042,40.65217686500006,-73.94972027999995,75D,75D,2024-12-24T02:02:00.000000,911_calls,2024-12-24 02:02:00,Tuesday,2,12,3.0
call_2043,40.674369253000066,-73.86304850799996,24Q1,24Q1,2024-12-23T03:03:00.000000,911_calls,2024-12-23 03:03:00,Monday,3,12,3.0
call_2044,40.75896588000006,-73.98111578499999,54S1,54S1,2024-12-22T04:04:00.000000,911_calls,2024-12-22 04:04:00,Sunday,4,12,3.0
call_2045,40.67690313600008,-73.98171945599995,75D,75D,2024-12-21T05:05:00.000000,911_calls,2024-12-21 05:05:00,Saturday,5,12,3.0
call_2046,40.74978718600005,-73.86775138799999,75D,75D,2024-12-20T06:06:00.000000,911_calls,2024-12-20 06:06:00,Friday,6,12,3.0
call_2047,40.86940749200005,-73.87999831299999,24Q1,24Q1,2024-12-19T07:07:00.000000,911_calls,2024-12-19 07:07:00,Thursday,7,12,3.0
call_2048,40.80673436100005,-73.93896910899997,10Y3,10Y3,2024-12-18T08:08:00.000000,911_calls,2024-12-18 08:08:00,Wednesday,8,12,3.0
call_2049,40.587298374000056,-73.81553653299994,68Q2,68Q2,2024-12-17T09:09:00.000000,911_calls,2024-12-17 09:09:00,Tuesday,9,12,3.0
call_2050,40.57503125100004,-73.98988266699996,75I,75I,2024-12-16T10:10:00.000000,911_calls,2024-12-16 10:10:00,Monday,10,12,3.0
call_2051,40.78803738200003,-73.97688241099996,10Y3,10Y3,2024-12-15T11:11:00.000000,911_calls,2024-12-15 11:11:00,Sunday,11,12,3.0
call_2052,40.619442536000065,-73.99984655099996,75M,75M,2024-12-14T12:12:00.000000,911_calls,2024-12-14 12:12:00,Saturday,12,12,3.0
call_2053,40.82173633200006,-73.89286725999995,68Q1,68Q1,2024-12-13T13:13:00.000000,911_calls,2024-12-13 13:13:00,Friday,13,12,3.0
call_2054,40.675743977000025,-73.89685472999997,53S,53S,2024-12-12T14:14:00.000000,911_calls,2024-12-12 14:14:00,Thursday,14,12,3.0
call_2055,40.786944463000054,-73.94357342599994,50P1,50P1,2024-12-11T15:15:00.000000,911_calls,2024-12-11 15:15:00,Wednesday,15,12,3.0
call_2056,40.86437491500004,-73.90156584299996,10P2,10P2,2024-12-10T16:16:00.000000,911_calls,2024-12-10 16:16:00,Tuesday,16,12,3.0
call_2057,40.63575578000007,-74.11957359999997,75I,75I,2024-12-09T17:17:00.000000,911_calls,2024-12-09 17:17:00,Monday,17,12,3.0
call_2058,40.67906840200004,-73.90376820299997,75M,75M,2024-12-08T18:18:00.000000,911_calls,2024-12-08 18:18:00,Sunday,18,12,3.0
call_2059,40.82100441500006,-73.89092463699996,75T,75T,2024-12-07T19:19:00.000000,911_calls,2024-12-07 19:19:00,Saturday,19,12,3.0
call_2060,40.836520601000075,-73.94002594299997,75M,75M,2024-12-06T20:20:00.000000,911_calls,2024-12-06 20:20:00,Friday,20,12,3.0
call_2061,40.69628382500008,-73.80435852099998,34Q2,34Q2,2024-12-05T21:21:00.000000,911_calls,2024-12-05 21:21:00,Thursday,21,12,3.0
call_2062,40.76385182800004,-73.91489058399998,54S2,54S2,2024-12-04T22:22:00.000000,911_calls,2024-12-04 22:22:00,Wednesday,22,12,3.0
call_2063,40.758711971000025,-73.99328753499998,22Q1,22Q1,2024-12-03T23:23:00.000000,911_calls,2024-12-03 23:23:00,Tuesday,23,12,3.0
call_2064,40.733790087000045,-73.93887715399995,53S,53S,2024-12-02T00:24:00.000000,911_calls,2024-12-02 00:24:00,Monday,0,12,3.0
call_2065,40.733790087000045,-73.93887715399995,53S,53S,2024-12-01T01:25:00.000000,911_calls,2024-12-01 01:25:00,Sunday,1,12,3.0
call_2066,40.78560859400005,-73.82804846799996,59R3,59R3,2024-11-30T02:26:00.000000,911_calls,2024-11-30 02:26:00,Saturday,2,11,3.0
call_2067,40.64564719600003,-73.90287588699994,75S,75S,2024-11-29T03:27:00.000000,911_calls,2024-11-29 03:27:00,Friday,3,11,3.0
call_2068,40.630070957000044,-74.15645844399995,68Q2,68Q2,2024-11-28T04:28:00.000000,911_calls,2024-11-28 04:28:00,Thursday,4,11,3.0
call_2069,40.70190196600004,-73.92160573599995,75D,75D,2024-11-27T05:29:00.000000,911_calls,2024-11-27 05:29:00,Wednesday,5,11,3.0
call_2070,40.664515169000026,-73.90658992299996,10P1,10P1,2024-11-26T06:30:00.000000,911_calls,2024-11-26 06:30:00,Tuesday,6,11,3.0
call_2071,40.65462789000003,-74.00418568699996,75O,75O,2024-11-25T07:31:00.000000,911_calls,2024-11-25 07:31:00,Monday,7,11,3.0
call_2072,40.630990895000025,-73.90068153899995,52D6,52D6,2024-11-24T08:32:00.000000,911_calls,2024-11-24 08:32:00,Sunday,8,11,3.0
call_2073,40.75493348100008,-73.91039019299996,75I,75I,2024-11-23T09:33:00.000000,911_calls,2024-11-23 09:33:00,Saturday,9,11,3.0
call_2074,40.75591165800006,-73.86384098499997,75D,75D,2024-11-22T10:34:00.000000,911_calls,2024-11-22 10:34:00,Friday,10,11,3.0
call_2075,40.85308435600007,-73.88500166699998,68Q1,68Q1,2024-11-21T11:35:00.000000,911_calls,2024-11-21 11:35:00,Thursday,11,11,3.0
call_2076,40.81373916300004,-73.94495240499998,75D,75D,2024-11-20T12:36:00.000000,911_calls,2024-11-20 12:36:00,Wednesday,12,11,3.0
call_2077,40.60845031500003,-74.18243951499994,53X8,53X8,2024-11-19T13:37:00.000000,911_calls,2024-11-19 13:37:00,Tuesday,13,11,3.0
call_2078,40.60845031500003,-74.18243951499994,53X8,53X8,2024-11-18T14:38:00.000000,911_calls,2024-11-18 14:38:00,Monday,14,11,3.0
call_2079,40.79984474200006,-73.96428735899997,68Q1,68Q1,2024-11-17T15:39:00.000000,911_calls,2024-11-17 15:39:00,Sunday,15,11,3.0
call_2080,40.84001840900004,-73.87343400399999,10Y3,10Y3,2024-11-16T16:40:00.000000,911_calls,2024-11-16 16:40:00,Saturday,16,11,3.0
call_2081,40.676410676000046,-73.74131519199995,10V2,10V2,2024-11-15T17:41:00.000000,911_calls,2024-11-15 17:41:00,Friday,17,11,3.0
call_2082,40.69313582600006,-73.96932090399997,75D,75D,2024-11-14T18:42:00.000000,911_calls,2024-11-14 18:42:00,Thursday,18,11,3.0
call_2083,40.753570910000064,-73.86663580299995,68Q1,68Q1,2024-11-13T19:43:00.000000,911_calls,2024-11-13 19:43:00,Wednesday,19,11,3.0
call_2084,40.849727216000076,-73.90578765199996,75S,75S,2024-11-12T20:44:00.000000,911_calls,2024-11-12 20:44:00,Tuesday,20,11,3.0
call_2085,40.84354666300004,-73.92524822599995,54S1,54S1,2024-11-11T21:45:00.000000,911_calls,2024-11-11 21:45:00,Monday,21,11,3.0
call_2086,40.811751909000066,-73.95086049999998,75D,75D,2024-11-10T22:46:00.000000,911_calls,2024-11-10 22:46:00,Sunday,22,11,3.0
call_2087,40.82396264100004,-73.89933848299995,75D,75D,2024-11-09T23:47:00.000000,911_calls,2024-11-09 23:47:00,Saturday,23,11,3.0
call_2088,40.643843305000075,-73.94882570499993,75D,75D,2024-11-08T00:48:00.000000,911_calls,2024-11-08 00:48:00,Friday,0,11,3.0
call_2089,40.73103081900007,-73.98883427899995,54U2,54U2,2024-11-07T01:49:00.000000,911_calls,2024-11-07 01:49:00,Thursday,1,11,3.0
call_2090,40.74964352000006,-73.86226577299993,29H2,29H2,2024-11-06T02:50:00.000000,911_calls,2024-11-06 02:50:00,Wednesday,2,11,3.0
call_2091,40.76133597900008,-73.97411215099999,54U1,54U1,2024-11-05T03:51:00.000000,911_calls,2024-11-05 03:51:00,Tuesday,3,11,3.0
call_2092,40.79760857300005,-73.96691790599994,54S1,54S1,2024-11-04T04:52:00.000000,911_calls,2024-11-04 04:52:00,Monday,4,11,3.0
call_2093,40.87225751200003,-73.85033637999999,10H1,10H1,2024-11-03T05:53:00.000000,911_calls,2024-11-03 05:53:00,Sunday,5,11,3.0
call_2094,40.67854208700004,-73.98386055099996,54E2,54E2,2024-11-02T06:54:00.000000,911_calls,2024-11-02 06:54:00,Saturday,6,11,3.0
call_2095,40.67854208700004,-73.98386055099996,54E2,54E2,2024-11-01T07:55:00.000000,911_calls,2024-11-01 07:55:00,Friday,7,11,3.0
call_2096,40.67042575000005,-73.98361017399998,10H1,10H1,2024-10-31T08:56:00.000000,911_calls,2024-10-31 08:56:00,Thursday,8,10,3.0
call_2097,40.708595426000045,-73.93792277999995,75Z,75Z,2024-10-30T09:57:00.000000,911_calls,2024-10-30 09:57:00,Wednesday,9,10,3.0
call_2098,40.81028743300004,-73.94737558699995,75D,75D,2024-10-29T10:58:00.000000,911_calls,2024-10-29 10:58:00,Tuesday,10,10,3.0
call_2099,40.592336182000054,-73.98148695899994,75I,75I,2024-10-28T11:59:00.000000,911_calls,2024-10-28 11:59:00,Monday,11,10,3.0
call_2100,40.596259048000036,-73.76392225799998,68Q1,68Q1,2024-10-27T12:00:00.000000,911_calls,2024-10-27 12:00:00,Sunday,12,10,3.0
call_2101,40.60521184900006,-73.98038858399997,75S,75S,2024-10-26T13:01:00.000000,911_calls,2024-10-26 13:01:00,Saturday,13,10,3.0
call_2102,40.75924936100006,-73.98663487499994,54I2,54I2,2024-10-25T14:02:00.000000,911_calls,2024-10-25 14:02:00,Friday,14,10,3.0
call_2103,40.72988130400006,-73.99898757999995,22Q1,22Q1,2024-10-24T15:03:00.000000,911_calls,2024-10-24 15:03:00,Thursday,15,10,3.0
call_2104,40.75804408300007,-73.97019701999994,50P9,50P9,2024-10-23T16:04:00.000000,911_calls,2024-10-23 16:04:00,Wednesday,16,10,3.0
call_2105,40.85872682100006,-73.86655508699994,34Q7,34Q7,2024-10-22T17:05:00.000000,911_calls,2024-10-22 17:05:00,Tuesday,17,10,3.0
call_2106,40.74709910900003,-74.00274789999997,10V2,10V2,2024-10-21T18:06:00.000000,911_calls,2024-10-21 18:06:00,Monday,18,10,3.0
call_2107,40.749420067000074,-73.98385060099997,68Q1,68Q1,2024-10-20T19:07:00.000000,911_calls,2024-10-20 19:07:00,Sunday,19,10,3.0
call_2108,40.75966939600005,-73.77193055999999,75D,75D,2024-10-19T20:08:00.000000,911_calls,2024-10-19 20:08:00,Saturday,20,10,3.0
call_2109,40.86327901900006,-73.90067809799996,75S,75S,2024-10-18T21:09:00.000000,911_calls,2024-10-18 21:09:00,Friday,21,10,3.0
call_2110,40.87490600500007,-73.87822380899996,39H2,39H2,2024-10-17T22:10:00.000000,911_calls,2024-10-17 22:10:00,Thursday,22,10,3.0
call_2111,40.65462789000003,-74.00418568699996,75S,75S,2024-10-16T23:11:00.000000,911_calls,2024-10-16 23:11:00,Wednesday,23,10,3.0
call_2112,40.75664204200007,-73.98837157699995,50P9,50P9,2024-10-15T00:12:00.000000,911_calls,2024-10-15 00:12:00,Tuesday,0,10,3.0
call_2113,40.65184534600007,-73.92988853999998,75D,75D,2024-10-14T01:13:00.000000,911_calls,2024-10-14 01:13:00,Monday,1,10,3.0
call_2114,40.61697323900006,-74.17874196899999,10Y3,10Y3,2024-10-13T02:14:00.000000,911_calls,2024-10-13 02:14:00,Sunday,2,10,3.0
call_2115,40.75160025400004,-73.99204306099995,68Q1,68Q1,2024-10-12T03:15:00.000000,911_calls,2024-10-12 03:15:00,Saturday,3,10,3.0
call_2116,40.70752831500005,-73.78836512199996,39H2,39H2,2024-10-11T04:16:00.000000,911_calls,2024-10-11 04:16:00,Friday,4,10,3.0
call_2117,40.64579935100005,-73.91113854899999,75D,75D,2024-10-10T05:17:00.000000,911_calls,2024-10-10 05:17:00,Thursday,5,10,3.0
call_2118,40.676330602000064,-74.00868270099994,75D,75D,2024-10-09T06:18:00.000000,911_calls,2024-10-09 06:18:00,Wednesday,6,10,3.0
call_2119,40.658206592000056,-73.84065996899994,54S1,54S1,2024-10-08T07:19:00.000000,911_calls,2024-10-08 07:19:00,Tuesday,7,10,3.0
call_2120,40.65462789000003,-74.00418568699996,75O,75O,2024-10-07T08:20:00.000000,911_calls,2024-10-07 08:20:00,Monday,8,10,3.0
call_2121,40.755178493000074,-73.83427390599996,75D,75D,2024-10-06T09:21:00.000000,911_calls,2024-10-06 09:21:00,Sunday,9,10,3.0
call_2122,40.874064909000026,-73.89071465699999,75M,75M,2024-10-05T10:22:00.000000,911_calls,2024-10-05 10:22:00,Saturday,10,10,3.0
call_2123,40.74536440900005,-73.99658381199998,68Q1,68Q1,2024-10-04T11:23:00.000000,911_calls,2024-10-04 11:23:00,Friday,11,10,3.0
call_2124,40.69081260000007,-73.81375008199996,75D,75D,2024-10-03T12:24:00.000000,911_calls,2024-10-03 12:24:00,Thursday,12,10,3.0
call_2125,40.74403050400008,-74.00127175899996,68Q1,68Q1,2024-10-02T13:25:00.000000,911_calls,2024-10-02 13:25:00,Wednesday,13,10,3.0
call_2126,40.70988270500004,-74.00808109899998,54S9,54S9,2024-10-01T14:26:00.000000,911_calls,2024-10-01 14:26:00,Tuesday,14,10,3.0
call_2127,40.739624149000065,-73.89220900499998,10H2,10H2,2024-09-30T15:27:00.000000,911_calls,2024-09-30 15:27:00,Monday,15,9,3.0
call_2128,40.82232314000004,-73.93666773099994,68Q1,68Q1,2024-09-29T16:28:00.000000,911_calls,2024-09-29 16:28:00,Sunday,16,9,3.0
call_2129,40.82782501300005,-73.92534538199999,75S,75S,2024-09-28T17:29:00.000000,911_calls,2024-09-28 17:29:00,Saturday,17,9,3.0
call_2130,40.68781645100006,-73.96928729299998,75D,75D,2024-09-27T18:30:00.000000,911_calls,2024-09-27 18:30:00,Friday,18,9,3.0
call_2131,40.67505367800004,-73.97091546699994,75O,75O,2024-09-26T19:31:00.000000,911_calls,2024-09-26 19:31:00,Thursday,19,9,3.0
call_2132,40.677628782000056,-73.97298375299994,75S,75S,2024-09-25T20:32:00.000000,911_calls,2024-09-25 20:32:00,Wednesday,20,9,3.0
call_2133,40.71777915100006,-73.98907458699995,54U2,54U2,2024-09-24T21:33:00.000000,911_calls,2024-09-24 21:33:00,Tuesday,21,9,3.0
call_2134,40.71854485400007,-73.98821227999997,75T,75T,2024-09-23T22:34:00.000000,911_calls,2024-09-23 22:34:00,Monday,22,9,3.0
call_2135,40.70929476100008,-74.01397479299999,24Q2,24Q2,2024-09-22T23:35:00.000000,911_calls,2024-09-22 23:35:00,Sunday,23,9,3.0
call_2136,40.82480441300004,-73.93675569999994,75D,75D,2024-09-21T00:36:00.000000,911_calls,2024-09-21 00:36:00,Saturday,0,9,3.0
call_2137,40.84833817400005,-73.91247643899999,75S,75S,2024-09-20T01:37:00.000000,911_calls,2024-09-20 01:37:00,Friday,1,9,3.0
call_2138,40.69325241000007,-73.93835537099994,75D,75D,2024-09-19T02:38:00.000000,911_calls,2024-09-19 02:38:00,Thursday,2,9,3.0
call_2139,40.68413233900003,-73.97863829699997,75S,75S,2024-09-18T03:39:00.000000,911_calls,2024-09-18 03:39:00,Wednesday,3,9,3.0
call_2140,40.72153050400004,-73.80452251399998,59C,59C,2024-09-17T04:40:00.000000,911_calls,2024-09-17 04:40:00,Tuesday,4,9,3.0
call_2141,40.67552416900003,-73.92491380499996,10S4,10S4,2024-09-16T05:41:00.000000,911_calls,2024-09-16 05:41:00,Monday,5,9,3.0
call_2142,40.76228795000003,-73.96248453299995,53H,53H,2024-09-15T06:42:00.000000,911_calls,2024-09-15 06:42:00,Sunday,6,9,3.0
call_2143,40.664769120000074,-73.77622365899998,68Q1,68Q1,2024-09-14T07:43:00.000000,911_calls,2024-09-14 07:43:00,Saturday,7,9,3.0
call_2144,40.83065037800003,-73.93624786199996,68Q1,68Q1,2024-09-13T08:44:00.000000,911_calls,2024-09-13 08:44:00,Friday,8,9,3.0
call_2145,40.55033855900007,-74.14048924799994,68Q2,68Q2,2024-09-12T09:45:00.000000,911_calls,2024-09-12 09:45:00,Thursday,9,9,3.0
call_2146,40.591214867000076,-73.97405567699997,75S,75S,2024-09-11T10:46:00.000000,911_calls,2024-09-11 10:46:00,Wednesday,10,9,3.0
call_2147,40.64385460400007,-74.00445526699997,10P2,10P2,2024-09-10T11:47:00.000000,911_calls,2024-09-10 11:47:00,Tuesday,11,9,3.0
call_2148,40.64430037100004,-73.95215133199997,75D,75D,2024-09-09T12:48:00.000000,911_calls,2024-09-09 12:48:00,Monday,12,9,3.0
call_2149,40.74034258800003,-73.72269892899999,10V2,10V2,2024-09-08T13:49:00.000000,911_calls,2024-09-08 13:49:00,Sunday,13,9,3.0
call_2150,40.74308261700003,-73.95398943899994,75M,75M,2024-09-07T14:50:00.000000,911_calls,2024-09-07 14:50:00,Saturday,14,9,3.0
call_2151,40.63242975400004,-73.94722400499995,75S,75S,2024-09-06T15:51:00.000000,911_calls,2024-09-06 15:51:00,Friday,15,9,3.0
call_2152,40.75016710300008,-73.97195820899998,75D,75D,2024-09-05T16:52:00.000000,911_calls,2024-09-05 16:52:00,Thursday,16,9,3.0
call_2153,40.64430037100004,-73.95215133199997,75D,75D,2024-09-04T17:53:00.000000,911_calls,2024-09-04 17:53:00,Wednesday,17,9,3.0
call_2154,40.67836827600007,-73.90352044899998,75S,75S,2024-09-03T18:54:00.000000,911_calls,2024-09-03 18:54:00,Tuesday,18,9,3.0
call_2155,40.565072196000074,-74.09882742599996,68Q2,68Q2,2024-09-02T19:55:00.000000,911_calls,2024-09-02 19:55:00,Monday,19,9,3.0
call_2156,40.696150319000026,-73.94256478599993,39H1,39H1,2024-09-01T20:56:00.000000,911_calls,2024-09-01 20:56:00,Sunday,20,9,3.0
call_2157,40.677628782000056,-73.97298375299994,75O,75O,2024-08-31T21:57:00.000000,911_calls,2024-08-31 21:57:00,Saturday,21,8,3.0
call_2158,40.57516617400006,-73.99802879599997,75D,75D,2024-08-30T22:58:00.000000,911_calls,2024-08-30 22:58:00,Friday,22,8,3.0
call_2159,40.66778740600006,-73.90058709799996,31R,31R,2024-08-29T23:59:00.000000,911_calls,2024-08-29 23:59:00,Thursday,23,8,3.0
call_2160,40.84413994500005,-73.90038861799997,54S1,54S1,2024-08-28T00:00:00.000000,911_calls,2024-08-28 00:00:00,Wednesday,0,8,3.0
call_2161,40.705628483000055,-73.81014159699998,75M,75M,2024-08-27T01:01:00.000000,911_calls,2024-08-27 01:01:00,Tuesday,1,8,3.0
call_2162,40.75714208100004,-73.79876905299994,21R,21R,2024-08-26T02:02:00.000000,911_calls,2024-08-26 02:02:00,Monday,2,8,3.0
call_2163,40.67862861700007,-73.89370644699994,34Q2,34Q2,2024-08-25T03:03:00.000000,911_calls,2024-08-25 03:03:00,Sunday,3,8,3.0
call_2164,40.52966160100004,-74.16155095199997,68Q2,68Q2,2024-08-24T04:04:00.000000,911_calls,2024-08-24 04:04:00,Saturday,4,8,3.0
call_2165,40.77997097400004,-73.97879170499994,54S1,54S1,2024-08-23T05:05:00.000000,911_calls,2024-08-23 05:05:00,Friday,5,8,3.0
call_2166,40.57559435600007,-73.96440365399997,68Q1,68Q1,2024-08-22T06:06:00.000000,911_calls,2024-08-22 06:06:00,Thursday,6,8,3.0
call_2167,40.734290464000026,-73.98041554799994,68Q1,68Q1,2024-08-21T07:07:00.000000,911_calls,2024-08-21 07:07:00,Wednesday,7,8,3.0
call_2168,40.82490603000008,-73.94785181199995,75D,75D,2024-08-20T08:08:00.000000,911_calls,2024-08-20 08:08:00,Tuesday,8,8,3.0
call_2169,40.81777551600004,-73.94262962499994,50P1,50P1,2024-08-19T09:09:00.000000,911_calls,2024-08-19 09:09:00,Monday,9,8,3.0
call_2170,40.86667188500007,-73.86348404999995,52D1,52D1,2024-08-18T10:10:00.000000,911_calls,2024-08-18 10:10:00,Sunday,10,8,3.0
call_2171,40.74095063100003,-73.99212733199994,13U2,13U2,2024-08-17T11:11:00.000000,911_calls,2024-08-17 11:11:00,Saturday,11,8,3.0
call_2172,40.74095063100003,-73.99212733199994,13U2,13U2,2024-08-16T12:12:00.000000,911_calls,2024-08-16 12:12:00,Friday,12,8,3.0
call_2173,40.66888376700007,-73.93250571899995,75S,75S,2024-08-15T13:13:00.000000,911_calls,2024-08-15 13:13:00,Thursday,13,8,3.0
call_2174,40.85854705700007,-73.90380133999997,75M,75M,2024-08-14T14:14:00.000000,911_calls,2024-08-14 14:14:00,Wednesday,14,8,3.0
call_2175,40.752530799000056,-73.99322318999998,54U1,54U1,2024-08-13T15:15:00.000000,911_calls,2024-08-13 15:15:00,Tuesday,15,8,3.0
call_2176,40.84084902400008,-73.94005456699995,75S,75S,2024-08-12T16:16:00.000000,911_calls,2024-08-12 16:16:00,Monday,16,8,3.0
call_2177,40.65462789000003,-74.00418568699996,75S,75S,2024-08-11T17:17:00.000000,911_calls,2024-08-11 17:17:00,Sunday,17,8,3.0
call_2178,40.87617249700003,-73.91289903399996,75D,75D,2024-08-10T18:18:00.000000,911_calls,2024-08-10 18:18:00,Saturday,18,8,3.0
call_2179,40.68024832700007,-73.84148341499997,50P1,50P1,2024-08-09T19:19:00.000000,911_calls,2024-08-09 19:19:00,Friday,19,8,3.0
call_2180,40.739198739000074,-73.89223856199999,52D6,52D6,2024-08-08T20:20:00.000000,911_calls,2024-08-08 20:20:00,Thursday,20,8,3.0
call_2181,40.67998889000006,-73.75208862599999,10V2,10V2,2024-08-07T21:21:00.000000,911_calls,2024-08-07 21:21:00,Wednesday,21,8,3.0
call_2182,40.66709412700004,-73.90520211699999,68Q1,68Q1,2024-08-06T22:22:00.000000,911_calls,2024-08-06 22:22:00,Tuesday,22,8,3.0
call_2183,40.68073899600006,-73.94963745499996,75S,75S,2024-08-05T23:23:00.000000,911_calls,2024-08-05 23:23:00,Monday,23,8,3.0
call_2184,40.717643628000076,-73.73091728899993,34Q1,34Q1,2024-08-04T00:24:00.000000,911_calls,2024-08-04 00:24:00,Sunday,0,8,3.0
call_2185,40.667148205000046,-73.88340093999994,75S,75S,2024-08-03T01:25:00.000000,911_calls,2024-08-03 01:25:00,Saturday,1,8,3.0
call_2186,40.79884745600003,-73.95387866199997,75D,75D,2024-08-02T02:26:00.000000,911_calls,2024-08-02 02:26:00,Friday,2,8,3.0
call_2187,40.70343010500005,-73.93853350499995,68Q1,68Q1,2024-08-01T03:27:00.000000,911_calls,2024-08-01 03:27:00,Thursday,3,8,3.0
call_2188,40.702916049000066,-73.80006160699998,75D,75D,2024-07-31T04:28:00.000000,911_calls,2024-07-31 04:28:00,Wednesday,4,7,3.0
call_2189,40.86194836800007,-73.92713638799995,59R4,59R4,2024-07-30T05:29:00.000000,911_calls,2024-07-30 05:29:00,Tuesday,5,7,3.0
call_2190,40.64395993900007,-73.97966371899997,56S9,56S9,2025-07-29T06:30:00.000000,911_calls,2025-07-29 06:30:00,Tuesday,6,7,3.0
call_2191,40.818815405000066,-73.95408520999996,39H1,39H1,2025-07-28T07:31:00.000000,911_calls,2025-07-28 07:31:00,Monday,7,7,3.0
call_2192,40.68346026200004,-73.87288383999999,75M,75M,2025-07-27T08:32:00.000000,911_calls,2025-07-27 08:32:00,Sunday,8,7,3.0
call_2193,40.68853062300008,-73.72662481999998,53S8,53S8,2025-07-26T09:33:00.000000,911_calls,2025-07-26 09:33:00,Saturday,9,7,3.0
call_2194,40.82374833200004,-73.90556789899995,75D,75D,2025-07-25T10:34:00.000000,911_calls,2025-07-25 10:34:00,Friday,10,7,3.0
call_2195,40.86736315600007,-73.92216271599995,54E9,54E9,2025-07-24T11:35:00.000000,911_calls,2025-07-24 11:35:00,Thursday,11,7,3.0
call_2196,40.86736315600007,-73.92216271599995,54E9,54E9,2025-07-23T12:36:00.000000,911_calls,2025-07-23 12:36:00,Wednesday,12,7,3.0
call_2197,40.69974268200008,-73.91142368699997,75S,75S,2025-07-22T13:37:00.000000,911_calls,2025-07-22 13:37:00,Tuesday,13,7,3.0
call_2198,40.77206397700007,-73.77859978399994,68Q1,68Q1,2025-07-21T14:38:00.000000,911_calls,2025-07-21 14:38:00,Monday,14,7,3.0
call_2199,40.85872682100006,-73.86655508699994,75D,75D,2025-07-20T15:39:00.000000,911_calls,2025-07-20 15:39:00,Sunday,15,7,3.0
call_2200,40.707519528000034,-74.00709974599994,68Q1,68Q1,2025-07-19T16:40:00.000000,911_calls,2025-07-19 16:40:00,Saturday,16,7,3.0
call_2201,40.70777699400003,-73.93218500399996,10Y3,10Y3,2025-07-18T17:41:00.000000,911_calls,2025-07-18 17:41:00,Friday,17,7,3.0
call_2202,40.85558663900008,-73.90515036099998,52D1,52D1,2025-07-17T18:42:00.000000,911_calls,2025-07-17 18:42:00,Thursday,18,7,3.0
call_2203,40.641300139000066,-74.03268319299997,75D,75D,2025-07-16T19:43:00.000000,911_calls,2025-07-16 19:43:00,Wednesday,19,7,3.0
call_2204,40.75674253700004,-73.86551410899995,68Q1,68Q1,2025-07-15T20:44:00.000000,911_calls,2025-07-15 20:44:00,Tuesday,20,7,3.0
call_2205,40.81260051900006,-73.95202672899995,34Q2,34Q2,2025-07-14T21:45:00.000000,911_calls,2025-07-14 21:45:00,Monday,21,7,3.0
call_2206,40.65462789000003,-74.00418568699996,75O,75O,2025-07-13T22:46:00.000000,911_calls,2025-07-13 22:46:00,Sunday,22,7,3.0
call_2207,40.71693641500008,-73.98812598799998,11C4,11C4,2025-07-12T23:47:00.000000,911_calls,2025-07-12 23:47:00,Saturday,23,7,3.0
call_2208,40.80721846200004,-73.92241727499999,10H1,10H1,2025-07-11T00:48:00.000000,911_calls,2025-07-11 00:48:00,Friday,0,7,3.0
call_2209,40.75107189400006,-73.96820063099995,75D,75D,2025-07-10T01:49:00.000000,911_calls,2025-07-10 01:49:00,Thursday,1,7,3.0
call_2210,40.65171969100004,-73.93088693699997,75D,75D,2025-07-09T02:50:00.000000,911_calls,2025-07-09 02:50:00,Wednesday,2,7,3.0
call_2211,40.64564719600003,-73.90287588699994,75M,75M,2025-07-08T03:51:00.000000,911_calls,2025-07-08 03:51:00,Tuesday,3,7,3.0
call_2212,40.82293874800007,-73.93812684499994,75D,75D,2025-07-07T04:52:00.000000,911_calls,2025-07-07 04:52:00,Monday,4,7,3.0
call_2213,40.71095979100005,-73.79317685999996,75S,75S,2025-07-06T05:53:00.000000,911_calls,2025-07-06 05:53:00,Sunday,5,7,3.0
call_2214,40.84084902400008,-73.94005456699995,75M,75M,2025-07-05T06:54:00.000000,911_calls,2025-07-05 06:54:00,Saturday,6,7,3.0
call_2215,40.83855936400005,-73.89660592299998,75D,75D,2025-07-04T07:55:00.000000,911_calls,2025-07-04 07:55:00,Friday,7,7,3.0
call_2216,40.678812065000045,-73.85771433899998,75M,75M,2025-07-03T08:56:00.000000,911_calls,2025-07-03 08:56:00,Thursday,8,7,3.0
call_2217,40.76944622800005,-73.95480879699994,75D,75D,2025-07-02T09:57:00.000000,911_calls,2025-07-02 09:57:00,Wednesday,9,7,3.0
call_2218,40.890888801000074,-73.85707957599993,39H1,39H1,2025-07-01T10:58:00.000000,911_calls,2025-07-01 10:58:00,Tuesday,10,7,3.0
call_2219,40.86990589100003,-73.91982763299995,75D,75D,2025-06-30T11:59:00.000000,911_calls,2025-06-30 11:59:00,Monday,11,6,3.0
call_2220,40.696847054000045,-73.93650923699994,10P2,10P2,2025-06-29T12:00:00.000000,911_calls,2025-06-29 12:00:00,Sunday,12,6,3.0
call_2221,40.848308994000035,-73.90342577999996,39H2,39H2,2025-06-28T13:01:00.000000,911_calls,2025-06-28 13:01:00,Saturday,13,6,3.0
call_2222,40.79944767500007,-73.96738653099999,68Q1,68Q1,2025-06-27T14:02:00.000000,911_calls,2025-06-27 14:02:00,Friday,14,6,3.0
call_2223,40.70499992500004,-73.92032170499994,68Q1,68Q1,2025-06-26T15:03:00.000000,911_calls,2025-06-26 15:03:00,Thursday,15,6,3.0
call_2224,40.81602577600006,-73.91773211999998,75O,75O,2025-06-25T16:04:00.000000,911_calls,2025-06-25 16:04:00,Wednesday,16,6,3.0
call_2225,40.75058041300008,-73.94016827599995,75S,75S,2025-06-24T17:05:00.000000,911_calls,2025-06-24 17:05:00,Tuesday,17,6,3.0
call_2226,40.75043055800006,-73.98722494099997,34Q2,34Q2,2025-06-23T18:06:00.000000,911_calls,2025-06-23 18:06:00,Monday,18,6,3.0
call_2227,40.74168920000005,-74.00298585099995,54E2,54E2,2025-06-22T19:07:00.000000,911_calls,2025-06-22 19:07:00,Sunday,19,6,3.0
call_2228,40.74168920000005,-74.00298585099995,54E2,54E2,2025-06-21T20:08:00.000000,911_calls,2025-06-21 20:08:00,Saturday,20,6,3.0
call_2229,40.609344615000055,-73.95695564899995,75T,75T,2025-06-20T21:09:00.000000,911_calls,2025-06-20 21:09:00,Friday,21,6,3.0
call_2230,40.801779330000045,-73.96288126499996,68Q1,68Q1,2025-06-19T22:10:00.000000,911_calls,2025-06-19 22:10:00,Thursday,22,6,3.0
call_2231,40.844554076000065,-73.93444907799994,68Q1,68Q1,2025-06-18T23:11:00.000000,911_calls,2025-06-18 23:11:00,Wednesday,23,6,3.0
call_2232,40.669051068000044,-73.90182525899996,75S,75S,2025-06-17T00:12:00.000000,911_calls,2025-06-17 00:12:00,Tuesday,0,6,3.0
call_2233,40.718188636000036,-74.00076261599997,54U9,54U9,2025-06-16T01:13:00.000000,911_calls,2025-06-16 01:13:00,Monday,1,6,3.0
call_2234,40.81960794400004,-73.89155196399997,68Q1,68Q1,2025-06-15T02:14:00.000000,911_calls,2025-06-15 02:14:00,Sunday,2,6,3.0
call_2235,40.77591602100006,-73.97401982999997,75D,75D,2025-06-14T03:15:00.000000,911_calls,2025-06-14 03:15:00,Saturday,3,6,3.0
call_2236,40.81072622700003,-73.92662169499994,10Y9,10Y9,2025-06-13T04:16:00.000000,911_calls,2025-06-13 04:16:00,Friday,4,6,3.0
call_2237,40.86085841600004,-73.89778957199997,75M,75M,2025-06-12T05:17:00.000000,911_calls,2025-06-12 05:17:00,Thursday,5,6,3.0
call_2238,40.75080503300006,-73.86267121199995,34Q2,34Q2,2025-06-11T06:18:00.000000,911_calls,2025-06-11 06:18:00,Wednesday,6,6,3.0
call_2239,40.70876084400004,-73.95769940799994,75S,75S,2025-06-10T07:19:00.000000,911_calls,2025-06-10 07:19:00,Tuesday,7,6,3.0
call_2240,40.690563893000046,-73.98187797899999,54S9,54S9,2025-06-09T08:20:00.000000,911_calls,2025-06-09 08:20:00,Monday,8,6,3.0
call_2241,40.690563893000046,-73.98187797899999,75S,75S,2025-06-08T09:21:00.000000,911_calls,2025-06-08 09:21:00,Sunday,9,6,3.0
call_2242,40.873463241000024,-73.88725887999993,75M,75M,2025-06-07T10:22:00.000000,911_calls,2025-06-07 10:22:00,Saturday,10,6,3.0
call_2243,40.68553341000006,-73.93705725299998,11R4,11R4,2025-06-06T11:23:00.000000,911_calls,2025-06-06 11:23:00,Friday,11,6,3.0
call_2244,40.86327543800007,-73.90291959499996,10P2,10P2,2025-06-05T12:24:00.000000,911_calls,2025-06-05 12:24:00,Thursday,12,6,3.0
call_2245,40.74769070100007,-73.88346930099993,52D6,52D6,2025-06-04T13:25:00.000000,911_calls,2025-06-04 13:25:00,Wednesday,13,6,3.0
call_2246,40.65462789000003,-74.00418568699996,75M,75M,2025-06-03T14:26:00.000000,911_calls,2025-06-03 14:26:00,Tuesday,14,6,3.0
call_2247,40.70076047200007,-73.98043621699998,68Q1,68Q1,2025-06-02T15:27:00.000000,911_calls,2025-06-02 15:27:00,Monday,15,6,3.0
call_2248,40.819776069000056,-73.93672073599998,75D,75D,2025-06-01T16:28:00.000000,911_calls,2025-06-01 16:28:00,Sunday,16,6,3.0
call_2249,40.57628456500004,-73.98139061299997,50P9,50P9,2025-05-31T17:29:00.000000,911_calls,2025-05-31 17:29:00,Saturday,17,5,3.0
call_2250,40.57531202900003,-73.97660685599999,75T,75T,2025-05-30T18:30:00.000000,911_calls,2025-05-30 18:30:00,Friday,18,5,3.0
call_2251,40.77469413100005,-73.96233673399996,68Q1,68Q1,2025-05-29T19:31:00.000000,911_calls,2025-05-29 19:31:00,Thursday,19,5,3.0
call_2252,40.849727216000076,-73.90578765199996,75O,75O,2025-05-28T20:32:00.000000,911_calls,2025-05-28 20:32:00,Wednesday,20,5,3.0
call_2253,40.693365904000075,-73.80422644599997,75H,75H,2025-05-27T21:33:00.000000,911_calls,2025-05-27 21:33:00,Tuesday,21,5,3.0
call_2254,40.64427409700005,-74.01119372899996,52D2,52D2,2025-05-26T22:34:00.000000,911_calls,2025-05-26 22:34:00,Monday,22,5,3.0
call_2255,40.592336182000054,-73.98148695899994,75D,75D,2025-05-25T23:35:00.000000,911_calls,2025-05-25 23:35:00,Sunday,23,5,3.0
call_2256,40.784507365000024,-73.97548255699996,54S1,54S1,2025-05-24T00:36:00.000000,911_calls,2025-05-24 00:36:00,Saturday,0,5,3.0
call_2257,40.86560949600005,-73.89474168599997,75M,75M,2025-05-23T01:37:00.000000,911_calls,2025-05-23 01:37:00,Friday,1,5,3.0
call_2258,40.84712548400006,-73.89345889599997,52D1,52D1,2025-05-22T02:38:00.000000,911_calls,2025-05-22 02:38:00,Thursday,2,5,3.0
call_2259,40.732188233000045,-73.88069644899997,54C1,54C1,2025-05-21T03:39:00.000000,911_calls,2025-05-21 03:39:00,Wednesday,3,5,3.0
call_2260,40.82575378200005,-73.93620557999998,68Q1,68Q1,2025-05-20T04:40:00.000000,911_calls,2025-05-20 04:40:00,Tuesday,4,5,3.0
call_2261,40.75798166700008,-73.96316917099995,75D,75D,2025-05-19T05:41:00.000000,911_calls,2025-05-19 05:41:00,Monday,5,5,3.0
call_2262,40.80679103600005,-73.91950991899995,68Q1,68Q1,2025-05-18T06:42:00.000000,911_calls,2025-05-18 06:42:00,Sunday,6,5,3.0
call_2263,40.71626346000005,-73.98407867999998,75D,75D,2025-05-17T07:43:00.000000,911_calls,2025-05-17 07:43:00,Saturday,7,5,3.0
call_2264,40.64891057700004,-73.96444382199996,11C4,11C4,2025-05-16T08:44:00.000000,911_calls,2025-05-16 08:44:00,Friday,8,5,3.0
call_2265,40.75766554000006,-73.98577611499996,10H2,10H2,2025-05-15T09:45:00.000000,911_calls,2025-05-15 09:45:00,Thursday,9,5,3.0
call_2266,40.644350056000064,-73.93107474299995,10P2,10P2,2025-05-14T10:46:00.000000,911_calls,2025-05-14 10:46:00,Wednesday,10,5,3.0
call_2267,40.79845524000007,-73.94808201499995,75D,75D,2025-05-13T11:47:00.000000,911_calls,2025-05-13 11:47:00,Tuesday,11,5,3.0
call_2268,40.81925616600006,-73.91377559499995,10H2,10H2,2025-05-12T12:48:00.000000,911_calls,2025-05-12 12:48:00,Monday,12,5,3.0
call_2269,40.75508862600003,-73.82912345599993,34Q1,34Q1,2025-05-11T13:49:00.000000,911_calls,2025-05-11 13:49:00,Sunday,13,5,3.0
call_2270,40.851189281000075,-73.92313229499996,56S,56S,2025-05-10T14:50:00.000000,911_calls,2025-05-10 14:50:00,Saturday,14,5,3.0
call_2271,40.712362272000064,-73.89122505999995,50P9,50P9,2025-05-09T15:51:00.000000,911_calls,2025-05-09 15:51:00,Friday,15,5,3.0
call_2272,40.759275658000035,-73.82999347399993,54S9,54S9,2025-05-08T16:52:00.000000,911_calls,2025-05-08 16:52:00,Thursday,16,5,3.0
call_2273,40.64395993900007,-73.97966371899997,75S,75S,2025-05-07T17:53:00.000000,911_calls,2025-05-07 17:53:00,Wednesday,17,5,3.0
call_2274,40.815002838000055,-73.90795384299997,68Q1,68Q1,2025-05-06T18:54:00.000000,911_calls,2025-05-06 18:54:00,Tuesday,18,5,3.0
call_2275,40.67552416900003,-73.92491380499996,75I,75I,2025-05-05T19:55:00.000000,911_calls,2025-05-05 19:55:00,Monday,19,5,3.0
call_2276,40.79916969300007,-73.96478615399997,54E1,54E1,2025-05-04T20:56:00.000000,911_calls,2025-05-04 20:56:00,Sunday,20,5,3.0
call_2277,40.79916969300007,-73.96478615399997,54E1,54E1,2025-05-03T21:57:00.000000,911_calls,2025-05-03 21:57:00,Saturday,21,5,3.0
call_2278,40.57767409600007,-73.98605562899996,52D6,52D6,2025-05-02T22:58:00.000000,911_calls,2025-05-02 22:58:00,Friday,22,5,3.0
call_2279,40.64564719600003,-73.90287588699994,50P9,50P9,2025-05-01T23:59:00.000000,911_calls,2025-05-01 23:59:00,Thursday,23,5,3.0
call_2280,40.76123367800005,-73.98553710899995,54U1,54U1,2025-04-30T00:00:00.000000,911_calls,2025-04-30 00:00:00,Wednesday,0,4,3.0
call_2281,40.70042942600003,-73.80820890199993,10Y9,10Y9,2025-04-29T01:01:00.000000,911_calls,2025-04-29 01:01:00,Tuesday,1,4,3.0
call_2282,40.65443832700004,-74.00756621799997,13U8,13U8,2025-04-28T02:02:00.000000,911_calls,2025-04-28 02:02:00,Monday,2,4,3.0
call_2283,40.65443832700004,-74.00756621799997,13U8,13U8,2025-04-27T03:03:00.000000,911_calls,2025-04-27 03:03:00,Sunday,3,4,3.0
call_2284,40.65443832700004,-74.00756621799997,13U8,13U8,2025-04-26T04:04:00.000000,911_calls,2025-04-26 04:04:00,Saturday,4,4,3.0
call_2285,40.68053615600007,-73.95708636499995,52D6,52D6,2025-04-25T05:05:00.000000,911_calls,2025-04-25 05:05:00,Friday,5,4,3.0
call_2286,40.662767503000055,-73.90752952599996,75S,75S,2025-04-24T06:06:00.000000,911_calls,2025-04-24 06:06:00,Thursday,6,4,3.0
call_2287,40.75454220600005,-73.98737935799994,54H2,54H2,2025-04-23T07:07:00.000000,911_calls,2025-04-23 07:07:00,Wednesday,7,4,3.0
call_2288,40.55903297200007,-74.12230456199995,34W1,34W1,2025-04-22T08:08:00.000000,911_calls,2025-04-22 08:08:00,Tuesday,8,4,3.0
call_2289,40.84084902400008,-73.94005456699995,54S9,54S9,2025-04-21T09:09:00.000000,911_calls,2025-04-21 09:09:00,Monday,9,4,3.0
call_2290,40.60521184900006,-73.98038858399997,75S,75S,2025-04-20T10:10:00.000000,911_calls,2025-04-20 10:10:00,Sunday,10,4,3.0
call_2291,40.643592108000064,-74.07396131599995,75T,75T,2025-04-19T11:11:00.000000,911_calls,2025-04-19 11:11:00,Saturday,11,4,3.0
call_2292,40.654579633000026,-73.93068575499996,75D,75D,2025-04-18T12:12:00.000000,911_calls,2025-04-18 12:12:00,Friday,12,4,3.0
call_2293,40.776011287000074,-73.96137557899993,10H2,10H2,2025-04-17T13:13:00.000000,911_calls,2025-04-17 13:13:00,Thursday,13,4,3.0
call_2294,40.903436775000046,-73.85001656199995,75S,75S,2025-04-16T14:14:00.000000,911_calls,2025-04-16 14:14:00,Wednesday,14,4,3.0
call_2295,40.73984646800005,-73.98450246999994,54U2,54U2,2025-04-15T15:15:00.000000,911_calls,2025-04-15 15:15:00,Tuesday,15,4,3.0
call_2296,40.83594048100008,-73.94351019099997,75Z,75Z,2025-04-14T16:16:00.000000,911_calls,2025-04-14 16:16:00,Monday,16,4,3.0
call_2297,40.88784211400008,-73.83064118999994,10V2,10V2,2025-04-13T17:17:00.000000,911_calls,2025-04-13 17:17:00,Sunday,17,4,3.0
call_2298,40.667148205000046,-73.88340093999994,75O,75O,2025-04-12T18:18:00.000000,911_calls,2025-04-12 18:18:00,Saturday,18,4,3.0
call_2299,40.75664204200007,-73.98837157699995,75S,75S,2025-04-11T19:19:00.000000,911_calls,2025-04-11 19:19:00,Friday,19,4,3.0
call_2300,40.71241149700006,-73.82621729999994,68Q1,68Q1,2025-04-10T20:20:00.000000,911_calls,2025-04-10 20:20:00,Thursday,20,4,3.0
call_2301,40.596346897000046,-73.93676323199998,75D,75D,2025-04-09T21:21:00.000000,911_calls,2025-04-09 21:21:00,Wednesday,21,4,3.0
call_2302,40.74119115800005,-73.98282411999998,10H2,10H2,2025-04-08T22:22:00.000000,911_calls,2025-04-08 22:22:00,Tuesday,22,4,3.0
call_2303,40.574070952000056,-73.99620020499998,68Q1,68Q1,2025-04-07T23:23:00.000000,911_calls,2025-04-07 23:23:00,Monday,23,4,3.0
call_2304,40.754089855000075,-73.99394129799998,59R4,59R4,2025-04-06T00:24:00.000000,911_calls,2025-04-06 00:24:00,Sunday,0,4,3.0
call_2305,40.86131332800005,-73.92554639399998,10V2,10V2,2025-04-05T01:25:00.000000,911_calls,2025-04-05 01:25:00,Saturday,1,4,3.0
call_2306,40.812144431000036,-73.89384363399995,75D,75D,2025-04-04T02:26:00.000000,911_calls,2025-04-04 02:26:00,Friday,2,4,3.0
call_2307,40.73306676100003,-73.76221798199998,75H,75H,2025-04-03T03:27:00.000000,911_calls,2025-04-03 03:27:00,Thursday,3,4,3.0
call_2308,40.677628782000056,-73.97298375299994,75O,75O,2025-04-02T04:28:00.000000,911_calls,2025-04-02 04:28:00,Wednesday,4,4,3.0
call_2309,40.702732920000074,-73.91668895999999,54S2,54S2,2025-04-01T05:29:00.000000,911_calls,2025-04-01 05:29:00,Tuesday,5,4,3.0
call_2310,40.87992768500004,-73.89679834299994,54S1,54S1,2025-03-31T06:30:00.000000,911_calls,2025-03-31 06:30:00,Monday,6,3,3.0
call_2311,40.57758398400006,-73.95551098099997,68Q1,68Q1,2025-03-30T07:31:00.000000,911_calls,2025-03-30 07:31:00,Sunday,7,3,3.0
call_2312,40.59579494500008,-73.77335088999996,59R4,59R4,2025-03-29T08:32:00.000000,911_calls,2025-03-29 08:32:00,Saturday,8,3,3.0
call_2313,40.60521184900006,-73.98038858399997,75M,75M,2025-03-28T09:33:00.000000,911_calls,2025-03-28 09:33:00,Friday,9,3,3.0
call_2314,40.70763994400005,-74.01147849399996,50P1,50P1,2025-03-27T10:34:00.000000,911_calls,2025-03-27 10:34:00,Thursday,10,3,3.0
call_2315,40.74867364600004,-73.86609341599996,54E1,54E1,2025-03-26T11:35:00.000000,911_calls,2025-03-26 11:35:00,Wednesday,11,3,3.0
call_2316,40.74867364600004,-73.86609341599996,54E1,54E1,2025-03-25T12:36:00.000000,911_calls,2025-03-25 12:36:00,Tuesday,12,3,3.0
call_2317,40.65944167300006,-73.76129821499995,10S4,10S4,2025-03-24T13:37:00.000000,911_calls,2025-03-24 13:37:00,Monday,13,3,3.0
call_2318,40.82191037600006,-73.90346770399998,68Q1,68Q1,2025-03-23T14:38:00.000000,911_calls,2025-03-23 14:38:00,Sunday,14,3,3.0
call_2319,40.76126636400005,-73.98365640999998,75M,75M,2025-03-22T15:39:00.000000,911_calls,2025-03-22 15:39:00,Saturday,15,3,3.0
call_2320,40.688604586000054,-73.98507328299996,39H9,39H9,2025-03-21T16:40:00.000000,911_calls,2025-03-21 16:40:00,Friday,16,3,3.0
call_2321,40.57531202900003,-73.97660685599999,75T,75T,2025-03-20T17:41:00.000000,911_calls,2025-03-20 17:41:00,Thursday,17,3,3.0
call_2322,40.62285052300007,-74.08093757199998,68Q1,68Q1,2025-03-19T18:42:00.000000,911_calls,2025-03-19 18:42:00,Wednesday,18,3,3.0
call_2323,40.67224288600005,-73.79833665699994,52D1,52D1,2025-03-18T19:43:00.000000,911_calls,2025-03-18 19:43:00,Tuesday,19,3,3.0
call_2324,40.660631961000036,-73.93082363899998,75D,75D,2025-03-17T20:44:00.000000,911_calls,2025-03-17 20:44:00,Monday,20,3,3.0
call_2325,40.70590394900006,-73.92177415499998,75D,75D,2025-03-16T21:45:00.000000,911_calls,2025-03-16 21:45:00,Sunday,21,3,3.0
call_2326,40.73268576000004,-73.95466774699997,11C4,11C4,2025-03-15T22:46:00.000000,911_calls,2025-03-15 22:46:00,Saturday,22,3,3.0
call_2327,40.85662618200007,-73.86812457499997,50P1,50P1,2025-03-14T23:47:00.000000,911_calls,2025-03-14 23:47:00,Friday,23,3,3.0
call_2328,40.631712142000026,-73.95752487099998,68Q1,68Q1,2025-03-13T00:48:00.000000,911_calls,2025-03-13 00:48:00,Thursday,0,3,3.0
call_2329,40.77821981100004,-73.95149545099997,75D,75D,2025-03-12T01:49:00.000000,911_calls,2025-03-12 01:49:00,Wednesday,1,3,3.0
call_2330,40.636122955000076,-73.95050701999998,68Q1,68Q1,2025-03-11T02:50:00.000000,911_calls,2025-03-11 02:50:00,Tuesday,2,3,3.0
call_2331,40.57300153500006,-73.85220196799997,75H,75H,2025-03-10T03:51:00.000000,911_calls,2025-03-10 03:51:00,Monday,3,3,3.0
call_2332,40.75739459700003,-73.82753655099998,75H,75H,2025-03-09T04:52:00.000000,911_calls,2025-03-09 04:52:00,Sunday,4,3,3.0
call_2333,40.647949898000036,-73.99840863399999,10V2,10V2,2025-03-08T05:53:00.000000,911_calls,2025-03-08 05:53:00,Saturday,5,3,3.0
call_2334,40.72050546500003,-73.97602558699998,68Q1,68Q1,2025-03-07T06:54:00.000000,911_calls,2025-03-07 06:54:00,Friday,6,3,3.0
call_2335,40.65462789000003,-74.00418568699996,75M,75M,2025-03-06T07:55:00.000000,911_calls,2025-03-06 07:55:00,Thursday,7,3,3.0
call_2336,40.713619451000056,-73.96727702199996,54U1,54U1,2025-03-05T08:56:00.000000,911_calls,2025-03-05 08:56:00,Wednesday,8,3,3.0
call_2337,40.69218385600004,-73.98577565699998,34Q2,34Q2,2025-03-04T09:57:00.000000,911_calls,2025-03-04 09:57:00,Tuesday,9,3,3.0
call_2338,40.70353936500004,-73.98956021099997,68Q1,68Q1,2025-03-03T10:58:00.000000,911_calls,2025-03-03 10:58:00,Monday,10,3,3.0
call_2339,40.69628382500008,-73.80435852099998,34Q1,34Q1,2025-03-02T11:59:00.000000,911_calls,2025-03-02 11:59:00,Sunday,11,3,3.0
call_2340,40.71777879600006,-73.93680674999996,24Q1,24Q1,2025-03-01T12:00:00.000000,911_calls,2025-03-01 12:00:00,Saturday,12,3,3.0
call_2341,40.75273446700004,-73.97654816699998,75S,75S,2025-02-28T13:01:00.000000,911_calls,2025-02-28 13:01:00,Friday,13,2,3.0
call_2342,40.676410676000046,-73.74131519199995,10V2,10V2,2025-02-27T14:02:00.000000,911_calls,2025-02-27 14:02:00,Thursday,14,2,3.0
call_2343,40.68519437200007,-73.83751625099995,56S,56S,2025-02-26T15:03:00.000000,911_calls,2025-02-26 15:03:00,Wednesday,15,2,3.0
call_2344,40.787718899000026,-73.78380204499996,75H,75H,2025-02-25T16:04:00.000000,911_calls,2025-02-25 16:04:00,Tuesday,16,2,3.0
call_2345,40.75664204200007,-73.98837157699995,75S,75S,2025-02-24T17:05:00.000000,911_calls,2025-02-24 17:05:00,Monday,17,2,3.0
call_2346,40.87663218200004,-73.88886987499995,75D,75D,2025-02-23T18:06:00.000000,911_calls,2025-02-23 18:06:00,Sunday,18,2,3.0
call_2347,40.64317274800004,-73.93141828099994,68Q1,68Q1,2025-02-22T19:07:00.000000,911_calls,2025-02-22 19:07:00,Saturday,19,2,3.0
call_2348,40.75896588000006,-73.98111578499999,54S2,54S2,2025-02-21T20:08:00.000000,911_calls,2025-02-21 20:08:00,Friday,20,2,3.0
call_2349,40.78073739100006,-73.98257921799996,50P1,50P1,2025-02-20T21:09:00.000000,911_calls,2025-02-20 21:09:00,Thursday,21,2,3.0
call_2350,40.65862948300003,-73.89007282199998,53D,53D,2025-02-19T22:10:00.000000,911_calls,2025-02-19 22:10:00,Wednesday,22,2,3.0
call_2351,40.68335414200004,-73.81833915899995,52D6,52D6,2025-02-18T23:11:00.000000,911_calls,2025-02-18 23:11:00,Tuesday,23,2,3.0
call_2352,40.71784735700004,-73.98535893499997,39H1,39H1,2025-02-17T00:12:00.000000,911_calls,2025-02-17 00:12:00,Monday,0,2,3.0
call_2353,40.78758996200003,-73.93913471599996,59R4,59R4,2025-02-16T01:13:00.000000,911_calls,2025-02-16 01:13:00,Sunday,1,2,3.0
call_2354,40.86682917400003,-73.89587863899999,11C4,11C4,2025-02-15T02:14:00.000000,911_calls,2025-02-15 02:14:00,Saturday,2,2,3.0
call_2355,40.604078962000074,-73.75472573599995,54S9,54S9,2025-02-14T03:15:00.000000,911_calls,2025-02-14 03:15:00,Friday,3,2,3.0
call_2356,40.82835254100007,-73.94042716599995,54E1,54E1,2025-02-13T04:16:00.000000,911_calls,2025-02-13 04:16:00,Thursday,4,2,3.0
call_2357,40.82835254100007,-73.94042716599995,54E1,54E1,2025-02-12T05:17:00.000000,911_calls,2025-02-12 05:17:00,Wednesday,5,2,3.0
call_2358,40.82797601800007,-73.95103641499998,10S4,10S4,2025-02-11T06:18:00.000000,911_calls,2025-02-11 06:18:00,Tuesday,6,2,3.0
call_2359,40.677628782000056,-73.97298375299994,75S,75S,2025-02-10T07:19:00.000000,911_calls,2025-02-10 07:19:00,Monday,7,2,3.0
call_2360,40.774288392000074,-73.90567052799997,10H2,10H2,2025-02-09T08:20:00.000000,911_calls,2025-02-09 08:20:00,Sunday,8,2,3.0
call_2361,40.60562342500003,-74.16212731299998,53S,53S,2025-02-08T09:21:00.000000,911_calls,2025-02-08 09:21:00,Saturday,9,2,3.0
call_2362,40.71239662200003,-73.78490845799996,75S,75S,2025-02-07T10:22:00.000000,911_calls,2025-02-07 10:22:00,Friday,10,2,3.0
call_2363,40.849727216000076,-73.90578765199996,10P9,10P9,2025-02-06T11:23:00.000000,911_calls,2025-02-06 11:23:00,Thursday,11,2,3.0
call_2364,40.76209174600007,-73.97882988499998,52D6,52D6,2025-02-05T12:24:00.000000,911_calls,2025-02-05 12:24:00,Wednesday,12,2,3.0
call_2365,40.69524053500004,-73.91408743599999,68Q1,68Q1,2025-02-04T13:25:00.000000,911_calls,2025-02-04 13:25:00,Tuesday,13,2,3.0
call_2366,40.76034132500007,-73.76890691299997,75Z,75Z,2025-02-03T14:26:00.000000,911_calls,2025-02-03 14:26:00,Monday,14,2,3.0
call_2367,40.755915970000046,-73.92149524599995,75D,75D,2025-02-02T15:27:00.000000,911_calls,2025-02-02 15:27:00,Sunday,15,2,3.0
call_2368,40.608288909000066,-73.81617002399997,75S,75S,2025-02-01T16:28:00.000000,911_calls,2025-02-01 16:28:00,Saturday,16,2,3.0
call_2369,40.71880019500003,-73.98901309299998,75D,75D,2025-01-31T17:29:00.000000,911_calls,2025-01-31 17:29:00,Friday,17,1,3.0
call_2370,40.74747059100008,-73.88294637699994,75D,75D,2025-01-30T18:30:00.000000,911_calls,2025-01-30 18:30:00,Thursday,18,1,3.0
call_2371,40.69974268200008,-73.91142368699997,75O,75O,2025-01-29T19:31:00.000000,911_calls,2025-01-29 19:31:00,Wednesday,19,1,3.0
call_2372,40.62253255300004,-74.16324186399999,54U1,54U1,2025-01-28T20:32:00.000000,911_calls,2025-01-28 20:32:00,Tuesday,20,1,3.0
call_2373,40.63242975400004,-73.94722400499995,75S,75S,2025-01-27T21:33:00.000000,911_calls,2025-01-27 21:33:00,Monday,21,1,3.0
call_2374,40.74498524300003,-73.98991821599998,10P2,10P2,2025-01-26T22:34:00.000000,911_calls,2025-01-26 22:34:00,Sunday,22,1,3.0
call_2375,40.86010419200005,-73.86853703399998,52D6,52D6,2025-01-25T23:35:00.000000,911_calls,2025-01-25 23:35:00,Saturday,23,1,3.0
call_2376,40.731699724000066,-73.98231781399994,50P1,50P1,2025-01-24T00:36:00.000000,911_calls,2025-01-24 00:36:00,Friday,0,1,3.0
call_2377,40.88605550700004,-73.87875671899997,75M,75M,2025-01-23T01:37:00.000000,911_calls,2025-01-23 01:37:00,Thursday,1,1,3.0
call_2378,40.55903297200007,-74.12230456199995,10Y3,10Y3,2025-01-22T02:38:00.000000,911_calls,2025-01-22 02:38:00,Wednesday,2,1,3.0
call_2379,40.86858934000003,-73.86725479999996,68U2,68U2,2025-01-21T03:39:00.000000,911_calls,2025-01-21 03:39:00,Tuesday,3,1,3.0
call_2380,40.86858934000003,-73.86725479999996,68U2,68U2,2025-01-20T04:40:00.000000,911_calls,2025-01-20 04:40:00,Monday,4,1,3.0
call_2381,40.81688561100003,-73.90782117699996,75S,75S,2025-01-19T05:41:00.000000,911_calls,2025-01-19 05:41:00,Sunday,5,1,3.0
call_2382,40.714074580000045,-73.95049964199995,75S,75S,2025-01-18T06:42:00.000000,911_calls,2025-01-18 06:42:00,Saturday,6,1,3.0
call_2383,40.85365304100003,-73.90689183099994,75T,75T,2025-01-17T07:43:00.000000,911_calls,2025-01-17 07:43:00,Friday,7,1,3.0
call_2384,40.60895327700007,-74.14100156599994,68Q2,68Q2,2025-01-16T08:44:00.000000,911_calls,2025-01-16 08:44:00,Thursday,8,1,3.0
call_2385,40.74435360000007,-73.98649711799999,54S1,54S1,2025-01-15T09:45:00.000000,911_calls,2025-01-15 09:45:00,Wednesday,9,1,3.0
call_2386,40.57185868200003,-73.99787771299998,75D,75D,2025-01-14T10:46:00.000000,911_calls,2025-01-14 10:46:00,Tuesday,10,1,3.0
call_2387,40.73796459700003,-73.99826214699993,54U9,54U9,2025-01-13T11:47:00.000000,911_calls,2025-01-13 11:47:00,Monday,11,1,3.0
call_2388,40.74563068700007,-73.99824751199998,54U2,54U2,2025-01-12T12:48:00.000000,911_calls,2025-01-12 12:48:00,Sunday,12,1,3.0
call_2389,40.668219951000026,-73.93813338199999,10H2,10H2,2025-01-11T13:49:00.000000,911_calls,2025-01-11 13:49:00,Saturday,13,1,3.0
call_2390,40.65594665500004,-73.98110890199996,53I,53I,2025-01-10T14:50:00.000000,911_calls,2025-01-10 14:50:00,Friday,14,1,3.0
call_2391,40.821236836000026,-73.94309272199996,68Q1,68Q1,2025-01-09T15:51:00.000000,911_calls,2025-01-09 15:51:00,Thursday,15,1,3.0
call_2392,40.75304148600003,-74.00283837799998,68U2,68U2,2025-01-08T16:52:00.000000,911_calls,2025-01-08 16:52:00,Wednesday,16,1,3.0
call_2393,40.702916049000066,-73.80006160699998,75S,75S,2025-01-07T17:53:00.000000,911_calls,2025-01-07 17:53:00,Tuesday,17,1,3.0
call_2394,40.84607942300005,-73.93813062199996,75Z,75Z,2025-01-06T18:54:00.000000,911_calls,2025-01-06 18:54:00,Monday,18,1,3.0
call_2395,40.59262934700007,-73.97844792499995,75S,75S,2025-01-05T19:55:00.000000,911_calls,2025-01-05 19:55:00,Sunday,19,1,3.0
call_2396,40.76928053700004,-73.95948412499996,56S9,56S9,2025-01-04T20:56:00.000000,911_calls,2025-01-04 20:56:00,Saturday,20,1,3.0
call_2397,40.731699724000066,-73.98231781399994,75D,75D,2025-01-03T21:57:00.000000,911_calls,2025-01-03 21:57:00,Friday,21,1,3.0
call_2398,40.66168754200004,-74.00002306999994,75D,75D,2025-01-02T22:58:00.000000,911_calls,2025-01-02 22:58:00,Thursday,22,1,3.0
call_2399,40.77758801600004,-73.82055539099997,68Q1,68Q1,2025-01-01T23:59:00.000000,911_calls,2025-01-01 23:59:00,Wednesday,23,1,3.0
call_2400,40.68424560500006,-73.83242023499997,75D,75D,2024-12-31T00:00:00.000000,911_calls,2024-12-31 00:00:00,Tuesday,0,12,3.0
call_2401,40.67919692000004,-73.97699945299996,75H,75H,2024-12-30T01:01:00.000000,911_calls,2024-12-30 01:01:00,Monday,1,12,3.0
call_2402,40.755977862000066,-73.98886258299996,13X,13X,2024-12-29T02:02:00.000000,911_calls,2024-12-29 02:02:00,Sunday,2,12,3.0
call_2403,40.755977862000066,-73.98886258299996,13X,13X,2024-12-28T03:03:00.000000,911_calls,2024-12-28 03:03:00,Saturday,3,12,3.0
call_2404,40.755977862000066,-73.98886258299996,13X,13X,2024-12-27T04:04:00.000000,911_calls,2024-12-27 04:04:00,Friday,4,12,3.0
call_2405,40.73201947000007,-74.00073390899996,75S,75S,2024-12-26T05:05:00.000000,911_calls,2024-12-26 05:05:00,Thursday,5,12,3.0
call_2406,40.610434088000034,-74.03563581099996,53I8,53I8,2024-12-25T06:06:00.000000,911_calls,2024-12-25 06:06:00,Wednesday,6,12,3.0
call_2407,40.88522183500004,-73.89950250299995,68Q1,68Q1,2024-12-24T07:07:00.000000,911_calls,2024-12-24 07:07:00,Tuesday,7,12,3.0
call_2408,40.759997474000045,-73.87000522899996,50P1,50P1,2024-12-23T08:08:00.000000,911_calls,2024-12-23 08:08:00,Monday,8,12,3.0
call_2409,40.701719971000045,-73.90583812499995,10Y3,10Y3,2024-12-22T09:09:00.000000,911_calls,2024-12-22 09:09:00,Sunday,9,12,3.0
call_2410,40.81688561100003,-73.90782117699996,75T,75T,2024-12-21T10:10:00.000000,911_calls,2024-12-21 10:10:00,Saturday,10,12,3.0
call_2411,40.701476014000036,-73.92085607799999,68Q1,68Q1,2024-12-20T11:11:00.000000,911_calls,2024-12-20 11:11:00,Friday,11,12,3.0
call_2412,40.695671633000075,-73.98019609199997,54R1,54R1,2024-12-19T12:12:00.000000,911_calls,2024-12-19 12:12:00,Thursday,12,12,3.0
call_2413,40.695671633000075,-73.98019609199997,54R1,54R1,2024-12-18T13:13:00.000000,911_calls,2024-12-18 13:13:00,Wednesday,13,12,3.0
call_2414,40.849894662000054,-73.86446188799994,10H1,10H1,2024-12-17T14:14:00.000000,911_calls,2024-12-17 14:14:00,Tuesday,14,12,3.0
call_2415,40.81735615500003,-73.90933068199996,21R,21R,2024-12-16T15:15:00.000000,911_calls,2024-12-16 15:15:00,Monday,15,12,3.0
call_2416,40.84833817400005,-73.91247643899999,10P9,10P9,2024-12-15T16:16:00.000000,911_calls,2024-12-15 16:16:00,Sunday,16,12,3.0
call_2417,40.70685174000005,-73.91902824899995,68Q1,68Q1,2024-12-14T17:17:00.000000,911_calls,2024-12-14 17:17:00,Saturday,17,12,3.0
call_2418,40.85745092700006,-73.92893796499999,34Q6,34Q6,2024-12-13T18:18:00.000000,911_calls,2024-12-13 18:18:00,Friday,18,12,3.0
call_2419,40.747555100000056,-73.94445129999997,68Q1,68Q1,2024-12-12T19:19:00.000000,911_calls,2024-12-12 19:19:00,Thursday,19,12,3.0
call_2420,40.75664204200007,-73.98837157699995,75S,75S,2024-12-11T20:20:00.000000,911_calls,2024-12-11 20:20:00,Wednesday,20,12,3.0
call_2421,40.65088416300006,-73.89348036399997,75I,75I,2024-12-10T21:21:00.000000,911_calls,2024-12-10 21:21:00,Tuesday,21,12,3.0
call_2422,40.698431106000044,-73.91564127499998,68Q1,68Q1,2024-12-09T22:22:00.000000,911_calls,2024-12-09 22:22:00,Monday,22,12,3.0
call_2423,40.82782501300005,-73.92534538199999,75S,75S,2024-12-08T23:23:00.000000,911_calls,2024-12-08 23:23:00,Sunday,23,12,3.0
call_2424,40.702273406000074,-74.01587398599997,75S,75S,2024-12-07T00:24:00.000000,911_calls,2024-12-07 00:24:00,Saturday,0,12,3.0
call_2425,40.55540829600005,-74.19655974999995,54U2,54U2,2024-12-06T01:25:00.000000,911_calls,2024-12-06 01:25:00,Friday,1,12,3.0
call_2426,40.840988293000066,-73.88214936699995,10V2,10V2,2024-12-05T02:26:00.000000,911_calls,2024-12-05 02:26:00,Thursday,2,12,3.0
call_2427,40.794952884000054,-73.97143733299998,75S,75S,2024-12-04T03:27:00.000000,911_calls,2024-12-04 03:27:00,Wednesday,3,12,3.0
call_2428,40.55540829600005,-74.19655974999995,54U2,54U2,2024-12-03T04:28:00.000000,911_calls,2024-12-03 04:28:00,Tuesday,4,12,3.0
call_2429,40.82437748600006,-73.94451363399997,75S,75S,2024-12-02T05:29:00.000000,911_calls,2024-12-02 05:29:00,Monday,5,12,3.0
call_2430,40.64475207900006,-74.08724138199995,75I,75I,2024-12-01T06:30:00.000000,911_calls,2024-12-01 06:30:00,Sunday,6,12,3.0
call_2431,40.79884745600003,-73.95387866199997,75S,75S,2024-11-30T07:31:00.000000,911_calls,2024-11-30 07:31:00,Saturday,7,11,3.0
call_2432,40.75574264800008,-73.90970691299998,68Q2,68Q2,2024-11-29T08:32:00.000000,911_calls,2024-11-29 08:32:00,Friday,8,11,3.0
call_2433,40.69226368000005,-73.98774453499993,75S,75S,2024-11-28T09:33:00.000000,911_calls,2024-11-28 09:33:00,Thursday,9,11,3.0
call_2434,40.70135761500006,-73.91274513699994,68Q1,68Q1,2024-11-27T10:34:00.000000,911_calls,2024-11-27 10:34:00,Wednesday,10,11,3.0
call_2435,40.66202177100007,-73.89270204999997,10S4,10S4,2024-11-26T11:35:00.000000,911_calls,2024-11-26 11:35:00,Tuesday,11,11,3.0
call_2436,40.78554961000003,-73.78329992399995,68Q1,68Q1,2024-11-25T12:36:00.000000,911_calls,2024-11-25 12:36:00,Monday,12,11,3.0
call_2437,40.71412546900007,-73.93190800399998,53X,53X,2024-11-24T13:37:00.000000,911_calls,2024-11-24 13:37:00,Sunday,13,11,3.0
call_2438,40.71412546900007,-73.93190800399998,53X,53X,2024-11-23T14:38:00.000000,911_calls,2024-11-23 14:38:00,Saturday,14,11,3.0
call_2439,40.88733281800006,-73.84725001299995,68Q1,68Q1,2024-11-22T15:39:00.000000,911_calls,2024-11-22 15:39:00,Friday,15,11,3.0
call_2440,40.70610166300003,-73.79324242899997,75D,75D,2024-11-21T16:40:00.000000,911_calls,2024-11-21 16:40:00,Thursday,16,11,3.0
call_2441,40.74498524300003,-73.98991821599998,10V2,10V2,2024-11-20T17:41:00.000000,911_calls,2024-11-20 17:41:00,Wednesday,17,11,3.0
call_2442,40.70438706700003,-73.98557829299995,68Q1,68Q1,2024-11-19T18:42:00.000000,911_calls,2024-11-19 18:42:00,Tuesday,18,11,3.0
call_2443,40.67672900500003,-73.90606448399996,11R4,11R4,2024-11-18T19:43:00.000000,911_calls,2024-11-18 19:43:00,Monday,19,11,3.0
call_2444,40.83786234100006,-73.92956602799995,54S1,54S1,2024-11-17T20:44:00.000000,911_calls,2024-11-17 20:44:00,Sunday,20,11,3.0
call_2445,40.87650369200003,-73.91169807899996,52D1,52D1,2024-11-16T21:45:00.000000,911_calls,2024-11-16 21:45:00,Saturday,21,11,3.0
call_2446,40.631020431000024,-73.97660894699999,68Q1,68Q1,2024-11-15T22:46:00.000000,911_calls,2024-11-15 22:46:00,Friday,22,11,3.0
call_2447,40.747301899000036,-73.88718365899996,75D,75D,2024-11-14T23:47:00.000000,911_calls,2024-11-14 23:47:00,Thursday,23,11,3.0
call_2448,40.75211177400007,-73.87242800499996,39C2,39C2,2024-11-13T00:48:00.000000,911_calls,2024-11-13 00:48:00,Wednesday,0,11,3.0
call_2449,40.65088416300006,-73.89348036399997,75I,75I,2024-11-12T01:49:00.000000,911_calls,2024-11-12 01:49:00,Tuesday,1,11,3.0
call_2450,40.67163055900005,-73.98260771199995,68Q1,68Q1,2024-11-11T02:50:00.000000,911_calls,2024-11-11 02:50:00,Monday,2,11,3.0
call_2451,40.75885707500004,-73.98861664699996,10H1,10H1,2024-11-10T03:51:00.000000,911_calls,2024-11-10 03:51:00,Sunday,3,11,3.0
call_2452,40.75856415900006,-73.88496632199997,54S1,54S1,2024-11-09T04:52:00.000000,911_calls,2024-11-09 04:52:00,Saturday,4,11,3.0
call_2453,40.59289453000008,-73.77658694399997,75M,75M,2024-11-08T05:53:00.000000,911_calls,2024-11-08 05:53:00,Friday,5,11,3.0
call_2454,40.747301899000036,-73.88718365899996,75D,75D,2024-11-07T06:54:00.000000,911_calls,2024-11-07 06:54:00,Thursday,6,11,3.0
call_2455,40.64915284400007,-73.93010398899997,75D,75D,2024-11-06T07:55:00.000000,911_calls,2024-11-06 07:55:00,Wednesday,7,11,3.0
call_2456,40.83556756100006,-73.92079414399996,75T,75T,2024-11-05T08:56:00.000000,911_calls,2024-11-05 08:56:00,Tuesday,8,11,3.0
call_2457,40.64395993900007,-73.97966371899997,75O,75O,2024-11-04T09:57:00.000000,911_calls,2024-11-04 09:57:00,Monday,9,11,3.0
call_2458,40.82236418400004,-73.91146641999995,54S1,54S1,2024-11-03T10:58:00.000000,911_calls,2024-11-03 10:58:00,Sunday,10,11,3.0
call_2459,40.84409626300004,-73.89151927199998,50P2,50P2,2024-11-02T11:59:00.000000,911_calls,2024-11-02 11:59:00,Saturday,11,11,3.0
call_2460,40.596011813000075,-73.74211638099996,56S,56S,2024-11-01T12:00:00.000000,911_calls,2024-11-01 12:00:00,Friday,12,11,3.0
call_2461,40.86828428600006,-73.86931629199995,54E1,54E1,2024-10-31T13:01:00.000000,911_calls,2024-10-31 13:01:00,Thursday,13,10,3.0
call_2462,40.86828428600006,-73.86931629199995,54E1,54E1,2024-10-30T14:02:00.000000,911_calls,2024-10-30 14:02:00,Wednesday,14,10,3.0
call_2463,40.69948865500004,-73.78824638599997,39T1,39T1,2024-10-29T15:03:00.000000,911_calls,2024-10-29 15:03:00,Tuesday,15,10,3.0
call_2464,40.70438706700003,-73.98557829299995,68Q1,68Q1,2024-10-28T16:04:00.000000,911_calls,2024-10-28 16:04:00,Monday,16,10,3.0
call_2465,40.679170578000026,-73.98342775999998,39H1,39H1,2024-10-27T17:05:00.000000,911_calls,2024-10-27 17:05:00,Sunday,17,10,3.0
call_2466,40.84084902400008,-73.94005456699995,50P9,50P9,2024-10-26T18:06:00.000000,911_calls,2024-10-26 18:06:00,Saturday,18,10,3.0
call_2467,40.62285052300007,-74.08093757199998,54C1,54C1,2024-10-25T19:07:00.000000,911_calls,2024-10-25 19:07:00,Friday,19,10,3.0
call_2468,40.672103063000066,-73.88123651899997,10S4,10S4,2024-10-24T20:08:00.000000,911_calls,2024-10-24 20:08:00,Thursday,20,10,3.0
call_2469,40.70333609100004,-74.01208366699996,68Q1,68Q1,2024-10-23T21:09:00.000000,911_calls,2024-10-23 21:09:00,Wednesday,21,10,3.0
call_2470,40.61731981100007,-73.91531154199998,68Q1,68Q1,2024-10-22T22:10:00.000000,911_calls,2024-10-22 22:10:00,Tuesday,22,10,3.0
call_2471,40.81133009200005,-73.92666076599994,75S,75S,2024-10-21T23:11:00.000000,911_calls,2024-10-21 23:11:00,Monday,23,10,3.0
call_2472,40.693090174000076,-73.80673348599998,68Q2,68Q2,2024-10-20T00:12:00.000000,911_calls,2024-10-20 00:12:00,Sunday,0,10,3.0
call_2473,40.81602577600006,-73.91773211999998,75S,75S,2024-10-19T01:13:00.000000,911_calls,2024-10-19 01:13:00,Saturday,1,10,3.0
call_2474,40.62671238000007,-73.93642104499997,68Q1,68Q1,2024-10-18T02:14:00.000000,911_calls,2024-10-18 02:14:00,Friday,2,10,3.0
call_2475,40.74050659000005,-73.90301908599997,54E1,54E1,2024-10-17T03:15:00.000000,911_calls,2024-10-17 03:15:00,Thursday,3,10,3.0
call_2476,40.74050659000005,-73.90301908599997,54E1,54E1,2024-10-16T04:16:00.000000,911_calls,2024-10-16 04:16:00,Wednesday,4,10,3.0
call_2477,40.61633949800006,-74.03095284899996,75S,75S,2024-10-15T05:17:00.000000,911_calls,2024-10-15 05:17:00,Tuesday,5,10,3.0
call_2478,40.84418491500003,-73.92332110299998,10V2,10V2,2024-10-14T06:18:00.000000,911_calls,2024-10-14 06:18:00,Monday,6,10,3.0
call_2479,40.70658936700005,-73.93365418499997,10S4,10S4,2024-10-13T07:19:00.000000,911_calls,2024-10-13 07:19:00,Sunday,7,10,3.0
call_2480,40.70929528400006,-74.00865813999997,75S,75S,2024-10-12T08:20:00.000000,911_calls,2024-10-12 08:20:00,Saturday,8,10,3.0
call_2481,40.78786208300005,-73.96708886399995,75D,75D,2024-10-11T09:21:00.000000,911_calls,2024-10-11 09:21:00,Friday,9,10,3.0
call_2482,40.84713495700004,-73.88895168399995,54H1,54H1,2024-10-10T10:22:00.000000,911_calls,2024-10-10 10:22:00,Thursday,10,10,3.0
call_2483,40.624374819000025,-74.00499432099997,68Q1,68Q1,2024-10-09T11:23:00.000000,911_calls,2024-10-09 11:23:00,Wednesday,11,10,3.0
call_2484,40.856569584000056,-73.90227146299998,54S2,54S2,2024-10-08T12:24:00.000000,911_calls,2024-10-08 12:24:00,Tuesday,12,10,3.0
call_2485,40.616062406000026,-74.01722220999994,68Q1,68Q1,2024-10-07T13:25:00.000000,911_calls,2024-10-07 13:25:00,Monday,13,10,3.0
call_2486,40.864328139000065,-73.86840576199995,68Q1,68Q1,2024-10-06T14:26:00.000000,911_calls,2024-10-06 14:26:00,Sunday,14,10,3.0
call_2487,40.707519528000034,-74.00709974599994,68Q1,68Q1,2024-10-05T15:27:00.000000,911_calls,2024-10-05 15:27:00,Saturday,15,10,3.0
call_2488,40.75522739500008,-73.88862484299995,75Z,75Z,2024-10-04T16:28:00.000000,911_calls,2024-10-04 16:28:00,Friday,16,10,3.0
call_2489,40.874064909000026,-73.89071465699999,75M,75M,2024-10-03T17:29:00.000000,911_calls,2024-10-03 17:29:00,Thursday,17,10,3.0
call_2490,40.77336128700006,-73.93421226799995,75D,75D,2024-10-02T18:30:00.000000,911_calls,2024-10-02 18:30:00,Wednesday,18,10,3.0
call_2491,40.68272838100006,-73.91579454399994,10H1,10H1,2024-10-01T19:31:00.000000,911_calls,2024-10-01 19:31:00,Tuesday,19,10,3.0
call_2492,40.70819495500007,-73.99896265999996,54S2,54S2,2024-09-30T20:32:00.000000,911_calls,2024-09-30 20:32:00,Monday,20,9,3.0
call_2493,40.816872438000075,-73.85068492699997,10S4,10S4,2024-09-29T21:33:00.000000,911_calls,2024-09-29 21:33:00,Sunday,21,9,3.0
call_2494,40.706637201000035,-73.95271614099994,75O,75O,2024-09-28T22:34:00.000000,911_calls,2024-09-28 22:34:00,Saturday,22,9,3.0
call_2495,40.84448348800004,-73.91465008299997,75O,75O,2024-09-27T23:35:00.000000,911_calls,2024-09-27 23:35:00,Friday,23,9,3.0
call_2496,40.87905555300006,-73.90730104699998,50P2,50P2,2024-09-26T00:36:00.000000,911_calls,2024-09-26 00:36:00,Thursday,0,9,3.0
call_2497,40.72542926800003,-73.99678326499998,52D2,52D2,2024-09-25T01:37:00.000000,911_calls,2024-09-25 01:37:00,Wednesday,1,9,3.0
call_2498,40.81821683800007,-73.85028810799997,68Q1,68Q1,2024-09-24T02:38:00.000000,911_calls,2024-09-24 02:38:00,Tuesday,2,9,3.0
call_2499,40.66646466200007,-73.90410359499998,75D,75D,2024-09-23T03:39:00.000000,911_calls,2024-09-23 03:39:00,Monday,3,9,3.0
call_2500,40.76733554700007,-73.95487521099994,75D,75D,2024-09-22T04:40:00.000000,911_calls,2024-09-22 04:40:00,Sunday,4,9,3.0
call_2501,40.628765799000064,-73.88408043899994,75D,75D,2024-09-21T05:41:00.000000,911_calls,2024-09-21 05:41:00,Saturday,5,9,3.0
call_2502,40.69143175500005,-73.88666156399995,75Z,75Z,2024-09-20T06:42:00.000000,911_calls,2024-09-20 06:42:00,Friday,6,9,3.0
call_2503,40.60274595100003,-73.75007786499998,54E1,54E1,2024-09-19T07:43:00.000000,911_calls,2024-09-19 07:43:00,Thursday,7,9,3.0
call_2504,40.60274595100003,-73.75007786499998,54E1,54E1,2024-09-18T08:44:00.000000,911_calls,2024-09-18 08:44:00,Wednesday,8,9,3.0
call_2505,40.76813711500006,-73.98927932699996,10H2,10H2,2024-09-17T09:45:00.000000,911_calls,2024-09-17 09:45:00,Tuesday,9,9,3.0
call_2506,40.744758671000056,-73.97883539299994,75D,75D,2024-09-16T10:46:00.000000,911_calls,2024-09-16 10:46:00,Monday,10,9,3.0
call_2507,40.85211967500004,-73.89823676299994,10V2,10V2,2024-09-15T11:47:00.000000,911_calls,2024-09-15 11:47:00,Sunday,11,9,3.0
call_2508,40.63748737100008,-74.14164916099998,10S4,10S4,2024-09-14T12:48:00.000000,911_calls,2024-09-14 12:48:00,Saturday,12,9,3.0
call_2509,40.75047903600006,-73.94051484799996,10V2,10V2,2024-09-13T13:49:00.000000,911_calls,2024-09-13 13:49:00,Friday,13,9,3.0
call_2510,40.65408281900005,-73.92625698999996,10S4,10S4,2024-09-12T14:50:00.000000,911_calls,2024-09-12 14:50:00,Thursday,14,9,3.0
call_2511,40.86733746700003,-73.91681537799997,75D,75D,2024-09-11T15:51:00.000000,911_calls,2024-09-11 15:51:00,Wednesday,15,9,3.0
call_2512,40.67517254100005,-74.00461959099994,34Q6,34Q6,2024-09-10T16:52:00.000000,911_calls,2024-09-10 16:52:00,Tuesday,16,9,3.0
call_2513,40.69048513100006,-73.91582441399999,68Q1,68Q1,2024-09-09T17:53:00.000000,911_calls,2024-09-09 17:53:00,Monday,17,9,3.0
call_2514,40.70042942600003,-73.80820890199993,54S9,54S9,2024-09-08T18:54:00.000000,911_calls,2024-09-08 18:54:00,Sunday,18,9,3.0
call_2515,40.851656037000055,-73.92761756999994,68Q1,68Q1,2024-09-07T19:55:00.000000,911_calls,2024-09-07 19:55:00,Saturday,19,9,3.0
call_2516,40.73033847200003,-73.98330318599994,68Q1,68Q1,2024-09-06T20:56:00.000000,911_calls,2024-09-06 20:56:00,Friday,20,9,3.0
call_2517,40.79098582700004,-73.82824403999996,11R4,11R4,2024-09-05T21:57:00.000000,911_calls,2024-09-05 21:57:00,Thursday,21,9,3.0
call_2518,40.69380436300003,-73.79903954799994,20Q1,20Q1,2024-09-04T22:58:00.000000,911_calls,2024-09-04 22:58:00,Wednesday,22,9,3.0
call_2519,40.840477545000056,-73.86680492299996,54U2,54U2,2024-09-03T23:59:00.000000,911_calls,2024-09-03 23:59:00,Tuesday,23,9,3.0
call_2520,40.672103063000066,-73.88123651899997,10P2,10P2,2024-09-02T00:00:00.000000,911_calls,2024-09-02 00:00:00,Monday,0,9,3.0
call_2521,40.755977862000066,-73.98886258299996,54I2,54I2,2024-09-01T01:01:00.000000,911_calls,2024-09-01 01:01:00,Sunday,1,9,3.0
call_2522,40.82522502300003,-73.91626822399996,75I,75I,2024-08-31T02:02:00.000000,911_calls,2024-08-31 02:02:00,Saturday,2,8,3.0
call_2523,40.81756136700005,-73.92786058299998,75M,75M,2024-08-30T03:03:00.000000,911_calls,2024-08-30 03:03:00,Friday,3,8,3.0
call_2524,40.854446635000045,-73.89456776599997,75D,75D,2024-08-29T04:04:00.000000,911_calls,2024-08-29 04:04:00,Thursday,4,8,3.0
call_2525,40.84582439900004,-73.93856819599995,68Q1,68Q1,2024-08-28T05:05:00.000000,911_calls,2024-08-28 05:05:00,Wednesday,5,8,3.0
call_2526,40.73977318800007,-73.99298631899995,59Q1,59Q1,2024-08-27T06:06:00.000000,911_calls,2024-08-27 06:06:00,Tuesday,6,8,3.0
call_2527,40.65720532200004,-73.89339458399996,68U2,68U2,2024-08-26T07:07:00.000000,911_calls,2024-08-26 07:07:00,Monday,7,8,3.0
call_2528,40.604078962000074,-73.75472573599995,75S,75S,2024-08-25T08:08:00.000000,911_calls,2024-08-25 08:08:00,Sunday,8,8,3.0
call_2529,40.72146384000007,-73.95835514799995,54E1,54E1,2024-08-24T09:09:00.000000,911_calls,2024-08-24 09:09:00,Saturday,9,8,3.0
call_2530,40.72146384000007,-73.95835514799995,54E1,54E1,2024-08-23T10:10:00.000000,911_calls,2024-08-23 10:10:00,Friday,10,8,3.0
call_2531,40.766231909000055,-73.92749741499995,10Y3,10Y3,2024-08-22T11:11:00.000000,911_calls,2024-08-22 11:11:00,Thursday,11,8,3.0
call_2532,40.76198309100005,-73.98633471299996,54S9,54S9,2024-08-21T12:12:00.000000,911_calls,2024-08-21 12:12:00,Wednesday,12,8,3.0
call_2533,40.86085841600004,-73.89778957199997,75S,75S,2024-08-20T13:13:00.000000,911_calls,2024-08-20 13:13:00,Tuesday,13,8,3.0
call_2534,40.66543670900006,-73.90572353299996,50G1,50G1,2024-08-19T14:14:00.000000,911_calls,2024-08-19 14:14:00,Monday,14,8,3.0
call_2535,40.83159198900006,-73.85910408199999,10H1,10H1,2024-08-18T15:15:00.000000,911_calls,2024-08-18 15:15:00,Sunday,15,8,3.0
call_2536,40.857399170000065,-73.89986989099998,10V2,10V2,2024-08-17T16:16:00.000000,911_calls,2024-08-17 16:16:00,Saturday,16,8,3.0
call_2537,40.70355491400005,-73.79967738599998,75D,75D,2024-08-16T17:17:00.000000,911_calls,2024-08-16 17:17:00,Friday,17,8,3.0
call_2538,40.75664204200007,-73.98837157699995,75S,75S,2024-08-15T18:18:00.000000,911_calls,2024-08-15 18:18:00,Thursday,18,8,3.0
call_2539,40.79897077700008,-73.94137447199995,75D,75D,2024-08-14T19:19:00.000000,911_calls,2024-08-14 19:19:00,Wednesday,19,8,3.0
call_2540,40.67836827600007,-73.90352044899998,75S,75S,2024-08-13T20:20:00.000000,911_calls,2024-08-13 20:20:00,Tuesday,20,8,3.0
call_2541,40.74593069300005,-73.89125325799995,10V2,10V2,2024-08-12T21:21:00.000000,911_calls,2024-08-12 21:21:00,Monday,21,8,3.0
call_2542,40.59806058500004,-74.06644251199998,39H1,39H1,2024-08-11T22:22:00.000000,911_calls,2024-08-11 22:22:00,Sunday,22,8,3.0
call_2543,40.78052257600007,-73.94521817699996,44H1,44H1,2024-08-10T23:23:00.000000,911_calls,2024-08-10 23:23:00,Saturday,23,8,3.0
call_2544,40.88175555600003,-73.88235556099994,10Y3,10Y3,2024-08-09T00:24:00.000000,911_calls,2024-08-09 00:24:00,Friday,0,8,3.0
call_2545,40.77829193100007,-73.77723950599994,75H,75H,2024-08-08T01:25:00.000000,911_calls,2024-08-08 01:25:00,Thursday,1,8,3.0
call_2546,40.57628456500004,-73.98139061299997,24Q2,24Q2,2024-08-07T02:26:00.000000,911_calls,2024-08-07 02:26:00,Wednesday,2,8,3.0
call_2547,40.79397933200005,-73.93844629299997,68Q1,68Q1,2024-08-06T03:27:00.000000,911_calls,2024-08-06 03:27:00,Tuesday,3,8,3.0
call_2548,40.63743489600006,-73.92935961599994,68U1,68U1,2024-08-05T04:28:00.000000,911_calls,2024-08-05 04:28:00,Monday,4,8,3.0
call_2549,40.866572474000066,-73.91790098199994,10V2,10V2,2024-08-04T05:29:00.000000,911_calls,2024-08-04 05:29:00,Sunday,5,8,3.0
call_2550,40.65305773100005,-73.92857183699994,52D6,52D6,2024-08-03T06:30:00.000000,911_calls,2024-08-03 06:30:00,Saturday,6,8,3.0
call_2551,40.76862061600008,-73.76005489999994,75D,75D,2024-08-02T07:31:00.000000,911_calls,2024-08-02 07:31:00,Friday,7,8,3.0
call_2552,40.86940749200005,-73.87999831299999,68Q1,68Q1,2024-08-01T08:32:00.000000,911_calls,2024-08-01 08:32:00,Thursday,8,8,3.0
call_2553,40.64968737300006,-73.89341019999995,75D,75D,2024-07-31T09:33:00.000000,911_calls,2024-07-31 09:33:00,Wednesday,9,7,3.0
call_2554,40.64725881900006,-73.92990056699995,75D,75D,2024-07-30T10:34:00.000000,911_calls,2024-07-30 10:34:00,Tuesday,10,7,3.0
call_2555,40.641753583000025,-74.01758917199999,75M,75M,2025-07-29T11:35:00.000000,911_calls,2025-07-29 11:35:00,Tuesday,11,7,3.0
call_2556,40.65072158400005,-74.01130652899997,10Y3,10Y3,2025-07-28T12:36:00.000000,911_calls,2025-07-28 12:36:00,Monday,12,7,3.0
call_2557,40.68151004300006,-73.95574450999999,75M,75M,2025-07-27T13:37:00.000000,911_calls,2025-07-27 13:37:00,Sunday,13,7,3.0
call_2558,40.71127221800003,-73.72824491399996,75D,75D,2025-07-26T14:38:00.000000,911_calls,2025-07-26 14:38:00,Saturday,14,7,3.0
call_2559,40.69612682300004,-73.80242963799998,53X,53X,2025-07-25T15:39:00.000000,911_calls,2025-07-25 15:39:00,Friday,15,7,3.0
call_2560,40.69612682300004,-73.80242963799998,53X,53X,2025-07-24T16:40:00.000000,911_calls,2025-07-24 16:40:00,Thursday,16,7,3.0
call_2561,40.682000963000064,-73.94822315299996,10S4,10S4,2025-07-23T17:41:00.000000,911_calls,2025-07-23 17:41:00,Wednesday,17,7,3.0
call_2562,40.821236836000026,-73.94309272199996,75D,75D,2025-07-22T18:42:00.000000,911_calls,2025-07-22 18:42:00,Tuesday,18,7,3.0
call_2563,40.80265629200005,-73.93033290599993,54E8,54E8,2025-07-21T19:43:00.000000,911_calls,2025-07-21 19:43:00,Monday,19,7,3.0
call_2564,40.80265629200005,-73.93033290599993,54E8,54E8,2025-07-20T20:44:00.000000,911_calls,2025-07-20 20:44:00,Sunday,20,7,3.0
call_2565,40.74705075800006,-73.89147157999997,75S,75S,2025-07-19T21:45:00.000000,911_calls,2025-07-19 21:45:00,Saturday,21,7,3.0
call_2566,40.64188521300008,-73.98163896599993,75D,75D,2025-07-18T22:46:00.000000,911_calls,2025-07-18 22:46:00,Friday,22,7,3.0
call_2567,40.688007294000045,-73.93367267299993,75D,75D,2025-07-17T23:47:00.000000,911_calls,2025-07-17 23:47:00,Thursday,23,7,3.0
call_2568,40.629542592000064,-74.12632103799996,68Q2,68Q2,2025-07-16T00:48:00.000000,911_calls,2025-07-16 00:48:00,Wednesday,0,7,3.0
call_2569,40.77832031600008,-73.90896138199997,59R4,59R4,2025-07-15T01:49:00.000000,911_calls,2025-07-15 01:49:00,Tuesday,1,7,3.0
call_2570,40.66274742000007,-73.94461563499993,39H2,39H2,2025-07-14T02:50:00.000000,911_calls,2025-07-14 02:50:00,Monday,2,7,3.0
call_2571,40.66933299600004,-73.94081431799998,53S,53S,2025-07-13T03:51:00.000000,911_calls,2025-07-13 03:51:00,Sunday,3,7,3.0
call_2572,40.75664204200007,-73.98837157699995,75S,75S,2025-07-12T04:52:00.000000,911_calls,2025-07-12 04:52:00,Saturday,4,7,3.0
call_2573,40.84993577600005,-73.94356336799996,53S8,53S8,2025-07-11T05:53:00.000000,911_calls,2025-07-11 05:53:00,Friday,5,7,3.0
call_2574,40.63522503300004,-74.10664164299999,68Q2,68Q2,2025-07-10T06:54:00.000000,911_calls,2025-07-10 06:54:00,Thursday,6,7,3.0
call_2575,40.69974268200008,-73.91142368699997,34Q9,34Q9,2025-07-09T07:55:00.000000,911_calls,2025-07-09 07:55:00,Wednesday,7,7,3.0
call_2576,40.69318664200006,-73.92469557999993,68Q1,68Q1,2025-07-08T08:56:00.000000,911_calls,2025-07-08 08:56:00,Tuesday,8,7,3.0
call_2577,40.58795031200003,-73.98359800899993,75M,75M,2025-07-07T09:57:00.000000,911_calls,2025-07-07 09:57:00,Monday,9,7,3.0
call_2578,40.683795588000066,-73.88370354499995,10Y3,10Y3,2025-07-06T10:58:00.000000,911_calls,2025-07-06 10:58:00,Sunday,10,7,3.0
call_2579,40.75655452900003,-73.99214714599998,10Y3,10Y3,2025-07-05T11:59:00.000000,911_calls,2025-07-05 11:59:00,Saturday,11,7,3.0
call_2580,40.72279473000003,-73.97668857899998,10V2,10V2,2025-07-04T12:00:00.000000,911_calls,2025-07-04 12:00:00,Friday,12,7,3.0
call_2581,40.65093233300007,-73.94716612399998,54U2,54U2,2025-07-03T13:01:00.000000,911_calls,2025-07-03 13:01:00,Thursday,13,7,3.0
call_2582,40.660319627000035,-73.94746865899998,10S4,10S4,2025-07-02T14:02:00.000000,911_calls,2025-07-02 14:02:00,Wednesday,14,7,3.0
call_2583,40.75664204200007,-73.98837157699995,75M,75M,2025-07-01T15:03:00.000000,911_calls,2025-07-01 15:03:00,Tuesday,15,7,3.0
call_2584,40.79199761600006,-73.94971942099994,10Y3,10Y3,2025-06-30T16:04:00.000000,911_calls,2025-06-30 16:04:00,Monday,16,6,3.0
call_2585,40.67258587100008,-73.87326145799994,68Q1,68Q1,2025-06-29T17:05:00.000000,911_calls,2025-06-29 17:05:00,Sunday,17,6,3.0
call_2586,40.65106272200006,-73.92929833799997,52D1,52D1,2025-06-28T18:06:00.000000,911_calls,2025-06-28 18:06:00,Saturday,18,6,3.0
call_2587,40.69438208200006,-73.98329055199997,68Q1,68Q1,2025-06-27T19:07:00.000000,911_calls,2025-06-27 19:07:00,Friday,19,6,3.0
call_2588,40.84084902400008,-73.94005456699995,50P9,50P9,2025-06-26T20:08:00.000000,911_calls,2025-06-26 20:08:00,Thursday,20,6,3.0
call_2589,40.84833817400005,-73.91247643899999,75S,75S,2025-06-25T21:09:00.000000,911_calls,2025-06-25 21:09:00,Wednesday,21,6,3.0
call_2590,40.72392271900003,-73.95035884199996,75S,75S,2025-06-24T22:10:00.000000,911_calls,2025-06-24 22:10:00,Tuesday,22,6,3.0
call_2591,40.70569928200007,-73.93715362999995,10Y3,10Y3,2025-06-23T23:11:00.000000,911_calls,2025-06-23 23:11:00,Monday,23,6,3.0
call_2592,40.689048255000046,-73.95861337799994,75D,75D,2025-06-22T00:12:00.000000,911_calls,2025-06-22 00:12:00,Sunday,0,6,3.0
call_2593,40.705628483000055,-73.81014159699998,75S,75S,2025-06-21T01:13:00.000000,911_calls,2025-06-21 01:13:00,Saturday,1,6,3.0
call_2594,40.608756767000045,-73.97359866999994,53H,53H,2025-06-20T02:14:00.000000,911_calls,2025-06-20 02:14:00,Friday,2,6,3.0
call_2595,40.72100747400003,-74.00273599999997,52D6,52D6,2025-06-19T03:15:00.000000,911_calls,2025-06-19 03:15:00,Thursday,3,6,3.0
call_2596,40.71217752600006,-74.00439130099994,75S,75S,2025-06-18T04:16:00.000000,911_calls,2025-06-18 04:16:00,Wednesday,4,6,3.0
call_2597,40.607641486000034,-74.08112081399997,68Q2,68Q2,2025-06-17T05:17:00.000000,911_calls,2025-06-17 05:17:00,Tuesday,5,6,3.0
call_2598,40.81688561100003,-73.90782117699996,75S,75S,2025-06-16T06:18:00.000000,911_calls,2025-06-16 06:18:00,Monday,6,6,3.0
call_2599,40.81339064900004,-73.94508997099996,75D,75D,2025-06-15T07:19:00.000000,911_calls,2025-06-15 07:19:00,Sunday,7,6,3.0
call_2600,40.68527652300003,-73.92952167199996,68Q1,68Q1,2025-06-14T08:20:00.000000,911_calls,2025-06-14 08:20:00,Saturday,8,6,3.0
call_2601,40.85307371600004,-73.90332126399994,54E1,54E1,2025-06-13T09:21:00.000000,911_calls,2025-06-13 09:21:00,Friday,9,6,3.0
call_2602,40.85307371600004,-73.90332126399994,54E1,54E1,2025-06-12T10:22:00.000000,911_calls,2025-06-12 10:22:00,Thursday,10,6,3.0
call_2603,40.883126566000044,-73.86137445299994,75T,75T,2025-06-11T11:23:00.000000,911_calls,2025-06-11 11:23:00,Wednesday,11,6,3.0
call_2604,40.763245332000054,-73.96088120799999,54I1,54I1,2025-06-10T12:24:00.000000,911_calls,2025-06-10 12:24:00,Tuesday,12,6,3.0
call_2605,40.66888376700007,-73.93250571899995,10V2,10V2,2025-06-09T13:25:00.000000,911_calls,2025-06-09 13:25:00,Monday,13,6,3.0
call_2606,40.78803772200007,-73.82086307199995,11R4,11R4,2025-06-08T14:26:00.000000,911_calls,2025-06-08 14:26:00,Sunday,14,6,3.0
call_2607,40.883126566000044,-73.86137445299994,75T,75T,2025-06-07T15:27:00.000000,911_calls,2025-06-07 15:27:00,Saturday,15,6,3.0
call_2608,40.66930644100006,-73.89571115099994,11C4,11C4,2025-06-06T16:28:00.000000,911_calls,2025-06-06 16:28:00,Friday,16,6,3.0
call_2609,40.79386832300003,-73.94704185799998,68Q1,68Q1,2025-06-05T17:29:00.000000,911_calls,2025-06-05 17:29:00,Thursday,17,6,3.0
call_2610,40.849727216000076,-73.90578765199996,75M,75M,2025-06-04T18:30:00.000000,911_calls,2025-06-04 18:30:00,Wednesday,18,6,3.0
call_2611,40.79894382700007,-73.94236052199994,68Q1,68Q1,2025-06-03T19:31:00.000000,911_calls,2025-06-03 19:31:00,Tuesday,19,6,3.0
call_2612,40.599099900000056,-73.95403103699994,68Q1,68Q1,2025-06-02T20:32:00.000000,911_calls,2025-06-02 20:32:00,Monday,20,6,3.0
call_2613,40.82258756200008,-73.90256344799997,75D,75D,2025-06-01T21:33:00.000000,911_calls,2025-06-01 21:33:00,Sunday,21,6,3.0
call_2614,40.62771396100004,-74.01779441899998,53I8,53I8,2025-05-31T22:34:00.000000,911_calls,2025-05-31 22:34:00,Saturday,22,5,3.0
call_2615,40.63789134000007,-74.01962029999999,68Q1,68Q1,2025-05-30T23:35:00.000000,911_calls,2025-05-30 23:35:00,Friday,23,5,3.0
call_2616,40.86327901900006,-73.90067809799996,75S,75S,2025-05-29T00:36:00.000000,911_calls,2025-05-29 00:36:00,Thursday,0,5,3.0
call_2617,40.67322472500007,-73.89138261899996,75D,75D,2025-05-28T01:37:00.000000,911_calls,2025-05-28 01:37:00,Wednesday,1,5,3.0
call_2618,40.65301114500005,-73.94351731599994,75Z,75Z,2025-05-27T02:38:00.000000,911_calls,2025-05-27 02:38:00,Tuesday,2,5,3.0
call_2619,40.83957595800007,-73.94098451699995,53S,53S,2025-05-26T03:39:00.000000,911_calls,2025-05-26 03:39:00,Monday,3,5,3.0
call_2620,40.714783932000046,-73.75699495299995,68Q1,68Q1,2025-05-25T04:40:00.000000,911_calls,2025-05-25 04:40:00,Sunday,4,5,3.0
call_2621,40.71034929800004,-73.96348765599998,54U2,54U2,2025-05-24T05:41:00.000000,911_calls,2025-05-24 05:41:00,Saturday,5,5,3.0
call_2622,40.75545687600004,-74.00223209299998,75S,75S,2025-05-23T06:42:00.000000,911_calls,2025-05-23 06:42:00,Friday,6,5,3.0
call_2623,40.79074641400007,-73.95063404199993,68Q1,68Q1,2025-05-22T07:43:00.000000,911_calls,2025-05-22 07:43:00,Thursday,7,5,3.0
call_2624,40.700468959000034,-73.92125759299995,54S2,54S2,2025-05-21T08:44:00.000000,911_calls,2025-05-21 08:44:00,Wednesday,8,5,3.0
call_2625,40.853939645000025,-73.89243945199996,68Q1,68Q1,2025-05-20T09:45:00.000000,911_calls,2025-05-20 09:45:00,Tuesday,9,5,3.0
call_2626,40.718792129000065,-73.81333639999997,75D,75D,2025-05-19T10:46:00.000000,911_calls,2025-05-19 10:46:00,Monday,10,5,3.0
call_2627,40.749480326000025,-73.89798571799997,11C4,11C4,2025-05-18T11:47:00.000000,911_calls,2025-05-18 11:47:00,Sunday,11,5,3.0
call_2628,40.58737417000003,-73.95417232099999,75M,75M,2025-05-17T12:48:00.000000,911_calls,2025-05-17 12:48:00,Saturday,12,5,3.0
call_2629,40.81602577600006,-73.91773211999998,54S9,54S9,2025-05-16T13:49:00.000000,911_calls,2025-05-16 13:49:00,Friday,13,5,3.0
call_2630,40.65318539300006,-73.94069890199995,10V2,10V2,2025-05-15T14:50:00.000000,911_calls,2025-05-15 14:50:00,Thursday,14,5,3.0
call_2631,40.80812776100004,-73.92360827799996,10H1,10H1,2025-05-14T15:51:00.000000,911_calls,2025-05-14 15:51:00,Wednesday,15,5,3.0
call_2632,40.74563068700007,-73.99824751199998,39H9,39H9,2025-05-13T16:52:00.000000,911_calls,2025-05-13 16:52:00,Tuesday,16,5,3.0
call_2633,40.62382000400004,-74.15316565899997,68Q2,68Q2,2025-05-12T17:53:00.000000,911_calls,2025-05-12 17:53:00,Monday,17,5,3.0
call_2634,40.86327901900006,-73.90067809799996,75M,75M,2025-05-11T18:54:00.000000,911_calls,2025-05-11 18:54:00,Sunday,18,5,3.0
call_2635,40.57628456500004,-73.98139061299997,50P9,50P9,2025-05-10T19:55:00.000000,911_calls,2025-05-10 19:55:00,Saturday,19,5,3.0
call_2636,40.72525633500004,-73.99636476499995,54I9,54I9,2025-05-09T20:56:00.000000,911_calls,2025-05-09 20:56:00,Friday,20,5,3.0
call_2637,40.69519897600003,-73.95084903199995,13X2,13X2,2025-05-08T21:57:00.000000,911_calls,2025-05-08 21:57:00,Thursday,21,5,3.0
call_2638,40.69519897600003,-73.95084903199995,13X2,13X2,2025-05-07T22:58:00.000000,911_calls,2025-05-07 22:58:00,Wednesday,22,5,3.0
call_2639,40.84573435300007,-73.91008716099998,75S,75S,2025-05-06T23:59:00.000000,911_calls,2025-05-06 23:59:00,Tuesday,23,5,3.0
call_2640,40.85824940800006,-73.90234852599997,10P2,10P2,2025-05-05T00:00:00.000000,911_calls,2025-05-05 00:00:00,Monday,0,5,3.0
call_2641,40.75157829500006,-73.89601185499998,68Q1,68Q1,2025-05-04T01:01:00.000000,911_calls,2025-05-04 01:01:00,Sunday,1,5,3.0
call_2642,40.865165938000075,-73.93295367399998,53I8,53I8,2025-05-03T02:02:00.000000,911_calls,2025-05-03 02:02:00,Saturday,2,5,3.0
call_2643,40.73485029200003,-73.75539543999997,75H,75H,2025-05-02T03:03:00.000000,911_calls,2025-05-02 03:03:00,Friday,3,5,3.0
call_2644,40.84448348800004,-73.91465008299997,75M,75M,2025-05-01T04:04:00.000000,911_calls,2025-05-01 04:04:00,Thursday,4,5,3.0
call_2645,40.83684634100007,-73.94372625299997,68Q1,68Q1,2025-04-30T05:05:00.000000,911_calls,2025-04-30 05:05:00,Wednesday,5,4,3.0
call_2646,40.81843346800008,-73.91474129799997,75D,75D,2025-04-29T06:06:00.000000,911_calls,2025-04-29 06:06:00,Tuesday,6,4,3.0
call_2647,40.60845031500003,-74.18243951499994,10V2,10V2,2025-04-28T07:07:00.000000,911_calls,2025-04-28 07:07:00,Monday,7,4,3.0
call_2648,40.74491926600007,-73.98879947199998,10P2,10P2,2025-04-27T08:08:00.000000,911_calls,2025-04-27 08:08:00,Sunday,8,4,3.0
call_2649,40.69479374600007,-73.93134354699998,75Z,75Z,2025-04-26T09:09:00.000000,911_calls,2025-04-26 09:09:00,Saturday,9,4,3.0
call_2650,40.66754031000005,-73.97939338699996,10H1,10H1,2025-04-25T10:10:00.000000,911_calls,2025-04-25 10:10:00,Friday,10,4,3.0
call_2651,40.81262022800007,-73.94689688499994,10H1,10H1,2025-04-24T11:11:00.000000,911_calls,2025-04-24 11:11:00,Thursday,11,4,3.0
call_2652,40.624958725000056,-74.13599921999997,68U2,68U2,2025-04-23T12:12:00.000000,911_calls,2025-04-23 12:12:00,Wednesday,12,4,3.0
call_2653,40.620836765000035,-73.99461979099993,68Q1,68Q1,2025-04-22T13:13:00.000000,911_calls,2025-04-22 13:13:00,Tuesday,13,4,3.0
call_2654,40.71241149700006,-73.82621729999994,68Q1,68Q1,2025-04-21T14:14:00.000000,911_calls,2025-04-21 14:14:00,Monday,14,4,3.0
call_2655,40.903436775000046,-73.85001656199995,75O,75O,2025-04-20T15:15:00.000000,911_calls,2025-04-20 15:15:00,Sunday,15,4,3.0
call_2656,40.70531178300007,-73.80138531199998,75D,75D,2025-04-19T16:16:00.000000,911_calls,2025-04-19 16:16:00,Saturday,16,4,3.0
call_2657,40.67257395100006,-73.91017639799998,68Q1,68Q1,2025-04-18T17:17:00.000000,911_calls,2025-04-18 17:17:00,Friday,17,4,3.0
call_2658,40.62043303200005,-73.99070428199997,68Q1,68Q1,2025-04-17T18:18:00.000000,911_calls,2025-04-17 18:18:00,Thursday,18,4,3.0
call_2659,40.72008200000005,-73.96278967699999,10H1,10H1,2025-04-16T19:19:00.000000,911_calls,2025-04-16 19:19:00,Wednesday,19,4,3.0
call_2660,40.71626346000005,-73.98407867999998,75D,75D,2025-04-15T20:20:00.000000,911_calls,2025-04-15 20:20:00,Tuesday,20,4,3.0
call_2661,40.62415528400004,-73.99626579999995,68Q1,68Q1,2025-04-14T21:21:00.000000,911_calls,2025-04-14 21:21:00,Monday,21,4,3.0
call_2662,40.89482223700003,-73.86183474399996,54E8,54E8,2025-04-13T22:22:00.000000,911_calls,2025-04-13 22:22:00,Sunday,22,4,3.0
call_2663,40.89482223700003,-73.86183474399996,54E8,54E8,2025-04-12T23:23:00.000000,911_calls,2025-04-12 23:23:00,Saturday,23,4,3.0
call_2664,40.69628382500008,-73.80435852099998,75Z,75Z,2025-04-11T00:24:00.000000,911_calls,2025-04-11 00:24:00,Friday,0,4,3.0
call_2665,40.64209790800004,-73.99476220999998,10P1,10P1,2025-04-10T01:25:00.000000,911_calls,2025-04-10 01:25:00,Thursday,1,4,3.0
call_2666,40.57628456500004,-73.98139061299997,50P9,50P9,2025-04-09T02:26:00.000000,911_calls,2025-04-09 02:26:00,Wednesday,2,4,3.0
call_2667,40.69394970900004,-73.92472717399994,68Q1,68Q1,2025-04-08T03:27:00.000000,911_calls,2025-04-08 03:27:00,Tuesday,3,4,3.0
call_2668,40.79581483100003,-73.93710106499998,54S2,54S2,2025-04-07T04:28:00.000000,911_calls,2025-04-07 04:28:00,Monday,4,4,3.0
call_2669,40.79409372500004,-73.93681015499999,75D,75D,2025-04-06T05:29:00.000000,911_calls,2025-04-06 05:29:00,Sunday,5,4,3.0
call_2670,40.561852061000025,-74.15613311999994,52K6,52K6,2025-04-05T06:30:00.000000,911_calls,2025-04-05 06:30:00,Saturday,6,4,3.0
call_2671,40.66274742000007,-73.94461563499993,75I,75I,2025-04-04T07:31:00.000000,911_calls,2025-04-04 07:31:00,Friday,7,4,3.0
call_2672,40.836707767000064,-73.86335761199996,54E1,54E1,2025-04-03T08:32:00.000000,911_calls,2025-04-03 08:32:00,Thursday,8,4,3.0
call_2673,40.836707767000064,-73.86335761199996,54E1,54E1,2025-04-02T09:33:00.000000,911_calls,2025-04-02 09:33:00,Wednesday,9,4,3.0
call_2674,40.84655934700004,-73.92371233499995,52D6,52D6,2025-04-01T10:34:00.000000,911_calls,2025-04-01 10:34:00,Tuesday,10,4,3.0
call_2675,40.75273446700004,-73.97654816699998,75S,75S,2025-03-31T11:35:00.000000,911_calls,2025-03-31 11:35:00,Monday,11,3,3.0
call_2676,40.667148205000046,-73.88340093999994,75S,75S,2025-03-30T12:36:00.000000,911_calls,2025-03-30 12:36:00,Sunday,12,3,3.0
call_2677,40.592336182000054,-73.98148695899994,68Q1,68Q1,2025-03-29T13:37:00.000000,911_calls,2025-03-29 13:37:00,Saturday,13,3,3.0
call_2678,40.64021216000003,-74.07567630599993,11R4,11R4,2025-03-28T14:38:00.000000,911_calls,2025-03-28 14:38:00,Friday,14,3,3.0
call_2679,40.82449489700008,-73.91252947799995,20Q1,20Q1,2025-03-27T15:39:00.000000,911_calls,2025-03-27 15:39:00,Thursday,15,3,3.0
call_2680,40.84925596900007,-73.91028843099997,10Y3,10Y3,2025-03-26T16:40:00.000000,911_calls,2025-03-26 16:40:00,Wednesday,16,3,3.0
call_2681,40.81770982900008,-73.92397301399996,68Q1,68Q1,2025-03-25T17:41:00.000000,911_calls,2025-03-25 17:41:00,Tuesday,17,3,3.0
call_2682,40.684461543000054,-73.97775120999995,75S,75S,2025-03-24T18:42:00.000000,911_calls,2025-03-24 18:42:00,Monday,18,3,3.0
call_2683,40.608288909000066,-73.81617002399997,75M,75M,2025-03-23T19:43:00.000000,911_calls,2025-03-23 19:43:00,Sunday,19,3,3.0
call_2684,40.77527040500007,-73.89244736999996,75D,75D,2025-03-22T20:44:00.000000,911_calls,2025-03-22 20:44:00,Saturday,20,3,3.0
call_2685,40.62900726000004,-74.01417413499996,68Q1,68Q1,2025-03-21T21:45:00.000000,911_calls,2025-03-21 21:45:00,Friday,21,3,3.0
call_2686,40.640780446000065,-73.99559466599999,10H1,10H1,2025-03-20T22:46:00.000000,911_calls,2025-03-20 22:46:00,Thursday,22,3,3.0
call_2687,40.67505367800004,-73.97091546699994,75S,75S,2025-03-19T23:47:00.000000,911_calls,2025-03-19 23:47:00,Wednesday,23,3,3.0
call_2688,40.70974283500004,-74.00626316399996,75S,75S,2025-03-18T00:48:00.000000,911_calls,2025-03-18 00:48:00,Tuesday,0,3,3.0
call_2689,40.73201947000007,-74.00073390899996,34Q9,34Q9,2025-03-17T01:49:00.000000,911_calls,2025-03-17 01:49:00,Monday,1,3,3.0
call_2690,40.69318664200006,-73.92469557999993,68Q1,68Q1,2025-03-16T02:50:00.000000,911_calls,2025-03-16 02:50:00,Sunday,2,3,3.0
call_2691,40.882051545000024,-73.85539528099997,10H2,10H2,2025-03-15T03:51:00.000000,911_calls,2025-03-15 03:51:00,Saturday,3,3,3.0
call_2692,40.746385805000045,-73.94438731299994,11C4,11C4,2025-03-14T04:52:00.000000,911_calls,2025-03-14 04:52:00,Friday,4,3,3.0
call_2693,40.653386761000036,-73.92376023299994,10S4,10S4,2025-03-13T05:53:00.000000,911_calls,2025-03-13 05:53:00,Thursday,5,3,3.0
call_2694,40.75813554800004,-73.99285444099996,54H1,54H1,2025-03-12T06:54:00.000000,911_calls,2025-03-12 06:54:00,Wednesday,6,3,3.0
call_2695,40.614528721000056,-73.92792511199997,75D,75D,2025-03-11T07:55:00.000000,911_calls,2025-03-11 07:55:00,Tuesday,7,3,3.0
call_2696,40.85557168400004,-73.86766034499993,75S,75S,2025-03-10T08:56:00.000000,911_calls,2025-03-10 08:56:00,Monday,8,3,3.0
call_2697,40.68610485500005,-73.97391059099994,10Y9,10Y9,2025-03-09T09:57:00.000000,911_calls,2025-03-09 09:57:00,Sunday,9,3,3.0
call_2698,40.66905471000007,-73.90619064399993,75D,75D,2025-03-08T10:58:00.000000,911_calls,2025-03-08 10:58:00,Saturday,10,3,3.0
call_2699,40.66512818000007,-73.73466883999998,10V2,10V2,2025-03-07T11:59:00.000000,911_calls,2025-03-07 11:59:00,Friday,11,3,3.0
call_2700,40.75638111100005,-73.98670403199998,54C1,54C1,2025-03-06T12:00:00.000000,911_calls,2025-03-06 12:00:00,Thursday,12,3,3.0
call_2701,40.71241149700006,-73.82621729999994,54S1,54S1,2025-03-05T13:01:00.000000,911_calls,2025-03-05 13:01:00,Wednesday,13,3,3.0
call_2702,40.68711272400003,-73.97640177399995,75M,75M,2025-03-04T14:02:00.000000,911_calls,2025-03-04 14:02:00,Tuesday,14,3,3.0
call_2703,40.85214118700003,-73.92237572199997,39V6,39V6,2025-03-03T15:03:00.000000,911_calls,2025-03-03 15:03:00,Monday,15,3,3.0
call_2704,40.66512818000007,-73.73466883999998,10V2,10V2,2025-03-02T16:04:00.000000,911_calls,2025-03-02 16:04:00,Sunday,16,3,3.0
call_2705,40.676330602000064,-74.00868270099994,54S1,54S1,2025-03-01T17:05:00.000000,911_calls,2025-03-01 17:05:00,Saturday,17,3,3.0
call_2706,40.82239230000005,-73.91988848899996,75D,75D,2025-02-28T18:06:00.000000,911_calls,2025-02-28 18:06:00,Friday,18,2,3.0
call_2707,40.754516297000066,-73.87759929199996,10V2,10V2,2025-02-27T19:07:00.000000,911_calls,2025-02-27 19:07:00,Thursday,19,2,3.0
call_2708,40.743845272000044,-73.85667685499999,39H1,39H1,2025-02-26T20:08:00.000000,911_calls,2025-02-26 20:08:00,Wednesday,20,2,3.0
call_2709,40.64374258000004,-73.95073198799997,20Q1,20Q1,2025-02-25T21:09:00.000000,911_calls,2025-02-25 21:09:00,Tuesday,21,2,3.0
call_2710,40.57556809600004,-73.98093364699997,24Q9,24Q9,2025-02-24T22:10:00.000000,911_calls,2025-02-24 22:10:00,Monday,22,2,3.0
call_2711,40.734324153000045,-73.98549243099995,54S2,54S2,2025-02-23T23:11:00.000000,911_calls,2025-02-23 23:11:00,Sunday,23,2,3.0
call_2712,40.807240696000065,-73.93630640599997,52D1,52D1,2025-02-22T00:12:00.000000,911_calls,2025-02-22 00:12:00,Saturday,0,2,3.0
call_2713,40.84432035400005,-73.84500310999994,11C4,11C4,2025-02-21T01:13:00.000000,911_calls,2025-02-21 01:13:00,Friday,1,2,3.0
call_2714,40.651546273000065,-73.93473601299996,75D,75D,2025-02-20T02:14:00.000000,911_calls,2025-02-20 02:14:00,Thursday,2,2,3.0
call_2715,40.85295170000006,-73.82708274299995,75T,75T,2025-02-19T03:15:00.000000,911_calls,2025-02-19 03:15:00,Wednesday,3,2,3.0
call_2716,40.68073899600006,-73.94963745499996,75S,75S,2025-02-18T04:16:00.000000,911_calls,2025-02-18 04:16:00,Tuesday,4,2,3.0
call_2717,40.87314213500008,-73.85311859199999,13U2,13U2,2025-02-17T05:17:00.000000,911_calls,2025-02-17 05:17:00,Monday,5,2,3.0
call_2718,40.87314213500008,-73.85311859199999,13U2,13U2,2025-02-16T06:18:00.000000,911_calls,2025-02-16 06:18:00,Sunday,6,2,3.0
call_2719,40.70493225800004,-73.79624685499994,75D,75D,2025-02-15T07:19:00.000000,911_calls,2025-02-15 07:19:00,Saturday,7,2,3.0
call_2720,40.78868184600003,-73.97429652799997,75I,75I,2025-02-14T08:20:00.000000,911_calls,2025-02-14 08:20:00,Friday,8,2,3.0
call_2721,40.59702184100007,-73.98335452199996,68Q1,68Q1,2025-02-13T09:21:00.000000,911_calls,2025-02-13 09:21:00,Thursday,9,2,3.0
call_2722,40.70130659600005,-73.88861033399996,10Y3,10Y3,2025-02-12T10:22:00.000000,911_calls,2025-02-12 10:22:00,Wednesday,10,2,3.0
call_2723,40.854845597000065,-73.90190166799994,10P2,10P2,2025-02-11T11:23:00.000000,911_calls,2025-02-11 11:23:00,Tuesday,11,2,3.0
call_2724,40.597328821000076,-73.98057094399996,68Q1,68Q1,2025-02-10T12:24:00.000000,911_calls,2025-02-10 12:24:00,Monday,12,2,3.0
call_2725,40.74959121900008,-73.85986580099996,32Q2,32Q2,2025-02-09T13:25:00.000000,911_calls,2025-02-09 13:25:00,Sunday,13,2,3.0
call_2726,40.82627113600006,-73.94408929999997,54E1,54E1,2025-02-08T14:26:00.000000,911_calls,2025-02-08 14:26:00,Saturday,14,2,3.0
call_2727,40.82627113600006,-73.94408929999997,54E1,54E1,2025-02-07T15:27:00.000000,911_calls,2025-02-07 15:27:00,Friday,15,2,3.0
call_2728,40.660783550000076,-73.96147833599997,75S,75S,2025-02-06T16:28:00.000000,911_calls,2025-02-06 16:28:00,Thursday,16,2,3.0
call_2729,40.66294346500007,-73.94142913899998,68Q1,68Q1,2025-02-05T17:29:00.000000,911_calls,2025-02-05 17:29:00,Wednesday,17,2,3.0
call_2730,40.87406556800005,-73.88031172099994,10H1,10H1,2025-02-04T18:30:00.000000,911_calls,2025-02-04 18:30:00,Tuesday,18,2,3.0
call_2731,40.76306094600005,-73.95946985899997,53S,53S,2025-02-03T19:31:00.000000,911_calls,2025-02-03 19:31:00,Monday,19,2,3.0
call_2732,40.727484394000044,-73.98692987999993,68Q1,68Q1,2025-02-02T20:32:00.000000,911_calls,2025-02-02 20:32:00,Sunday,20,2,3.0
call_2733,40.70753878200003,-74.00639640999998,68Q1,68Q1,2025-02-01T21:33:00.000000,911_calls,2025-02-01 21:33:00,Saturday,21,2,3.0
call_2734,40.79890265900008,-73.94814667899993,10V2,10V2,2025-01-31T22:34:00.000000,911_calls,2025-01-31 22:34:00,Friday,22,1,3.0
call_2735,40.75664204200007,-73.98837157699995,75S,75S,2025-01-30T23:35:00.000000,911_calls,2025-01-30 23:35:00,Thursday,23,1,3.0
call_2736,40.66261393900004,-73.94676398799999,68Q1,68Q1,2025-01-29T00:36:00.000000,911_calls,2025-01-29 00:36:00,Wednesday,0,1,3.0
call_2737,40.824810945000024,-73.93868515299994,68Q1,68Q1,2025-01-28T01:37:00.000000,911_calls,2025-01-28 01:37:00,Tuesday,1,1,3.0
call_2738,40.63682396200005,-74.15585815699995,52D2,52D2,2025-01-27T02:38:00.000000,911_calls,2025-01-27 02:38:00,Monday,2,1,3.0
call_2739,40.749600533000034,-73.86537333399997,34Q2,34Q2,2025-01-26T03:39:00.000000,911_calls,2025-01-26 03:39:00,Sunday,3,1,3.0
call_2740,40.83493115600004,-73.94501798799996,10H1,10H1,2025-01-25T04:40:00.000000,911_calls,2025-01-25 04:40:00,Saturday,4,1,3.0
call_2741,40.81334708700007,-73.93048428399999,75O,75O,2025-01-24T05:41:00.000000,911_calls,2025-01-24 05:41:00,Friday,5,1,3.0
call_2742,40.68502595700005,-73.99023015199998,10S4,10S4,2025-01-23T06:42:00.000000,911_calls,2025-01-23 06:42:00,Thursday,6,1,3.0
call_2743,40.82418538600007,-73.93913376299997,68Q1,68Q1,2025-01-22T07:43:00.000000,911_calls,2025-01-22 07:43:00,Wednesday,7,1,3.0
call_2744,40.71493704400007,-73.90053120499994,75Z,75Z,2025-01-21T08:44:00.000000,911_calls,2025-01-21 08:44:00,Tuesday,8,1,3.0
call_2745,40.821025398000074,-73.93760473699996,68Q1,68Q1,2025-01-20T09:45:00.000000,911_calls,2025-01-20 09:45:00,Monday,9,1,3.0
call_2746,40.72709757600006,-73.98876277899996,68Q1,68Q1,2025-01-19T10:46:00.000000,911_calls,2025-01-19 10:46:00,Sunday,10,1,3.0
call_2747,40.69714408400006,-73.83678389899995,75T,75T,2025-01-18T11:47:00.000000,911_calls,2025-01-18 11:47:00,Saturday,11,1,3.0
call_2748,40.828874676000055,-73.91514707899995,54S2,54S2,2025-01-17T12:48:00.000000,911_calls,2025-01-17 12:48:00,Friday,12,1,3.0
call_2749,40.660783550000076,-73.96147833599997,75S,75S,2025-01-16T13:49:00.000000,911_calls,2025-01-16 13:49:00,Thursday,13,1,3.0
call_2750,40.675617947000035,-73.73911191499997,68Q1,68Q1,2025-01-15T14:50:00.000000,911_calls,2025-01-15 14:50:00,Wednesday,14,1,3.0
call_2751,40.83558134400005,-73.90967083999993,52D6,52D6,2025-01-14T15:51:00.000000,911_calls,2025-01-14 15:51:00,Tuesday,15,1,3.0
call_2752,40.75252517700005,-73.86198911699995,10H1,10H1,2025-01-13T16:52:00.000000,911_calls,2025-01-13 16:52:00,Monday,16,1,3.0
call_2753,40.604078962000074,-73.75472573599995,75O,75O,2025-01-12T17:53:00.000000,911_calls,2025-01-12 17:53:00,Sunday,17,1,3.0
call_2754,40.75178715100003,-73.97475830899998,75D,75D,2025-01-11T18:54:00.000000,911_calls,2025-01-11 18:54:00,Saturday,18,1,3.0
call_2755,40.90277102300007,-73.85094775299996,75D,75D,2025-01-10T19:55:00.000000,911_calls,2025-01-10 19:55:00,Friday,19,1,3.0
call_2756,40.66729345300007,-73.79800196499997,34K1,34K1,2025-01-09T20:56:00.000000,911_calls,2025-01-09 20:56:00,Thursday,20,1,3.0
call_2757,40.63397280400005,-73.94827482599999,10V2,10V2,2025-01-08T21:57:00.000000,911_calls,2025-01-08 21:57:00,Wednesday,21,1,3.0
call_2758,40.817229145000056,-73.94228687999998,75D,75D,2025-01-07T22:58:00.000000,911_calls,2025-01-07 22:58:00,Tuesday,22,1,3.0
call_2759,40.66438038900003,-73.83345778299997,39H1,39H1,2025-01-06T23:59:00.000000,911_calls,2025-01-06 23:59:00,Monday,23,1,3.0
call_2760,40.63490125200008,-73.96464944699994,68Q1,68Q1,2025-01-05T00:00:00.000000,911_calls,2025-01-05 00:00:00,Sunday,0,1,3.0
call_2761,40.817536560000065,-73.92769441999997,75S,75S,2025-01-04T01:01:00.000000,911_calls,2025-01-04 01:01:00,Saturday,1,1,3.0
call_2762,40.731699724000066,-73.98231781399994,75D,75D,2025-01-03T02:02:00.000000,911_calls,2025-01-03 02:02:00,Friday,2,1,3.0
call_2763,40.662767503000055,-73.90752952599996,75S,75S,2025-01-02T03:03:00.000000,911_calls,2025-01-02 03:03:00,Thursday,3,1,3.0
call_2764,40.85583766800005,-73.90013974599998,75S,75S,2025-01-01T04:04:00.000000,911_calls,2025-01-01 04:04:00,Wednesday,4,1,3.0
call_2765,40.83563288500005,-73.90548598199996,10S4,10S4,2024-12-31T05:05:00.000000,911_calls,2024-12-31 05:05:00,Tuesday,5,12,3.0
call_2766,40.691500209000026,-73.86606760299998,22Q9,22Q9,2024-12-30T06:06:00.000000,911_calls,2024-12-30 06:06:00,Monday,6,12,3.0
call_2767,40.778484838000054,-73.95528288599996,54S1,54S1,2024-12-29T07:07:00.000000,911_calls,2024-12-29 07:07:00,Sunday,7,12,3.0
call_2768,40.78970953800007,-73.96797272299995,75I,75I,2024-12-28T08:08:00.000000,911_calls,2024-12-28 08:08:00,Saturday,8,12,3.0
call_2769,40.669696687000055,-73.94356086499994,34Q2,34Q2,2024-12-27T09:09:00.000000,911_calls,2024-12-27 09:09:00,Friday,9,12,3.0
call_2770,40.827899467000066,-73.92588369299995,75S,75S,2024-12-26T10:10:00.000000,911_calls,2024-12-26 10:10:00,Thursday,10,12,3.0
call_2771,40.632407353000076,-73.93558337299999,11C4,11C4,2024-12-25T11:11:00.000000,911_calls,2024-12-25 11:11:00,Wednesday,11,12,3.0
call_2772,40.75015829400007,-73.80287573699997,68Q1,68Q1,2024-12-24T12:12:00.000000,911_calls,2024-12-24 12:12:00,Tuesday,12,12,3.0
call_2773,40.768001981000054,-73.98379194399996,68U2,68U2,2024-12-23T13:13:00.000000,911_calls,2024-12-23 13:13:00,Monday,13,12,3.0
call_2774,40.81602577600006,-73.91773211999998,75S,75S,2024-12-22T14:14:00.000000,911_calls,2024-12-22 14:14:00,Sunday,14,12,3.0
call_2775,40.69628382500008,-73.80435852099998,50G2,50G2,2024-12-21T15:15:00.000000,911_calls,2024-12-21 15:15:00,Saturday,15,12,3.0
call_2776,40.78349826200008,-73.96817431299996,75D,75D,2024-12-20T16:16:00.000000,911_calls,2024-12-20 16:16:00,Friday,16,12,3.0
call_2777,40.84080819600007,-73.84175138099994,75T,75T,2024-12-19T17:17:00.000000,911_calls,2024-12-19 17:17:00,Thursday,17,12,3.0
call_2778,40.84768101100008,-73.89770138399996,53S,53S,2024-12-18T18:18:00.000000,911_calls,2024-12-18 18:18:00,Wednesday,18,12,3.0
call_2779,40.620699873000035,-74.02408193499997,52D6,52D6,2024-12-17T19:19:00.000000,911_calls,2024-12-17 19:19:00,Tuesday,19,12,3.0
call_2780,40.74611788500005,-73.98216241299997,68Q1,68Q1,2024-12-16T20:20:00.000000,911_calls,2024-12-16 20:20:00,Monday,20,12,3.0
call_2781,40.809859893000066,-73.93764410299997,68Q1,68Q1,2024-12-15T21:21:00.000000,911_calls,2024-12-15 21:21:00,Sunday,21,12,3.0
call_2782,40.71880019500003,-73.98901309299998,10P2,10P2,2024-12-14T22:22:00.000000,911_calls,2024-12-14 22:22:00,Saturday,22,12,3.0
call_2783,40.66646466200007,-73.90410359499998,75D,75D,2024-12-13T23:23:00.000000,911_calls,2024-12-13 23:23:00,Friday,23,12,3.0
call_2784,40.74703996000005,-73.86328167699997,10H1,10H1,2024-12-12T00:24:00.000000,911_calls,2024-12-12 00:24:00,Thursday,0,12,3.0
call_2785,40.688342111000054,-73.84923473299995,75D,75D,2024-12-11T01:25:00.000000,911_calls,2024-12-11 01:25:00,Wednesday,1,12,3.0
call_2786,40.756167883000046,-73.91301263599996,10H1,10H1,2024-12-10T02:26:00.000000,911_calls,2024-12-10 02:26:00,Tuesday,2,12,3.0
call_2787,40.81392244800003,-73.93832308299994,68Q1,68Q1,2024-12-09T03:27:00.000000,911_calls,2024-12-09 03:27:00,Monday,3,12,3.0
call_2788,40.705650897000055,-73.79442684699995,75D,75D,2024-12-08T04:28:00.000000,911_calls,2024-12-08 04:28:00,Sunday,4,12,3.0
call_2789,40.69010641500006,-73.98897094299997,54S1,54S1,2024-12-07T05:29:00.000000,911_calls,2024-12-07 05:29:00,Saturday,5,12,3.0
call_2790,40.638667594000026,-74.02246340399995,52D2,52D2,2024-12-06T06:30:00.000000,911_calls,2024-12-06 06:30:00,Friday,6,12,3.0
call_2791,40.70795711900007,-73.79020327599994,10Y3,10Y3,2024-12-05T07:31:00.000000,911_calls,2024-12-05 07:31:00,Thursday,7,12,3.0
call_2792,40.79879057000005,-73.93793619199994,10H1,10H1,2024-12-04T08:32:00.000000,911_calls,2024-12-04 08:32:00,Wednesday,8,12,3.0
call_2793,40.76505303600004,-73.96613266099996,56S9,56S9,2024-12-03T09:33:00.000000,911_calls,2024-12-03 09:33:00,Tuesday,9,12,3.0
call_2794,40.694452556000044,-73.97800030799993,68Q1,68Q1,2024-12-02T10:34:00.000000,911_calls,2024-12-02 10:34:00,Monday,10,12,3.0
call_2795,40.70993753300007,-74.00898285199997,22Q9,22Q9,2024-12-01T11:35:00.000000,911_calls,2024-12-01 11:35:00,Sunday,11,12,3.0
call_2796,40.62935448300004,-74.07459040799995,75L,75L,2024-11-30T12:36:00.000000,911_calls,2024-11-30 12:36:00,Saturday,12,11,3.0
call_2797,40.63190918200007,-74.00668098299997,75S,75S,2024-11-29T13:37:00.000000,911_calls,2024-11-29 13:37:00,Friday,13,11,3.0
call_2798,40.65873168100006,-73.87459971599998,68U2,68U2,2024-11-28T14:38:00.000000,911_calls,2024-11-28 14:38:00,Thursday,14,11,3.0
call_2799,40.76944622800005,-73.95480879699994,75D,75D,2024-11-27T15:39:00.000000,911_calls,2024-11-27 15:39:00,Wednesday,15,11,3.0
call_2800,40.72075072300004,-73.98128534399996,52D2,52D2,2024-11-26T16:40:00.000000,911_calls,2024-11-26 16:40:00,Tuesday,16,11,3.0
call_2801,40.642868140000076,-74.01641476899994,68Q1,68Q1,2024-11-25T17:41:00.000000,911_calls,2024-11-25 17:41:00,Monday,17,11,3.0
call_2802,40.813948295000046,-73.91433881599994,10V2,10V2,2024-11-24T18:42:00.000000,911_calls,2024-11-24 18:42:00,Sunday,18,11,3.0
call_2803,40.72327029600007,-73.98058474099997,24Q1,24Q1,2024-11-23T19:43:00.000000,911_calls,2024-11-23 19:43:00,Saturday,19,11,3.0
call_2804,40.74524942700003,-73.94427999499999,11C4,11C4,2024-11-22T20:44:00.000000,911_calls,2024-11-22 20:44:00,Friday,20,11,3.0
call_2805,40.807719347000045,-73.96423978699994,54S9,54S9,2024-11-21T21:45:00.000000,911_calls,2024-11-21 21:45:00,Thursday,21,11,3.0
call_2806,40.877363100000025,-73.86635857699997,10H1,10H1,2024-11-20T22:46:00.000000,911_calls,2024-11-20 22:46:00,Wednesday,22,11,3.0
call_2807,40.68413233900003,-73.97863829699997,75S,75S,2024-11-19T23:47:00.000000,911_calls,2024-11-19 23:47:00,Tuesday,23,11,3.0
call_2808,40.84833817400005,-73.91247643899999,75M,75M,2024-11-18T00:48:00.000000,911_calls,2024-11-18 00:48:00,Monday,0,11,3.0
call_2809,40.816378229000065,-73.93694434599996,68Q1,68Q1,2024-11-17T01:49:00.000000,911_calls,2024-11-17 01:49:00,Sunday,1,11,3.0
call_2810,40.691500209000026,-73.86606760299998,75T,75T,2024-11-16T02:50:00.000000,911_calls,2024-11-16 02:50:00,Saturday,2,11,3.0
call_2811,40.72989958900007,-73.86151280499996,54S9,54S9,2024-11-15T03:51:00.000000,911_calls,2024-11-15 03:51:00,Friday,3,11,3.0
call_2812,40.753013612000075,-73.97281963799998,75D,75D,2024-11-14T04:52:00.000000,911_calls,2024-11-14 04:52:00,Thursday,4,11,3.0
call_2813,40.82945197600003,-73.90241608299993,52D6,52D6,2024-11-13T05:53:00.000000,911_calls,2024-11-13 05:53:00,Wednesday,5,11,3.0
call_2814,40.83615310500005,-73.93075317499995,53S8,53S8,2024-11-12T06:54:00.000000,911_calls,2024-11-12 06:54:00,Tuesday,6,11,3.0
call_2815,40.84833817400005,-73.91247643899999,75M,75M,2024-11-11T07:55:00.000000,911_calls,2024-11-11 07:55:00,Monday,7,11,3.0
call_2816,40.76841343500007,-73.98205535799997,68Q1,68Q1,2024-11-10T08:56:00.000000,911_calls,2024-11-10 08:56:00,Sunday,8,11,3.0
call_2817,40.85477205700005,-73.91657805299997,53S,53S,2024-11-09T09:57:00.000000,911_calls,2024-11-09 09:57:00,Saturday,9,11,3.0
call_2818,40.699637566000035,-73.91037074699994,34K1,34K1,2024-11-08T10:58:00.000000,911_calls,2024-11-08 10:58:00,Friday,10,11,3.0
call_2819,40.67663738400006,-73.98513724899993,75H,75H,2024-11-07T11:59:00.000000,911_calls,2024-11-07 11:59:00,Thursday,11,11,3.0
call_2820,40.75016710300008,-73.97195820899998,75D,75D,2024-11-06T12:00:00.000000,911_calls,2024-11-06 12:00:00,Wednesday,12,11,3.0
call_2821,40.84091806300006,-73.93573927899996,54S2,54S2,2024-11-05T13:01:00.000000,911_calls,2024-11-05 13:01:00,Tuesday,13,11,3.0
call_2822,40.82100441500006,-73.89092463699996,75S,75S,2024-11-04T14:02:00.000000,911_calls,2024-11-04 14:02:00,Monday,14,11,3.0
call_2823,40.70364056300008,-73.94785650199998,68Q1,68Q1,2024-11-03T15:03:00.000000,911_calls,2024-11-03 15:03:00,Sunday,15,11,3.0
call_2824,40.83345097700004,-73.94340750599997,68Q1,68Q1,2024-11-02T16:04:00.000000,911_calls,2024-11-02 16:04:00,Saturday,16,11,3.0
call_2825,40.833887677000064,-73.92471340799995,10V2,10V2,2024-11-01T17:05:00.000000,911_calls,2024-11-01 17:05:00,Friday,17,11,3.0
call_2826,40.81688561100003,-73.90782117699996,75S,75S,2024-10-31T18:06:00.000000,911_calls,2024-10-31 18:06:00,Thursday,18,10,3.0
call_2827,40.81882329700005,-73.94123775899999,68Q1,68Q1,2024-10-30T19:07:00.000000,911_calls,2024-10-30 19:07:00,Wednesday,19,10,3.0
call_2828,40.84084902400008,-73.94005456699995,75S,75S,2024-10-29T20:08:00.000000,911_calls,2024-10-29 20:08:00,Tuesday,20,10,3.0
call_2829,40.82453835300004,-73.93708114099996,68Q1,68Q1,2024-10-28T21:09:00.000000,911_calls,2024-10-28 21:09:00,Monday,21,10,3.0
call_2830,40.74769070100007,-73.88346930099993,34Q6,34Q6,2024-10-27T22:10:00.000000,911_calls,2024-10-27 22:10:00,Sunday,22,10,3.0
call_2831,40.848308994000035,-73.90342577999996,10P2,10P2,2024-10-26T23:11:00.000000,911_calls,2024-10-26 23:11:00,Saturday,23,10,3.0
call_2832,40.81472921200003,-73.94920008599996,68Q1,68Q1,2024-10-25T00:12:00.000000,911_calls,2024-10-25 00:12:00,Friday,0,10,3.0
call_2833,40.84448348800004,-73.91465008299997,75S,75S,2024-10-24T01:13:00.000000,911_calls,2024-10-24 01:13:00,Thursday,1,10,3.0
call_2834,40.655545982000035,-73.98150906499995,68Q1,68Q1,2024-10-23T02:14:00.000000,911_calls,2024-10-23 02:14:00,Wednesday,2,10,3.0
call_2835,40.82193193200004,-73.89977873599997,75D,75D,2024-10-22T03:15:00.000000,911_calls,2024-10-22 03:15:00,Tuesday,3,10,3.0
call_2836,40.639199749000056,-73.95024531099995,10F1,10F1,2024-10-21T04:16:00.000000,911_calls,2024-10-21 04:16:00,Monday,4,10,3.0
call_2837,40.828656152000065,-73.94974592199998,34Q1,34Q1,2024-10-20T05:17:00.000000,911_calls,2024-10-20 05:17:00,Sunday,5,10,3.0
call_2838,40.66735978300005,-73.89809328999996,75D,75D,2024-10-19T06:18:00.000000,911_calls,2024-10-19 06:18:00,Saturday,6,10,3.0
call_2839,40.88443116000008,-73.83300419699998,75D,75D,2024-10-18T07:19:00.000000,911_calls,2024-10-18 07:19:00,Friday,7,10,3.0
call_2840,40.676051596000036,-73.93461108799994,68Q2,68Q2,2024-10-17T08:20:00.000000,911_calls,2024-10-17 08:20:00,Thursday,8,10,3.0
call_2841,40.60547394200006,-74.00878152299998,68Q1,68Q1,2024-10-16T09:21:00.000000,911_calls,2024-10-16 09:21:00,Wednesday,9,10,3.0
call_2842,40.765423843000065,-73.92575105599997,53S,53S,2024-10-15T10:22:00.000000,911_calls,2024-10-15 10:22:00,Tuesday,10,10,3.0
call_2843,40.69974268200008,-73.91142368699997,52D9,52D9,2024-10-14T11:23:00.000000,911_calls,2024-10-14 11:23:00,Monday,11,10,3.0
call_2844,40.90765786800006,-73.90388943399995,75D,75D,2024-10-13T12:24:00.000000,911_calls,2024-10-13 12:24:00,Sunday,12,10,3.0
call_2845,40.71292004500003,-73.95291007699996,10Y3,10Y3,2024-10-12T13:25:00.000000,911_calls,2024-10-12 13:25:00,Saturday,13,10,3.0
call_2846,40.71967628600004,-74.00165729799994,10V2,10V2,2024-10-11T14:26:00.000000,911_calls,2024-10-11 14:26:00,Friday,14,10,3.0
call_2847,40.84386351200004,-73.91509543199999,54U2,54U2,2024-10-10T15:27:00.000000,911_calls,2024-10-10 15:27:00,Thursday,15,10,3.0
call_2848,40.84386351200004,-73.91509543199999,54U2,54U2,2024-10-09T16:28:00.000000,911_calls,2024-10-09 16:28:00,Wednesday,16,10,3.0
call_2849,40.67836827600007,-73.90352044899998,75S,75S,2024-10-08T17:29:00.000000,911_calls,2024-10-08 17:29:00,Tuesday,17,10,3.0
call_2850,40.730522568000026,-73.98472473199996,10H2,10H2,2024-10-07T18:30:00.000000,911_calls,2024-10-07 18:30:00,Monday,18,10,3.0
call_2851,40.59398218500007,-73.93918155899996,75D,75D,2024-10-06T19:31:00.000000,911_calls,2024-10-06 19:31:00,Sunday,19,10,3.0
call_2852,40.870681553000054,-73.91827917299997,10H2,10H2,2024-10-05T20:32:00.000000,911_calls,2024-10-05 20:32:00,Saturday,20,10,3.0
call_2853,40.87086132400003,-73.87658244599999,54S1,54S1,2024-10-04T21:33:00.000000,911_calls,2024-10-04 21:33:00,Friday,21,10,3.0
call_2854,40.67163055900005,-73.98260771199995,10H2,10H2,2024-10-03T22:34:00.000000,911_calls,2024-10-03 22:34:00,Thursday,22,10,3.0
call_2855,40.82766862300008,-73.92543589199994,75T,75T,2024-10-02T23:35:00.000000,911_calls,2024-10-02 23:35:00,Wednesday,23,10,3.0
call_2856,40.820623040000044,-73.93970064799998,10Y3,10Y3,2024-10-01T00:36:00.000000,911_calls,2024-10-01 00:36:00,Tuesday,0,10,3.0
call_2857,40.631938640000044,-74.16347023099996,68Q1,68Q1,2024-09-30T01:37:00.000000,911_calls,2024-09-30 01:37:00,Monday,1,9,3.0
call_2858,40.78486125000006,-73.94958036799994,50P1,50P1,2024-09-29T02:38:00.000000,911_calls,2024-09-29 02:38:00,Sunday,2,9,3.0
call_2859,40.70041467000004,-73.88873805099996,10H2,10H2,2024-09-28T03:39:00.000000,911_calls,2024-09-28 03:39:00,Saturday,3,9,3.0
call_2860,40.74278196800003,-73.76028869899994,75H,75H,2024-09-27T04:40:00.000000,911_calls,2024-09-27 04:40:00,Friday,4,9,3.0
call_2861,40.68396285800003,-73.88086205099995,34W1,34W1,2024-09-26T05:41:00.000000,911_calls,2024-09-26 05:41:00,Thursday,5,9,3.0
call_2862,40.839602383000056,-73.93901846599994,54U2,54U2,2024-09-25T06:42:00.000000,911_calls,2024-09-25 06:42:00,Wednesday,6,9,3.0
call_2863,40.83248640900007,-73.90423290499996,75D,75D,2024-09-24T07:43:00.000000,911_calls,2024-09-24 07:43:00,Tuesday,7,9,3.0
call_2864,40.615261289000046,-73.98538863499994,68Q1,68Q1,2024-09-23T08:44:00.000000,911_calls,2024-09-23 08:44:00,Monday,8,9,3.0
call_2865,40.604078962000074,-73.75472573599995,75S,75S,2024-09-22T09:45:00.000000,911_calls,2024-09-22 09:45:00,Sunday,9,9,3.0
call_2866,40.68162609800004,-73.92536482799994,75Z,75Z,2024-09-21T10:46:00.000000,911_calls,2024-09-21 10:46:00,Saturday,10,9,3.0
call_2867,40.82029017800005,-73.92036793199998,75D,75D,2024-09-20T11:47:00.000000,911_calls,2024-09-20 11:47:00,Friday,11,9,3.0
call_2868,40.616227553000044,-73.98617364499995,68Q1,68Q1,2024-09-19T12:48:00.000000,911_calls,2024-09-19 12:48:00,Thursday,12,9,3.0
call_2869,40.750023156000054,-73.86531473199994,34Q2,34Q2,2024-09-18T13:49:00.000000,911_calls,2024-09-18 13:49:00,Wednesday,13,9,3.0
call_2870,40.698472829000025,-73.90915335999995,10H1,10H1,2024-09-17T14:50:00.000000,911_calls,2024-09-17 14:50:00,Tuesday,14,9,3.0
call_2871,40.60701776800005,-73.97948769599998,68Q1,68Q1,2024-09-16T15:51:00.000000,911_calls,2024-09-16 15:51:00,Monday,15,9,3.0
call_2872,40.784709762000034,-73.92792867499998,10Y3,10Y3,2024-09-15T16:52:00.000000,911_calls,2024-09-15 16:52:00,Sunday,16,9,3.0
call_2873,40.79766057200004,-73.95106232399996,30Q1,30Q1,2024-09-14T17:53:00.000000,911_calls,2024-09-14 17:53:00,Saturday,17,9,3.0
call_2874,40.711471206000056,-73.98481927399996,54E1,54E1,2024-09-13T18:54:00.000000,911_calls,2024-09-13 18:54:00,Friday,18,9,3.0
call_2875,40.711471206000056,-73.98481927399996,54E1,54E1,2024-09-12T19:55:00.000000,911_calls,2024-09-12 19:55:00,Thursday,19,9,3.0
call_2876,40.718249849000074,-73.87255414599997,39H2,39H2,2024-09-11T20:56:00.000000,911_calls,2024-09-11 20:56:00,Wednesday,20,9,3.0
call_2877,40.81602577600006,-73.91773211999998,75S,75S,2024-09-10T21:57:00.000000,911_calls,2024-09-10 21:57:00,Tuesday,21,9,3.0
call_2878,40.79585588600003,-73.94787095499998,68Q1,68Q1,2024-09-09T22:58:00.000000,911_calls,2024-09-09 22:58:00,Monday,22,9,3.0
call_2879,40.79585588600003,-73.94787095499998,68Q1,68Q1,2024-09-08T23:59:00.000000,911_calls,2024-09-08 23:59:00,Sunday,23,9,3.0
call_2880,40.74463975500004,-74.00454140599999,10Y3,10Y3,2024-09-07T00:00:00.000000,911_calls,2024-09-07 00:00:00,Saturday,0,9,3.0
call_2881,40.71396412400003,-73.99132971799997,68Q1,68Q1,2024-09-06T01:01:00.000000,911_calls,2024-09-06 01:01:00,Friday,1,9,3.0
call_2882,40.68845555900003,-73.97977274799996,22V1,22V1,2024-09-05T02:02:00.000000,911_calls,2024-09-05 02:02:00,Thursday,2,9,3.0
call_2883,40.82374833200004,-73.90556789899995,53H,53H,2024-09-04T03:03:00.000000,911_calls,2024-09-04 03:03:00,Wednesday,3,9,3.0
call_2884,40.780048115000056,-73.80745240299996,53I,53I,2024-09-03T04:04:00.000000,911_calls,2024-09-03 04:04:00,Tuesday,4,9,3.0
call_2885,40.753101075000075,-73.86860382899994,68Q1,68Q1,2024-09-02T05:05:00.000000,911_calls,2024-09-02 05:05:00,Monday,5,9,3.0
call_2886,40.786944463000054,-73.94357342599994,52F6,52F6,2024-09-01T06:06:00.000000,911_calls,2024-09-01 06:06:00,Sunday,6,9,3.0
call_2887,40.68352341100007,-73.76614804599996,54U1,54U1,2024-08-31T07:07:00.000000,911_calls,2024-08-31 07:07:00,Saturday,7,8,3.0
call_2888,40.67505367800004,-73.97091546699994,75S,75S,2024-08-30T08:08:00.000000,911_calls,2024-08-30 08:08:00,Friday,8,8,3.0
call_2889,40.73887236100006,-73.70114019499994,54S2,54S2,2024-08-29T09:09:00.000000,911_calls,2024-08-29 09:09:00,Thursday,9,8,3.0
call_2890,40.645870305000074,-73.95195201299998,20Q1,20Q1,2024-08-28T10:10:00.000000,911_calls,2024-08-28 10:10:00,Wednesday,10,8,3.0
call_2891,40.853952777000075,-73.93115757599998,54E1,54E1,2024-08-27T11:11:00.000000,911_calls,2024-08-27 11:11:00,Tuesday,11,8,3.0
call_2892,40.853952777000075,-73.93115757599998,54E1,54E1,2024-08-26T12:12:00.000000,911_calls,2024-08-26 12:12:00,Monday,12,8,3.0
call_2893,40.68657394300004,-73.89284643599996,10V2,10V2,2024-08-25T13:13:00.000000,911_calls,2024-08-25 13:13:00,Sunday,13,8,3.0
call_2894,40.84324787600008,-73.88555718999999,75D,75D,2024-08-24T14:14:00.000000,911_calls,2024-08-24 14:14:00,Saturday,14,8,3.0
call_2895,40.804560226000035,-73.94968825899997,68Q1,68Q1,2024-08-23T15:15:00.000000,911_calls,2024-08-23 15:15:00,Friday,15,8,3.0
call_2896,40.667148205000046,-73.88340093999994,75O,75O,2024-08-22T16:16:00.000000,911_calls,2024-08-22 16:16:00,Thursday,16,8,3.0
call_2897,40.76105770400005,-73.81788176999999,68Q1,68Q1,2024-08-21T17:17:00.000000,911_calls,2024-08-21 17:17:00,Wednesday,17,8,3.0
call_2898,40.81909583700008,-73.94285248799997,54C1,54C1,2024-08-20T18:18:00.000000,911_calls,2024-08-20 18:18:00,Tuesday,18,8,3.0
call_2899,40.69479374600007,-73.93134354699998,75Z,75Z,2024-08-19T19:19:00.000000,911_calls,2024-08-19 19:19:00,Monday,19,8,3.0
call_2900,40.64014518700003,-74.01726445799994,68Q1,68Q1,2024-08-18T20:20:00.000000,911_calls,2024-08-18 20:20:00,Sunday,20,8,3.0
call_2901,40.84573435300007,-73.91008716099998,75M,75M,2024-08-17T21:21:00.000000,911_calls,2024-08-17 21:21:00,Saturday,21,8,3.0
call_2902,40.63242975400004,-73.94722400499995,75S,75S,2024-08-16T22:22:00.000000,911_calls,2024-08-16 22:22:00,Friday,22,8,3.0
call_2903,40.87412679700003,-73.90819381299997,34K2,34K2,2024-08-15T23:23:00.000000,911_calls,2024-08-15 23:23:00,Thursday,23,8,3.0
call_2904,40.71854485400007,-73.98821227999997,75T,75T,2024-08-14T00:24:00.000000,911_calls,2024-08-14 00:24:00,Wednesday,0,8,3.0
call_2905,40.63919835300004,-74.01646791399997,68Q1,68Q1,2024-08-13T01:25:00.000000,911_calls,2024-08-13 01:25:00,Tuesday,1,8,3.0
call_2906,40.67730034400006,-73.74392914499998,10V2,10V2,2024-08-12T02:26:00.000000,911_calls,2024-08-12 02:26:00,Monday,2,8,3.0
call_2907,40.75545687600004,-74.00223209299998,75M,75M,2024-08-11T03:27:00.000000,911_calls,2024-08-11 03:27:00,Sunday,3,8,3.0
call_2908,40.64507598300003,-73.99439802399996,22Q1,22Q1,2024-08-10T04:28:00.000000,911_calls,2024-08-10 04:28:00,Saturday,4,8,3.0
call_2909,40.84391702900007,-73.93396539599996,22Q2,22Q2,2024-08-09T05:29:00.000000,911_calls,2024-08-09 05:29:00,Friday,5,8,3.0
call_2910,40.75505889600004,-73.99818590399997,52D1,52D1,2024-08-08T06:30:00.000000,911_calls,2024-08-08 06:30:00,Thursday,6,8,3.0
call_2911,40.69962283600006,-73.99287513599995,75D,75D,2024-08-07T07:31:00.000000,911_calls,2024-08-07 07:31:00,Wednesday,7,8,3.0
call_2912,40.60766918200005,-74.01463419299995,68Q1,68Q1,2024-08-06T08:32:00.000000,911_calls,2024-08-06 08:32:00,Tuesday,8,8,3.0
call_2913,40.710074708000036,-74.00976558899998,50P1,50P1,2024-08-05T09:33:00.000000,911_calls,2024-08-05 09:33:00,Monday,9,8,3.0
call_2914,40.71859430400008,-73.98865238199994,10P2,10P2,2024-08-04T10:34:00.000000,911_calls,2024-08-04 10:34:00,Sunday,10,8,3.0
call_2915,40.75211177400007,-73.87242800499996,10P2,10P2,2024-08-03T11:35:00.000000,911_calls,2024-08-03 11:35:00,Saturday,11,8,3.0
call_2916,40.83925377200006,-73.91325094499996,75S,75S,2024-08-02T12:36:00.000000,911_calls,2024-08-02 12:36:00,Friday,12,8,3.0
call_2917,40.63046626500005,-73.94516121199996,10V2,10V2,2024-08-01T13:37:00.000000,911_calls,2024-08-01 13:37:00,Thursday,13,8,3.0
call_2918,40.62776728500006,-74.00684628599998,22Q2,22Q2,2024-07-31T14:38:00.000000,911_calls,2024-07-31 14:38:00,Wednesday,14,7,3.0
call_2919,40.78379559800004,-73.85711445599998,75D,75D,2024-07-30T15:39:00.000000,911_calls,2024-07-30 15:39:00,Tuesday,15,7,3.0
call_2920,40.792411505000075,-73.97242796299997,75I,75I,2025-07-29T16:40:00.000000,911_calls,2025-07-29 16:40:00,Tuesday,16,7,3.0
call_2921,40.64226766000007,-73.97249360199999,52D1,52D1,2025-07-28T17:41:00.000000,911_calls,2025-07-28 17:41:00,Monday,17,7,3.0
call_2922,40.81747422800004,-73.89636049399996,68Q1,68Q1,2025-07-27T18:42:00.000000,911_calls,2025-07-27 18:42:00,Sunday,18,7,3.0
call_2923,40.81399932700003,-73.90586351599995,68Q1,68Q1,2025-07-26T19:43:00.000000,911_calls,2025-07-26 19:43:00,Saturday,19,7,3.0
call_2924,40.75834070600007,-73.98544027599996,68Q1,68Q1,2025-07-25T20:44:00.000000,911_calls,2025-07-25 20:44:00,Friday,20,7,3.0
call_2925,40.84801972400004,-73.88435258699997,10H2,10H2,2025-07-24T21:45:00.000000,911_calls,2025-07-24 21:45:00,Thursday,21,7,3.0
call_2926,40.62059217900003,-74.02699604499998,75D,75D,2025-07-23T22:46:00.000000,911_calls,2025-07-23 22:46:00,Wednesday,22,7,3.0
call_2927,40.60958395900008,-73.95843934199996,75D,75D,2025-07-22T23:47:00.000000,911_calls,2025-07-22 23:47:00,Tuesday,23,7,3.0
call_2928,40.63004745500007,-73.96150328199997,75S,75S,2025-07-21T00:48:00.000000,911_calls,2025-07-21 00:48:00,Monday,0,7,3.0
call_2929,40.80191116900005,-73.95539356899997,10S4,10S4,2025-07-20T01:49:00.000000,911_calls,2025-07-20 01:49:00,Sunday,1,7,3.0
call_2930,40.60910733000003,-73.97043277599994,75D,75D,2025-07-19T02:50:00.000000,911_calls,2025-07-19 02:50:00,Saturday,2,7,3.0
call_2931,40.64420602100006,-74.00050592399998,68Q1,68Q1,2025-07-18T03:51:00.000000,911_calls,2025-07-18 03:51:00,Friday,3,7,3.0
call_2932,40.83388946800005,-73.90484882999993,75I,75I,2025-07-17T04:52:00.000000,911_calls,2025-07-17 04:52:00,Thursday,4,7,3.0
call_2933,40.60583327200004,-73.75490296099997,54U1,54U1,2025-07-16T05:53:00.000000,911_calls,2025-07-16 05:53:00,Wednesday,5,7,3.0
call_2934,40.84305491500004,-73.92047802199994,10Y3,10Y3,2025-07-15T06:54:00.000000,911_calls,2025-07-15 06:54:00,Tuesday,6,7,3.0
call_2935,40.744849920000036,-73.98288452799994,11C4,11C4,2025-07-14T07:55:00.000000,911_calls,2025-07-14 07:55:00,Monday,7,7,3.0
call_2936,40.76539747500004,-73.98570226399994,10P2,10P2,2025-07-13T08:56:00.000000,911_calls,2025-07-13 08:56:00,Sunday,8,7,3.0
call_2937,40.805535587000065,-73.95199569899995,10S4,10S4,2025-07-12T09:57:00.000000,911_calls,2025-07-12 09:57:00,Saturday,9,7,3.0
call_2938,40.58795031200003,-73.98359800899993,75S,75S,2025-07-11T10:58:00.000000,911_calls,2025-07-11 10:58:00,Friday,10,7,3.0
call_2939,40.786944463000054,-73.94357342599994,75I,75I,2025-07-10T11:59:00.000000,911_calls,2025-07-10 11:59:00,Thursday,11,7,3.0
call_2940,40.69226368000005,-73.98774453499993,75S,75S,2025-07-09T12:00:00.000000,911_calls,2025-07-09 12:00:00,Wednesday,12,7,3.0
call_2941,40.75417102900008,-73.98250314699999,75S,75S,2025-07-08T13:01:00.000000,911_calls,2025-07-08 13:01:00,Tuesday,13,7,3.0
call_2942,40.783353017000024,-73.98189605899995,68Q1,68Q1,2025-07-07T14:02:00.000000,911_calls,2025-07-07 14:02:00,Monday,14,7,3.0
call_2943,40.813368414000024,-73.90300322999997,10S4,10S4,2025-07-06T15:03:00.000000,911_calls,2025-07-06 15:03:00,Sunday,15,7,3.0
call_2944,40.89379826900006,-73.85716012799998,75T,75T,2025-07-05T16:04:00.000000,911_calls,2025-07-05 16:04:00,Saturday,16,7,3.0
call_2945,40.89379826900006,-73.85716012799998,75T,75T,2025-07-04T17:05:00.000000,911_calls,2025-07-04 17:05:00,Friday,17,7,3.0
call_2946,40.547368541000026,-74.15345818499998,68Q2,68Q2,2025-07-03T18:06:00.000000,911_calls,2025-07-03 18:06:00,Thursday,18,7,3.0
call_2947,40.68335231200007,-73.78247103499996,10V2,10V2,2025-07-02T19:07:00.000000,911_calls,2025-07-02 19:07:00,Wednesday,19,7,3.0
call_2948,40.70047788800008,-73.82848082199996,75T,75T,2025-07-01T20:08:00.000000,911_calls,2025-07-01 20:08:00,Tuesday,20,7,3.0
call_2949,40.74850681300006,-73.99058897199995,31R,31R,2025-06-30T21:09:00.000000,911_calls,2025-06-30 21:09:00,Monday,21,6,3.0
call_2950,40.62840463100008,-73.91716001299994,22Q1,22Q1,2025-06-29T22:10:00.000000,911_calls,2025-06-29 22:10:00,Sunday,22,6,3.0
call_2951,40.64230787200006,-73.98140102899998,75D,75D,2025-06-28T23:11:00.000000,911_calls,2025-06-28 23:11:00,Saturday,23,6,3.0
call_2952,40.59896673500003,-73.96569835499997,75H,75H,2025-06-27T00:12:00.000000,911_calls,2025-06-27 00:12:00,Friday,0,6,3.0
call_2953,40.80290243500008,-73.94379829299999,50G2,50G2,2025-06-26T01:13:00.000000,911_calls,2025-06-26 01:13:00,Thursday,1,6,3.0
call_2954,40.87896354700007,-73.87393483899996,53S,53S,2025-06-25T02:14:00.000000,911_calls,2025-06-25 02:14:00,Wednesday,2,6,3.0
call_2955,40.69519897600003,-73.95084903199995,53S,53S,2025-06-24T03:15:00.000000,911_calls,2025-06-24 03:15:00,Tuesday,3,6,3.0
call_2956,40.78830679200007,-73.94000436999994,24Q6,24Q6,2025-06-23T04:16:00.000000,911_calls,2025-06-23 04:16:00,Monday,4,6,3.0
call_2957,40.76843961600008,-73.92467547699994,24Q1,24Q1,2025-06-22T05:17:00.000000,911_calls,2025-06-22 05:17:00,Sunday,5,6,3.0
call_2958,40.80351927500004,-73.94233488699996,75D,75D,2025-06-21T06:18:00.000000,911_calls,2025-06-21 06:18:00,Saturday,6,6,3.0
call_2959,40.69691954100006,-73.96471393499996,68Q2,68Q2,2025-06-20T07:19:00.000000,911_calls,2025-06-20 07:19:00,Friday,7,6,3.0
call_2960,40.801281810000035,-73.96979840899996,68Q1,68Q1,2025-06-19T08:20:00.000000,911_calls,2025-06-19 08:20:00,Thursday,8,6,3.0
call_2961,40.84449635200008,-73.91349710899993,44H1,44H1,2025-06-18T09:21:00.000000,911_calls,2025-06-18 09:21:00,Wednesday,9,6,3.0
call_2962,40.76500555400003,-73.99156133399998,10H2,10H2,2025-06-17T10:22:00.000000,911_calls,2025-06-17 10:22:00,Tuesday,10,6,3.0
call_2963,40.83388946800005,-73.90484882999993,75I,75I,2025-06-16T11:23:00.000000,911_calls,2025-06-16 11:23:00,Monday,11,6,3.0
call_2964,40.85557168400004,-73.86766034499993,75S,75S,2025-06-15T12:24:00.000000,911_calls,2025-06-15 12:24:00,Sunday,12,6,3.0
call_2965,40.840469935000044,-73.87986980599999,75T,75T,2025-06-14T13:25:00.000000,911_calls,2025-06-14 13:25:00,Saturday,13,6,3.0
call_2966,40.638667594000026,-74.02246340399995,68Q1,68Q1,2025-06-13T14:26:00.000000,911_calls,2025-06-13 14:26:00,Friday,14,6,3.0
call_2967,40.629863380000074,-73.97015338099999,10S4,10S4,2025-06-12T15:27:00.000000,911_calls,2025-06-12 15:27:00,Thursday,15,6,3.0
call_2968,40.82635084700007,-73.90620737299997,52D1,52D1,2025-06-11T16:28:00.000000,911_calls,2025-06-11 16:28:00,Wednesday,16,6,3.0
call_2969,40.87683440300003,-73.89989847999993,52D6,52D6,2025-06-10T17:29:00.000000,911_calls,2025-06-10 17:29:00,Tuesday,17,6,3.0
call_2970,40.66163793100003,-73.99313149699998,11C4,11C4,2025-06-09T18:30:00.000000,911_calls,2025-06-09 18:30:00,Monday,18,6,3.0
call_2971,40.69910626600006,-73.91556829299998,75D,75D,2025-06-08T19:31:00.000000,911_calls,2025-06-08 19:31:00,Sunday,19,6,3.0
call_2972,40.82557826300007,-73.94736349499993,75D,75D,2025-06-07T20:32:00.000000,911_calls,2025-06-07 20:32:00,Saturday,20,6,3.0
call_2973,40.70307489900006,-73.80791636699996,75D,75D,2025-06-06T21:33:00.000000,911_calls,2025-06-06 21:33:00,Friday,21,6,3.0
call_2974,40.69511788900007,-73.96133949599994,68Q1,68Q1,2025-06-05T22:34:00.000000,911_calls,2025-06-05 22:34:00,Thursday,22,6,3.0
call_2975,40.85557168400004,-73.86766034499993,75D,75D,2025-06-04T23:35:00.000000,911_calls,2025-06-04 23:35:00,Wednesday,23,6,3.0
call_2976,40.69771706300003,-73.78758844599997,52D6,52D6,2025-06-03T00:36:00.000000,911_calls,2025-06-03 00:36:00,Tuesday,0,6,3.0
call_2977,40.70652760300004,-73.79199675599995,75D,75D,2025-06-02T01:37:00.000000,911_calls,2025-06-02 01:37:00,Monday,1,6,3.0
call_2978,40.740769733000036,-74.00178773499994,75M,75M,2025-06-01T02:38:00.000000,911_calls,2025-06-01 02:38:00,Sunday,2,6,3.0
call_2979,40.821942740000054,-73.93873476499994,75D,75D,2025-05-31T03:39:00.000000,911_calls,2025-05-31 03:39:00,Saturday,3,5,3.0
call_2980,40.85284199500006,-73.88417430999993,54S1,54S1,2025-05-30T04:40:00.000000,911_calls,2025-05-30 04:40:00,Friday,4,5,3.0
call_2981,40.76221690800003,-73.99174217799998,10P2,10P2,2025-05-29T05:41:00.000000,911_calls,2025-05-29 05:41:00,Thursday,5,5,3.0
call_2982,40.86483138300008,-73.88747959099999,75D,75D,2025-05-28T06:42:00.000000,911_calls,2025-05-28 06:42:00,Wednesday,6,5,3.0
call_2983,40.761376562000066,-73.72305897199993,75H,75H,2025-05-27T07:43:00.000000,911_calls,2025-05-27 07:43:00,Tuesday,7,5,3.0
call_2984,40.69826618400003,-73.96147471199998,53S,53S,2025-05-26T08:44:00.000000,911_calls,2025-05-26 08:44:00,Monday,8,5,3.0
call_2985,40.86327901900006,-73.90067809799996,75S,75S,2025-05-25T09:45:00.000000,911_calls,2025-05-25 09:45:00,Sunday,9,5,3.0
call_2986,40.581972704000066,-73.95494284499995,10S2,10S2,2025-05-24T10:46:00.000000,911_calls,2025-05-24 10:46:00,Saturday,10,5,3.0
call_2987,40.55897879100007,-73.89209738399995,75D,75D,2025-05-23T11:47:00.000000,911_calls,2025-05-23 11:47:00,Friday,11,5,3.0
call_2988,40.74705075800006,-73.89147157999997,50P9,50P9,2025-05-22T12:48:00.000000,911_calls,2025-05-22 12:48:00,Thursday,12,5,3.0
call_2989,40.76688284900007,-73.99019287699997,10H2,10H2,2025-05-21T13:49:00.000000,911_calls,2025-05-21 13:49:00,Wednesday,13,5,3.0
call_2990,40.81092037700006,-73.94504504699995,53S,53S,2025-05-20T14:50:00.000000,911_calls,2025-05-20 14:50:00,Tuesday,14,5,3.0
call_2991,40.840165660000025,-73.88024260399999,75T,75T,2025-05-19T15:51:00.000000,911_calls,2025-05-19 15:51:00,Monday,15,5,3.0
call_2992,40.66852791600007,-73.95062716599995,75D,75D,2025-05-18T16:52:00.000000,911_calls,2025-05-18 16:52:00,Sunday,16,5,3.0
call_2993,40.66674388100006,-73.95079430199996,75D,75D,2025-05-17T17:53:00.000000,911_calls,2025-05-17 17:53:00,Saturday,17,5,3.0
call_2994,40.63296235400003,-73.97056992299997,53D,53D,2025-05-16T18:54:00.000000,911_calls,2025-05-16 18:54:00,Friday,18,5,3.0
call_2995,40.71634415200003,-74.00125319299997,54S9,54S9,2025-05-15T19:55:00.000000,911_calls,2025-05-15 19:55:00,Thursday,19,5,3.0
call_2996,40.60700035900004,-73.99756687399997,68Q1,68Q1,2025-05-14T20:56:00.000000,911_calls,2025-05-14 20:56:00,Wednesday,20,5,3.0
call_2997,40.828629429000046,-73.86751519099994,54S2,54S2,2025-05-13T21:57:00.000000,911_calls,2025-05-13 21:57:00,Tuesday,21,5,3.0
call_2998,40.78929505800005,-73.94031404999998,54S2,54S2,2025-05-12T22:58:00.000000,911_calls,2025-05-12 22:58:00,Monday,22,5,3.0
call_2999,40.75107189400006,-73.96820063099995,75D,75D,2025-05-11T23:59:00.000000,911_calls,2025-05-11 23:59:00,Sunday,23,5,3.0
call_3000,40.69044864500006,-73.80287556999997,22P1,22P1,2025-05-10T00:00:00.000000,911_calls,2025-05-10 00:00:00,Saturday,0,5,3.0
call_3001,40.794952884000054,-73.97143733299998,75S,75S,2025-05-09T01:01:00.000000,911_calls,2025-05-09 01:01:00,Friday,1,5,3.0
call_3002,40.79216659000008,-73.96989644099995,75I,75I,2025-05-08T02:02:00.000000,911_calls,2025-05-08 02:02:00,Thursday,2,5,3.0
call_3003,40.702916049000066,-73.80006160699998,75S,75S,2025-05-07T03:03:00.000000,911_calls,2025-05-07 03:03:00,Wednesday,3,5,3.0
call_3004,40.762547607000045,-73.96795690399995,75T,75T,2025-05-06T04:04:00.000000,911_calls,2025-05-06 04:04:00,Tuesday,4,5,3.0
call_3005,40.68684131600003,-73.73787810399995,75D,75D,2025-05-05T05:05:00.000000,911_calls,2025-05-05 05:05:00,Monday,5,5,3.0
call_3006,40.762547607000045,-73.96795690399995,75T,75T,2025-05-04T06:06:00.000000,911_calls,2025-05-04 06:06:00,Sunday,6,5,3.0
call_3007,40.75664204200007,-73.98837157699995,75S,75S,2025-05-03T07:07:00.000000,911_calls,2025-05-03 07:07:00,Saturday,7,5,3.0
call_3008,40.85557168400004,-73.86766034499993,22Q2,22Q2,2025-05-02T08:08:00.000000,911_calls,2025-05-02 08:08:00,Friday,8,5,3.0
call_3009,40.82145435900003,-73.86250735199997,10V2,10V2,2025-05-01T09:09:00.000000,911_calls,2025-05-01 09:09:00,Thursday,9,5,3.0
call_3010,40.66652879500003,-73.95507317199997,75D,75D,2025-04-30T10:10:00.000000,911_calls,2025-04-30 10:10:00,Wednesday,10,4,3.0
call_3011,40.66720028800006,-73.98132920499995,75D,75D,2025-04-29T11:11:00.000000,911_calls,2025-04-29 11:11:00,Tuesday,11,4,3.0
call_3012,40.673708343000044,-73.98253146299999,75D,75D,2025-04-28T12:12:00.000000,911_calls,2025-04-28 12:12:00,Monday,12,4,3.0
call_3013,40.84324787600008,-73.88555718999999,75D,75D,2025-04-27T13:13:00.000000,911_calls,2025-04-27 13:13:00,Sunday,13,4,3.0
call_3014,40.840165660000025,-73.88024260399999,75T,75T,2025-04-26T14:14:00.000000,911_calls,2025-04-26 14:14:00,Saturday,14,4,3.0
call_3015,40.81602577600006,-73.91773211999998,75S,75S,2025-04-25T15:15:00.000000,911_calls,2025-04-25 15:15:00,Friday,15,4,3.0
call_3016,40.67474392400004,-73.88990205899995,11R4,11R4,2025-04-24T16:16:00.000000,911_calls,2025-04-24 16:16:00,Thursday,16,4,3.0
call_3017,40.79958346600006,-73.96262243699994,68Q1,68Q1,2025-04-23T17:17:00.000000,911_calls,2025-04-23 17:17:00,Wednesday,17,4,3.0
call_3018,40.69805773100006,-73.96192201999997,53S,53S,2025-04-22T18:18:00.000000,911_calls,2025-04-22 18:18:00,Tuesday,18,4,3.0
call_3019,40.77216334700006,-73.95437009899996,32Q2,32Q2,2025-04-21T19:19:00.000000,911_calls,2025-04-21 19:19:00,Monday,19,4,3.0
call_3020,40.66343457500005,-73.93114513599994,22Q2,22Q2,2025-04-20T20:20:00.000000,911_calls,2025-04-20 20:20:00,Sunday,20,4,3.0
call_3021,40.84545011800003,-73.90149264499996,59R4,59R4,2025-04-19T21:21:00.000000,911_calls,2025-04-19 21:21:00,Saturday,21,4,3.0
call_3022,40.69600648100004,-73.95213946999996,75D,75D,2025-04-18T22:22:00.000000,911_calls,2025-04-18 22:22:00,Friday,22,4,3.0
call_3023,40.69399038300003,-73.81165325299997,53I8,53I8,2025-04-17T23:23:00.000000,911_calls,2025-04-17 23:23:00,Thursday,23,4,3.0
call_3024,40.64504233200006,-74.01397574699996,68Q1,68Q1,2025-04-16T00:24:00.000000,911_calls,2025-04-16 00:24:00,Wednesday,0,4,3.0
call_3025,40.667148205000046,-73.88340093999994,75M,75M,2025-04-15T01:25:00.000000,911_calls,2025-04-15 01:25:00,Tuesday,1,4,3.0
call_3026,40.81756136700005,-73.92786058299998,75S,75S,2025-04-14T02:26:00.000000,911_calls,2025-04-14 02:26:00,Monday,2,4,3.0
call_3027,40.53714034400008,-74.21847701799999,10F2,10F2,2025-04-13T03:27:00.000000,911_calls,2025-04-13 03:27:00,Sunday,3,4,3.0
call_3028,40.69226368000005,-73.98774453499993,75S,75S,2025-04-12T04:28:00.000000,911_calls,2025-04-12 04:28:00,Saturday,4,4,3.0
call_3029,40.70740680100005,-73.90215470599998,52D6,52D6,2025-04-11T05:29:00.000000,911_calls,2025-04-11 05:29:00,Friday,5,4,3.0
call_3030,40.82782501300005,-73.92534538199999,75S,75S,2025-04-10T06:30:00.000000,911_calls,2025-04-10 06:30:00,Thursday,6,4,3.0
call_3031,40.82849393200007,-73.90554670999995,52D2,52D2,2025-04-09T07:31:00.000000,911_calls,2025-04-09 07:31:00,Wednesday,7,4,3.0
call_3032,40.762547607000045,-73.96795690399995,75T,75T,2025-04-08T08:32:00.000000,911_calls,2025-04-08 08:32:00,Tuesday,8,4,3.0
call_3033,40.762547607000045,-73.96795690399995,75T,75T,2025-04-07T09:33:00.000000,911_calls,2025-04-07 09:33:00,Monday,9,4,3.0
call_3034,40.869762252000044,-73.90097574599997,39H1,39H1,2025-04-06T10:34:00.000000,911_calls,2025-04-06 10:34:00,Sunday,10,4,3.0
call_3035,40.86408585200007,-73.91800528099998,54S9,54S9,2025-04-05T11:35:00.000000,911_calls,2025-04-05 11:35:00,Saturday,11,4,3.0
call_3036,40.86940749200005,-73.87999831299999,68Q1,68Q1,2025-04-04T12:36:00.000000,911_calls,2025-04-04 12:36:00,Friday,12,4,3.0
call_3037,40.75417102900008,-73.98250314699999,75M,75M,2025-04-03T13:37:00.000000,911_calls,2025-04-03 13:37:00,Thursday,13,4,3.0
call_3038,40.66438038900003,-73.83345778299997,34Q1,34Q1,2025-04-02T14:38:00.000000,911_calls,2025-04-02 14:38:00,Wednesday,14,4,3.0
call_3039,40.63214589000006,-73.90324140299998,68Q1,68Q1,2025-04-01T15:39:00.000000,911_calls,2025-04-01 15:39:00,Tuesday,15,4,3.0
call_3040,40.840165660000025,-73.88024260399999,75T,75T,2025-03-31T16:40:00.000000,911_calls,2025-03-31 16:40:00,Monday,16,3,3.0
call_3041,40.69309782700003,-73.73359831499994,75D,75D,2025-03-30T17:41:00.000000,911_calls,2025-03-30 17:41:00,Sunday,17,3,3.0
call_3042,40.77738226800005,-73.95056090299994,54U9,54U9,2025-03-29T18:42:00.000000,911_calls,2025-03-29 18:42:00,Saturday,18,3,3.0
call_3043,40.826282132000074,-73.92070763799995,68Q1,68Q1,2025-03-28T19:43:00.000000,911_calls,2025-03-28 19:43:00,Friday,19,3,3.0
call_3044,40.66789442000004,-73.83586056899998,68Q1,68Q1,2025-03-27T20:44:00.000000,911_calls,2025-03-27 20:44:00,Thursday,20,3,3.0
call_3045,40.83976812900005,-73.91472118499996,59V,59V,2025-03-26T21:45:00.000000,911_calls,2025-03-26 21:45:00,Wednesday,21,3,3.0
call_3046,40.56917053400008,-74.12646962399998,54E1,54E1,2025-03-25T22:46:00.000000,911_calls,2025-03-25 22:46:00,Tuesday,22,3,3.0
call_3047,40.56917053400008,-74.12646962399998,54E1,54E1,2025-03-24T23:47:00.000000,911_calls,2025-03-24 23:47:00,Monday,23,3,3.0
call_3048,40.63248216200003,-74.02884909399995,68Q1,68Q1,2025-03-23T00:48:00.000000,911_calls,2025-03-23 00:48:00,Sunday,0,3,3.0
call_3049,40.82474720500005,-73.89885312499996,39T1,39T1,2025-03-22T01:49:00.000000,911_calls,2025-03-22 01:49:00,Saturday,1,3,3.0
call_3050,40.631205855000076,-74.01402688999997,68Q1,68Q1,2025-03-21T02:50:00.000000,911_calls,2025-03-21 02:50:00,Friday,2,3,3.0
call_3051,40.78052257600007,-73.94521817699996,54E1,54E1,2025-03-20T03:51:00.000000,911_calls,2025-03-20 03:51:00,Thursday,3,3,3.0
call_3052,40.78052257600007,-73.94521817699996,54E1,54E1,2025-03-19T04:52:00.000000,911_calls,2025-03-19 04:52:00,Wednesday,4,3,3.0
call_3053,40.74095063100003,-73.99212733199994,52D1,52D1,2025-03-18T05:53:00.000000,911_calls,2025-03-18 05:53:00,Tuesday,5,3,3.0
call_3054,40.71626346000005,-73.98407867999998,75D,75D,2025-03-17T06:54:00.000000,911_calls,2025-03-17 06:54:00,Monday,6,3,3.0
call_3055,40.817536560000065,-73.92769441999997,54S9,54S9,2025-03-16T07:55:00.000000,911_calls,2025-03-16 07:55:00,Sunday,7,3,3.0
call_3056,40.66754031000005,-73.97939338699996,10H1,10H1,2025-03-15T08:56:00.000000,911_calls,2025-03-15 08:56:00,Saturday,8,3,3.0
call_3057,40.68768560600006,-73.98982591499998,68Q2,68Q2,2025-03-14T09:57:00.000000,911_calls,2025-03-14 09:57:00,Friday,9,3,3.0
call_3058,40.68768560600006,-73.98982591499998,68Q2,68Q2,2025-03-13T10:58:00.000000,911_calls,2025-03-13 10:58:00,Thursday,10,3,3.0
call_3059,40.75618975200007,-73.90933813899994,52D1,52D1,2025-03-12T11:59:00.000000,911_calls,2025-03-12 11:59:00,Wednesday,11,3,3.0
call_3060,40.74977880000006,-73.90031677199994,53S,53S,2025-03-11T12:00:00.000000,911_calls,2025-03-11 12:00:00,Tuesday,12,3,3.0
call_3061,40.83079891400007,-73.82694879599995,68Q1,68Q1,2025-03-10T13:01:00.000000,911_calls,2025-03-10 13:01:00,Monday,13,3,3.0
call_3062,40.69779093000005,-73.96923581599998,75D,75D,2025-03-09T14:02:00.000000,911_calls,2025-03-09 14:02:00,Sunday,14,3,3.0
call_3063,40.72492714500004,-73.75372536399993,68Q1,68Q1,2025-03-08T15:03:00.000000,911_calls,2025-03-08 15:03:00,Saturday,15,3,3.0
call_3064,40.739161316000036,-74.00110567199994,39H2,39H2,2025-03-07T16:04:00.000000,911_calls,2025-03-07 16:04:00,Friday,16,3,3.0
call_3065,40.743155245000025,-73.86253541099995,52D6,52D6,2025-03-06T17:05:00.000000,911_calls,2025-03-06 17:05:00,Thursday,17,3,3.0
call_3066,40.68778539600004,-73.86986475499998,10H1,10H1,2025-03-05T18:06:00.000000,911_calls,2025-03-05 18:06:00,Wednesday,18,3,3.0
call_3067,40.68073899600006,-73.94963745499996,75S,75S,2025-03-04T19:07:00.000000,911_calls,2025-03-04 19:07:00,Tuesday,19,3,3.0
call_3068,40.799508822000064,-73.95359648099998,34Q2,34Q2,2025-03-03T20:08:00.000000,911_calls,2025-03-03 20:08:00,Monday,20,3,3.0
call_3069,40.70047788800008,-73.82848082199996,75T,75T,2025-03-02T21:09:00.000000,911_calls,2025-03-02 21:09:00,Sunday,21,3,3.0
call_3070,40.75959435100003,-73.98065717699996,75S,75S,2025-03-01T22:10:00.000000,911_calls,2025-03-01 22:10:00,Saturday,22,3,3.0
call_3071,40.73185913100008,-73.98375382699999,34Q2,34Q2,2025-02-28T23:11:00.000000,911_calls,2025-02-28 23:11:00,Friday,23,2,3.0
call_3072,40.798294748000046,-73.93977143699993,10V2,10V2,2025-02-27T00:12:00.000000,911_calls,2025-02-27 00:12:00,Thursday,0,2,3.0
call_3073,40.756430127000044,-73.81448703999996,11R4,11R4,2025-02-26T01:13:00.000000,911_calls,2025-02-26 01:13:00,Wednesday,1,2,3.0
call_3074,40.79756765500008,-73.96781002599994,54U2,54U2,2025-02-25T02:14:00.000000,911_calls,2025-02-25 02:14:00,Tuesday,2,2,3.0
call_3075,40.643592108000064,-74.07396131599995,75D,75D,2025-02-24T03:15:00.000000,911_calls,2025-02-24 03:15:00,Monday,3,2,3.0
call_3076,40.86275525800005,-73.90449300199998,75D,75D,2025-02-23T04:16:00.000000,911_calls,2025-02-23 04:16:00,Sunday,4,2,3.0
call_3077,40.72183339700007,-73.99194559999995,52D1,52D1,2025-02-22T05:17:00.000000,911_calls,2025-02-22 05:17:00,Saturday,5,2,3.0
call_3078,40.67470324000004,-74.00292516799993,68Q1,68Q1,2025-02-21T06:18:00.000000,911_calls,2025-02-21 06:18:00,Friday,6,2,3.0
call_3079,40.765122262000034,-73.95950831399995,75D,75D,2025-02-20T07:19:00.000000,911_calls,2025-02-20 07:19:00,Thursday,7,2,3.0
call_3080,40.794952884000054,-73.97143733299998,54U9,54U9,2025-02-19T08:20:00.000000,911_calls,2025-02-19 08:20:00,Wednesday,8,2,3.0
call_3081,40.731048945000055,-73.87280388599999,67S,67S,2025-02-18T09:21:00.000000,911_calls,2025-02-18 09:21:00,Tuesday,9,2,3.0
call_3082,40.788727788000074,-73.94780431099997,50P1,50P1,2025-02-17T10:22:00.000000,911_calls,2025-02-17 10:22:00,Monday,10,2,3.0
call_3083,40.66274750800005,-73.95085131599996,75D,75D,2025-02-16T11:23:00.000000,911_calls,2025-02-16 11:23:00,Sunday,11,2,3.0
call_3084,40.67322472500007,-73.89138261899996,75D,75D,2025-02-15T12:24:00.000000,911_calls,2025-02-15 12:24:00,Saturday,12,2,3.0
call_3085,40.68117869500003,-73.97724033399999,75D,75D,2025-02-14T13:25:00.000000,911_calls,2025-02-14 13:25:00,Friday,13,2,3.0
call_3086,40.71407258100004,-73.95226717899999,31Q,31Q,2025-02-13T14:26:00.000000,911_calls,2025-02-13 14:26:00,Thursday,14,2,3.0
call_3087,40.73213945800006,-73.98656453999996,68Q1,68Q1,2025-02-12T15:27:00.000000,911_calls,2025-02-12 15:27:00,Wednesday,15,2,3.0
call_3088,40.783353017000024,-73.98189605899995,75D,75D,2025-02-11T16:28:00.000000,911_calls,2025-02-11 16:28:00,Tuesday,16,2,3.0
call_3089,40.71854485400007,-73.98821227999997,75T,75T,2025-02-10T17:29:00.000000,911_calls,2025-02-10 17:29:00,Monday,17,2,3.0
call_3090,40.663524315000075,-73.95093364599995,75D,75D,2025-02-09T18:30:00.000000,911_calls,2025-02-09 18:30:00,Sunday,18,2,3.0
call_3091,40.61894353400004,-73.90014474499998,75D,75D,2025-02-08T19:31:00.000000,911_calls,2025-02-08 19:31:00,Saturday,19,2,3.0
call_3092,40.81540818000008,-73.93990768499998,34Q2,34Q2,2025-02-07T20:32:00.000000,911_calls,2025-02-07 20:32:00,Friday,20,2,3.0
call_3093,40.732828332000054,-73.98606285699998,68Q1,68Q1,2025-02-06T21:33:00.000000,911_calls,2025-02-06 21:33:00,Thursday,21,2,3.0
call_3094,40.74087417800007,-73.89957227299993,75Z,75Z,2025-02-05T22:34:00.000000,911_calls,2025-02-05 22:34:00,Wednesday,22,2,3.0
call_3095,40.81072622700003,-73.92662169499994,75S,75S,2025-02-04T23:35:00.000000,911_calls,2025-02-04 23:35:00,Tuesday,23,2,3.0
call_3096,40.794399319000036,-73.97519721199996,68Q1,68Q1,2025-02-03T00:36:00.000000,911_calls,2025-02-03 00:36:00,Monday,0,2,3.0
call_3097,40.68699551900005,-73.98081525299995,68Q1,68Q1,2025-02-02T01:37:00.000000,911_calls,2025-02-02 01:37:00,Sunday,1,2,3.0
call_3098,40.702273406000074,-74.01587398599997,75S,75S,2025-02-01T02:38:00.000000,911_calls,2025-02-01 02:38:00,Saturday,2,2,3.0
call_3099,40.837781618000065,-73.91945797099999,54S1,54S1,2025-01-31T03:39:00.000000,911_calls,2025-01-31 03:39:00,Friday,3,1,3.0
call_3100,40.68671915300007,-73.92346972299998,75D,75D,2025-01-30T04:40:00.000000,911_calls,2025-01-30 04:40:00,Thursday,4,1,3.0
call_3101,40.751669512000035,-73.97658102499997,53H,53H,2025-01-29T05:41:00.000000,911_calls,2025-01-29 05:41:00,Wednesday,5,1,3.0
call_3102,40.722374227000046,-73.91268515299998,53H,53H,2025-01-28T06:42:00.000000,911_calls,2025-01-28 06:42:00,Tuesday,6,1,3.0
call_3103,40.79879057000005,-73.93793619199994,56S,56S,2025-01-27T07:43:00.000000,911_calls,2025-01-27 07:43:00,Monday,7,1,3.0
call_3104,40.667360047000045,-73.75590247699995,68Q1,68Q1,2025-01-26T08:44:00.000000,911_calls,2025-01-26 08:44:00,Sunday,8,1,3.0
call_3105,40.83925377200006,-73.91325094499996,75M,75M,2025-01-25T09:45:00.000000,911_calls,2025-01-25 09:45:00,Saturday,9,1,3.0
call_3106,40.65070111500006,-73.95192691099999,68Q1,68Q1,2025-01-24T10:46:00.000000,911_calls,2025-01-24 10:46:00,Friday,10,1,3.0
call_3107,40.76189694400006,-73.96738686799995,56S9,56S9,2025-01-23T11:47:00.000000,911_calls,2025-01-23 11:47:00,Thursday,11,1,3.0
call_3108,40.75664204200007,-73.98837157699995,75S,75S,2025-01-22T12:48:00.000000,911_calls,2025-01-22 12:48:00,Wednesday,12,1,3.0
call_3109,40.718905214000074,-73.73761491699997,68Q1,68Q1,2025-01-21T13:49:00.000000,911_calls,2025-01-21 13:49:00,Tuesday,13,1,3.0
call_3110,40.69005914100006,-73.91507491999994,68Q1,68Q1,2025-01-20T14:50:00.000000,911_calls,2025-01-20 14:50:00,Monday,14,1,3.0
call_3111,40.82516164300006,-73.91223954399999,10Y3,10Y3,2025-01-19T15:51:00.000000,911_calls,2025-01-19 15:51:00,Sunday,15,1,3.0
call_3112,40.70950107600004,-73.78648322999999,75D,75D,2025-01-18T16:52:00.000000,911_calls,2025-01-18 16:52:00,Saturday,16,1,3.0
call_3113,40.714074580000045,-73.95049964199995,54U9,54U9,2025-01-17T17:53:00.000000,911_calls,2025-01-17 17:53:00,Friday,17,1,3.0
call_3114,40.834409864000065,-73.91769131999996,75S,75S,2025-01-16T18:54:00.000000,911_calls,2025-01-16 18:54:00,Thursday,18,1,3.0
call_3115,40.66383675900005,-73.93854475599994,68Q1,68Q1,2025-01-15T19:55:00.000000,911_calls,2025-01-15 19:55:00,Wednesday,19,1,3.0
call_3116,40.72780089500003,-73.73636039699994,10V2,10V2,2025-01-14T20:56:00.000000,911_calls,2025-01-14 20:56:00,Tuesday,20,1,3.0
call_3117,40.74664478100004,-73.83218748799999,68Q1,68Q1,2025-01-13T21:57:00.000000,911_calls,2025-01-13 21:57:00,Monday,21,1,3.0
call_3118,40.58768437600003,-73.95428012099995,75D,75D,2025-01-12T22:58:00.000000,911_calls,2025-01-12 22:58:00,Sunday,22,1,3.0
call_3119,40.78907940200003,-73.78042829399999,75D,75D,2025-01-11T23:59:00.000000,911_calls,2025-01-11 23:59:00,Saturday,23,1,3.0
call_3120,40.757485065000026,-73.83883427599994,10V8,10V8,2025-01-10T00:00:00.000000,911_calls,2025-01-10 00:00:00,Friday,0,1,3.0
call_3121,40.81600451200006,-73.94131972799994,54U2,54U2,2025-01-09T01:01:00.000000,911_calls,2025-01-09 01:01:00,Thursday,1,1,3.0
call_3122,40.84448348800004,-73.91465008299997,75O,75O,2025-01-08T02:02:00.000000,911_calls,2025-01-08 02:02:00,Wednesday,2,1,3.0
call_3123,40.58728065400004,-73.95368993699998,75D,75D,2025-01-07T03:03:00.000000,911_calls,2025-01-07 03:03:00,Tuesday,3,1,3.0
call_3124,40.798294748000046,-73.93977143699993,10P2,10P2,2025-01-06T04:04:00.000000,911_calls,2025-01-06 04:04:00,Monday,4,1,3.0
call_3125,40.70988270500004,-74.00808109899998,54H2,54H2,2025-01-05T05:05:00.000000,911_calls,2025-01-05 05:05:00,Sunday,5,1,3.0
call_3126,40.54059638700005,-74.17683949599996,75D,75D,2025-01-04T06:06:00.000000,911_calls,2025-01-04 06:06:00,Saturday,6,1,3.0
call_3127,40.77284933300007,-73.95387139399998,54H1,54H1,2025-01-03T07:07:00.000000,911_calls,2025-01-03 07:07:00,Friday,7,1,3.0
call_3128,40.84164276700005,-73.94106580999994,10H1,10H1,2025-01-02T08:08:00.000000,911_calls,2025-01-02 08:08:00,Thursday,8,1,3.0
call_3129,40.79695570500007,-73.96825817299998,54U2,54U2,2025-01-01T09:09:00.000000,911_calls,2025-01-01 09:09:00,Wednesday,9,1,3.0
call_3130,40.62771396100004,-74.01779441899998,53S8,53S8,2024-12-31T10:10:00.000000,911_calls,2024-12-31 10:10:00,Tuesday,10,12,3.0
call_3131,40.60450407900004,-73.96955969899994,75D,75D,2024-12-30T11:11:00.000000,911_calls,2024-12-30 11:11:00,Monday,11,12,3.0
call_3132,40.80828801500007,-73.95073662699997,10V2,10V2,2024-12-29T12:12:00.000000,911_calls,2024-12-29 12:12:00,Sunday,12,12,3.0
call_3133,40.61659987100006,-74.03233971999998,75S,75S,2024-12-28T13:13:00.000000,911_calls,2024-12-28 13:13:00,Saturday,13,12,3.0
call_3134,40.74644361000003,-73.89088069799999,75M,75M,2024-12-27T14:14:00.000000,911_calls,2024-12-27 14:14:00,Friday,14,12,3.0
call_3135,40.67836827600007,-73.90352044899998,75S,75S,2024-12-26T15:15:00.000000,911_calls,2024-12-26 15:15:00,Thursday,15,12,3.0
call_3136,40.67967006600003,-73.93613621099996,53X,53X,2024-12-25T16:16:00.000000,911_calls,2024-12-25 16:16:00,Wednesday,16,12,3.0
call_3137,40.67967006600003,-73.93613621099996,53X,53X,2024-12-24T17:17:00.000000,911_calls,2024-12-24 17:17:00,Tuesday,17,12,3.0
call_3138,40.63849961600005,-73.89340645099998,68Q1,68Q1,2024-12-23T18:18:00.000000,911_calls,2024-12-23 18:18:00,Monday,18,12,3.0
call_3139,40.60766918200005,-74.01463419299995,68Q1,68Q1,2024-12-22T19:19:00.000000,911_calls,2024-12-22 19:19:00,Sunday,19,12,3.0
call_3140,40.676410676000046,-73.74131519199995,75Z,75Z,2024-12-21T20:20:00.000000,911_calls,2024-12-21 20:20:00,Saturday,20,12,3.0
call_3141,40.749926198000026,-73.86223992399994,30Q2,30Q2,2024-12-20T21:21:00.000000,911_calls,2024-12-20 21:21:00,Friday,21,12,3.0
call_3142,40.84874349200004,-73.89198519499996,54Q1,54Q1,2024-12-19T22:22:00.000000,911_calls,2024-12-19 22:22:00,Thursday,22,12,3.0
call_3143,40.69021195800008,-73.94527434299994,68Q1,68Q1,2024-12-18T23:23:00.000000,911_calls,2024-12-18 23:23:00,Wednesday,23,12,3.0
call_3144,40.669051068000044,-73.90182525899996,75S,75S,2024-12-17T00:24:00.000000,911_calls,2024-12-17 00:24:00,Tuesday,0,12,3.0
call_3145,40.87977181400004,-73.87515558599995,52D1,52D1,2024-12-16T01:25:00.000000,911_calls,2024-12-16 01:25:00,Monday,1,12,3.0
call_3146,40.85185051700006,-73.90119037599999,54E2,54E2,2024-12-15T02:26:00.000000,911_calls,2024-12-15 02:26:00,Sunday,2,12,3.0
call_3147,40.85185051700006,-73.90119037599999,54E2,54E2,2024-12-14T03:27:00.000000,911_calls,2024-12-14 03:27:00,Saturday,3,12,3.0
call_3148,40.67213454600005,-73.97666302299996,75D,75D,2024-12-13T04:28:00.000000,911_calls,2024-12-13 04:28:00,Friday,4,12,3.0
call_3149,40.83312395100006,-73.90856116599997,59R4,59R4,2024-12-12T05:29:00.000000,911_calls,2024-12-12 05:29:00,Thursday,5,12,3.0
call_3150,40.82613590400007,-73.85284295699995,54S1,54S1,2024-12-11T06:30:00.000000,911_calls,2024-12-11 06:30:00,Wednesday,6,12,3.0
call_3151,40.69511788900007,-73.96133949599994,68Q1,68Q1,2024-12-10T07:31:00.000000,911_calls,2024-12-10 07:31:00,Tuesday,7,12,3.0
call_3152,40.60159766800007,-73.98516835499998,75D,75D,2024-12-09T08:32:00.000000,911_calls,2024-12-09 08:32:00,Monday,8,12,3.0
call_3153,40.65207786500008,-74.00675147599998,54S2,54S2,2024-12-08T09:33:00.000000,911_calls,2024-12-08 09:33:00,Sunday,9,12,3.0
call_3154,40.74084824400006,-73.75830005799997,75D,75D,2024-12-07T10:34:00.000000,911_calls,2024-12-07 10:34:00,Saturday,10,12,3.0
call_3155,40.839146277000054,-73.90568337399998,75D,75D,2024-12-06T11:35:00.000000,911_calls,2024-12-06 11:35:00,Friday,11,12,3.0
call_3156,40.62319395500003,-74.02819306199996,75D,75D,2024-12-05T12:36:00.000000,911_calls,2024-12-05 12:36:00,Thursday,12,12,3.0
call_3157,40.68013221800004,-73.92855004999996,75D,75D,2024-12-04T13:37:00.000000,911_calls,2024-12-04 13:37:00,Wednesday,13,12,3.0
call_3158,40.710560540000074,-73.74345509799997,68Q1,68Q1,2024-12-03T14:38:00.000000,911_calls,2024-12-03 14:38:00,Tuesday,14,12,3.0
call_3159,40.71290191700007,-74.00846021499996,54S1,54S1,2024-12-02T15:39:00.000000,911_calls,2024-12-02 15:39:00,Monday,15,12,3.0
call_3160,40.751333886000054,-73.99037923699996,10H2,10H2,2024-12-01T16:40:00.000000,911_calls,2024-12-01 16:40:00,Sunday,16,12,3.0
call_3161,40.75374306900005,-73.91508035899994,10H1,10H1,2024-11-30T17:41:00.000000,911_calls,2024-11-30 17:41:00,Saturday,17,11,3.0
call_3162,40.74950850100004,-73.95506413299995,59C,59C,2024-11-29T18:42:00.000000,911_calls,2024-11-29 18:42:00,Friday,18,11,3.0
call_3163,40.67713119800004,-73.98333453099997,75D,75D,2024-11-28T19:43:00.000000,911_calls,2024-11-28 19:43:00,Thursday,19,11,3.0
call_3164,40.62848585300003,-73.97156621199997,10S4,10S4,2024-11-27T20:44:00.000000,911_calls,2024-11-27 20:44:00,Wednesday,20,11,3.0
call_3165,40.740273959000035,-73.89442004799997,68Q1,68Q1,2024-11-26T21:45:00.000000,911_calls,2024-11-26 21:45:00,Tuesday,21,11,3.0
call_3166,40.75586978500007,-73.94063997599994,52D1,52D1,2024-11-25T22:46:00.000000,911_calls,2024-11-25 22:46:00,Monday,22,11,3.0
call_3167,40.67906840200004,-73.90376820299997,75M,75M,2024-11-24T23:47:00.000000,911_calls,2024-11-24 23:47:00,Sunday,23,11,3.0
call_3168,40.60904945900006,-73.98279328499996,68Q1,68Q1,2024-11-23T00:48:00.000000,911_calls,2024-11-23 00:48:00,Saturday,0,11,3.0
call_3169,40.84448348800004,-73.91465008299997,75M,75M,2024-11-22T01:49:00.000000,911_calls,2024-11-22 01:49:00,Friday,1,11,3.0
call_3170,40.610189458000036,-73.99066969199998,68Q1,68Q1,2024-11-21T02:50:00.000000,911_calls,2024-11-21 02:50:00,Thursday,2,11,3.0
call_3171,40.70929528400006,-74.00865813999997,75M,75M,2024-11-20T03:51:00.000000,911_calls,2024-11-20 03:51:00,Wednesday,3,11,3.0
call_3172,40.66735978300005,-73.89809328999996,75I,75I,2024-11-19T04:52:00.000000,911_calls,2024-11-19 04:52:00,Tuesday,4,11,3.0
call_3173,40.61037790700004,-73.98257324399998,68Q1,68Q1,2024-11-18T05:53:00.000000,911_calls,2024-11-18 05:53:00,Monday,5,11,3.0
call_3174,40.81688561100003,-73.90782117699996,75S,75S,2024-11-17T06:54:00.000000,911_calls,2024-11-17 06:54:00,Sunday,6,11,3.0
call_3175,40.67604572000005,-73.87207238999997,54S9,54S9,2024-11-16T07:55:00.000000,911_calls,2024-11-16 07:55:00,Saturday,7,11,3.0
call_3176,40.65023303500004,-73.94273044399995,10H1,10H1,2024-11-15T08:56:00.000000,911_calls,2024-11-15 08:56:00,Friday,8,11,3.0
call_3177,40.80309722100003,-73.93333043799998,54S2,54S2,2024-11-14T09:57:00.000000,911_calls,2024-11-14 09:57:00,Thursday,9,11,3.0
call_3178,40.83595804600003,-73.84768959599995,11C4,11C4,2024-11-13T10:58:00.000000,911_calls,2024-11-13 10:58:00,Wednesday,10,11,3.0
call_3179,40.842410209000036,-73.88502373199998,10V2,10V2,2024-11-12T11:59:00.000000,911_calls,2024-11-12 11:59:00,Tuesday,11,11,3.0
call_3180,40.67557139200005,-73.92577898299999,22V1,22V1,2024-11-11T12:00:00.000000,911_calls,2024-11-11 12:00:00,Monday,12,11,3.0
call_3181,40.795782607000035,-73.96449178999995,54S1,54S1,2024-11-10T13:01:00.000000,911_calls,2024-11-10 13:01:00,Sunday,13,11,3.0
call_3182,40.75016710300008,-73.97195820899998,75D,75D,2024-11-09T14:02:00.000000,911_calls,2024-11-09 14:02:00,Saturday,14,11,3.0
call_3183,40.79463030900007,-73.95086952599996,75D,75D,2024-11-08T15:03:00.000000,911_calls,2024-11-08 15:03:00,Friday,15,11,3.0
call_3184,40.75959435100003,-73.98065717699996,75M,75M,2024-11-07T16:04:00.000000,911_calls,2024-11-07 16:04:00,Thursday,16,11,3.0
call_3185,40.72479293300006,-73.97678528999995,52D1,52D1,2024-11-06T17:05:00.000000,911_calls,2024-11-06 17:05:00,Wednesday,17,11,3.0
call_3186,40.67571118700005,-73.73907549899997,75D,75D,2024-11-05T18:06:00.000000,911_calls,2024-11-05 18:06:00,Tuesday,18,11,3.0
call_3187,40.76813711500006,-73.98927932699996,10H2,10H2,2024-11-04T19:07:00.000000,911_calls,2024-11-04 19:07:00,Monday,19,11,3.0
call_3188,40.63205327900005,-74.11395022599999,68Q1,68Q1,2024-11-03T20:08:00.000000,911_calls,2024-11-03 20:08:00,Sunday,20,11,3.0
call_3189,40.627954213000066,-74.02475823099996,75D,75D,2024-11-02T21:09:00.000000,911_calls,2024-11-02 21:09:00,Saturday,21,11,3.0
call_3190,40.65495241700006,-73.95800022199995,75D,75D,2024-11-01T22:10:00.000000,911_calls,2024-11-01 22:10:00,Friday,22,11,3.0
call_3191,40.66502269100005,-73.95711436799996,68Q1,68Q1,2024-10-31T23:11:00.000000,911_calls,2024-10-31 23:11:00,Thursday,23,10,3.0
call_3192,40.72843286400007,-73.97876841699997,10H1,10H1,2024-10-30T00:12:00.000000,911_calls,2024-10-30 00:12:00,Wednesday,0,10,3.0
call_3193,40.75664204200007,-73.98837157699995,10K9,10K9,2024-10-29T01:13:00.000000,911_calls,2024-10-29 01:13:00,Tuesday,1,10,3.0
call_3194,40.694526815000074,-73.96711690199999,52D1,52D1,2024-10-28T02:14:00.000000,911_calls,2024-10-28 02:14:00,Monday,2,10,3.0
call_3195,40.68725496500008,-73.97413369799995,53S,53S,2024-10-27T03:15:00.000000,911_calls,2024-10-27 03:15:00,Sunday,3,10,3.0
call_3196,40.747590080000066,-73.88439699899999,54S2,54S2,2024-10-26T04:16:00.000000,911_calls,2024-10-26 04:16:00,Saturday,4,10,3.0
call_3197,40.811751909000066,-73.95086049999998,54U1,54U1,2024-10-25T05:17:00.000000,911_calls,2024-10-25 05:17:00,Friday,5,10,3.0
call_3198,40.702916049000066,-73.80006160699998,68U9,68U9,2024-10-24T06:18:00.000000,911_calls,2024-10-24 06:18:00,Thursday,6,10,3.0
call_3199,40.67707353600008,-73.98319394199996,75T,75T,2024-10-23T07:19:00.000000,911_calls,2024-10-23 07:19:00,Wednesday,7,10,3.0
call_3200,40.80928034800007,-73.89240324999997,75D,75D,2024-10-22T08:20:00.000000,911_calls,2024-10-22 08:20:00,Tuesday,8,10,3.0
call_3201,40.63303278600006,-74.02119330999994,11C4,11C4,2024-10-21T09:21:00.000000,911_calls,2024-10-21 09:21:00,Monday,9,10,3.0
call_3202,40.768783520000056,-73.91046181299998,54S2,54S2,2024-10-20T10:22:00.000000,911_calls,2024-10-20 10:22:00,Sunday,10,10,3.0
call_3203,40.87968581800004,-73.87946264499993,68Q1,68Q1,2024-10-19T11:23:00.000000,911_calls,2024-10-19 11:23:00,Saturday,11,10,3.0
call_3204,40.70657482300004,-73.76117272299996,10V2,10V2,2024-10-18T12:24:00.000000,911_calls,2024-10-18 12:24:00,Friday,12,10,3.0
call_3205,40.84399004200003,-73.90489221199994,54U2,54U2,2024-10-17T13:25:00.000000,911_calls,2024-10-17 13:25:00,Thursday,13,10,3.0
call_3206,40.77057630300004,-73.98213781099997,68Q1,68Q1,2024-10-16T14:26:00.000000,911_calls,2024-10-16 14:26:00,Wednesday,14,10,3.0
call_3207,40.834409864000065,-73.91769131999996,75M,75M,2024-10-15T15:27:00.000000,911_calls,2024-10-15 15:27:00,Tuesday,15,10,3.0
call_3208,40.83481714700008,-73.86850026899998,50G1,50G1,2024-10-14T16:28:00.000000,911_calls,2024-10-14 16:28:00,Monday,16,10,3.0
call_3209,40.69048513100006,-73.91582441399999,54S1,54S1,2024-10-13T17:29:00.000000,911_calls,2024-10-13 17:29:00,Sunday,17,10,3.0
call_3210,40.678815308000026,-73.95742276599998,75D,75D,2024-10-12T18:30:00.000000,911_calls,2024-10-12 18:30:00,Saturday,18,10,3.0
call_3211,40.84314452700005,-73.94186321999996,24Q1,24Q1,2024-10-11T19:31:00.000000,911_calls,2024-10-11 19:31:00,Friday,19,10,3.0
call_3212,40.60551356800005,-73.97920365199997,68Q1,68Q1,2024-10-10T20:32:00.000000,911_calls,2024-10-10 20:32:00,Thursday,20,10,3.0
call_3213,40.710389571000064,-73.98338753599995,75D,75D,2024-10-09T21:33:00.000000,911_calls,2024-10-09 21:33:00,Wednesday,21,10,3.0
call_3214,40.60424683600007,-73.97261370299998,68Q1,68Q1,2024-10-08T22:34:00.000000,911_calls,2024-10-08 22:34:00,Tuesday,22,10,3.0
call_3215,40.81334708700007,-73.93048428399999,54E9,54E9,2024-10-07T23:35:00.000000,911_calls,2024-10-07 23:35:00,Monday,23,10,3.0
call_3216,40.81334708700007,-73.93048428399999,54E9,54E9,2024-10-06T00:36:00.000000,911_calls,2024-10-06 00:36:00,Sunday,0,10,3.0
call_3217,40.598692604000064,-73.97842796299994,68Q1,68Q1,2024-10-05T01:37:00.000000,911_calls,2024-10-05 01:37:00,Saturday,1,10,3.0
call_3218,40.81602577600006,-73.91773211999998,75S,75S,2024-10-04T02:38:00.000000,911_calls,2024-10-04 02:38:00,Friday,2,10,3.0
call_3219,40.78379559800004,-73.85711445599998,75D,75D,2024-10-03T03:39:00.000000,911_calls,2024-10-03 03:39:00,Thursday,3,10,3.0
call_3220,40.59893387500006,-73.96596124399997,75D,75D,2024-10-02T04:40:00.000000,911_calls,2024-10-02 04:40:00,Wednesday,4,10,3.0
call_3221,40.74479335700005,-73.99329254599996,54U1,54U1,2024-10-01T05:41:00.000000,911_calls,2024-10-01 05:41:00,Tuesday,5,10,3.0
call_3222,40.655718343000046,-73.94525938899994,54S1,54S1,2024-09-30T06:42:00.000000,911_calls,2024-09-30 06:42:00,Monday,6,9,3.0
call_3223,40.75229196400005,-73.94327794199995,53D,53D,2024-09-29T07:43:00.000000,911_calls,2024-09-29 07:43:00,Sunday,7,9,3.0
call_3224,40.73761467000003,-73.88074807799995,10H1,10H1,2024-09-28T08:44:00.000000,911_calls,2024-09-28 08:44:00,Saturday,8,9,3.0
call_3225,40.62285052300007,-74.08093757199998,75D,75D,2024-09-27T09:45:00.000000,911_calls,2024-09-27 09:45:00,Friday,9,9,3.0
call_3226,40.76196312600007,-73.77708835799996,68Q1,68Q1,2024-09-26T10:46:00.000000,911_calls,2024-09-26 10:46:00,Thursday,10,9,3.0
call_3227,40.68346026200004,-73.87288383999999,75S,75S,2024-09-25T11:47:00.000000,911_calls,2024-09-25 11:47:00,Wednesday,11,9,3.0
call_3228,40.71823511000008,-73.81514168399997,54S2,54S2,2024-09-24T12:48:00.000000,911_calls,2024-09-24 12:48:00,Tuesday,12,9,3.0
call_3229,40.79884745600003,-73.95387866199997,75S,75S,2024-09-23T13:49:00.000000,911_calls,2024-09-23 13:49:00,Monday,13,9,3.0
call_3230,40.73632026000007,-74.00746726699998,34Q1,34Q1,2024-09-22T14:50:00.000000,911_calls,2024-09-22 14:50:00,Sunday,14,9,3.0
call_3231,40.668110769000066,-73.96592594399993,75D,75D,2024-09-21T15:51:00.000000,911_calls,2024-09-21 15:51:00,Saturday,15,9,3.0
call_3232,40.67920419500007,-73.74969759499999,10V2,10V2,2024-09-20T16:52:00.000000,911_calls,2024-09-20 16:52:00,Friday,16,9,3.0
call_3233,40.600072210000064,-73.95569045399998,75D,75D,2024-09-19T17:53:00.000000,911_calls,2024-09-19 17:53:00,Thursday,17,9,3.0
call_3234,40.73311460600007,-74.00235041499997,68Q1,68Q1,2024-09-18T18:54:00.000000,911_calls,2024-09-18 18:54:00,Wednesday,18,9,3.0
call_3235,40.62411928800003,-73.99071817799995,54E2,54E2,2024-09-17T19:55:00.000000,911_calls,2024-09-17 19:55:00,Tuesday,19,9,3.0
call_3236,40.62411928800003,-73.99071817799995,54E2,54E2,2024-09-16T20:56:00.000000,911_calls,2024-09-16 20:56:00,Monday,20,9,3.0
call_3237,40.59262934700007,-73.97844792499995,75D,75D,2024-09-15T21:57:00.000000,911_calls,2024-09-15 21:57:00,Sunday,21,9,3.0
call_3238,40.63562889600007,-74.03443866699996,68Q1,68Q1,2024-09-14T22:58:00.000000,911_calls,2024-09-14 22:58:00,Saturday,22,9,3.0
call_3239,40.62285052300007,-74.08093757199998,68Q1,68Q1,2024-09-13T23:59:00.000000,911_calls,2024-09-13 23:59:00,Friday,23,9,3.0
call_3240,40.61426300000005,-74.02562479299996,68Q1,68Q1,2024-09-12T00:00:00.000000,911_calls,2024-09-12 00:00:00,Thursday,0,9,3.0
call_3241,40.827899467000066,-73.92588369299995,75S,75S,2024-09-11T01:01:00.000000,911_calls,2024-09-11 01:01:00,Wednesday,1,9,3.0
call_3242,40.76235479600007,-73.97653034099994,52D1,52D1,2024-09-10T02:02:00.000000,911_calls,2024-09-10 02:02:00,Tuesday,2,9,3.0
call_3243,40.84227324600005,-73.87224065199996,54S9,54S9,2024-09-09T03:03:00.000000,911_calls,2024-09-09 03:03:00,Monday,3,9,3.0
call_3244,40.637054017000025,-74.11695290399996,75D,75D,2024-09-08T04:04:00.000000,911_calls,2024-09-08 04:04:00,Sunday,4,9,3.0
call_3245,40.670363233000046,-73.98871105299997,75T,75T,2024-09-07T05:05:00.000000,911_calls,2024-09-07 05:05:00,Saturday,5,9,3.0
call_3246,40.83458517400004,-73.90643065799998,10S4,10S4,2024-09-06T06:06:00.000000,911_calls,2024-09-06 06:06:00,Friday,6,9,3.0
call_3247,40.691790755000056,-73.77867160899996,11C4,11C4,2024-09-05T07:07:00.000000,911_calls,2024-09-05 07:07:00,Thursday,7,9,3.0
call_3248,40.688743368000075,-73.94498708099997,54S1,54S1,2024-09-04T08:08:00.000000,911_calls,2024-09-04 08:08:00,Wednesday,8,9,3.0
call_3249,40.69633261200005,-73.93442170399999,68Q1,68Q1,2024-09-03T09:09:00.000000,911_calls,2024-09-03 09:09:00,Tuesday,9,9,3.0
call_3250,40.75670745900004,-73.98449493899994,22V2,22V2,2024-09-02T10:10:00.000000,911_calls,2024-09-02 10:10:00,Monday,10,9,3.0
call_3251,40.73729819400006,-73.87734585199996,56S9,56S9,2024-09-01T11:11:00.000000,911_calls,2024-09-01 11:11:00,Sunday,11,9,3.0
call_3252,40.73649338900003,-73.97470636699995,50P2,50P2,2024-08-31T12:12:00.000000,911_calls,2024-08-31 12:12:00,Saturday,12,8,3.0
call_3253,40.607641486000034,-74.08112081399997,68Q1,68Q1,2024-08-30T13:13:00.000000,911_calls,2024-08-30 13:13:00,Friday,13,8,3.0
call_3254,40.86733746700003,-73.91681537799997,54S2,54S2,2024-08-29T14:14:00.000000,911_calls,2024-08-29 14:14:00,Thursday,14,8,3.0
call_3255,40.62206358900005,-73.89617040399997,67S8,67S8,2024-08-28T15:15:00.000000,911_calls,2024-08-28 15:15:00,Wednesday,15,8,3.0
call_3256,40.71333568700004,-74.00699936499996,29C,29C,2024-08-27T16:16:00.000000,911_calls,2024-08-27 16:16:00,Tuesday,16,8,3.0
call_3257,40.76131997200008,-73.73044483899997,10Y8,10Y8,2024-08-26T17:17:00.000000,911_calls,2024-08-26 17:17:00,Monday,17,8,3.0
call_3258,40.759150161000036,-73.96084390699997,75D,75D,2024-08-25T18:18:00.000000,911_calls,2024-08-25 18:18:00,Sunday,18,8,3.0
call_3259,40.69974268200008,-73.91142368699997,75S,75S,2024-08-24T19:19:00.000000,911_calls,2024-08-24 19:19:00,Saturday,19,8,3.0
call_3260,40.834420512000065,-73.94475099399995,24Q9,24Q9,2024-08-23T20:20:00.000000,911_calls,2024-08-23 20:20:00,Friday,20,8,3.0
call_3261,40.57628456500004,-73.98139061299997,75S,75S,2024-08-22T21:21:00.000000,911_calls,2024-08-22 21:21:00,Thursday,21,8,3.0
call_3262,40.647128347000034,-74.08818142299998,75I,75I,2024-08-21T22:22:00.000000,911_calls,2024-08-21 22:22:00,Wednesday,22,8,3.0
call_3263,40.660783550000076,-73.96147833599997,75D,75D,2024-08-20T23:23:00.000000,911_calls,2024-08-20 23:23:00,Tuesday,23,8,3.0
call_3264,40.72392271900003,-73.95035884199996,54R9,54R9,2024-08-19T00:24:00.000000,911_calls,2024-08-19 00:24:00,Monday,0,8,3.0
call_3265,40.72392271900003,-73.95035884199996,54R9,54R9,2024-08-18T01:25:00.000000,911_calls,2024-08-18 01:25:00,Sunday,1,8,3.0
call_3266,40.647128347000034,-74.08818142299998,75I,75I,2024-08-17T02:26:00.000000,911_calls,2024-08-17 02:26:00,Saturday,2,8,3.0
call_3267,40.707349487000045,-73.89625758599993,34Q6,34Q6,2024-08-16T03:27:00.000000,911_calls,2024-08-16 03:27:00,Friday,3,8,3.0
call_3268,40.791529414000024,-73.94059373699997,68Q1,68Q1,2024-08-15T04:28:00.000000,911_calls,2024-08-15 04:28:00,Thursday,4,8,3.0
call_3269,40.69974268200008,-73.91142368699997,75S,75S,2024-08-14T05:29:00.000000,911_calls,2024-08-14 05:29:00,Wednesday,5,8,3.0
call_3270,40.67696184000005,-73.89902678699997,53S,53S,2024-08-13T06:30:00.000000,911_calls,2024-08-13 06:30:00,Tuesday,6,8,3.0
call_3271,40.75886216500004,-73.95396771099996,56S9,56S9,2024-08-12T07:31:00.000000,911_calls,2024-08-12 07:31:00,Monday,7,8,3.0
call_3272,40.762611582000034,-73.98587613399997,34Q2,34Q2,2024-08-11T08:32:00.000000,911_calls,2024-08-11 08:32:00,Sunday,8,8,3.0
call_3273,40.67426261900005,-73.90415366899998,34Q6,34Q6,2024-08-10T09:33:00.000000,911_calls,2024-08-10 09:33:00,Saturday,9,8,3.0
call_3274,40.69226368000005,-73.98774453499993,75S,75S,2024-08-09T10:34:00.000000,911_calls,2024-08-09 10:34:00,Friday,10,8,3.0
call_3275,40.78554775500004,-73.82410892099995,53I8,53I8,2024-08-08T11:35:00.000000,911_calls,2024-08-08 11:35:00,Thursday,11,8,3.0
call_3276,40.58988317400008,-73.98779572399997,75Z,75Z,2024-08-07T12:36:00.000000,911_calls,2024-08-07 12:36:00,Wednesday,12,8,3.0
call_3277,40.746445462000054,-73.88163812199997,54U1,54U1,2024-08-06T13:37:00.000000,911_calls,2024-08-06 13:37:00,Tuesday,13,8,3.0
call_3278,40.75664204200007,-73.98837157699995,75S,75S,2024-08-05T14:38:00.000000,911_calls,2024-08-05 14:38:00,Monday,14,8,3.0
call_3279,40.66279237600003,-73.88085660699994,20Q2,20Q2,2024-08-04T15:39:00.000000,911_calls,2024-08-04 15:39:00,Sunday,15,8,3.0
call_3280,40.82193193200004,-73.89977873599997,75D,75D,2024-08-03T16:40:00.000000,911_calls,2024-08-03 16:40:00,Saturday,16,8,3.0
call_3281,40.65985786500005,-73.83030450799998,75T,75T,2024-08-02T17:41:00.000000,911_calls,2024-08-02 17:41:00,Friday,17,8,3.0
call_3282,40.69257883800003,-73.91142959799998,53S,53S,2024-08-01T18:42:00.000000,911_calls,2024-08-01 18:42:00,Thursday,18,8,3.0
call_3283,40.728603288000045,-73.98016465899997,54S1,54S1,2024-07-31T19:43:00.000000,911_calls,2024-07-31 19:43:00,Wednesday,19,7,3.0
call_3284,40.83927386900007,-73.85863244899997,54S1,54S1,2024-07-30T20:44:00.000000,911_calls,2024-07-30 20:44:00,Tuesday,20,7,3.0
call_3285,40.61194961000007,-73.94456773599995,75D,75D,2025-07-29T21:45:00.000000,911_calls,2025-07-29 21:45:00,Tuesday,21,7,3.0
call_3286,40.68960128600003,-73.82727197699995,52D2,52D2,2025-07-28T22:46:00.000000,911_calls,2025-07-28 22:46:00,Monday,22,7,3.0
call_3287,40.903436775000046,-73.85001656199995,75S,75S,2025-07-27T23:47:00.000000,911_calls,2025-07-27 23:47:00,Sunday,23,7,3.0
call_3288,40.72557069100003,-73.98237355799995,54S1,54S1,2025-07-26T00:48:00.000000,911_calls,2025-07-26 00:48:00,Saturday,0,7,3.0
call_3289,40.83127016100008,-73.91426592599998,34K1,34K1,2025-07-25T01:49:00.000000,911_calls,2025-07-25 01:49:00,Friday,1,7,3.0
call_3290,40.577438322000035,-73.95502869999996,30Q1,30Q1,2025-07-24T02:50:00.000000,911_calls,2025-07-24 02:50:00,Thursday,2,7,3.0
call_3291,40.86092831600007,-73.92030842899999,54S2,54S2,2025-07-23T03:51:00.000000,911_calls,2025-07-23 03:51:00,Wednesday,3,7,3.0
call_3292,40.83211385100003,-73.94829425099994,10S4,10S4,2025-07-22T04:52:00.000000,911_calls,2025-07-22 04:52:00,Tuesday,4,7,3.0
call_3293,40.559992926000064,-73.92062780099997,10Y3,10Y3,2025-07-21T05:53:00.000000,911_calls,2025-07-21 05:53:00,Monday,5,7,3.0
call_3294,40.81602577600006,-73.91773211999998,75S,75S,2025-07-20T06:54:00.000000,911_calls,2025-07-20 06:54:00,Sunday,6,7,3.0
call_3295,40.75986975500007,-73.82897041199993,75S,75S,2025-07-19T07:55:00.000000,911_calls,2025-07-19 07:55:00,Saturday,7,7,3.0
call_3296,40.718146829000034,-73.75725685799995,10V2,10V2,2025-07-18T08:56:00.000000,911_calls,2025-07-18 08:56:00,Friday,8,7,3.0
call_3297,40.66888376700007,-73.93250571899995,75S,75S,2025-07-17T09:57:00.000000,911_calls,2025-07-17 09:57:00,Thursday,9,7,3.0
call_3298,40.68616574200007,-73.92503883899997,68Q1,68Q1,2025-07-16T10:58:00.000000,911_calls,2025-07-16 10:58:00,Wednesday,10,7,3.0
call_3299,40.66975651000007,-73.98747830799994,75H,75H,2025-07-15T11:59:00.000000,911_calls,2025-07-15 11:59:00,Tuesday,11,7,3.0
call_3300,40.810398494000026,-73.92489531099994,24W2,24W2,2025-07-14T12:00:00.000000,911_calls,2025-07-14 12:00:00,Monday,12,7,3.0
call_3301,40.74785939600008,-73.87936551899998,54S2,54S2,2025-07-13T13:01:00.000000,911_calls,2025-07-13 13:01:00,Sunday,13,7,3.0
call_3302,40.68061422000005,-73.88627614399996,10V2,10V2,2025-07-12T14:02:00.000000,911_calls,2025-07-12 14:02:00,Saturday,14,7,3.0
call_3303,40.827899467000066,-73.92588369299995,75S,75S,2025-07-11T15:03:00.000000,911_calls,2025-07-11 15:03:00,Friday,15,7,3.0
call_3304,40.70174871800003,-73.88328632699995,10H2,10H2,2025-07-10T16:04:00.000000,911_calls,2025-07-10 16:04:00,Thursday,16,7,3.0
call_3305,40.75043984000007,-73.93904233699999,75D,75D,2025-07-09T17:05:00.000000,911_calls,2025-07-09 17:05:00,Wednesday,17,7,3.0
call_3306,40.73499201300007,-74.00256337399998,10V2,10V2,2025-07-08T18:06:00.000000,911_calls,2025-07-08 18:06:00,Tuesday,18,7,3.0
call_3307,40.663185499000065,-73.96228074399994,75D,75D,2025-07-07T19:07:00.000000,911_calls,2025-07-07 19:07:00,Monday,19,7,3.0
call_3308,40.81155575200006,-73.95442256799998,10H2,10H2,2025-07-06T20:08:00.000000,911_calls,2025-07-06 20:08:00,Sunday,20,7,3.0
call_3309,40.70019263300003,-73.91859995399994,68Q1,68Q1,2025-07-05T21:09:00.000000,911_calls,2025-07-05 21:09:00,Saturday,21,7,3.0
call_3310,40.83203378500008,-73.86830702199995,22Q2,22Q2,2025-07-04T22:10:00.000000,911_calls,2025-07-04 22:10:00,Friday,22,7,3.0
call_3311,40.69737870800003,-73.91784245799994,68Q1,68Q1,2025-07-03T23:11:00.000000,911_calls,2025-07-03 23:11:00,Thursday,23,7,3.0
call_3312,40.763320339000074,-73.97371790399995,11C4,11C4,2025-07-02T00:12:00.000000,911_calls,2025-07-02 00:12:00,Wednesday,0,7,3.0
call_3313,40.66263531200008,-73.93999844899997,75D,75D,2025-07-01T01:13:00.000000,911_calls,2025-07-01 01:13:00,Tuesday,1,7,3.0
call_3314,40.739191325000036,-73.99340858399995,10V2,10V2,2025-06-30T02:14:00.000000,911_calls,2025-06-30 02:14:00,Monday,2,6,3.0
call_3315,40.72111660300004,-73.98736043299994,75C,75C,2025-06-29T03:15:00.000000,911_calls,2025-06-29 03:15:00,Sunday,3,6,3.0
call_3316,40.707943311000065,-73.78568748999999,75Z,75Z,2025-06-28T04:16:00.000000,911_calls,2025-06-28 04:16:00,Saturday,4,6,3.0
call_3317,40.67119007600007,-73.90952938099997,75I,75I,2025-06-27T05:17:00.000000,911_calls,2025-06-27 05:17:00,Friday,5,6,3.0
call_3318,40.57628456500004,-73.98139061299997,54S9,54S9,2025-06-26T06:18:00.000000,911_calls,2025-06-26 06:18:00,Thursday,6,6,3.0
call_3319,40.71465309600006,-74.00816464399998,75M,75M,2025-06-25T07:19:00.000000,911_calls,2025-06-25 07:19:00,Wednesday,7,6,3.0
call_3320,40.66048172400008,-73.88129685699994,75I,75I,2025-06-24T08:20:00.000000,911_calls,2025-06-24 08:20:00,Tuesday,8,6,3.0
call_3321,40.69353100500007,-73.91108214699995,68Q1,68Q1,2025-06-23T09:21:00.000000,911_calls,2025-06-23 09:21:00,Monday,9,6,3.0
call_3322,40.67081759000007,-73.93511008699994,10Y3,10Y3,2025-06-22T10:22:00.000000,911_calls,2025-06-22 10:22:00,Sunday,10,6,3.0
call_3323,40.68227777200008,-73.96110537099997,75Z,75Z,2025-06-21T11:23:00.000000,911_calls,2025-06-21 11:23:00,Saturday,11,6,3.0
call_3324,40.71351155000008,-73.79268918699995,68Q1,68Q1,2025-06-20T12:24:00.000000,911_calls,2025-06-20 12:24:00,Friday,12,6,3.0
call_3325,40.81688561100003,-73.90782117699996,75S,75S,2025-06-19T13:25:00.000000,911_calls,2025-06-19 13:25:00,Thursday,13,6,3.0
call_3326,40.764846128000045,-73.96272495999995,34Q1,34Q1,2025-06-18T14:26:00.000000,911_calls,2025-06-18 14:26:00,Wednesday,14,6,3.0
call_3327,40.63068215900006,-73.97355396999995,68Q1,68Q1,2025-06-17T15:27:00.000000,911_calls,2025-06-17 15:27:00,Tuesday,15,6,3.0
call_3328,40.625537275000056,-74.03992716499994,75D,75D,2025-06-16T16:28:00.000000,911_calls,2025-06-16 16:28:00,Monday,16,6,3.0
call_3329,40.69318664200006,-73.92469557999993,10H2,10H2,2025-06-15T17:29:00.000000,911_calls,2025-06-15 17:29:00,Sunday,17,6,3.0
call_3330,40.75416455100003,-73.94465152299995,75D,75D,2025-06-14T18:30:00.000000,911_calls,2025-06-14 18:30:00,Saturday,18,6,3.0
call_3331,40.74624976400003,-73.88352595499998,54S2,54S2,2025-06-13T19:31:00.000000,911_calls,2025-06-13 19:31:00,Friday,19,6,3.0
call_3332,40.695956498000044,-73.96594416999994,54S2,54S2,2025-06-12T20:32:00.000000,911_calls,2025-06-12 20:32:00,Thursday,20,6,3.0
call_3333,40.849727216000076,-73.90578765199996,75S,75S,2025-06-11T21:33:00.000000,911_calls,2025-06-11 21:33:00,Wednesday,21,6,3.0
call_3334,40.68571166000004,-73.91539775799998,75Z,75Z,2025-06-10T22:34:00.000000,911_calls,2025-06-10 22:34:00,Tuesday,22,6,3.0
call_3335,40.832455709000044,-73.81913179799994,68Q1,68Q1,2025-06-09T23:35:00.000000,911_calls,2025-06-09 23:35:00,Monday,23,6,3.0
call_3336,40.83350852400008,-73.86663818999995,10H2,10H2,2025-06-08T00:36:00.000000,911_calls,2025-06-08 00:36:00,Sunday,0,6,3.0
call_3337,40.66646466200007,-73.90410359499998,75D,75D,2025-06-07T01:37:00.000000,911_calls,2025-06-07 01:37:00,Saturday,1,6,3.0
call_3338,40.700511239000036,-73.94154039399996,24K1,24K1,2025-06-06T02:38:00.000000,911_calls,2025-06-06 02:38:00,Friday,2,6,3.0
call_3339,40.78785561600006,-73.81504588699994,11C4,11C4,2025-06-05T03:39:00.000000,911_calls,2025-06-05 03:39:00,Thursday,3,6,3.0
call_3340,40.60661616800007,-74.08322999499995,53I8,53I8,2025-06-04T04:40:00.000000,911_calls,2025-06-04 04:40:00,Wednesday,4,6,3.0
call_3341,40.83665251900004,-73.90714329499997,10S2,10S2,2025-06-03T05:41:00.000000,911_calls,2025-06-03 05:41:00,Tuesday,5,6,3.0
call_3342,40.75202918600007,-73.92964955999997,22V2,22V2,2025-06-02T06:42:00.000000,911_calls,2025-06-02 06:42:00,Monday,6,6,3.0
call_3343,40.62978199300005,-73.92030342499999,34K1,34K1,2025-06-01T07:43:00.000000,911_calls,2025-06-01 07:43:00,Sunday,7,6,3.0
call_3344,40.708540791000075,-74.00138289399996,68Q1,68Q1,2025-05-31T08:44:00.000000,911_calls,2025-05-31 08:44:00,Saturday,8,5,3.0
call_3345,40.718833172000075,-73.98943516199995,53S,53S,2025-05-30T09:45:00.000000,911_calls,2025-05-30 09:45:00,Friday,9,5,3.0
call_3346,40.82747421900007,-73.94597446399996,10Y3,10Y3,2025-05-29T10:46:00.000000,911_calls,2025-05-29 10:46:00,Thursday,10,5,3.0
call_3347,40.692948828000056,-73.85426200599994,53I,53I,2025-05-28T11:47:00.000000,911_calls,2025-05-28 11:47:00,Wednesday,11,5,3.0
call_3348,40.66479619800003,-73.93150058099997,75D,75D,2025-05-27T12:48:00.000000,911_calls,2025-05-27 12:48:00,Tuesday,12,5,3.0
call_3349,40.73201947000007,-74.00073390899996,75S,75S,2025-05-26T13:49:00.000000,911_calls,2025-05-26 13:49:00,Monday,13,5,3.0
call_3350,40.70044328500006,-73.98975183899995,68Q1,68Q1,2025-05-25T14:50:00.000000,911_calls,2025-05-25 14:50:00,Sunday,14,5,3.0
call_3351,40.774579034000055,-73.97272418499995,75D,75D,2025-05-24T15:51:00.000000,911_calls,2025-05-24 15:51:00,Saturday,15,5,3.0
call_3352,40.70109928100004,-73.98970846099996,68Q1,68Q1,2025-05-23T16:52:00.000000,911_calls,2025-05-23 16:52:00,Friday,16,5,3.0
call_3353,40.708343986000045,-73.79468905999994,52D1,52D1,2025-05-22T17:53:00.000000,911_calls,2025-05-22 17:53:00,Thursday,17,5,3.0
call_3354,40.70239712700004,-73.98569773999998,68Q1,68Q1,2025-05-21T18:54:00.000000,911_calls,2025-05-21 18:54:00,Wednesday,18,5,3.0
call_3355,40.72392271900003,-73.95035884199996,75S,75S,2025-05-20T19:55:00.000000,911_calls,2025-05-20 19:55:00,Tuesday,19,5,3.0
call_3356,40.75679820100004,-73.97111078699999,75T,75T,2025-05-19T20:56:00.000000,911_calls,2025-05-19 20:56:00,Monday,20,5,3.0
call_3357,40.66512493100004,-73.95898867799997,75D,75D,2025-05-18T21:57:00.000000,911_calls,2025-05-18 21:57:00,Sunday,21,5,3.0
call_3358,40.75679820100004,-73.97111078699999,75T,75T,2025-05-17T22:58:00.000000,911_calls,2025-05-17 22:58:00,Saturday,22,5,3.0
call_3359,40.84434744500004,-73.87913633399995,68Q1,68Q1,2025-05-16T23:59:00.000000,911_calls,2025-05-16 23:59:00,Friday,23,5,3.0
call_3360,40.71396412400003,-73.99132971799997,68Q1,68Q1,2025-05-15T00:00:00.000000,911_calls,2025-05-15 00:00:00,Thursday,0,5,3.0
call_3361,40.75994610200007,-73.96985324699995,75D,75D,2025-05-14T01:01:00.000000,911_calls,2025-05-14 01:01:00,Wednesday,1,5,3.0
call_3362,40.88471923700007,-73.92017503299996,11R4,11R4,2025-05-13T02:02:00.000000,911_calls,2025-05-13 02:02:00,Tuesday,2,5,3.0
call_3363,40.76198309100005,-73.98633471299996,34Q9,34Q9,2025-05-12T03:03:00.000000,911_calls,2025-05-12 03:03:00,Monday,3,5,3.0
call_3364,40.67119007600007,-73.90952938099997,75I,75I,2025-05-11T04:04:00.000000,911_calls,2025-05-11 04:04:00,Sunday,4,5,3.0
call_3365,40.63096503500003,-73.99443883899994,75T,75T,2025-05-10T05:05:00.000000,911_calls,2025-05-10 05:05:00,Saturday,5,5,3.0
call_3366,40.77331250200007,-73.94596424599996,68Q1,68Q1,2025-05-09T06:06:00.000000,911_calls,2025-05-09 06:06:00,Friday,6,5,3.0
call_3367,40.693521744000066,-73.96545859099996,11C4,11C4,2025-05-08T07:07:00.000000,911_calls,2025-05-08 07:07:00,Thursday,7,5,3.0
call_3368,40.782799975000046,-73.94962887099996,54C3,54C3,2025-05-07T08:08:00.000000,911_calls,2025-05-07 08:08:00,Wednesday,8,5,3.0
call_3369,40.782799975000046,-73.94962887099996,54C3,54C3,2025-05-06T09:09:00.000000,911_calls,2025-05-06 09:09:00,Tuesday,9,5,3.0
call_3370,40.845838607000076,-73.93446226999998,34Q1,34Q1,2025-05-05T10:10:00.000000,911_calls,2025-05-05 10:10:00,Monday,10,5,3.0
call_3371,40.82488497200006,-73.89945993699996,11C4,11C4,2025-05-04T11:11:00.000000,911_calls,2025-05-04 11:11:00,Sunday,11,5,3.0
call_3372,40.72400448800005,-74.00824155199996,34Q1,34Q1,2025-05-03T12:12:00.000000,911_calls,2025-05-03 12:12:00,Saturday,12,5,3.0
call_3373,40.72107886400005,-73.73275051599995,54S1,54S1,2025-05-02T13:13:00.000000,911_calls,2025-05-02 13:13:00,Friday,13,5,3.0
call_3374,40.81756136700005,-73.92786058299998,75O,75O,2025-05-01T14:14:00.000000,911_calls,2025-05-01 14:14:00,Thursday,14,5,3.0
call_3375,40.695956498000044,-73.96594416999994,54S2,54S2,2025-04-30T15:15:00.000000,911_calls,2025-04-30 15:15:00,Wednesday,15,4,3.0
call_3376,40.748505660000035,-73.88597979599996,54S2,54S2,2025-04-29T16:16:00.000000,911_calls,2025-04-29 16:16:00,Tuesday,16,4,3.0
call_3377,40.85557168400004,-73.86766034499993,75S,75S,2025-04-28T17:17:00.000000,911_calls,2025-04-28 17:17:00,Monday,17,4,3.0
call_3378,40.57562494700005,-73.97665714199997,75S,75S,2025-04-27T18:18:00.000000,911_calls,2025-04-27 18:18:00,Sunday,18,4,3.0
call_3379,40.62417474000006,-73.96506219399998,10Y3,10Y3,2025-04-26T19:19:00.000000,911_calls,2025-04-26 19:19:00,Saturday,19,4,3.0
call_3380,40.70254187100005,-73.79955059199995,75T,75T,2025-04-25T20:20:00.000000,911_calls,2025-04-25 20:20:00,Friday,20,4,3.0
call_3381,40.70958903800005,-73.82932665999994,53S,53S,2025-04-24T21:21:00.000000,911_calls,2025-04-24 21:21:00,Thursday,21,4,3.0
call_3382,40.76312824300004,-73.99293332199994,10H2,10H2,2025-04-23T22:22:00.000000,911_calls,2025-04-23 22:22:00,Wednesday,22,4,3.0
call_3383,40.717669485000044,-73.99047067299995,68Q1,68Q1,2025-04-22T23:23:00.000000,911_calls,2025-04-22 23:23:00,Tuesday,23,4,3.0
call_3384,40.69976391700004,-73.91785033799994,68Q1,68Q1,2025-04-21T00:24:00.000000,911_calls,2025-04-21 00:24:00,Monday,0,4,3.0
call_3385,40.60795155400007,-73.75328891799995,39H2,39H2,2025-04-20T01:25:00.000000,911_calls,2025-04-20 01:25:00,Sunday,1,4,3.0
call_3386,40.774293371000056,-73.80969671099996,75H,75H,2025-04-19T02:26:00.000000,911_calls,2025-04-19 02:26:00,Saturday,2,4,3.0
call_3387,40.714724931000035,-73.97570301399998,12Z2,12Z2,2025-04-18T03:27:00.000000,911_calls,2025-04-18 03:27:00,Friday,3,4,3.0
call_3388,40.80675251300005,-73.87105538499998,11C4,11C4,2025-04-17T04:28:00.000000,911_calls,2025-04-17 04:28:00,Thursday,4,4,3.0
call_3389,40.662767503000055,-73.90752952599996,75Z,75Z,2025-04-16T05:29:00.000000,911_calls,2025-04-16 05:29:00,Wednesday,5,4,3.0
call_3390,40.75664204200007,-73.98837157699995,75S,75S,2025-04-15T06:30:00.000000,911_calls,2025-04-15 06:30:00,Tuesday,6,4,3.0
call_3391,40.85563826600003,-73.90451768099996,68Q1,68Q1,2025-04-14T07:31:00.000000,911_calls,2025-04-14 07:31:00,Monday,7,4,3.0
call_3392,40.84925596900007,-73.91028843099997,53S,53S,2025-04-13T08:32:00.000000,911_calls,2025-04-13 08:32:00,Sunday,8,4,3.0
call_3393,40.80351927500004,-73.94233488699996,10H1,10H1,2025-04-12T09:33:00.000000,911_calls,2025-04-12 09:33:00,Saturday,9,4,3.0
call_3394,40.68886943500007,-73.92107296899997,75Z,75Z,2025-04-11T10:34:00.000000,911_calls,2025-04-11 10:34:00,Friday,10,4,3.0
call_3395,40.747399795000035,-73.88625236599995,10H1,10H1,2025-04-10T11:35:00.000000,911_calls,2025-04-10 11:35:00,Thursday,11,4,3.0
call_3396,40.83797124200004,-73.91594499799999,54S1,54S1,2025-04-09T12:36:00.000000,911_calls,2025-04-09 12:36:00,Wednesday,12,4,3.0
call_3397,40.64063662400008,-73.91141926999995,68Q1,68Q1,2025-04-08T13:37:00.000000,911_calls,2025-04-08 13:37:00,Tuesday,13,4,3.0
call_3398,40.80351927500004,-73.94233488699996,68Q2,68Q2,2025-04-07T14:38:00.000000,911_calls,2025-04-07 14:38:00,Monday,14,4,3.0
call_3399,40.755178493000074,-73.83427390599996,75D,75D,2025-04-06T15:39:00.000000,911_calls,2025-04-06 15:39:00,Sunday,15,4,3.0
call_3400,40.63096503500003,-73.99443883899994,75T,75T,2025-04-05T16:40:00.000000,911_calls,2025-04-05 16:40:00,Saturday,16,4,3.0
call_3401,40.899198384000044,-73.85823008599993,54S1,54S1,2025-04-04T17:41:00.000000,911_calls,2025-04-04 17:41:00,Friday,17,4,3.0
call_3402,40.752884728000026,-73.99111170399993,53S,53S,2025-04-03T18:42:00.000000,911_calls,2025-04-03 18:42:00,Thursday,18,4,3.0
call_3403,40.67779167400005,-73.74517107599996,75D,75D,2025-04-02T19:43:00.000000,911_calls,2025-04-02 19:43:00,Wednesday,19,4,3.0
call_3404,40.69532994800005,-73.84081647299996,53S,53S,2025-04-01T20:44:00.000000,911_calls,2025-04-01 20:44:00,Tuesday,20,4,3.0
call_3405,40.74061315900008,-74.00561650899994,52D6,52D6,2025-03-31T21:45:00.000000,911_calls,2025-03-31 21:45:00,Monday,21,3,3.0
call_3406,40.75679820100004,-73.97111078699999,75T,75T,2025-03-30T22:46:00.000000,911_calls,2025-03-30 22:46:00,Sunday,22,3,3.0
call_3407,40.730155790000026,-73.86229522699995,75D,75D,2025-03-29T23:47:00.000000,911_calls,2025-03-29 23:47:00,Saturday,23,3,3.0
call_3408,40.75486141400006,-73.94999289199995,53I,53I,2025-03-28T00:48:00.000000,911_calls,2025-03-28 00:48:00,Friday,0,3,3.0
call_3409,40.64968737300006,-73.89341019999995,75D,75D,2025-03-27T01:49:00.000000,911_calls,2025-03-27 01:49:00,Thursday,1,3,3.0
call_3410,40.818046948000074,-73.95424470599994,34K6,34K6,2025-03-26T02:50:00.000000,911_calls,2025-03-26 02:50:00,Wednesday,2,3,3.0
call_3411,40.75679820100004,-73.97111078699999,75T,75T,2025-03-25T03:51:00.000000,911_calls,2025-03-25 03:51:00,Tuesday,3,3,3.0
call_3412,40.82319563200008,-73.91864460499994,54U1,54U1,2025-03-24T04:52:00.000000,911_calls,2025-03-24 04:52:00,Monday,4,3,3.0
call_3413,40.706442571000025,-73.93139647199996,52D2,52D2,2025-03-23T05:53:00.000000,911_calls,2025-03-23 05:53:00,Sunday,5,3,3.0
call_3414,40.81677606100004,-73.91528895199997,10S4,10S4,2025-03-22T06:54:00.000000,911_calls,2025-03-22 06:54:00,Saturday,6,3,3.0
call_3415,40.81602577600006,-73.91773211999998,75S,75S,2025-03-21T07:55:00.000000,911_calls,2025-03-21 07:55:00,Friday,7,3,3.0
call_3416,40.670004583000036,-73.90984821499995,75D,75D,2025-03-20T08:56:00.000000,911_calls,2025-03-20 08:56:00,Thursday,8,3,3.0
call_3417,40.67836827600007,-73.90352044899998,75S,75S,2025-03-19T09:57:00.000000,911_calls,2025-03-19 09:57:00,Wednesday,9,3,3.0
call_3418,40.75837175200007,-73.92445584499995,50G1,50G1,2025-03-18T10:58:00.000000,911_calls,2025-03-18 10:58:00,Tuesday,10,3,3.0
call_3419,40.68674928100006,-73.79690457399994,10S4,10S4,2025-03-17T11:59:00.000000,911_calls,2025-03-17 11:59:00,Monday,11,3,3.0
call_3420,40.69267663000005,-73.97768716699994,54U1,54U1,2025-03-16T12:00:00.000000,911_calls,2025-03-16 12:00:00,Sunday,12,3,3.0
call_3421,40.65175137500006,-73.89942172299999,75S,75S,2025-03-15T13:01:00.000000,911_calls,2025-03-15 13:01:00,Saturday,13,3,3.0
call_3422,40.592336182000054,-73.98148695899994,75D,75D,2025-03-14T14:02:00.000000,911_calls,2025-03-14 14:02:00,Friday,14,3,3.0
call_3423,40.67790752700006,-73.91078571399999,75M,75M,2025-03-13T15:03:00.000000,911_calls,2025-03-13 15:03:00,Thursday,15,3,3.0
call_3424,40.57628456500004,-73.98139061299997,75O,75O,2025-03-12T16:04:00.000000,911_calls,2025-03-12 16:04:00,Wednesday,16,3,3.0
call_3425,40.72400448800005,-74.00824155199996,68Q2,68Q2,2025-03-11T17:05:00.000000,911_calls,2025-03-11 17:05:00,Tuesday,17,3,3.0
call_3426,40.73578632200008,-73.74654058799996,75D,75D,2025-03-10T18:06:00.000000,911_calls,2025-03-10 18:06:00,Monday,18,3,3.0
call_3427,40.669051068000044,-73.90182525899996,75S,75S,2025-03-09T19:07:00.000000,911_calls,2025-03-09 19:07:00,Sunday,19,3,3.0
call_3428,40.695685033000075,-73.96685668299995,13X2,13X2,2025-03-08T20:08:00.000000,911_calls,2025-03-08 20:08:00,Saturday,20,3,3.0
call_3429,40.695685033000075,-73.96685668299995,13X2,13X2,2025-03-07T21:09:00.000000,911_calls,2025-03-07 21:09:00,Friday,21,3,3.0
call_3430,40.71239662200003,-73.78490845799996,75M,75M,2025-03-06T22:10:00.000000,911_calls,2025-03-06 22:10:00,Thursday,22,3,3.0
call_3431,40.75160025400004,-73.99204306099995,56S9,56S9,2025-03-05T23:11:00.000000,911_calls,2025-03-05 23:11:00,Wednesday,23,3,3.0
call_3432,40.839209820000065,-73.87698810699999,68Q1,68Q1,2025-03-04T00:12:00.000000,911_calls,2025-03-04 00:12:00,Tuesday,0,3,3.0
call_3433,40.76740470900006,-73.99632997599997,10V2,10V2,2025-03-03T01:13:00.000000,911_calls,2025-03-03 01:13:00,Monday,1,3,3.0
call_3434,40.644727688000046,-73.92485837399994,10V2,10V2,2025-03-02T02:14:00.000000,911_calls,2025-03-02 02:14:00,Sunday,2,3,3.0
call_3435,40.865263506000076,-73.84577861299994,13X2,13X2,2025-03-01T03:15:00.000000,911_calls,2025-03-01 03:15:00,Saturday,3,3,3.0
call_3436,40.865263506000076,-73.84577861299994,13X2,13X2,2025-02-28T04:16:00.000000,911_calls,2025-02-28 04:16:00,Friday,4,2,3.0
call_3437,40.69050586900005,-73.95900552099994,75D,75D,2025-02-27T05:17:00.000000,911_calls,2025-02-27 05:17:00,Thursday,5,2,3.0
call_3438,40.83321704200006,-73.92755451499994,44H1,44H1,2025-02-26T06:18:00.000000,911_calls,2025-02-26 06:18:00,Wednesday,6,2,3.0
call_3439,40.71239662200003,-73.78490845799996,75S,75S,2025-02-25T07:19:00.000000,911_calls,2025-02-25 07:19:00,Tuesday,7,2,3.0
call_3440,40.838689661000046,-73.91880635699994,52F1,52F1,2025-02-24T08:20:00.000000,911_calls,2025-02-24 08:20:00,Monday,8,2,3.0
call_3441,40.71239662200003,-73.78490845799996,75M,75M,2025-02-23T09:21:00.000000,911_calls,2025-02-23 09:21:00,Sunday,9,2,3.0
call_3442,40.86802685400005,-73.89698312799999,68Q9,68Q9,2025-02-22T10:22:00.000000,911_calls,2025-02-22 10:22:00,Saturday,10,2,3.0
call_3443,40.743418414000075,-73.99799856299995,68Q1,68Q1,2025-02-21T11:23:00.000000,911_calls,2025-02-21 11:23:00,Friday,11,2,3.0
call_3444,40.604078962000074,-73.75472573599995,75M,75M,2025-02-20T12:24:00.000000,911_calls,2025-02-20 12:24:00,Thursday,12,2,3.0
call_3445,40.70657453100006,-73.91158412999994,29C,29C,2025-02-19T13:25:00.000000,911_calls,2025-02-19 13:25:00,Wednesday,13,2,3.0
call_3446,40.743418414000075,-73.99799856299995,68Q1,68Q1,2025-02-18T14:26:00.000000,911_calls,2025-02-18 14:26:00,Tuesday,14,2,3.0
call_3447,40.785473059000026,-73.80498117299999,67S8,67S8,2025-02-17T15:27:00.000000,911_calls,2025-02-17 15:27:00,Monday,15,2,3.0
call_3448,40.828867589000026,-73.87685184899993,34K2,34K2,2025-02-16T16:28:00.000000,911_calls,2025-02-16 16:28:00,Sunday,16,2,3.0
call_3449,40.59097419900007,-73.97827563199996,68Q1,68Q1,2025-02-15T17:29:00.000000,911_calls,2025-02-15 17:29:00,Saturday,17,2,3.0
call_3450,40.81960794400004,-73.89155196399997,10H2,10H2,2025-02-14T18:30:00.000000,911_calls,2025-02-14 18:30:00,Friday,18,2,3.0
call_3451,40.817536560000065,-73.92769441999997,75S,75S,2025-02-13T19:31:00.000000,911_calls,2025-02-13 19:31:00,Thursday,19,2,3.0
call_3452,40.75885707500004,-73.98861664699996,54S1,54S1,2025-02-12T20:32:00.000000,911_calls,2025-02-12 20:32:00,Wednesday,20,2,3.0
call_3453,40.70467377500006,-73.94450866999995,11C4,11C4,2025-02-11T21:33:00.000000,911_calls,2025-02-11 21:33:00,Tuesday,21,2,3.0
call_3454,40.54002778200004,-74.22282184499994,11R4,11R4,2025-02-10T22:34:00.000000,911_calls,2025-02-10 22:34:00,Monday,22,2,3.0
call_3455,40.63575578000007,-74.11957359999997,75I,75I,2025-02-09T23:35:00.000000,911_calls,2025-02-09 23:35:00,Sunday,23,2,3.0
call_3456,40.81072622700003,-73.92662169499994,75S,75S,2025-02-08T00:36:00.000000,911_calls,2025-02-08 00:36:00,Saturday,0,2,3.0
call_3457,40.899198384000044,-73.85823008599993,54S1,54S1,2025-02-07T01:37:00.000000,911_calls,2025-02-07 01:37:00,Friday,1,2,3.0
call_3458,40.54774924600008,-74.19554410399996,10Y3,10Y3,2025-02-06T02:38:00.000000,911_calls,2025-02-06 02:38:00,Thursday,2,2,3.0
call_3459,40.70793565500003,-73.80290681699995,75M,75M,2025-02-05T03:39:00.000000,911_calls,2025-02-05 03:39:00,Wednesday,3,2,3.0
call_3460,40.63681896700007,-74.11865312699996,75I,75I,2025-02-04T04:40:00.000000,911_calls,2025-02-04 04:40:00,Tuesday,4,2,3.0
call_3461,40.903436775000046,-73.85001656199995,34Q2,34Q2,2025-02-03T05:41:00.000000,911_calls,2025-02-03 05:41:00,Monday,5,2,3.0
call_3462,40.72737507100004,-73.82204357799998,68Q1,68Q1,2025-02-02T06:42:00.000000,911_calls,2025-02-02 06:42:00,Sunday,6,2,3.0
call_3463,40.70793565500003,-73.80290681699995,75M,75M,2025-02-01T07:43:00.000000,911_calls,2025-02-01 07:43:00,Saturday,7,2,3.0
call_3464,40.81602577600006,-73.91773211999998,39Q9,39Q9,2025-01-31T08:44:00.000000,911_calls,2025-01-31 08:44:00,Friday,8,1,3.0
call_3465,40.57628456500004,-73.98139061299997,75O,75O,2025-01-30T09:45:00.000000,911_calls,2025-01-30 09:45:00,Thursday,9,1,3.0
call_3466,40.77311375100004,-73.80841477099995,75H,75H,2025-01-29T10:46:00.000000,911_calls,2025-01-29 10:46:00,Wednesday,10,1,3.0
call_3467,40.82749299900007,-73.94505665399998,68Q1,68Q1,2025-01-28T11:47:00.000000,911_calls,2025-01-28 11:47:00,Tuesday,11,1,3.0
call_3468,40.81602577600006,-73.91773211999998,54S9,54S9,2025-01-27T12:48:00.000000,911_calls,2025-01-27 12:48:00,Monday,12,1,3.0
call_3469,40.68365977800005,-73.85154206999994,10Y3,10Y3,2025-01-26T13:49:00.000000,911_calls,2025-01-26 13:49:00,Sunday,13,1,3.0
call_3470,40.809686197000076,-73.95342682699999,54S1,54S1,2025-01-25T14:50:00.000000,911_calls,2025-01-25 14:50:00,Saturday,14,1,3.0
call_3471,40.82015204000004,-73.85042104799999,52D6,52D6,2025-01-24T15:51:00.000000,911_calls,2025-01-24 15:51:00,Friday,15,1,3.0
call_3472,40.77461733600006,-73.90854762699996,34Q1,34Q1,2025-01-23T16:52:00.000000,911_calls,2025-01-23 16:52:00,Thursday,16,1,3.0
call_3473,40.86254244200006,-73.90947514899995,10H2,10H2,2025-01-22T17:53:00.000000,911_calls,2025-01-22 17:53:00,Wednesday,17,1,3.0
call_3474,40.75638111100005,-73.98670403199998,10P2,10P2,2025-01-21T18:54:00.000000,911_calls,2025-01-21 18:54:00,Tuesday,18,1,3.0
call_3475,40.705628483000055,-73.81014159699998,75S,75S,2025-01-20T19:55:00.000000,911_calls,2025-01-20 19:55:00,Monday,19,1,3.0
call_3476,40.63562086600007,-73.97745763699999,75T,75T,2025-01-19T20:56:00.000000,911_calls,2025-01-19 20:56:00,Sunday,20,1,3.0
call_3477,40.75664204200007,-73.98837157699995,10P9,10P9,2025-01-18T21:57:00.000000,911_calls,2025-01-18 21:57:00,Saturday,21,1,3.0
call_3478,40.67470324000004,-74.00292516799993,68Q1,68Q1,2025-01-17T22:58:00.000000,911_calls,2025-01-17 22:58:00,Friday,22,1,3.0
call_3479,40.74379364200007,-73.92332115999994,75D,75D,2025-01-16T23:59:00.000000,911_calls,2025-01-16 23:59:00,Thursday,23,1,3.0
call_3480,40.70735238200007,-73.83141354299994,75H,75H,2025-01-15T00:00:00.000000,911_calls,2025-01-15 00:00:00,Wednesday,0,1,3.0
call_3481,40.72635579000007,-73.76488290499998,53I8,53I8,2025-01-14T01:01:00.000000,911_calls,2025-01-14 01:01:00,Tuesday,1,1,3.0
call_3482,40.72635579000007,-73.76488290499998,53I8,53I8,2025-01-13T02:02:00.000000,911_calls,2025-01-13 02:02:00,Monday,2,1,3.0
call_3483,40.766542661000074,-73.99230119999999,10H2,10H2,2025-01-12T03:03:00.000000,911_calls,2025-01-12 03:03:00,Sunday,3,1,3.0
call_3484,40.757781504000036,-73.94337072599996,10V2,10V2,2025-01-11T04:04:00.000000,911_calls,2025-01-11 04:04:00,Saturday,4,1,3.0
call_3485,40.77555477200008,-73.96738017899997,75D,75D,2025-01-10T05:05:00.000000,911_calls,2025-01-10 05:05:00,Friday,5,1,3.0
call_3486,40.78554775500004,-73.82410892099995,67S8,67S8,2025-01-09T06:06:00.000000,911_calls,2025-01-09 06:06:00,Thursday,6,1,3.0
call_3487,40.66751923100003,-73.83453496199996,21R,21R,2025-01-08T07:07:00.000000,911_calls,2025-01-08 07:07:00,Wednesday,7,1,3.0
call_3488,40.86483138300008,-73.88747959099999,75D,75D,2025-01-07T08:08:00.000000,911_calls,2025-01-07 08:08:00,Tuesday,8,1,3.0
call_3489,40.71241149700006,-73.82621729999994,68Q1,68Q1,2025-01-06T09:09:00.000000,911_calls,2025-01-06 09:09:00,Monday,9,1,3.0
call_3490,40.63522503300004,-74.10664164299999,68Q1,68Q1,2025-01-05T10:10:00.000000,911_calls,2025-01-05 10:10:00,Sunday,10,1,3.0
call_3491,40.68392565600004,-73.83323950699997,75D,75D,2025-01-04T11:11:00.000000,911_calls,2025-01-04 11:11:00,Saturday,11,1,3.0
call_3492,40.67967006600003,-73.93613621099996,10Y3,10Y3,2025-01-03T12:12:00.000000,911_calls,2025-01-03 12:12:00,Friday,12,1,3.0
call_3493,40.756629704000034,-73.88556162399993,52D6,52D6,2025-01-02T13:13:00.000000,911_calls,2025-01-02 13:13:00,Thursday,13,1,3.0
call_3494,40.74860080000008,-73.88504848899998,52D1,52D1,2025-01-01T14:14:00.000000,911_calls,2025-01-01 14:14:00,Wednesday,14,1,3.0
call_3495,40.70254187100005,-73.79955059199995,75D,75D,2024-12-31T15:15:00.000000,911_calls,2024-12-31 15:15:00,Tuesday,15,12,3.0
call_3496,40.64886713300007,-73.95082189999994,68Q1,68Q1,2024-12-30T16:16:00.000000,911_calls,2024-12-30 16:16:00,Monday,16,12,3.0
call_3497,40.749926198000026,-73.86223992399994,10V2,10V2,2024-12-29T17:17:00.000000,911_calls,2024-12-29 17:17:00,Sunday,17,12,3.0
call_3498,40.61261362700003,-74.08312221699998,10Y3,10Y3,2024-12-28T18:18:00.000000,911_calls,2024-12-28 18:18:00,Saturday,18,12,3.0
call_3499,40.82365149100008,-73.92721083899994,50P1,50P1,2024-12-27T19:19:00.000000,911_calls,2024-12-27 19:19:00,Friday,19,12,3.0
call_3500,40.63562086600007,-73.97745763699999,75T,75T,2024-12-26T20:20:00.000000,911_calls,2024-12-26 20:20:00,Thursday,20,12,3.0
call_3501,40.67779167400005,-73.74517107599996,75L,75L,2024-12-25T21:21:00.000000,911_calls,2024-12-25 21:21:00,Wednesday,21,12,3.0
call_3502,40.629518665000035,-73.99964838199998,34Q1,34Q1,2024-12-24T22:22:00.000000,911_calls,2024-12-24 22:22:00,Tuesday,22,12,3.0
call_3503,40.87922783800008,-73.86261208299999,10H2,10H2,2024-12-23T23:23:00.000000,911_calls,2024-12-23 23:23:00,Monday,23,12,3.0
call_3504,40.608288909000066,-73.81617002399997,75S,75S,2024-12-22T00:24:00.000000,911_calls,2024-12-22 00:24:00,Sunday,0,12,3.0
call_3505,40.65175137500006,-73.89942172299999,75S,75S,2024-12-21T01:25:00.000000,911_calls,2024-12-21 01:25:00,Saturday,1,12,3.0
call_3506,40.69974268200008,-73.91142368699997,75S,75S,2024-12-20T02:26:00.000000,911_calls,2024-12-20 02:26:00,Friday,2,12,3.0
call_3507,40.740535289000036,-73.72179595999995,68Q1,68Q1,2024-12-19T03:27:00.000000,911_calls,2024-12-19 03:27:00,Thursday,3,12,3.0
call_3508,40.75411979200004,-73.99021280199997,52D1,52D1,2024-12-18T04:28:00.000000,911_calls,2024-12-18 04:28:00,Wednesday,4,12,3.0
call_3509,40.69098523100007,-73.99700128199999,68Q1,68Q1,2024-12-17T05:29:00.000000,911_calls,2024-12-17 05:29:00,Tuesday,5,12,3.0
call_3510,40.729963292000036,-73.99090549299996,56S9,56S9,2024-12-16T06:30:00.000000,911_calls,2024-12-16 06:30:00,Monday,6,12,3.0
call_3511,40.64168498400005,-74.01745943499998,52D1,52D1,2024-12-15T07:31:00.000000,911_calls,2024-12-15 07:31:00,Sunday,7,12,3.0
call_3512,40.86416632500004,-73.92751718599999,52D6,52D6,2024-12-14T08:32:00.000000,911_calls,2024-12-14 08:32:00,Saturday,8,12,3.0
call_3513,40.74611788500005,-73.98216241299997,50P9,50P9,2024-12-13T09:33:00.000000,911_calls,2024-12-13 09:33:00,Friday,9,12,3.0
call_3514,40.81593542600007,-73.93531542099998,68Q1,68Q1,2024-12-12T10:34:00.000000,911_calls,2024-12-12 10:34:00,Thursday,10,12,3.0
call_3515,40.853939645000025,-73.89243945199996,68Q1,68Q1,2024-12-11T11:35:00.000000,911_calls,2024-12-11 11:35:00,Wednesday,11,12,3.0
call_3516,40.686458135000066,-73.90473108399993,75D,75D,2024-12-10T12:36:00.000000,911_calls,2024-12-10 12:36:00,Tuesday,12,12,3.0
call_3517,40.70190196600004,-73.92160573599995,52F1,52F1,2024-12-09T13:37:00.000000,911_calls,2024-12-09 13:37:00,Monday,13,12,3.0
call_3518,40.75664204200007,-73.98837157699995,75S,75S,2024-12-08T14:38:00.000000,911_calls,2024-12-08 14:38:00,Sunday,14,12,3.0
call_3519,40.57562494700005,-73.97665714199997,75S,75S,2024-12-07T15:39:00.000000,911_calls,2024-12-07 15:39:00,Saturday,15,12,3.0
call_3520,40.81054022200004,-73.94797866499994,10H1,10H1,2024-12-06T16:40:00.000000,911_calls,2024-12-06 16:40:00,Friday,16,12,3.0
call_3521,40.61697323900006,-74.17874196899999,11C4,11C4,2024-12-05T17:41:00.000000,911_calls,2024-12-05 17:41:00,Thursday,17,12,3.0
call_3522,40.76017005500006,-73.87720266399998,34Q2,34Q2,2024-12-04T18:42:00.000000,911_calls,2024-12-04 18:42:00,Wednesday,18,12,3.0
call_3523,40.828772936000064,-73.94131208099998,68Q1,68Q1,2024-12-03T19:43:00.000000,911_calls,2024-12-03 19:43:00,Tuesday,19,12,3.0
call_3524,40.64498150400004,-74.07732129999994,68Q1,68Q1,2024-12-02T20:44:00.000000,911_calls,2024-12-02 20:44:00,Monday,20,12,3.0
call_3525,40.86845681600005,-73.88167766199996,10H2,10H2,2024-12-01T21:45:00.000000,911_calls,2024-12-01 21:45:00,Sunday,21,12,3.0
call_3526,40.827899467000066,-73.92588369299995,75S,75S,2024-11-30T22:46:00.000000,911_calls,2024-11-30 22:46:00,Saturday,22,11,3.0
call_3527,40.71256268500008,-73.87254337699994,10H2,10H2,2024-11-29T23:47:00.000000,911_calls,2024-11-29 23:47:00,Friday,23,11,3.0
call_3528,40.85192304000003,-73.93344777699997,10S4,10S4,2024-11-28T00:48:00.000000,911_calls,2024-11-28 00:48:00,Thursday,0,11,3.0
call_3529,40.63257554100005,-74.13126263199996,68Q1,68Q1,2024-11-27T01:49:00.000000,911_calls,2024-11-27 01:49:00,Wednesday,1,11,3.0
call_3530,40.86794921000006,-73.91636628299995,13X,13X,2024-11-26T02:50:00.000000,911_calls,2024-11-26 02:50:00,Tuesday,2,11,3.0
call_3531,40.86794921000006,-73.91636628299995,13X,13X,2024-11-25T03:51:00.000000,911_calls,2024-11-25 03:51:00,Monday,3,11,3.0
call_3532,40.71065931100003,-73.98986569399995,50P2,50P2,2024-11-24T04:52:00.000000,911_calls,2024-11-24 04:52:00,Sunday,4,11,3.0
call_3533,40.76038978100007,-73.95799149699997,52D6,52D6,2024-11-23T05:53:00.000000,911_calls,2024-11-23 05:53:00,Saturday,5,11,3.0
call_3534,40.79009352000003,-73.97861152599995,54E1,54E1,2024-11-22T06:54:00.000000,911_calls,2024-11-22 06:54:00,Friday,6,11,3.0
call_3535,40.79009352000003,-73.97861152599995,54E1,54E1,2024-11-21T07:55:00.000000,911_calls,2024-11-21 07:55:00,Thursday,7,11,3.0
call_3536,40.53822636800004,-74.15285076199996,54E1,54E1,2024-11-20T08:56:00.000000,911_calls,2024-11-20 08:56:00,Wednesday,8,11,3.0
call_3537,40.53822636800004,-74.15285076199996,54E1,54E1,2024-11-19T09:57:00.000000,911_calls,2024-11-19 09:57:00,Tuesday,9,11,3.0
call_3538,40.753393611000035,-73.92573198099996,53S,53S,2024-11-18T10:58:00.000000,911_calls,2024-11-18 10:58:00,Monday,10,11,3.0
call_3539,40.58924952500007,-74.15087927299999,68Q1,68Q1,2024-11-17T11:59:00.000000,911_calls,2024-11-17 11:59:00,Sunday,11,11,3.0
call_3540,40.85915530200003,-73.85541975699994,75T,75T,2024-11-16T12:00:00.000000,911_calls,2024-11-16 12:00:00,Saturday,12,11,3.0
call_3541,40.66905471000007,-73.90619064399993,75D,75D,2024-11-15T13:01:00.000000,911_calls,2024-11-15 13:01:00,Friday,13,11,3.0
call_3542,40.76529986700007,-73.91330033899999,50G2,50G2,2024-11-14T14:02:00.000000,911_calls,2024-11-14 14:02:00,Thursday,14,11,3.0
call_3543,40.66642755600003,-73.92856472999995,53H,53H,2024-11-13T15:03:00.000000,911_calls,2024-11-13 15:03:00,Wednesday,15,11,3.0
call_3544,40.85915530200003,-73.85541975699994,75T,75T,2024-11-12T16:04:00.000000,911_calls,2024-11-12 16:04:00,Tuesday,16,11,3.0
call_3545,40.66011468000005,-73.90926326499994,39H1,39H1,2024-11-11T17:05:00.000000,911_calls,2024-11-11 17:05:00,Monday,17,11,3.0
call_3546,40.61401268900005,-74.01218995699998,68Q2,68Q2,2024-11-10T18:06:00.000000,911_calls,2024-11-10 18:06:00,Sunday,18,11,3.0
call_3547,40.689715756000055,-73.92244220799995,10P1,10P1,2024-11-09T19:07:00.000000,911_calls,2024-11-09 19:07:00,Saturday,19,11,3.0
call_3548,40.57628456500004,-73.98139061299997,75O,75O,2024-11-08T20:08:00.000000,911_calls,2024-11-08 20:08:00,Friday,20,11,3.0
call_3549,40.82105701800003,-73.92192422299996,52D6,52D6,2024-11-07T21:09:00.000000,911_calls,2024-11-07 21:09:00,Thursday,21,11,3.0
call_3550,40.62914806100008,-74.00361847599999,68Q2,68Q2,2024-11-06T22:10:00.000000,911_calls,2024-11-06 22:10:00,Wednesday,22,11,3.0
call_3551,40.75664204200007,-73.98837157699995,10P9,10P9,2024-11-05T23:11:00.000000,911_calls,2024-11-05 23:11:00,Tuesday,23,11,3.0
call_3552,40.69335412700008,-73.97541870699996,75Z,75Z,2024-11-04T00:12:00.000000,911_calls,2024-11-04 00:12:00,Monday,0,11,3.0
call_3553,40.62781688600006,-74.00141364099994,68Q2,68Q2,2024-11-03T01:13:00.000000,911_calls,2024-11-03 01:13:00,Sunday,1,11,3.0
call_3554,40.663381997000045,-73.97953884999998,68Q1,68Q1,2024-11-02T02:14:00.000000,911_calls,2024-11-02 02:14:00,Saturday,2,11,3.0
call_3555,40.68073899600006,-73.94963745499996,75S,75S,2024-11-01T03:15:00.000000,911_calls,2024-11-01 03:15:00,Friday,3,11,3.0
call_3556,40.73951985800005,-73.79057301099994,32V1,32V1,2024-10-31T04:16:00.000000,911_calls,2024-10-31 04:16:00,Thursday,4,10,3.0
call_3557,40.66512493100004,-73.95898867799997,75D,75D,2024-10-30T05:17:00.000000,911_calls,2024-10-30 05:17:00,Wednesday,5,10,3.0
call_3558,40.74761767100006,-73.97382875899996,75D,75D,2024-10-29T06:18:00.000000,911_calls,2024-10-29 06:18:00,Tuesday,6,10,3.0
call_3559,40.69364728900007,-73.82924846499998,52D6,52D6,2024-10-28T07:19:00.000000,911_calls,2024-10-28 07:19:00,Monday,7,10,3.0
call_3560,40.639718139000024,-74.09419977799996,10H1,10H1,2024-10-27T08:20:00.000000,911_calls,2024-10-27 08:20:00,Sunday,8,10,3.0
call_3561,40.827899467000066,-73.92588369299995,75M,75M,2024-10-26T09:21:00.000000,911_calls,2024-10-26 09:21:00,Saturday,9,10,3.0
call_3562,40.81948754500007,-73.92688300499998,75D,75D,2024-10-25T10:22:00.000000,911_calls,2024-10-25 10:22:00,Friday,10,10,3.0
call_3563,40.860206223000034,-73.89289205499995,75D,75D,2024-10-24T11:23:00.000000,911_calls,2024-10-24 11:23:00,Thursday,11,10,3.0
call_3564,40.64976087800005,-73.91218195999994,11C4,11C4,2024-10-23T12:24:00.000000,911_calls,2024-10-23 12:24:00,Wednesday,12,10,3.0
call_3565,40.732828332000054,-73.98606285699998,68Q1,68Q1,2024-10-22T13:25:00.000000,911_calls,2024-10-22 13:25:00,Tuesday,13,10,3.0
call_3566,40.67322472500007,-73.89138261899996,75D,75D,2024-10-21T14:26:00.000000,911_calls,2024-10-21 14:26:00,Monday,14,10,3.0
call_3567,40.817536560000065,-73.92769441999997,75O,75O,2024-10-20T15:27:00.000000,911_calls,2024-10-20 15:27:00,Sunday,15,10,3.0
call_3568,40.669336712000074,-73.90872081599997,54H1,54H1,2024-10-19T16:28:00.000000,911_calls,2024-10-19 16:28:00,Saturday,16,10,3.0
call_3569,40.63242975400004,-73.94722400499995,20Q1,20Q1,2024-10-18T17:29:00.000000,911_calls,2024-10-18 17:29:00,Friday,17,10,3.0
call_3570,40.77829193100007,-73.77723950599994,75H,75H,2024-10-17T18:30:00.000000,911_calls,2024-10-17 18:30:00,Thursday,18,10,3.0
call_3571,40.73898059700008,-73.88799163299996,34Q1,34Q1,2024-10-16T19:31:00.000000,911_calls,2024-10-16 19:31:00,Wednesday,19,10,3.0
call_3572,40.72556380000003,-73.99887940999997,75D,75D,2024-10-15T20:32:00.000000,911_calls,2024-10-15 20:32:00,Tuesday,20,10,3.0
call_3573,40.59586912100008,-73.78189543199994,54I1,54I1,2024-10-14T21:33:00.000000,911_calls,2024-10-14 21:33:00,Monday,21,10,3.0
call_3574,40.708552809000025,-73.94594099499994,68Q1,68Q1,2024-10-13T22:34:00.000000,911_calls,2024-10-13 22:34:00,Sunday,22,10,3.0
call_3575,40.551068464000025,-74.18686002899994,68Q1,68Q1,2024-10-12T23:35:00.000000,911_calls,2024-10-12 23:35:00,Saturday,23,10,3.0
call_3576,40.834409864000065,-73.91769131999996,75M,75M,2024-10-11T00:36:00.000000,911_calls,2024-10-11 00:36:00,Friday,0,10,3.0
call_3577,40.73515389800008,-73.89323379399997,52D6,52D6,2024-10-10T01:37:00.000000,911_calls,2024-10-10 01:37:00,Thursday,1,10,3.0
call_3578,40.69509011500003,-73.85026887699996,10S2,10S2,2024-10-09T02:38:00.000000,911_calls,2024-10-09 02:38:00,Wednesday,2,10,3.0
call_3579,40.768561705000025,-73.83225139899997,52D6,52D6,2024-10-08T03:39:00.000000,911_calls,2024-10-08 03:39:00,Tuesday,3,10,3.0
call_3580,40.57628456500004,-73.98139061299997,68U9,68U9,2024-10-07T04:40:00.000000,911_calls,2024-10-07 04:40:00,Monday,4,10,3.0
call_3581,40.65815884800003,-73.91817909399998,39T1,39T1,2024-10-06T05:41:00.000000,911_calls,2024-10-06 05:41:00,Sunday,5,10,3.0
call_3582,40.75563864900005,-73.96642620399996,53I,53I,2024-10-05T06:42:00.000000,911_calls,2024-10-05 06:42:00,Saturday,6,10,3.0
call_3583,40.86777088900004,-73.88463279099994,10S4,10S4,2024-10-04T07:43:00.000000,911_calls,2024-10-04 07:43:00,Friday,7,10,3.0
call_3584,40.69974268200008,-73.91142368699997,75M,75M,2024-10-03T08:44:00.000000,911_calls,2024-10-03 08:44:00,Thursday,8,10,3.0
call_3585,40.65305773100005,-73.92857183699994,52D6,52D6,2024-10-02T09:45:00.000000,911_calls,2024-10-02 09:45:00,Wednesday,9,10,3.0
call_3586,40.82835254100007,-73.94042716599995,75D,75D,2024-10-01T10:46:00.000000,911_calls,2024-10-01 10:46:00,Tuesday,10,10,3.0
call_3587,40.75160025400004,-73.99204306099995,50P9,50P9,2024-09-30T11:47:00.000000,911_calls,2024-09-30 11:47:00,Monday,11,9,3.0
call_3588,40.83721859800005,-73.90797731499998,34S2,34S2,2024-09-29T12:48:00.000000,911_calls,2024-09-29 12:48:00,Sunday,12,9,3.0
call_3589,40.83721859800005,-73.90797731499998,34S2,34S2,2024-09-28T13:49:00.000000,911_calls,2024-09-28 13:49:00,Saturday,13,9,3.0
call_3590,40.80262030600005,-73.95108757399998,39Q9,39Q9,2024-09-27T14:50:00.000000,911_calls,2024-09-27 14:50:00,Friday,14,9,3.0
call_3591,40.69449140800003,-73.96809418699996,68Q1,68Q1,2024-09-26T15:51:00.000000,911_calls,2024-09-26 15:51:00,Thursday,15,9,3.0
call_3592,40.66815373700007,-73.91228030599996,10H1,10H1,2024-09-25T16:52:00.000000,911_calls,2024-09-25 16:52:00,Wednesday,16,9,3.0
call_3593,40.750189437000074,-73.89008415299998,10H1,10H1,2024-09-24T17:53:00.000000,911_calls,2024-09-24 17:53:00,Tuesday,17,9,3.0
call_3594,40.745013706000066,-73.87480181299998,39H1,39H1,2024-09-23T18:54:00.000000,911_calls,2024-09-23 18:54:00,Monday,18,9,3.0
call_3595,40.67937174300005,-73.91241336899998,52D6,52D6,2024-09-22T19:55:00.000000,911_calls,2024-09-22 19:55:00,Sunday,19,9,3.0
call_3596,40.689468616000056,-73.96859059699995,10V2,10V2,2024-09-21T20:56:00.000000,911_calls,2024-09-21 20:56:00,Saturday,20,9,3.0
call_3597,40.60374444800004,-73.95491374799997,54E1,54E1,2024-09-20T21:57:00.000000,911_calls,2024-09-20 21:57:00,Friday,21,9,3.0
call_3598,40.64564719600003,-73.90287588699994,75M,75M,2024-09-19T22:58:00.000000,911_calls,2024-09-19 22:58:00,Thursday,22,9,3.0
call_3599,40.65126119300004,-73.94049158999997,75C,75C,2024-09-18T23:59:00.000000,911_calls,2024-09-18 23:59:00,Wednesday,23,9,3.0
call_3600,40.734961457000054,-73.99048985099995,56S9,56S9,2024-09-17T00:00:00.000000,911_calls,2024-09-17 00:00:00,Tuesday,0,9,3.0
call_3601,40.87796125300008,-73.88670522099994,11C4,11C4,2024-09-16T01:01:00.000000,911_calls,2024-09-16 01:01:00,Monday,1,9,3.0
call_3602,40.843570803000034,-73.88738182499998,10V2,10V2,2024-09-15T02:02:00.000000,911_calls,2024-09-15 02:02:00,Sunday,2,9,3.0
call_3603,40.71124488000004,-73.95776997399997,50G1,50G1,2024-09-14T03:03:00.000000,911_calls,2024-09-14 03:03:00,Saturday,3,9,3.0
call_3604,40.608288909000066,-73.81617002399997,75M,75M,2024-09-13T04:04:00.000000,911_calls,2024-09-13 04:04:00,Friday,4,9,3.0
call_3605,40.62530036900006,-74.07467953999998,54S2,54S2,2024-09-12T05:05:00.000000,911_calls,2024-09-12 05:05:00,Thursday,5,9,3.0
call_3606,40.817348527000036,-73.92988398999995,29H1,29H1,2024-09-11T06:06:00.000000,911_calls,2024-09-11 06:06:00,Wednesday,6,9,3.0
call_3607,40.674369253000066,-73.86304850799996,24Q1,24Q1,2024-09-10T07:07:00.000000,911_calls,2024-09-10 07:07:00,Tuesday,7,9,3.0
call_3608,40.82566342400003,-73.90807278699998,39H2,39H2,2024-09-09T08:08:00.000000,911_calls,2024-09-09 08:08:00,Monday,8,9,3.0
call_3609,40.57982924500004,-73.97325730799997,11C4,11C4,2024-09-08T09:09:00.000000,911_calls,2024-09-08 09:09:00,Sunday,9,9,3.0
call_3610,40.69220607500006,-73.92791326799994,52D1,52D1,2024-09-07T10:10:00.000000,911_calls,2024-09-07 10:10:00,Saturday,10,9,3.0
call_3611,40.642045454000026,-73.99014275699994,39H2,39H2,2024-09-06T11:11:00.000000,911_calls,2024-09-06 11:11:00,Friday,11,9,3.0
call_3612,40.747494938000045,-73.88532107399999,75L,75L,2024-09-05T12:12:00.000000,911_calls,2024-09-05 12:12:00,Thursday,12,9,3.0
call_3613,40.84227324600005,-73.87224065199996,54S9,54S9,2024-09-04T13:13:00.000000,911_calls,2024-09-04 13:13:00,Wednesday,13,9,3.0
call_3614,40.731699724000066,-73.98231781399994,68Q1,68Q1,2024-09-03T14:14:00.000000,911_calls,2024-09-03 14:14:00,Tuesday,14,9,3.0
call_3615,40.82175222200004,-73.95400369699996,34K9,34K9,2024-09-02T15:15:00.000000,911_calls,2024-09-02 15:15:00,Monday,15,9,3.0
call_3616,40.85728554600007,-73.93233984099999,10V2,10V2,2024-09-01T16:16:00.000000,911_calls,2024-09-01 16:16:00,Sunday,16,9,3.0
call_3617,40.83706542900006,-73.90864970999996,52D1,52D1,2024-08-31T17:17:00.000000,911_calls,2024-08-31 17:17:00,Saturday,17,8,3.0
call_3618,40.81187470400005,-73.94920587699994,52D6,52D6,2024-08-30T18:18:00.000000,911_calls,2024-08-30 18:18:00,Friday,18,8,3.0
call_3619,40.84993577600005,-73.94356336799996,53S8,53S8,2024-08-29T19:19:00.000000,911_calls,2024-08-29 19:19:00,Thursday,19,8,3.0
call_3620,40.68346026200004,-73.87288383999999,75M,75M,2024-08-28T20:20:00.000000,911_calls,2024-08-28 20:20:00,Wednesday,20,8,3.0
call_3621,40.75885707500004,-73.98861664699996,54S1,54S1,2024-08-27T21:21:00.000000,911_calls,2024-08-27 21:21:00,Tuesday,21,8,3.0
call_3622,40.86085841600004,-73.89778957199997,39Q9,39Q9,2024-08-26T22:22:00.000000,911_calls,2024-08-26 22:22:00,Monday,22,8,3.0
call_3623,40.70443282100007,-73.91792753799996,24K1,24K1,2024-08-25T23:23:00.000000,911_calls,2024-08-25 23:23:00,Sunday,23,8,3.0
call_3624,40.867458818000046,-73.92571667599998,31R,31R,2024-08-24T00:24:00.000000,911_calls,2024-08-24 00:24:00,Saturday,0,8,3.0
call_3625,40.75885707500004,-73.98861664699996,10P2,10P2,2024-08-23T01:25:00.000000,911_calls,2024-08-23 01:25:00,Friday,1,8,3.0
call_3626,40.609575293000034,-73.81904414099995,75D,75D,2024-08-22T02:26:00.000000,911_calls,2024-08-22 02:26:00,Thursday,2,8,3.0
call_3627,40.72757749900006,-73.73232757899996,50G2,50G2,2024-08-21T03:27:00.000000,911_calls,2024-08-21 03:27:00,Wednesday,3,8,3.0
call_3628,40.75016710300008,-73.97195820899998,75D,75D,2024-08-20T04:28:00.000000,911_calls,2024-08-20 04:28:00,Tuesday,4,8,3.0
call_3629,40.669051068000044,-73.90182525899996,75M,75M,2024-08-19T05:29:00.000000,911_calls,2024-08-19 05:29:00,Monday,5,8,3.0
call_3630,40.693521744000066,-73.96545859099996,75D,75D,2024-08-18T06:30:00.000000,911_calls,2024-08-18 06:30:00,Sunday,6,8,3.0
call_3631,40.669051068000044,-73.90182525899996,75M,75M,2024-08-17T07:31:00.000000,911_calls,2024-08-17 07:31:00,Saturday,7,8,3.0
call_3632,40.703992106000044,-73.80818783199999,10V2,10V2,2024-08-16T08:32:00.000000,911_calls,2024-08-16 08:32:00,Friday,8,8,3.0
call_3633,40.773885552000024,-73.93424785399998,75I,75I,2024-08-15T09:33:00.000000,911_calls,2024-08-15 09:33:00,Thursday,9,8,3.0
call_3634,40.73201947000007,-74.00073390899996,75S,75S,2024-08-14T10:34:00.000000,911_calls,2024-08-14 10:34:00,Wednesday,10,8,3.0
call_3635,40.796324542000036,-73.96871715599997,10H2,10H2,2024-08-13T11:35:00.000000,911_calls,2024-08-13 11:35:00,Tuesday,11,8,3.0
call_3636,40.82782501300005,-73.92534538199999,75O,75O,2024-08-12T12:36:00.000000,911_calls,2024-08-12 12:36:00,Monday,12,8,3.0
call_3637,40.81559987600008,-73.84933662399999,24W1,24W1,2024-08-11T13:37:00.000000,911_calls,2024-08-11 13:37:00,Sunday,13,8,3.0
call_3638,40.72082252000007,-73.98417138799994,39T1,39T1,2024-08-10T14:38:00.000000,911_calls,2024-08-10 14:38:00,Saturday,14,8,3.0
call_3639,40.86085841600004,-73.89778957199997,75M,75M,2024-08-09T15:39:00.000000,911_calls,2024-08-09 15:39:00,Friday,15,8,3.0
call_3640,40.69240388700007,-73.99007040599997,75T,75T,2024-08-08T16:40:00.000000,911_calls,2024-08-08 16:40:00,Thursday,16,8,3.0
call_3641,40.78864205700006,-73.94079132099995,10H2,10H2,2024-08-07T17:41:00.000000,911_calls,2024-08-07 17:41:00,Wednesday,17,8,3.0
call_3642,40.801360886000055,-73.96787320699997,10Y3,10Y3,2024-08-06T18:42:00.000000,911_calls,2024-08-06 18:42:00,Tuesday,18,8,3.0
call_3643,40.738725328000044,-73.74750011099997,10V2,10V2,2024-08-05T19:43:00.000000,911_calls,2024-08-05 19:43:00,Monday,19,8,3.0
call_3644,40.652952464000066,-74.01650734799995,11C4,11C4,2024-08-04T20:44:00.000000,911_calls,2024-08-04 20:44:00,Sunday,20,8,3.0
call_3645,40.64280277100005,-73.98762029299996,10P2,10P2,2024-08-03T21:45:00.000000,911_calls,2024-08-03 21:45:00,Saturday,21,8,3.0
call_3646,40.60094207600008,-73.76144973899994,53S,53S,2024-08-02T22:46:00.000000,911_calls,2024-08-02 22:46:00,Friday,22,8,3.0
call_3647,40.74975516100005,-73.98561539199994,11C3,11C3,2024-08-01T23:47:00.000000,911_calls,2024-08-01 23:47:00,Thursday,23,8,3.0
call_3648,40.62798697000005,-74.00482527099996,68Q2,68Q2,2024-07-31T00:48:00.000000,911_calls,2024-07-31 00:48:00,Wednesday,0,7,3.0
call_3649,40.818355601000064,-73.92949273899995,52D1,52D1,2024-07-30T01:49:00.000000,911_calls,2024-07-30 01:49:00,Tuesday,1,7,3.0
call_3650,40.73313232100003,-73.98127825899996,68Q1,68Q1,2025-07-29T02:50:00.000000,911_calls,2025-07-29 02:50:00,Tuesday,2,7,3.0
call_3651,40.83460233100004,-73.91438450099997,52D1,52D1,2025-07-28T03:51:00.000000,911_calls,2025-07-28 03:51:00,Monday,3,7,3.0
call_3652,40.66512493100004,-73.95898867799997,75D,75D,2025-07-27T04:52:00.000000,911_calls,2025-07-27 04:52:00,Sunday,4,7,3.0
call_3653,40.66784984000003,-73.79911053599994,68Q1,68Q1,2025-07-26T05:53:00.000000,911_calls,2025-07-26 05:53:00,Saturday,5,7,3.0
call_3654,40.86802685400005,-73.89698312799999,75S,75S,2025-07-25T06:54:00.000000,911_calls,2025-07-25 06:54:00,Friday,6,7,3.0
call_3655,40.741290752000054,-73.89577530399998,54C1,54C1,2025-07-24T07:55:00.000000,911_calls,2025-07-24 07:55:00,Thursday,7,7,3.0
call_3656,40.64738996800003,-73.99898522499996,10P1,10P1,2025-07-23T08:56:00.000000,911_calls,2025-07-23 08:56:00,Wednesday,8,7,3.0
call_3657,40.71156786900008,-73.96316235199998,68Q1,68Q1,2025-07-22T09:57:00.000000,911_calls,2025-07-22 09:57:00,Tuesday,9,7,3.0
call_3658,40.693521744000066,-73.96545859099996,54S1,54S1,2025-07-21T10:58:00.000000,911_calls,2025-07-21 10:58:00,Monday,10,7,3.0
call_3659,40.705768326000054,-73.92012962899997,53S,53S,2025-07-20T11:59:00.000000,911_calls,2025-07-20 11:59:00,Sunday,11,7,3.0
call_3660,40.62954334900007,-73.94378215699999,75D,75D,2025-07-19T12:00:00.000000,911_calls,2025-07-19 12:00:00,Saturday,12,7,3.0
call_3661,40.70355491400005,-73.79967738599998,54S2,54S2,2025-07-18T13:01:00.000000,911_calls,2025-07-18 13:01:00,Friday,13,7,3.0
call_3662,40.60572335400008,-73.97185681099995,52F6,52F6,2025-07-17T14:02:00.000000,911_calls,2025-07-17 14:02:00,Thursday,14,7,3.0
call_3663,40.88311992000007,-73.90332096899994,54I1,54I1,2025-07-16T15:03:00.000000,911_calls,2025-07-16 15:03:00,Wednesday,15,7,3.0
call_3664,40.64010164700005,-74.11329737599993,54U2,54U2,2025-07-15T16:04:00.000000,911_calls,2025-07-15 16:04:00,Tuesday,16,7,3.0
call_3665,40.87406556800005,-73.88031172099994,10H1,10H1,2025-07-14T17:05:00.000000,911_calls,2025-07-14 17:05:00,Monday,17,7,3.0
call_3666,40.80877794300005,-73.92313070199998,54U2,54U2,2025-07-13T18:06:00.000000,911_calls,2025-07-13 18:06:00,Sunday,18,7,3.0
call_3667,40.73431579900006,-73.98456870599995,68Q1,68Q1,2025-07-12T19:07:00.000000,911_calls,2025-07-12 19:07:00,Saturday,19,7,3.0
call_3668,40.831643815000064,-73.94112886999994,54U1,54U1,2025-07-11T20:08:00.000000,911_calls,2025-07-11 20:08:00,Friday,20,7,3.0
call_3669,40.76023354500006,-73.95858358899994,52D2,52D2,2025-07-10T21:09:00.000000,911_calls,2025-07-10 21:09:00,Thursday,21,7,3.0
call_3670,40.86156731900007,-73.90851844399998,39H1,39H1,2025-07-09T22:10:00.000000,911_calls,2025-07-09 22:10:00,Wednesday,22,7,3.0
call_3671,40.79516460100007,-73.96308359299996,68Q1,68Q1,2025-07-08T23:11:00.000000,911_calls,2025-07-08 23:11:00,Tuesday,23,7,3.0
call_3672,40.86940749200005,-73.87999831299999,54E1,54E1,2025-07-07T00:12:00.000000,911_calls,2025-07-07 00:12:00,Monday,0,7,3.0
call_3673,40.86940749200005,-73.87999831299999,54E1,54E1,2025-07-06T01:13:00.000000,911_calls,2025-07-06 01:13:00,Sunday,1,7,3.0
call_3674,40.74356471300007,-73.77692616799999,68Q2,68Q2,2025-07-05T02:14:00.000000,911_calls,2025-07-05 02:14:00,Saturday,2,7,3.0
call_3675,40.82100441500006,-73.89092463699996,75S,75S,2025-07-04T03:15:00.000000,911_calls,2025-07-04 03:15:00,Friday,3,7,3.0
call_3676,40.690563893000046,-73.98187797899999,75S,75S,2025-07-03T04:16:00.000000,911_calls,2025-07-03 04:16:00,Thursday,4,7,3.0
call_3677,40.75664204200007,-73.98837157699995,75S,75S,2025-07-02T05:17:00.000000,911_calls,2025-07-02 05:17:00,Wednesday,5,7,3.0
call_3678,40.61544337400005,-73.92894705999998,10V2,10V2,2025-07-01T06:18:00.000000,911_calls,2025-07-01 06:18:00,Tuesday,6,7,3.0
call_3679,40.82741405100006,-73.87794577499994,54S1,54S1,2025-06-30T07:19:00.000000,911_calls,2025-06-30 07:19:00,Monday,7,6,3.0
call_3680,40.86802685400005,-73.89698312799999,75M,75M,2025-06-29T08:20:00.000000,911_calls,2025-06-29 08:20:00,Sunday,8,6,3.0
call_3681,40.755763487000024,-73.96186376899993,75D,75D,2025-06-28T09:21:00.000000,911_calls,2025-06-28 09:21:00,Saturday,9,6,3.0
call_3682,40.758646842000076,-73.71906722399996,67S8,67S8,2025-06-27T10:22:00.000000,911_calls,2025-06-27 10:22:00,Friday,10,6,3.0
call_3683,40.71483162200008,-73.99367792799995,50P2,50P2,2025-06-26T11:23:00.000000,911_calls,2025-06-26 11:23:00,Thursday,11,6,3.0
call_3684,40.734961457000054,-73.99048985099995,54S9,54S9,2025-06-25T12:24:00.000000,911_calls,2025-06-25 12:24:00,Wednesday,12,6,3.0
call_3685,40.63814277300003,-73.99801612899995,10Y3,10Y3,2025-06-24T13:25:00.000000,911_calls,2025-06-24 13:25:00,Tuesday,13,6,3.0
call_3686,40.61929902300005,-73.98656563599997,39H1,39H1,2025-06-23T14:26:00.000000,911_calls,2025-06-23 14:26:00,Monday,14,6,3.0
call_3687,40.811986508000075,-73.94757654399996,22V1,22V1,2025-06-22T15:27:00.000000,911_calls,2025-06-22 15:27:00,Sunday,15,6,3.0
call_3688,40.84733393400006,-73.89940793499994,50G2,50G2,2025-06-21T16:28:00.000000,911_calls,2025-06-21 16:28:00,Saturday,16,6,3.0
call_3689,40.69240388700007,-73.99007040599997,75T,75T,2025-06-20T17:29:00.000000,911_calls,2025-06-20 17:29:00,Friday,17,6,3.0
call_3690,40.75877504400006,-73.99238511899995,50P1,50P1,2025-06-19T18:30:00.000000,911_calls,2025-06-19 18:30:00,Thursday,18,6,3.0
call_3691,40.67557139200005,-73.92577898299999,22V2,22V2,2025-06-18T19:31:00.000000,911_calls,2025-06-18 19:31:00,Wednesday,19,6,3.0
call_3692,40.70053066600008,-73.83645463199997,75H,75H,2025-06-17T20:32:00.000000,911_calls,2025-06-17 20:32:00,Tuesday,20,6,3.0
call_3693,40.707046037000055,-73.81090220999994,54U1,54U1,2025-06-16T21:33:00.000000,911_calls,2025-06-16 21:33:00,Monday,21,6,3.0
call_3694,40.744943539000076,-73.98502096499993,68Q1,68Q1,2025-06-15T22:34:00.000000,911_calls,2025-06-15 22:34:00,Sunday,22,6,3.0
call_3695,40.69240388700007,-73.99007040599997,75T,75T,2025-06-14T23:35:00.000000,911_calls,2025-06-14 23:35:00,Saturday,23,6,3.0
call_3696,40.77152949400005,-73.95483265599995,11C4,11C4,2025-06-13T00:36:00.000000,911_calls,2025-06-13 00:36:00,Friday,0,6,3.0
call_3697,40.74492419000006,-73.98401408999996,68Q1,68Q1,2025-06-12T01:37:00.000000,911_calls,2025-06-12 01:37:00,Thursday,1,6,3.0
call_3698,40.69099993700007,-73.93515174799995,11C4,11C4,2025-06-11T02:38:00.000000,911_calls,2025-06-11 02:38:00,Wednesday,2,6,3.0
call_3699,40.750664208000046,-73.99086657499998,52D2,52D2,2025-06-10T03:39:00.000000,911_calls,2025-06-10 03:39:00,Tuesday,3,6,3.0
call_3700,40.750664208000046,-73.99086657499998,52D2,52D2,2025-06-09T04:40:00.000000,911_calls,2025-06-09 04:40:00,Monday,4,6,3.0
call_3701,40.829113652000046,-73.87595525799998,11C4,11C4,2025-06-08T05:41:00.000000,911_calls,2025-06-08 05:41:00,Sunday,5,6,3.0
call_3702,40.706206045000044,-73.93060322199995,50G2,50G2,2025-06-07T06:42:00.000000,911_calls,2025-06-07 06:42:00,Saturday,6,6,3.0
call_3703,40.68159518700003,-73.89021523899999,54U2,54U2,2025-06-06T07:43:00.000000,911_calls,2025-06-06 07:43:00,Friday,7,6,3.0
call_3704,40.84227324600005,-73.87224065199996,56S9,56S9,2025-06-05T08:44:00.000000,911_calls,2025-06-05 08:44:00,Thursday,8,6,3.0
call_3705,40.68893849500006,-73.93025339499997,11C4,11C4,2025-06-04T09:45:00.000000,911_calls,2025-06-04 09:45:00,Wednesday,9,6,3.0
call_3706,40.57396185600004,-73.84980607399996,10H2,10H2,2025-06-03T10:46:00.000000,911_calls,2025-06-03 10:46:00,Tuesday,10,6,3.0
call_3707,40.71360584700005,-73.95907067299999,68Q1,68Q1,2025-06-02T11:47:00.000000,911_calls,2025-06-02 11:47:00,Monday,11,6,3.0
call_3708,40.86830877400007,-73.86437373799998,53H,53H,2025-06-01T12:48:00.000000,911_calls,2025-06-01 12:48:00,Sunday,12,6,3.0
call_3709,40.82482572300006,-73.89162295099999,30Q2,30Q2,2025-05-31T13:49:00.000000,911_calls,2025-05-31 13:49:00,Saturday,13,5,3.0
call_3710,40.68081039300006,-73.97482483099998,75T,75T,2025-05-30T14:50:00.000000,911_calls,2025-05-30 14:50:00,Friday,14,5,3.0
call_3711,40.80680582800005,-73.91340882599997,56S,56S,2025-05-29T15:51:00.000000,911_calls,2025-05-29 15:51:00,Thursday,15,5,3.0
call_3712,40.65126119300004,-73.94049158999997,10P2,10P2,2025-05-28T16:52:00.000000,911_calls,2025-05-28 16:52:00,Wednesday,16,5,3.0
call_3713,40.815929553000046,-73.94516735699995,68Q1,68Q1,2025-05-27T17:53:00.000000,911_calls,2025-05-27 17:53:00,Tuesday,17,5,3.0
call_3714,40.73464076000005,-73.84917688699994,11C4,11C4,2025-05-26T18:54:00.000000,911_calls,2025-05-26 18:54:00,Monday,18,5,3.0
call_3715,40.81882329700005,-73.94123775899999,68Q1,68Q1,2025-05-25T19:55:00.000000,911_calls,2025-05-25 19:55:00,Sunday,19,5,3.0
call_3716,40.69240388700007,-73.99007040599997,44P9,44P9,2025-05-24T20:56:00.000000,911_calls,2025-05-24 20:56:00,Saturday,20,5,3.0
call_3717,40.69240388700007,-73.99007040599997,44P9,44P9,2025-05-23T21:57:00.000000,911_calls,2025-05-23 21:57:00,Friday,21,5,3.0
call_3718,40.743418414000075,-73.99799856299995,68Q1,68Q1,2025-05-22T22:58:00.000000,911_calls,2025-05-22 22:58:00,Thursday,22,5,3.0
call_3719,40.64582204100003,-73.96238785399999,54C1,54C1,2025-05-21T23:59:00.000000,911_calls,2025-05-21 23:59:00,Wednesday,23,5,3.0
call_3720,40.68491604800005,-73.98892132199995,52D6,52D6,2025-05-20T00:00:00.000000,911_calls,2025-05-20 00:00:00,Tuesday,0,5,3.0
call_3721,40.70561651300005,-73.79209337499998,68Q1,68Q1,2025-05-19T01:01:00.000000,911_calls,2025-05-19 01:01:00,Monday,1,5,3.0
call_3722,40.85214118700003,-73.92237572199997,59R4,59R4,2025-05-18T02:02:00.000000,911_calls,2025-05-18 02:02:00,Sunday,2,5,3.0
call_3723,40.742116786000054,-73.88144372299996,50G9,50G9,2025-05-17T03:03:00.000000,911_calls,2025-05-17 03:03:00,Saturday,3,5,3.0
call_3724,40.61489056100004,-73.93642870199994,75D,75D,2025-05-16T04:04:00.000000,911_calls,2025-05-16 04:04:00,Friday,4,5,3.0
call_3725,40.77413306600005,-73.93510690099998,75D,75D,2025-05-15T05:05:00.000000,911_calls,2025-05-15 05:05:00,Thursday,5,5,3.0
call_3726,40.75551637500007,-73.97098862199994,59W,59W,2025-05-14T06:06:00.000000,911_calls,2025-05-14 06:06:00,Wednesday,6,5,3.0
call_3727,40.81944886100007,-73.94078197699997,75D,75D,2025-05-13T07:07:00.000000,911_calls,2025-05-13 07:07:00,Tuesday,7,5,3.0
call_3728,40.69010327500007,-73.98542272099996,75T,75T,2025-05-12T08:08:00.000000,911_calls,2025-05-12 08:08:00,Monday,8,5,3.0
call_3729,40.712440591000075,-74.01090217999996,39G9,39G9,2025-05-11T09:09:00.000000,911_calls,2025-05-11 09:09:00,Sunday,9,5,3.0
call_3730,40.65780187200005,-73.75681326899996,59R3,59R3,2025-05-10T10:10:00.000000,911_calls,2025-05-10 10:10:00,Saturday,10,5,3.0
call_3731,40.682140409000056,-73.82689109199998,54E1,54E1,2025-05-09T11:11:00.000000,911_calls,2025-05-09 11:11:00,Friday,11,5,3.0
call_3732,40.682140409000056,-73.82689109199998,54E1,54E1,2025-05-08T12:12:00.000000,911_calls,2025-05-08 12:12:00,Thursday,12,5,3.0
call_3733,40.64735094400004,-74.01176001199997,68Q1,68Q1,2025-05-07T13:13:00.000000,911_calls,2025-05-07 13:13:00,Wednesday,13,5,3.0
call_3734,40.63913377400007,-74.13519938299999,68Q1,68Q1,2025-05-06T14:14:00.000000,911_calls,2025-05-06 14:14:00,Tuesday,14,5,3.0
call_3735,40.645954062000044,-74.00944629899993,68Q1,68Q1,2025-05-05T15:15:00.000000,911_calls,2025-05-05 15:15:00,Monday,15,5,3.0
call_3736,40.61559321100003,-73.91150292799995,68Q1,68Q1,2025-05-04T16:16:00.000000,911_calls,2025-05-04 16:16:00,Sunday,16,5,3.0
call_3737,40.62384199100006,-73.91606335999995,68Q1,68Q1,2025-05-03T17:17:00.000000,911_calls,2025-05-03 17:17:00,Saturday,17,5,3.0
call_3738,40.68327625500007,-73.93062708399998,75D,75D,2025-05-02T18:18:00.000000,911_calls,2025-05-02 18:18:00,Friday,18,5,3.0
call_3739,40.723636973000055,-73.99829859799996,11C4,11C4,2025-05-01T19:19:00.000000,911_calls,2025-05-01 19:19:00,Thursday,19,5,3.0
call_3740,40.70586500300004,-73.79753162399999,52D1,52D1,2025-04-30T20:20:00.000000,911_calls,2025-04-30 20:20:00,Wednesday,20,4,3.0
call_3741,40.66353380500004,-73.77473554299996,54C1,54C1,2025-04-29T21:21:00.000000,911_calls,2025-04-29 21:21:00,Tuesday,21,4,3.0
call_3742,40.677628782000056,-73.97298375299994,75T,75T,2025-04-28T22:22:00.000000,911_calls,2025-04-28 22:22:00,Monday,22,4,3.0
call_3743,40.80380797300006,-73.96379037799994,68Q1,68Q1,2025-04-27T23:23:00.000000,911_calls,2025-04-27 23:23:00,Sunday,23,4,3.0
call_3744,40.74421580000006,-73.98233614599997,54U2,54U2,2025-04-26T00:24:00.000000,911_calls,2025-04-26 00:24:00,Saturday,0,4,3.0
call_3745,40.764069376000066,-73.95505791899996,68Q1,68Q1,2025-04-25T01:25:00.000000,911_calls,2025-04-25 01:25:00,Friday,1,4,3.0
call_3746,40.73499975800007,-73.98907537399998,68Q1,68Q1,2025-04-24T02:26:00.000000,911_calls,2025-04-24 02:26:00,Thursday,2,4,3.0
call_3747,40.69974268200008,-73.91142368699997,50P9,50P9,2025-04-23T03:27:00.000000,911_calls,2025-04-23 03:27:00,Wednesday,3,4,3.0
call_3748,40.83525159200008,-73.88739229299995,68Q1,68Q1,2025-04-22T04:28:00.000000,911_calls,2025-04-22 04:28:00,Tuesday,4,4,3.0
call_3749,40.83598980000005,-73.91627635999998,10V2,10V2,2025-04-21T05:29:00.000000,911_calls,2025-04-21 05:29:00,Monday,5,4,3.0
call_3750,40.785775939000075,-73.82616303899994,75H,75H,2025-04-20T06:30:00.000000,911_calls,2025-04-20 06:30:00,Sunday,6,4,3.0
call_3751,40.57628456500004,-73.98139061299997,50P9,50P9,2025-04-19T07:31:00.000000,911_calls,2025-04-19 07:31:00,Saturday,7,4,3.0
call_3752,40.688154120000036,-73.94685537799995,54U2,54U2,2025-04-18T08:32:00.000000,911_calls,2025-04-18 08:32:00,Friday,8,4,3.0
call_3753,40.82487717500004,-73.90317795599998,75I,75I,2025-04-17T09:33:00.000000,911_calls,2025-04-17 09:33:00,Thursday,9,4,3.0
call_3754,40.74931871600006,-73.75576458399996,75D,75D,2025-04-16T10:34:00.000000,911_calls,2025-04-16 10:34:00,Wednesday,10,4,3.0
call_3755,40.71095979100005,-73.79317685999996,56S9,56S9,2025-04-15T11:35:00.000000,911_calls,2025-04-15 11:35:00,Tuesday,11,4,3.0
call_3756,40.771899021000024,-73.73313145299994,10Y3,10Y3,2025-04-14T12:36:00.000000,911_calls,2025-04-14 12:36:00,Monday,12,4,3.0
call_3757,40.867806545000064,-73.86210057699998,52D6,52D6,2025-04-13T13:37:00.000000,911_calls,2025-04-13 13:37:00,Sunday,13,4,3.0
call_3758,40.75986975500007,-73.82897041199993,68Q9,68Q9,2025-04-12T14:38:00.000000,911_calls,2025-04-12 14:38:00,Saturday,14,4,3.0
call_3759,40.64395993900007,-73.97966371899997,75S,75S,2025-04-11T15:39:00.000000,911_calls,2025-04-11 15:39:00,Friday,15,4,3.0
call_3760,40.69720337700005,-73.93561453399997,50P9,50P9,2025-04-10T16:40:00.000000,911_calls,2025-04-10 16:40:00,Thursday,16,4,3.0
call_3761,40.767470582000044,-73.92445996499998,52D2,52D2,2025-04-09T17:41:00.000000,911_calls,2025-04-09 17:41:00,Wednesday,17,4,3.0
call_3762,40.731699724000066,-73.98231781399994,75D,75D,2025-04-08T18:42:00.000000,911_calls,2025-04-08 18:42:00,Tuesday,18,4,3.0
call_3763,40.66930644100006,-73.89571115099994,11C4,11C4,2025-04-07T19:43:00.000000,911_calls,2025-04-07 19:43:00,Monday,19,4,3.0
call_3764,40.60745511400006,-73.95415853799994,39T2,39T2,2025-04-06T20:44:00.000000,911_calls,2025-04-06 20:44:00,Sunday,20,4,3.0
call_3765,40.724394602000075,-73.72461969199998,53S,53S,2025-04-05T21:45:00.000000,911_calls,2025-04-05 21:45:00,Saturday,21,4,3.0
call_3766,40.61880871300008,-73.92930728599998,75D,75D,2025-04-04T22:46:00.000000,911_calls,2025-04-04 22:46:00,Friday,22,4,3.0
call_3767,40.64283158100005,-74.02170089399993,11C4,11C4,2025-04-03T23:47:00.000000,911_calls,2025-04-03 23:47:00,Thursday,23,4,3.0
call_3768,40.551068464000025,-74.18686002899994,68Q1,68Q1,2025-04-02T00:48:00.000000,911_calls,2025-04-02 00:48:00,Wednesday,0,4,3.0
call_3769,40.75228165400006,-73.94465308699995,11C3,11C3,2025-04-01T01:49:00.000000,911_calls,2025-04-01 01:49:00,Tuesday,1,4,3.0
call_3770,40.82105701800003,-73.92192422299996,52D1,52D1,2025-03-31T02:50:00.000000,911_calls,2025-03-31 02:50:00,Monday,2,3,3.0
call_3771,40.75591890900006,-73.91047188599998,54U1,54U1,2025-03-30T03:51:00.000000,911_calls,2025-03-30 03:51:00,Sunday,3,3,3.0
call_3772,40.73441837300004,-74.00189220499993,10Y3,10Y3,2025-03-29T04:52:00.000000,911_calls,2025-03-29 04:52:00,Saturday,4,3,3.0
call_3773,40.723988312000074,-74.00074825099995,75D,75D,2025-03-28T05:53:00.000000,911_calls,2025-03-28 05:53:00,Friday,5,3,3.0
call_3774,40.67879588200003,-73.94409756499994,75D,75D,2025-03-27T06:54:00.000000,911_calls,2025-03-27 06:54:00,Thursday,6,3,3.0
call_3775,40.76195868800005,-73.97261022999999,11C4,11C4,2025-03-26T07:55:00.000000,911_calls,2025-03-26 07:55:00,Wednesday,7,3,3.0
call_3776,40.57628456500004,-73.98139061299997,75S,75S,2025-03-25T08:56:00.000000,911_calls,2025-03-25 08:56:00,Tuesday,8,3,3.0
call_3777,40.788491554000075,-73.83820669799996,53S,53S,2025-03-24T09:57:00.000000,911_calls,2025-03-24 09:57:00,Monday,9,3,3.0
call_3778,40.70451983100003,-73.89347040299998,10H1,10H1,2025-03-23T10:58:00.000000,911_calls,2025-03-23 10:58:00,Sunday,10,3,3.0
call_3779,40.77415679600006,-73.93340273699994,75I,75I,2025-03-22T11:59:00.000000,911_calls,2025-03-22 11:59:00,Saturday,11,3,3.0
call_3780,40.66646466200007,-73.90410359499998,75D,75D,2025-03-21T12:00:00.000000,911_calls,2025-03-21 12:00:00,Friday,12,3,3.0
call_3781,40.61276284500008,-74.06446538399996,11C4,11C4,2025-03-20T13:01:00.000000,911_calls,2025-03-20 13:01:00,Thursday,13,3,3.0
call_3782,40.662767503000055,-73.90752952599996,75D,75D,2025-03-19T14:02:00.000000,911_calls,2025-03-19 14:02:00,Wednesday,14,3,3.0
call_3783,40.608964737000065,-74.09510358799997,54C3,54C3,2025-03-18T15:03:00.000000,911_calls,2025-03-18 15:03:00,Tuesday,15,3,3.0
call_3784,40.608964737000065,-74.09510358799997,54C3,54C3,2025-03-17T16:04:00.000000,911_calls,2025-03-17 16:04:00,Monday,16,3,3.0
call_3785,40.650769120000064,-73.95047813699995,75D,75D,2025-03-16T17:05:00.000000,911_calls,2025-03-16 17:05:00,Sunday,17,3,3.0
call_3786,40.74041591300005,-73.97597511999999,10H1,10H1,2025-03-15T18:06:00.000000,911_calls,2025-03-15 18:06:00,Saturday,18,3,3.0
call_3787,40.84401806400007,-73.90229713099995,10H1,10H1,2025-03-14T19:07:00.000000,911_calls,2025-03-14 19:07:00,Friday,19,3,3.0
call_3788,40.67119007600007,-73.90952938099997,75D,75D,2025-03-13T20:08:00.000000,911_calls,2025-03-13 20:08:00,Thursday,20,3,3.0
call_3789,40.80351927500004,-73.94233488699996,10F2,10F2,2025-03-12T21:09:00.000000,911_calls,2025-03-12 21:09:00,Wednesday,21,3,3.0
call_3790,40.72083446800008,-74.00522883099995,75S,75S,2025-03-11T22:10:00.000000,911_calls,2025-03-11 22:10:00,Tuesday,22,3,3.0
call_3791,40.688112570000044,-73.98038944599995,34Q9,34Q9,2025-03-10T23:11:00.000000,911_calls,2025-03-10 23:11:00,Monday,23,3,3.0
call_3792,40.76459128700003,-73.79255185499994,68Q1,68Q1,2025-03-09T00:12:00.000000,911_calls,2025-03-09 00:12:00,Sunday,0,3,3.0
call_3793,40.67952426800008,-73.88599678499997,50G2,50G2,2025-03-08T01:13:00.000000,911_calls,2025-03-08 01:13:00,Saturday,1,3,3.0
call_3794,40.821336002000066,-73.84698961699996,11C4,11C4,2025-03-07T02:14:00.000000,911_calls,2025-03-07 02:14:00,Friday,2,3,3.0
call_3795,40.70818790700008,-73.95970159899997,39H1,39H1,2025-03-06T03:15:00.000000,911_calls,2025-03-06 03:15:00,Thursday,3,3,3.0
call_3796,40.58620042900003,-73.95684095499996,54U2,54U2,2025-03-05T04:16:00.000000,911_calls,2025-03-05 04:16:00,Wednesday,4,3,3.0
call_3797,40.865311166000026,-73.91968132499994,11C4,11C4,2025-03-04T05:17:00.000000,911_calls,2025-03-04 05:17:00,Tuesday,5,3,3.0
call_3798,40.74278848000006,-73.78295182099998,75H,75H,2025-03-03T06:18:00.000000,911_calls,2025-03-03 06:18:00,Monday,6,3,3.0
call_3799,40.82867545800008,-73.94398971599998,30Q1,30Q1,2025-03-02T07:19:00.000000,911_calls,2025-03-02 07:19:00,Sunday,7,3,3.0
call_3800,40.75986975500007,-73.82897041199993,75S,75S,2025-03-01T08:20:00.000000,911_calls,2025-03-01 08:20:00,Saturday,8,3,3.0
call_3801,40.57193833500003,-74.14639833399997,39H2,39H2,2025-02-28T09:21:00.000000,911_calls,2025-02-28 09:21:00,Friday,9,2,3.0
call_3802,40.854446635000045,-73.89456776599997,75D,75D,2025-02-27T10:22:00.000000,911_calls,2025-02-27 10:22:00,Thursday,10,2,3.0
call_3803,40.83406650400008,-73.94487776799997,75T,75T,2025-02-26T11:23:00.000000,911_calls,2025-02-26 11:23:00,Wednesday,11,2,3.0
call_3804,40.72148324800003,-73.88028991299996,75D,75D,2025-02-25T12:24:00.000000,911_calls,2025-02-25 12:24:00,Tuesday,12,2,3.0
call_3805,40.61541705800005,-73.91826029799995,75D,75D,2025-02-24T13:25:00.000000,911_calls,2025-02-24 13:25:00,Monday,13,2,3.0
call_3806,40.77134778000004,-73.95342114399995,11C4,11C4,2025-02-23T14:26:00.000000,911_calls,2025-02-23 14:26:00,Sunday,14,2,3.0
call_3807,40.67402249400004,-74.00428784599995,68Q1,68Q1,2025-02-22T15:27:00.000000,911_calls,2025-02-22 15:27:00,Saturday,15,2,3.0
call_3808,40.60519547800004,-73.95251067999999,10Y3,10Y3,2025-02-21T16:28:00.000000,911_calls,2025-02-21 16:28:00,Friday,16,2,3.0
call_3809,40.600876533000076,-74.00693715599994,68Q1,68Q1,2025-02-20T17:29:00.000000,911_calls,2025-02-20 17:29:00,Thursday,17,2,3.0
call_3810,40.75473732000006,-73.98975792599998,11C4,11C4,2025-02-19T18:30:00.000000,911_calls,2025-02-19 18:30:00,Wednesday,18,2,3.0
call_3811,40.608964737000065,-74.09510358799997,11R4,11R4,2025-02-18T19:31:00.000000,911_calls,2025-02-18 19:31:00,Tuesday,19,2,3.0
call_3812,40.69319948300006,-73.97136913099996,75D,75D,2025-02-17T20:32:00.000000,911_calls,2025-02-17 20:32:00,Monday,20,2,3.0
call_3813,40.62361769300003,-74.02357145699995,68Q1,68Q1,2025-02-16T21:33:00.000000,911_calls,2025-02-16 21:33:00,Sunday,21,2,3.0
call_3814,40.70944427200004,-73.72711616699996,53S8,53S8,2025-02-15T22:34:00.000000,911_calls,2025-02-15 22:34:00,Saturday,22,2,3.0
call_3815,40.62570592600008,-74.00719911299996,68Q1,68Q1,2025-02-14T23:35:00.000000,911_calls,2025-02-14 23:35:00,Friday,23,2,3.0
call_3816,40.687235943000076,-73.96454958799995,75D,75D,2025-02-13T00:36:00.000000,911_calls,2025-02-13 00:36:00,Thursday,0,2,3.0
call_3817,40.75679869800007,-73.94883999799998,29H2,29H2,2025-02-12T01:37:00.000000,911_calls,2025-02-12 01:37:00,Wednesday,1,2,3.0
call_3818,40.66694989100006,-73.92990871099994,52D6,52D6,2025-02-11T02:38:00.000000,911_calls,2025-02-11 02:38:00,Tuesday,2,2,3.0
call_3819,40.84503669600008,-73.91301208699997,10H2,10H2,2025-02-10T03:39:00.000000,911_calls,2025-02-10 03:39:00,Monday,3,2,3.0
call_3820,40.824045452000064,-73.95072496199998,54C1,54C1,2025-02-09T04:40:00.000000,911_calls,2025-02-09 04:40:00,Sunday,4,2,3.0
call_3821,40.842615383000066,-73.93772543999995,68Q1,68Q1,2025-02-08T05:41:00.000000,911_calls,2025-02-08 05:41:00,Saturday,5,2,3.0
call_3822,40.66540062000007,-73.94257323899996,11C4,11C4,2025-02-07T06:42:00.000000,911_calls,2025-02-07 06:42:00,Friday,6,2,3.0
call_3823,40.836847284000044,-73.94569219799996,68Q1,68Q1,2025-02-06T07:43:00.000000,911_calls,2025-02-06 07:43:00,Thursday,7,2,3.0
call_3824,40.82661729300003,-73.90313929099995,75I,75I,2025-02-05T08:44:00.000000,911_calls,2025-02-05 08:44:00,Wednesday,8,2,3.0
call_3825,40.695058784000025,-73.93894872099997,75D,75D,2025-02-04T09:45:00.000000,911_calls,2025-02-04 09:45:00,Tuesday,9,2,3.0
call_3826,40.804694598000026,-73.93815825199994,50P1,50P1,2025-02-03T10:46:00.000000,911_calls,2025-02-03 10:46:00,Monday,10,2,3.0
call_3827,40.669058206000045,-73.91058126399997,11C4,11C4,2025-02-02T11:47:00.000000,911_calls,2025-02-02 11:47:00,Sunday,11,2,3.0
call_3828,40.63279800500004,-74.16521970799994,75I,75I,2025-02-01T12:48:00.000000,911_calls,2025-02-01 12:48:00,Saturday,12,2,3.0
call_3829,40.69695273100007,-73.91709287499998,54C3,54C3,2025-01-31T13:49:00.000000,911_calls,2025-01-31 13:49:00,Friday,13,1,3.0
call_3830,40.69695273100007,-73.91709287499998,54C3,54C3,2025-01-30T14:50:00.000000,911_calls,2025-01-30 14:50:00,Thursday,14,1,3.0
call_3831,40.63279800500004,-74.16521970799994,75I,75I,2025-01-29T15:51:00.000000,911_calls,2025-01-29 15:51:00,Wednesday,15,1,3.0
call_3832,40.84004377500003,-73.84682009899996,53S,53S,2025-01-28T16:52:00.000000,911_calls,2025-01-28 16:52:00,Tuesday,16,1,3.0
call_3833,40.76328416500007,-73.97164223599998,10P2,10P2,2025-01-27T17:53:00.000000,911_calls,2025-01-27 17:53:00,Monday,17,1,3.0
call_3834,40.61583858500006,-74.02529402299996,75D,75D,2025-01-26T18:54:00.000000,911_calls,2025-01-26 18:54:00,Sunday,18,1,3.0
call_3835,40.61889955600003,-74.09339234999999,68Q1,68Q1,2025-01-25T19:55:00.000000,911_calls,2025-01-25 19:55:00,Saturday,19,1,3.0
call_3836,40.78051934500007,-73.94420354199997,50P1,50P1,2025-01-24T20:56:00.000000,911_calls,2025-01-24 20:56:00,Friday,20,1,3.0
call_3837,40.71396412400003,-73.99132971799997,10H1,10H1,2025-01-23T21:57:00.000000,911_calls,2025-01-23 21:57:00,Thursday,21,1,3.0
call_3838,40.77512738100006,-73.98419458699993,11C4,11C4,2025-01-22T22:58:00.000000,911_calls,2025-01-22 22:58:00,Wednesday,22,1,3.0
call_3839,40.64332996700006,-74.01038280899996,68Q2,68Q2,2025-01-21T23:59:00.000000,911_calls,2025-01-21 23:59:00,Tuesday,23,1,3.0
call_3840,40.64472407400007,-73.90184663899998,10Y3,10Y3,2025-01-20T00:00:00.000000,911_calls,2025-01-20 00:00:00,Monday,0,1,3.0
call_3841,40.740192542000045,-73.98636083299994,75T,75T,2025-01-19T01:01:00.000000,911_calls,2025-01-19 01:01:00,Sunday,1,1,3.0
call_3842,40.611156462000054,-73.91001052099995,10H1,10H1,2025-01-18T02:02:00.000000,911_calls,2025-01-18 02:02:00,Saturday,2,1,3.0
call_3843,40.69889796100006,-73.93267368599999,50P2,50P2,2025-01-17T03:03:00.000000,911_calls,2025-01-17 03:03:00,Friday,3,1,3.0
call_3844,40.58127604400005,-73.97452034299994,75S,75S,2025-01-16T04:04:00.000000,911_calls,2025-01-16 04:04:00,Thursday,4,1,3.0
call_3845,40.68073899600006,-73.94963745499996,75S,75S,2025-01-15T05:05:00.000000,911_calls,2025-01-15 05:05:00,Wednesday,5,1,3.0
call_3846,40.659502392000036,-73.94904796999998,10H1,10H1,2025-01-14T06:06:00.000000,911_calls,2025-01-14 06:06:00,Tuesday,6,1,3.0
call_3847,40.57562494700005,-73.97665714199997,75S,75S,2025-01-13T07:07:00.000000,911_calls,2025-01-13 07:07:00,Monday,7,1,3.0
call_3848,40.661789673000044,-73.90335339399996,52D6,52D6,2025-01-12T08:08:00.000000,911_calls,2025-01-12 08:08:00,Sunday,8,1,3.0
call_3849,40.679806101000054,-73.88511298999998,75D,75D,2025-01-11T09:09:00.000000,911_calls,2025-01-11 09:09:00,Saturday,9,1,3.0
call_3850,40.86503877900003,-73.92694500099998,50P1,50P1,2025-01-10T10:10:00.000000,911_calls,2025-01-10 10:10:00,Friday,10,1,3.0
call_3851,40.71626346000005,-73.98407867999998,52D1,52D1,2025-01-09T11:11:00.000000,911_calls,2025-01-09 11:11:00,Thursday,11,1,3.0
call_3852,40.75300355200005,-73.80876496499997,53I,53I,2025-01-08T12:12:00.000000,911_calls,2025-01-08 12:12:00,Wednesday,12,1,3.0
call_3853,40.757218145000024,-73.93677655399995,54S1,54S1,2025-01-07T13:13:00.000000,911_calls,2025-01-07 13:13:00,Tuesday,13,1,3.0
call_3854,40.78786208300005,-73.96708886399995,75D,75D,2025-01-06T14:14:00.000000,911_calls,2025-01-06 14:14:00,Monday,14,1,3.0
call_3855,40.71626346000005,-73.98407867999998,75D,75D,2025-01-05T15:15:00.000000,911_calls,2025-01-05 15:15:00,Sunday,15,1,3.0
call_3856,40.57628456500004,-73.98139061299997,75M,75M,2025-01-04T16:16:00.000000,911_calls,2025-01-04 16:16:00,Saturday,16,1,3.0
call_3857,40.84557341900006,-73.84817720399997,52D6,52D6,2025-01-03T17:17:00.000000,911_calls,2025-01-03 17:17:00,Friday,17,1,3.0
call_3858,40.85477205700005,-73.91657805299997,53S,53S,2025-01-02T18:18:00.000000,911_calls,2025-01-02 18:18:00,Thursday,18,1,3.0
call_3859,40.73051246800003,-73.78074394999999,31R,31R,2025-01-01T19:19:00.000000,911_calls,2025-01-01 19:19:00,Wednesday,19,1,3.0
call_3860,40.76983029100006,-73.98619230399999,10H1,10H1,2024-12-31T20:20:00.000000,911_calls,2024-12-31 20:20:00,Tuesday,20,12,3.0
call_3861,40.81068755700005,-73.88308807099997,50G2,50G2,2024-12-30T21:21:00.000000,911_calls,2024-12-30 21:21:00,Monday,21,12,3.0
call_3862,40.73313130500003,-73.97582259199999,68Q1,68Q1,2024-12-29T22:22:00.000000,911_calls,2024-12-29 22:22:00,Sunday,22,12,3.0
call_3863,40.82257596200003,-73.91570791399994,31R,31R,2024-12-28T23:23:00.000000,911_calls,2024-12-28 23:23:00,Saturday,23,12,3.0
call_3864,40.72255753200005,-73.95447982199994,34Q2,34Q2,2024-12-27T00:24:00.000000,911_calls,2024-12-27 00:24:00,Friday,0,12,3.0
call_3865,40.75692333100005,-73.88277094699998,54U1,54U1,2024-12-26T01:25:00.000000,911_calls,2024-12-26 01:25:00,Thursday,1,12,3.0
call_3866,40.721812664000026,-73.75669875199998,22V2,22V2,2024-12-25T02:26:00.000000,911_calls,2024-12-25 02:26:00,Wednesday,2,12,3.0
call_3867,40.86080918000005,-73.92691710999998,39H2,39H2,2024-12-24T03:27:00.000000,911_calls,2024-12-24 03:27:00,Tuesday,3,12,3.0
call_3868,40.76062571600005,-73.88249731099995,52D6,52D6,2024-12-23T04:28:00.000000,911_calls,2024-12-23 04:28:00,Monday,4,12,3.0
call_3869,40.86226036000005,-73.91387168199998,53I,53I,2024-12-22T05:29:00.000000,911_calls,2024-12-22 05:29:00,Sunday,5,12,3.0
call_3870,40.63762471600006,-73.94524900899995,52D6,52D6,2024-12-21T06:30:00.000000,911_calls,2024-12-21 06:30:00,Saturday,6,12,3.0
call_3871,40.79642413300007,-73.96216552799996,39H2,39H2,2024-12-20T07:31:00.000000,911_calls,2024-12-20 07:31:00,Friday,7,12,3.0
call_3872,40.771711194000034,-73.95624778399997,50P1,50P1,2024-12-19T08:32:00.000000,911_calls,2024-12-19 08:32:00,Thursday,8,12,3.0
call_3873,40.81602577600006,-73.91773211999998,39Q9,39Q9,2024-12-18T09:33:00.000000,911_calls,2024-12-18 09:33:00,Wednesday,9,12,3.0
call_3874,40.757624357000054,-73.98567866499997,11C4,11C4,2024-12-17T10:34:00.000000,911_calls,2024-12-17 10:34:00,Tuesday,10,12,3.0
call_3875,40.75382471100005,-73.97959047899997,52D2,52D2,2024-12-16T11:35:00.000000,911_calls,2024-12-16 11:35:00,Monday,11,12,3.0
call_3876,40.64085528000004,-73.95820727299997,68Q1,68Q1,2024-12-15T12:36:00.000000,911_calls,2024-12-15 12:36:00,Sunday,12,12,3.0
call_3877,40.84081159700003,-73.90480640299995,34W2,34W2,2024-12-14T13:37:00.000000,911_calls,2024-12-14 13:37:00,Saturday,13,12,3.0
call_3878,40.84081159700003,-73.90480640299995,34W2,34W2,2024-12-13T14:38:00.000000,911_calls,2024-12-13 14:38:00,Friday,14,12,3.0
call_3879,40.705628483000055,-73.81014159699998,39Q9,39Q9,2024-12-12T15:39:00.000000,911_calls,2024-12-12 15:39:00,Thursday,15,12,3.0
call_3880,40.745562462000066,-73.95746311699997,54E2,54E2,2024-12-11T16:40:00.000000,911_calls,2024-12-11 16:40:00,Wednesday,16,12,3.0
call_3881,40.745562462000066,-73.95746311699997,54E2,54E2,2024-12-10T17:41:00.000000,911_calls,2024-12-10 17:41:00,Tuesday,17,12,3.0
call_3882,40.692538203000026,-73.93730666999994,10M1,10M1,2024-12-09T18:42:00.000000,911_calls,2024-12-09 18:42:00,Monday,18,12,3.0
call_3883,40.611737951000066,-74.15883220999996,39H2,39H2,2024-12-08T19:43:00.000000,911_calls,2024-12-08 19:43:00,Sunday,19,12,3.0
call_3884,40.62834431700003,-74.02310839399996,34Q1,34Q1,2024-12-07T20:44:00.000000,911_calls,2024-12-07 20:44:00,Saturday,20,12,3.0
call_3885,40.517286410000054,-74.23410772899996,68Q1,68Q1,2024-12-06T21:45:00.000000,911_calls,2024-12-06 21:45:00,Friday,21,12,3.0
call_3886,40.64558382800004,-73.89940579499995,39H1,39H1,2024-12-05T22:46:00.000000,911_calls,2024-12-05 22:46:00,Thursday,22,12,3.0
call_3887,40.70335696200004,-73.89446048099995,52D6,52D6,2024-12-04T23:47:00.000000,911_calls,2024-12-04 23:47:00,Wednesday,23,12,3.0
call_3888,40.57628456500004,-73.98139061299997,50P9,50P9,2024-12-03T00:48:00.000000,911_calls,2024-12-03 00:48:00,Tuesday,0,12,3.0
call_3889,40.70523648500006,-73.96570859899998,10Y3,10Y3,2024-12-02T01:49:00.000000,911_calls,2024-12-02 01:49:00,Monday,1,12,3.0
call_3890,40.67309108200004,-73.89228769299996,75D,75D,2024-12-01T02:50:00.000000,911_calls,2024-12-01 02:50:00,Sunday,2,12,3.0
call_3891,40.68112594000007,-73.97436682299997,68Q1,68Q1,2024-11-30T03:51:00.000000,911_calls,2024-11-30 03:51:00,Saturday,3,11,3.0
call_3892,40.66879528900006,-73.92695446799996,24W1,24W1,2024-11-29T04:52:00.000000,911_calls,2024-11-29 04:52:00,Friday,4,11,3.0
call_3893,40.691636551000045,-73.90356615899998,53D,53D,2024-11-28T05:53:00.000000,911_calls,2024-11-28 05:53:00,Thursday,5,11,3.0
call_3894,40.83468659000005,-73.94442192099996,10H2,10H2,2024-11-27T06:54:00.000000,911_calls,2024-11-27 06:54:00,Wednesday,6,11,3.0
call_3895,40.760154201000034,-73.91804658699994,50P1,50P1,2024-11-26T07:55:00.000000,911_calls,2024-11-26 07:55:00,Tuesday,7,11,3.0
call_3896,40.734961457000054,-73.99048985099995,75M,75M,2024-11-25T08:56:00.000000,911_calls,2024-11-25 08:56:00,Monday,8,11,3.0
call_3897,40.666522859000054,-73.89835770699995,75I,75I,2024-11-24T09:57:00.000000,911_calls,2024-11-24 09:57:00,Sunday,9,11,3.0
call_3898,40.82782501300005,-73.92534538199999,75S,75S,2024-11-23T10:58:00.000000,911_calls,2024-11-23 10:58:00,Saturday,10,11,3.0
call_3899,40.70880010600007,-73.93577646499995,52F1,52F1,2024-11-22T11:59:00.000000,911_calls,2024-11-22 11:59:00,Friday,11,11,3.0
call_3900,40.752596966000056,-73.85561854499997,54U1,54U1,2024-11-21T12:00:00.000000,911_calls,2024-11-21 12:00:00,Thursday,12,11,3.0
call_3901,40.888510035000024,-73.83129772599995,50G9,50G9,2024-11-20T13:01:00.000000,911_calls,2024-11-20 13:01:00,Wednesday,13,11,3.0
call_3902,40.67640022200004,-73.95828594499994,68Q1,68Q1,2024-11-19T14:02:00.000000,911_calls,2024-11-19 14:02:00,Tuesday,14,11,3.0
call_3903,40.702916049000066,-73.80006160699998,39H9,39H9,2024-11-18T15:03:00.000000,911_calls,2024-11-18 15:03:00,Monday,15,11,3.0
call_3904,40.64080573700005,-73.95091431899993,54E1,54E1,2024-11-17T16:04:00.000000,911_calls,2024-11-17 16:04:00,Sunday,16,11,3.0
call_3905,40.64080573700005,-73.95091431899993,54E1,54E1,2024-11-16T17:05:00.000000,911_calls,2024-11-16 17:05:00,Saturday,17,11,3.0
call_3906,40.677066652000065,-73.92478949099996,68Q1,68Q1,2024-11-15T18:06:00.000000,911_calls,2024-11-15 18:06:00,Friday,18,11,3.0
call_3907,40.73317070500008,-73.98101484699998,68Q1,68Q1,2024-11-14T19:07:00.000000,911_calls,2024-11-14 19:07:00,Thursday,19,11,3.0
call_3908,40.66202177100007,-73.89270204999997,10V2,10V2,2024-11-13T20:08:00.000000,911_calls,2024-11-13 20:08:00,Wednesday,20,11,3.0
call_3909,40.66557426300005,-73.76431495099996,54C1,54C1,2024-11-12T21:09:00.000000,911_calls,2024-11-12 21:09:00,Tuesday,21,11,3.0
call_3910,40.74110892700003,-73.98358557199998,68Q1,68Q1,2024-11-11T22:10:00.000000,911_calls,2024-11-11 22:10:00,Monday,22,11,3.0
call_3911,40.70740124100007,-73.83292108699999,75H,75H,2024-11-10T23:11:00.000000,911_calls,2024-11-10 23:11:00,Sunday,23,11,3.0
call_3912,40.82347480000004,-73.84748692799997,68Q1,68Q1,2024-11-09T00:12:00.000000,911_calls,2024-11-09 00:12:00,Saturday,0,11,3.0
call_3913,40.687029720000055,-73.99120341199995,54S9,54S9,2024-11-08T01:13:00.000000,911_calls,2024-11-08 01:13:00,Friday,1,11,3.0
call_3914,40.82203993500008,-73.89173226699995,11C4,11C4,2024-11-07T02:14:00.000000,911_calls,2024-11-07 02:14:00,Thursday,2,11,3.0
call_3915,40.69477850100003,-73.99693620099998,75D,75D,2024-11-06T03:15:00.000000,911_calls,2024-11-06 03:15:00,Wednesday,3,11,3.0
call_3916,40.854247144000055,-73.93716509799998,53S,53S,2024-11-05T04:16:00.000000,911_calls,2024-11-05 04:16:00,Tuesday,4,11,3.0
call_3917,40.74200753400004,-74.00470001099995,11C4,11C4,2024-11-04T05:17:00.000000,911_calls,2024-11-04 05:17:00,Monday,5,11,3.0
call_3918,40.74878408500007,-73.93778427799998,50P9,50P9,2024-11-03T06:18:00.000000,911_calls,2024-11-03 06:18:00,Sunday,6,11,3.0
call_3919,40.83023530100007,-73.94575541099994,52D6,52D6,2024-11-02T07:19:00.000000,911_calls,2024-11-02 07:19:00,Saturday,7,11,3.0
call_3920,40.802559434000045,-73.88211987899996,75D,75D,2024-11-01T08:20:00.000000,911_calls,2024-11-01 08:20:00,Friday,8,11,3.0
call_3921,40.76760643000006,-73.98173427399996,75O,75O,2024-10-31T09:21:00.000000,911_calls,2024-10-31 09:21:00,Thursday,9,10,3.0
call_3922,40.610114070000066,-73.92215291399998,75D,75D,2024-10-30T10:22:00.000000,911_calls,2024-10-30 10:22:00,Wednesday,10,10,3.0
call_3923,40.63736826200005,-73.97269018799994,68Q1,68Q1,2024-10-29T11:23:00.000000,911_calls,2024-10-29 11:23:00,Tuesday,11,10,3.0
call_3924,40.62332595600003,-73.93760582799996,53S,53S,2024-10-28T12:24:00.000000,911_calls,2024-10-28 12:24:00,Monday,12,10,3.0
call_3925,40.62954334900007,-73.94378215699999,10V2,10V2,2024-10-27T13:25:00.000000,911_calls,2024-10-27 13:25:00,Sunday,13,10,3.0
call_3926,40.71213308600005,-73.90192051999998,54S1,54S1,2024-10-26T14:26:00.000000,911_calls,2024-10-26 14:26:00,Saturday,14,10,3.0
call_3927,40.75979261200007,-73.96137776399996,11C4,11C4,2024-10-25T15:27:00.000000,911_calls,2024-10-25 15:27:00,Friday,15,10,3.0
call_3928,40.75480201500005,-73.78722233699995,68Q1,68Q1,2024-10-24T16:28:00.000000,911_calls,2024-10-24 16:28:00,Thursday,16,10,3.0
call_3929,40.827899467000066,-73.92588369299995,75S,75S,2024-10-23T17:29:00.000000,911_calls,2024-10-23 17:29:00,Wednesday,17,10,3.0
call_3930,40.67787837600008,-73.93731323999998,68Q1,68Q1,2024-10-22T18:30:00.000000,911_calls,2024-10-22 18:30:00,Tuesday,18,10,3.0
call_3931,40.74298079600004,-73.98323505999997,75S,75S,2024-10-21T19:31:00.000000,911_calls,2024-10-21 19:31:00,Monday,19,10,3.0
call_3932,40.67303140400003,-73.95567082599996,52D1,52D1,2024-10-20T20:32:00.000000,911_calls,2024-10-20 20:32:00,Sunday,20,10,3.0
call_3933,40.849225244000024,-73.92080679799994,10H1,10H1,2024-10-19T21:33:00.000000,911_calls,2024-10-19 21:33:00,Saturday,21,10,3.0
call_3934,40.83844993400004,-73.92555391099995,54S1,54S1,2024-10-18T22:34:00.000000,911_calls,2024-10-18 22:34:00,Friday,22,10,3.0
call_3935,40.89582577200008,-73.86328310899995,53X,53X,2024-10-17T23:35:00.000000,911_calls,2024-10-17 23:35:00,Thursday,23,10,3.0
call_3936,40.89582577200008,-73.86328310899995,53X,53X,2024-10-16T00:36:00.000000,911_calls,2024-10-16 00:36:00,Wednesday,0,10,3.0
call_3937,40.71266171700006,-73.77709091099996,53S,53S,2024-10-15T01:37:00.000000,911_calls,2024-10-15 01:37:00,Tuesday,1,10,3.0
call_3938,40.86374406300007,-73.89888781299999,52D1,52D1,2024-10-14T02:38:00.000000,911_calls,2024-10-14 02:38:00,Monday,2,10,3.0
call_3939,40.66874300300003,-73.80779174099996,24Q1,24Q1,2024-10-13T03:39:00.000000,911_calls,2024-10-13 03:39:00,Sunday,3,10,3.0
call_3940,40.78549489200003,-73.97290387899994,11C4,11C4,2024-10-12T04:40:00.000000,911_calls,2024-10-12 04:40:00,Saturday,4,10,3.0
call_3941,40.85444250300003,-73.86434417599997,10S2,10S2,2024-10-11T05:41:00.000000,911_calls,2024-10-11 05:41:00,Friday,5,10,3.0
call_3942,40.88066238700003,-73.88159084799997,68Q1,68Q1,2024-10-10T06:42:00.000000,911_calls,2024-10-10 06:42:00,Thursday,6,10,3.0
call_3943,40.67111083400005,-73.91356336299998,54S1,54S1,2024-10-09T07:43:00.000000,911_calls,2024-10-09 07:43:00,Wednesday,7,10,3.0
call_3944,40.67426261900005,-73.90415366899998,39T2,39T2,2024-10-08T08:44:00.000000,911_calls,2024-10-08 08:44:00,Tuesday,8,10,3.0
call_3945,40.84874349200004,-73.89198519499996,59R4,59R4,2024-10-07T09:45:00.000000,911_calls,2024-10-07 09:45:00,Monday,9,10,3.0
call_3946,40.83238839300003,-73.90859469899993,75I,75I,2024-10-06T10:46:00.000000,911_calls,2024-10-06 10:46:00,Sunday,10,10,3.0
call_3947,40.69356956300004,-73.98283638599997,68Q1,68Q1,2024-10-05T11:47:00.000000,911_calls,2024-10-05 11:47:00,Saturday,11,10,3.0
call_3948,40.62105241200004,-74.03056239699998,34Q6,34Q6,2024-10-04T12:48:00.000000,911_calls,2024-10-04 12:48:00,Friday,12,10,3.0
call_3949,40.67358617000008,-73.93846727799996,54C3,54C3,2024-10-03T13:49:00.000000,911_calls,2024-10-03 13:49:00,Thursday,13,10,3.0
call_3950,40.67358617000008,-73.93846727799996,54C3,54C3,2024-10-02T14:50:00.000000,911_calls,2024-10-02 14:50:00,Wednesday,14,10,3.0
call_3951,40.82135360800004,-73.93076857499995,11C4,11C4,2024-10-01T15:51:00.000000,911_calls,2024-10-01 15:51:00,Tuesday,15,10,3.0
call_3952,40.75931318500005,-73.99570955899998,68Q1,68Q1,2024-09-30T16:52:00.000000,911_calls,2024-09-30 16:52:00,Monday,16,9,3.0
call_3953,40.65913160700006,-73.95505652799994,68Q1,68Q1,2024-09-29T17:53:00.000000,911_calls,2024-09-29 17:53:00,Sunday,17,9,3.0
call_3954,40.74607342200005,-73.97892519799996,11C4,11C4,2024-09-28T18:54:00.000000,911_calls,2024-09-28 18:54:00,Saturday,18,9,3.0
call_3955,40.85874494300003,-73.86561513299995,10Y3,10Y3,2024-09-27T19:55:00.000000,911_calls,2024-09-27 19:55:00,Friday,19,9,3.0
call_3956,40.68031206000006,-73.98118852999994,68Q1,68Q1,2024-09-26T20:56:00.000000,911_calls,2024-09-26 20:56:00,Thursday,20,9,3.0
call_3957,40.57771190500006,-73.95278940899993,52D1,52D1,2024-09-25T21:57:00.000000,911_calls,2024-09-25 21:57:00,Wednesday,21,9,3.0
call_3958,40.74056316700006,-73.70756686699997,53S,53S,2024-09-24T22:58:00.000000,911_calls,2024-09-24 22:58:00,Tuesday,22,9,3.0
call_3959,40.863997218000065,-73.92488901199994,75D,75D,2024-09-23T23:59:00.000000,911_calls,2024-09-23 23:59:00,Monday,23,9,3.0
call_3960,40.67177406800005,-73.92805791799998,53S,53S,2024-09-22T00:00:00.000000,911_calls,2024-09-22 00:00:00,Sunday,0,9,3.0
call_3961,40.66735978300005,-73.89809328999996,75D,75D,2024-09-21T01:01:00.000000,911_calls,2024-09-21 01:01:00,Saturday,1,9,3.0
call_3962,40.88162047700007,-73.88448942099996,34Q1,34Q1,2024-09-20T02:02:00.000000,911_calls,2024-09-20 02:02:00,Friday,2,9,3.0
call_3963,40.89010153400005,-73.89909366399996,10Y9,10Y9,2024-09-19T03:03:00.000000,911_calls,2024-09-19 03:03:00,Thursday,3,9,3.0
call_3964,40.64361804200007,-73.90865149799998,54C2,54C2,2024-09-18T04:04:00.000000,911_calls,2024-09-18 04:04:00,Wednesday,4,9,3.0
call_3965,40.604078962000074,-73.75472573599995,50P2,50P2,2024-09-17T05:05:00.000000,911_calls,2024-09-17 05:05:00,Tuesday,5,9,3.0
call_3966,40.74499329500003,-73.98801633099998,22Q2,22Q2,2024-09-16T06:06:00.000000,911_calls,2024-09-16 06:06:00,Monday,6,9,3.0
call_3967,40.76154168100004,-73.87650344499997,24Q2,24Q2,2024-09-15T07:07:00.000000,911_calls,2024-09-15 07:07:00,Sunday,7,9,3.0
call_3968,40.693587422000064,-73.90278081199995,52D1,52D1,2024-09-14T08:08:00.000000,911_calls,2024-09-14 08:08:00,Saturday,8,9,3.0
call_3969,40.71374970900007,-73.80651486699998,52D6,52D6,2024-09-13T09:09:00.000000,911_calls,2024-09-13 09:09:00,Friday,9,9,3.0
call_3970,40.835628205000035,-73.84941775299995,10Y3,10Y3,2024-09-12T10:10:00.000000,911_calls,2024-09-12 10:10:00,Thursday,10,9,3.0
call_3971,40.86225524200006,-73.92629731299996,50G2,50G2,2024-09-11T11:11:00.000000,911_calls,2024-09-11 11:11:00,Wednesday,11,9,3.0
call_3972,40.75661093700006,-73.96872858699999,39H1,39H1,2024-09-10T12:12:00.000000,911_calls,2024-09-10 12:12:00,Tuesday,12,9,3.0
call_3973,40.74744390300003,-73.98424807099997,10H2,10H2,2024-09-09T13:13:00.000000,911_calls,2024-09-09 13:13:00,Monday,13,9,3.0
call_3974,40.63442859700007,-74.01067325899999,75S,75S,2024-09-08T14:14:00.000000,911_calls,2024-09-08 14:14:00,Sunday,14,9,3.0
call_3975,40.58095849000006,-73.83778063799997,75M,75M,2024-09-07T15:15:00.000000,911_calls,2024-09-07 15:15:00,Saturday,15,9,3.0
call_3976,40.67727336100006,-73.89147697199996,75S,75S,2024-09-06T16:16:00.000000,911_calls,2024-09-06 16:16:00,Friday,16,9,3.0
call_3977,40.66078580400006,-73.75439108299997,54S1,54S1,2024-09-05T17:17:00.000000,911_calls,2024-09-05 17:17:00,Thursday,17,9,3.0
call_3978,40.87014094800003,-73.88884095099996,52D6,52D6,2024-09-04T18:18:00.000000,911_calls,2024-09-04 18:18:00,Wednesday,18,9,3.0
call_3979,40.69214805100006,-73.98481285499997,30Q1,30Q1,2024-09-03T19:19:00.000000,911_calls,2024-09-03 19:19:00,Tuesday,19,9,3.0
call_3980,40.75986975500007,-73.82897041199993,75S,75S,2024-09-02T20:20:00.000000,911_calls,2024-09-02 20:20:00,Monday,20,9,3.0
call_3981,40.684345009000026,-73.92784965399994,34K1,34K1,2024-09-01T21:21:00.000000,911_calls,2024-09-01 21:21:00,Sunday,21,9,3.0
call_3982,40.82437748600006,-73.94451363399997,75S,75S,2024-08-31T22:22:00.000000,911_calls,2024-08-31 22:22:00,Saturday,22,8,3.0
call_3983,40.78052257600007,-73.94521817699996,10P2,10P2,2024-08-30T23:23:00.000000,911_calls,2024-08-30 23:23:00,Friday,23,8,3.0
call_3984,40.82692693900003,-73.94371296199995,11C4,11C4,2024-08-29T00:24:00.000000,911_calls,2024-08-29 00:24:00,Thursday,0,8,3.0
call_3985,40.69889796100006,-73.93267368599999,31R,31R,2024-08-28T01:25:00.000000,911_calls,2024-08-28 01:25:00,Wednesday,1,8,3.0
call_3986,40.84116729400006,-73.87239095599995,54S9,54S9,2024-08-27T02:26:00.000000,911_calls,2024-08-27 02:26:00,Tuesday,2,8,3.0
call_3987,40.88132548600004,-73.82464027399999,11C4,11C4,2024-08-26T03:27:00.000000,911_calls,2024-08-26 03:27:00,Monday,3,8,3.0
call_3988,40.84169493300004,-73.91110819299996,10Y3,10Y3,2024-08-25T04:28:00.000000,911_calls,2024-08-25 04:28:00,Sunday,4,8,3.0
call_3989,40.82782501300005,-73.92534538199999,75M,75M,2024-08-24T05:29:00.000000,911_calls,2024-08-24 05:29:00,Saturday,5,8,3.0
call_3990,40.73201947000007,-74.00073390899996,75S,75S,2024-08-23T06:30:00.000000,911_calls,2024-08-23 06:30:00,Friday,6,8,3.0
call_3991,40.735702917000026,-73.97477883499994,68Q1,68Q1,2024-08-22T07:31:00.000000,911_calls,2024-08-22 07:31:00,Thursday,7,8,3.0
call_3992,40.631938640000044,-74.16347023099996,75I,75I,2024-08-21T08:32:00.000000,911_calls,2024-08-21 08:32:00,Wednesday,8,8,3.0
call_3993,40.65184534600007,-73.92988853999998,34S2,34S2,2024-08-20T09:33:00.000000,911_calls,2024-08-20 09:33:00,Tuesday,9,8,3.0
call_3994,40.87315362800007,-73.89973769199997,68Q2,68Q2,2024-08-19T10:34:00.000000,911_calls,2024-08-19 10:34:00,Monday,10,8,3.0
call_3995,40.63597097000007,-74.16136514899995,75I,75I,2024-08-18T11:35:00.000000,911_calls,2024-08-18 11:35:00,Sunday,11,8,3.0
call_3996,40.677628782000056,-73.97298375299994,75S,75S,2024-08-17T12:36:00.000000,911_calls,2024-08-17 12:36:00,Saturday,12,8,3.0
call_3997,40.767691668000055,-73.96947789899997,10H2,10H2,2024-08-16T13:37:00.000000,911_calls,2024-08-16 13:37:00,Friday,13,8,3.0
call_3998,40.848308994000035,-73.90342577999996,54S1,54S1,2024-08-15T14:38:00.000000,911_calls,2024-08-15 14:38:00,Thursday,14,8,3.0
call_3999,40.708612996000056,-73.81925501399996,75M,75M,2024-08-14T15:39:00.000000,911_calls,2024-08-14 15:39:00,Wednesday,15,8,3.0
call_4000,40.75016710300008,-73.97195820899998,75D,75D,2024-08-13T16:40:00.000000,911_calls,2024-08-13 16:40:00,Tuesday,16,8,3.0
call_4001,40.80546854800008,-73.96384004499998,54U2,54U2,2024-08-12T17:41:00.000000,911_calls,2024-08-12 17:41:00,Monday,17,8,3.0
call_4002,40.672756840000034,-73.93771099699995,54S1,54S1,2024-08-11T18:42:00.000000,911_calls,2024-08-11 18:42:00,Sunday,18,8,3.0
call_4003,40.66239762400005,-73.96190993499994,11C4,11C4,2024-08-10T19:43:00.000000,911_calls,2024-08-10 19:43:00,Saturday,19,8,3.0
call_4004,40.65009170400003,-73.94560996599995,29H1,29H1,2024-08-09T20:44:00.000000,911_calls,2024-08-09 20:44:00,Friday,20,8,3.0
call_4005,40.82546789300005,-73.91434927999995,52D1,52D1,2024-08-08T21:45:00.000000,911_calls,2024-08-08 21:45:00,Thursday,21,8,3.0
call_4006,40.865664700000025,-73.88638631799995,54S2,54S2,2024-08-07T22:46:00.000000,911_calls,2024-08-07 22:46:00,Wednesday,22,8,3.0
call_4007,40.80290243500008,-73.94379829299999,10H1,10H1,2024-08-06T23:47:00.000000,911_calls,2024-08-06 23:47:00,Tuesday,23,8,3.0
call_4008,40.74298079600004,-73.98323505999997,75M,75M,2024-08-05T00:48:00.000000,911_calls,2024-08-05 00:48:00,Monday,0,8,3.0
call_4009,40.57807293500008,-74.00093020499997,34W6,34W6,2024-08-04T01:49:00.000000,911_calls,2024-08-04 01:49:00,Sunday,1,8,3.0
call_4010,40.67507057200004,-73.93749973899997,44H1,44H1,2024-08-03T02:50:00.000000,911_calls,2024-08-03 02:50:00,Saturday,2,8,3.0
call_4011,40.710389571000064,-73.98338753599995,75D,75D,2024-08-02T03:51:00.000000,911_calls,2024-08-02 03:51:00,Friday,3,8,3.0
call_4012,40.67398674700007,-73.97421094399994,75Z,75Z,2024-08-01T04:52:00.000000,911_calls,2024-08-01 04:52:00,Thursday,4,8,3.0
call_4013,40.68086581500006,-73.92539452199998,10S4,10S4,2024-07-31T05:53:00.000000,911_calls,2024-07-31 05:53:00,Wednesday,5,7,3.0
call_4014,40.66434890700003,-73.76778324099996,52K1,52K1,2024-07-30T06:54:00.000000,911_calls,2024-07-30 06:54:00,Tuesday,6,7,3.0
call_4015,40.64524229300008,-74.01700992999997,68Q1,68Q1,2025-07-29T07:55:00.000000,911_calls,2025-07-29 07:55:00,Tuesday,7,7,3.0
call_4016,40.65495097100006,-73.96172317299994,10H2,10H2,2025-07-28T08:56:00.000000,911_calls,2025-07-28 08:56:00,Monday,8,7,3.0
call_4017,40.833290075000036,-73.87248917799997,39Q2,39Q2,2025-07-27T09:57:00.000000,911_calls,2025-07-27 09:57:00,Sunday,9,7,3.0
call_4018,40.80797500500006,-73.93902215599996,68Q1,68Q1,2025-07-26T10:58:00.000000,911_calls,2025-07-26 10:58:00,Saturday,10,7,3.0
call_4019,40.731352550000054,-73.86005569999998,11C4,11C4,2025-07-25T11:59:00.000000,911_calls,2025-07-25 11:59:00,Friday,11,7,3.0
call_4020,40.61559321100003,-73.91150292799995,68Q1,68Q1,2025-07-24T12:00:00.000000,911_calls,2025-07-24 12:00:00,Thursday,12,7,3.0
call_4021,40.718862666000064,-73.95343256999996,54S1,54S1,2025-07-23T13:01:00.000000,911_calls,2025-07-23 13:01:00,Wednesday,13,7,3.0
call_4022,40.70880010600007,-73.93577646499995,39H2,39H2,2025-07-22T14:02:00.000000,911_calls,2025-07-22 14:02:00,Tuesday,14,7,3.0
call_4023,40.86802685400005,-73.89698312799999,39Q9,39Q9,2025-07-21T15:03:00.000000,911_calls,2025-07-21 15:03:00,Monday,15,7,3.0
call_4024,40.74563068700007,-73.99824751199998,50G9,50G9,2025-07-20T16:04:00.000000,911_calls,2025-07-20 16:04:00,Sunday,16,7,3.0
call_4025,40.68004618900005,-73.84831608899998,39C2,39C2,2025-07-19T17:05:00.000000,911_calls,2025-07-19 17:05:00,Saturday,17,7,3.0
call_4026,40.71222701800008,-73.73159204599995,54U2,54U2,2025-07-18T18:06:00.000000,911_calls,2025-07-18 18:06:00,Friday,18,7,3.0
call_4027,40.82100441500006,-73.89092463699996,75S,75S,2025-07-17T19:07:00.000000,911_calls,2025-07-17 19:07:00,Thursday,19,7,3.0
call_4028,40.59125910400007,-73.95685928899996,54U2,54U2,2025-07-16T20:08:00.000000,911_calls,2025-07-16 20:08:00,Wednesday,20,7,3.0
call_4029,40.72652070100003,-73.98463905999995,34K2,34K2,2025-07-15T21:09:00.000000,911_calls,2025-07-15 21:09:00,Tuesday,21,7,3.0
call_4030,40.63242975400004,-73.94722400499995,75Z,75Z,2025-07-14T22:10:00.000000,911_calls,2025-07-14 22:10:00,Monday,22,7,3.0
call_4031,40.62703424500006,-74.00940038999994,68Q1,68Q1,2025-07-13T23:11:00.000000,911_calls,2025-07-13 23:11:00,Sunday,23,7,3.0
call_4032,40.71005567100008,-74.00739939599998,75D,75D,2025-07-12T00:12:00.000000,911_calls,2025-07-12 00:12:00,Saturday,0,7,3.0
call_4033,40.670004583000036,-73.90984821499995,75D,75D,2025-07-11T01:13:00.000000,911_calls,2025-07-11 01:13:00,Friday,1,7,3.0
call_4034,40.827899467000066,-73.92588369299995,75M,75M,2025-07-10T02:14:00.000000,911_calls,2025-07-10 02:14:00,Thursday,2,7,3.0
call_4035,40.75664204200007,-73.98837157699995,39H9,39H9,2025-07-09T03:15:00.000000,911_calls,2025-07-09 03:15:00,Wednesday,3,7,3.0
call_4036,40.65462789000003,-74.00418568699996,75S,75S,2025-07-08T04:16:00.000000,911_calls,2025-07-08 04:16:00,Tuesday,4,7,3.0
call_4037,40.868164954000065,-73.92267880499998,31R,31R,2025-07-07T05:17:00.000000,911_calls,2025-07-07 05:17:00,Monday,5,7,3.0
call_4038,40.66824369500006,-73.85915715199997,52D6,52D6,2025-07-06T06:18:00.000000,911_calls,2025-07-06 06:18:00,Sunday,6,7,3.0
call_4039,40.70042942600003,-73.80820890199993,75S,75S,2025-07-05T07:19:00.000000,911_calls,2025-07-05 07:19:00,Saturday,7,7,3.0
call_4040,40.81602577600006,-73.91773211999998,75S,75S,2025-07-04T08:20:00.000000,911_calls,2025-07-04 08:20:00,Friday,8,7,3.0
call_4041,40.630250957000044,-74.16321390799999,75I,75I,2025-07-03T09:21:00.000000,911_calls,2025-07-03 09:21:00,Thursday,9,7,3.0
call_4042,40.67032031800005,-73.90651690599998,54C1,54C1,2025-07-02T10:22:00.000000,911_calls,2025-07-02 10:22:00,Wednesday,10,7,3.0
call_4043,40.65903333800003,-73.99939953599994,68Q1,68Q1,2025-07-01T11:23:00.000000,911_calls,2025-07-01 11:23:00,Tuesday,11,7,3.0
call_4044,40.63766672600008,-73.91880593499997,32V2,32V2,2025-06-30T12:24:00.000000,911_calls,2025-06-30 12:24:00,Monday,12,6,3.0
call_4045,40.875976079000054,-73.86554053199995,54E1,54E1,2025-06-29T13:25:00.000000,911_calls,2025-06-29 13:25:00,Sunday,13,6,3.0
call_4046,40.875976079000054,-73.86554053199995,54E1,54E1,2025-06-28T14:26:00.000000,911_calls,2025-06-28 14:26:00,Saturday,14,6,3.0
call_4047,40.694876333000025,-73.98467519899998,68Q1,68Q1,2025-06-27T15:27:00.000000,911_calls,2025-06-27 15:27:00,Friday,15,6,3.0
call_4048,40.56539505300003,-74.11191815299998,50P1,50P1,2025-06-26T16:28:00.000000,911_calls,2025-06-26 16:28:00,Thursday,16,6,3.0
call_4049,40.663959083000066,-73.93157352999998,68Q1,68Q1,2025-06-25T17:29:00.000000,911_calls,2025-06-25 17:29:00,Wednesday,17,6,3.0
call_4050,40.70222858500006,-73.80091121599997,54E9,54E9,2025-06-24T18:30:00.000000,911_calls,2025-06-24 18:30:00,Tuesday,18,6,3.0
call_4051,40.81602577600006,-73.91773211999998,54S9,54S9,2025-06-23T19:31:00.000000,911_calls,2025-06-23 19:31:00,Monday,19,6,3.0
call_4052,40.706341131000045,-73.77319505399998,54E2,54E2,2025-06-22T20:32:00.000000,911_calls,2025-06-22 20:32:00,Sunday,20,6,3.0
call_4053,40.706341131000045,-73.77319505399998,54E2,54E2,2025-06-21T21:33:00.000000,911_calls,2025-06-21 21:33:00,Saturday,21,6,3.0
call_4054,40.80546854800008,-73.96384004499998,52D6,52D6,2025-06-20T22:34:00.000000,911_calls,2025-06-20 22:34:00,Friday,22,6,3.0
call_4055,40.62503589000005,-73.96278502499996,68Q1,68Q1,2025-06-19T23:35:00.000000,911_calls,2025-06-19 23:35:00,Thursday,23,6,3.0
call_4056,40.63011587600005,-73.96091600599993,68Q1,68Q1,2025-06-18T00:36:00.000000,911_calls,2025-06-18 00:36:00,Wednesday,0,6,3.0
call_4057,40.63744490100004,-73.94814242399997,68Q1,68Q1,2025-06-17T01:37:00.000000,911_calls,2025-06-17 01:37:00,Tuesday,1,6,3.0
call_4058,40.61873787900004,-74.03299633099994,68Q1,68Q1,2025-06-16T02:38:00.000000,911_calls,2025-06-16 02:38:00,Monday,2,6,3.0
call_4059,40.71239662200003,-73.78490845799996,75S,75S,2025-06-15T03:39:00.000000,911_calls,2025-06-15 03:39:00,Sunday,3,6,3.0
call_4060,40.63403548700006,-73.94729118999999,68Q1,68Q1,2025-06-14T04:40:00.000000,911_calls,2025-06-14 04:40:00,Saturday,4,6,3.0
call_4061,40.57628456500004,-73.98139061299997,75O,75O,2025-06-13T05:41:00.000000,911_calls,2025-06-13 05:41:00,Friday,5,6,3.0
call_4062,40.66552063200004,-73.95299760699999,34Q6,34Q6,2025-06-12T06:42:00.000000,911_calls,2025-06-12 06:42:00,Thursday,6,6,3.0
call_4063,40.88263546300004,-73.88394158699998,52D6,52D6,2025-06-11T07:43:00.000000,911_calls,2025-06-11 07:43:00,Wednesday,7,6,3.0
call_4064,40.84030289200007,-73.91787557399994,75S,75S,2025-06-10T08:44:00.000000,911_calls,2025-06-10 08:44:00,Tuesday,8,6,3.0
call_4065,40.68031206000006,-73.98118852999994,68Q1,68Q1,2025-06-09T09:45:00.000000,911_calls,2025-06-09 09:45:00,Monday,9,6,3.0
call_4066,40.705628483000055,-73.81014159699998,75S,75S,2025-06-08T10:46:00.000000,911_calls,2025-06-08 10:46:00,Sunday,10,6,3.0
call_4067,40.608288909000066,-73.81617002399997,75T,75T,2025-06-07T11:47:00.000000,911_calls,2025-06-07 11:47:00,Saturday,11,6,3.0
call_4068,40.84159462000008,-73.85538925299994,39H2,39H2,2025-06-06T12:48:00.000000,911_calls,2025-06-06 12:48:00,Friday,12,6,3.0
call_4069,40.65896541200004,-73.97826790999994,10Y3,10Y3,2025-06-05T13:49:00.000000,911_calls,2025-06-05 13:49:00,Thursday,13,6,3.0
call_4070,40.75273446700004,-73.97654816699998,75S,75S,2025-06-04T14:50:00.000000,911_calls,2025-06-04 14:50:00,Wednesday,14,6,3.0
call_4071,40.84159462000008,-73.85538925299994,39H2,39H2,2025-06-03T15:51:00.000000,911_calls,2025-06-03 15:51:00,Tuesday,15,6,3.0
call_4072,40.69010327500007,-73.98542272099996,75T,75T,2025-06-02T16:52:00.000000,911_calls,2025-06-02 16:52:00,Monday,16,6,3.0
call_4073,40.84164276700005,-73.94106580999994,34W1,34W1,2025-06-01T17:53:00.000000,911_calls,2025-06-01 17:53:00,Sunday,17,6,3.0
call_4074,40.645781412000076,-73.99481236999998,75T,75T,2025-05-31T18:54:00.000000,911_calls,2025-05-31 18:54:00,Saturday,18,5,3.0
call_4075,40.69010327500007,-73.98542272099996,75T,75T,2025-05-30T19:55:00.000000,911_calls,2025-05-30 19:55:00,Friday,19,5,3.0
call_4076,40.87367103500003,-73.90801364899994,11C4,11C4,2025-05-29T20:56:00.000000,911_calls,2025-05-29 20:56:00,Thursday,20,5,3.0
call_4077,40.81540818000008,-73.93990768499998,75D,75D,2025-05-28T21:57:00.000000,911_calls,2025-05-28 21:57:00,Wednesday,21,5,3.0
call_4078,40.834068925000054,-73.87954528799997,54U1,54U1,2025-05-27T22:58:00.000000,911_calls,2025-05-27 22:58:00,Tuesday,22,5,3.0
call_4079,40.76996654700008,-73.95898910399995,54S1,54S1,2025-05-26T23:59:00.000000,911_calls,2025-05-26 23:59:00,Monday,23,5,3.0
call_4080,40.734961457000054,-73.99048985099995,75S,75S,2025-05-25T00:00:00.000000,911_calls,2025-05-25 00:00:00,Sunday,0,5,3.0
call_4081,40.681419961000074,-73.92493600999995,75I,75I,2025-05-24T01:01:00.000000,911_calls,2025-05-24 01:01:00,Saturday,1,5,3.0
call_4082,40.67920146200004,-74.01074171599998,75D,75D,2025-05-23T02:02:00.000000,911_calls,2025-05-23 02:02:00,Friday,2,5,3.0
call_4083,40.65495241700006,-73.95800022199995,68Q1,68Q1,2025-05-22T03:03:00.000000,911_calls,2025-05-22 03:03:00,Thursday,3,5,3.0
call_4084,40.74296235400004,-73.95527424799997,54S1,54S1,2025-05-21T04:04:00.000000,911_calls,2025-05-21 04:04:00,Wednesday,4,5,3.0
call_4085,40.83091144300005,-73.86613749699995,34Q1,34Q1,2025-05-20T05:05:00.000000,911_calls,2025-05-20 05:05:00,Tuesday,5,5,3.0
call_4086,40.746445462000054,-73.88163812199997,10H1,10H1,2025-05-19T06:06:00.000000,911_calls,2025-05-19 06:06:00,Monday,6,5,3.0
call_4087,40.690563893000046,-73.98187797899999,75S,75S,2025-05-18T07:07:00.000000,911_calls,2025-05-18 07:07:00,Sunday,7,5,3.0
call_4088,40.818400531000066,-73.90424956199996,39H1,39H1,2025-05-17T08:08:00.000000,911_calls,2025-05-17 08:08:00,Saturday,8,5,3.0
call_4089,40.76539747500004,-73.98570226399994,54Q1,54Q1,2025-05-16T09:09:00.000000,911_calls,2025-05-16 09:09:00,Friday,9,5,3.0
call_4090,40.64005664300004,-74.07837493799997,52D1,52D1,2025-05-15T10:10:00.000000,911_calls,2025-05-15 10:10:00,Thursday,10,5,3.0
call_4091,40.83473616200007,-73.91723919599997,24Q1,24Q1,2025-05-14T11:11:00.000000,911_calls,2025-05-14 11:11:00,Wednesday,11,5,3.0
call_4092,40.63175124700007,-73.94605003999999,10V2,10V2,2025-05-13T12:12:00.000000,911_calls,2025-05-13 12:12:00,Tuesday,12,5,3.0
call_4093,40.74573899500007,-73.83030229599996,52D2,52D2,2025-05-12T13:13:00.000000,911_calls,2025-05-12 13:13:00,Monday,13,5,3.0
call_4094,40.67789419500008,-73.74560692199998,10V2,10V2,2025-05-11T14:14:00.000000,911_calls,2025-05-11 14:14:00,Sunday,14,5,3.0
call_4095,40.667554464000034,-73.94097810699998,75D,75D,2025-05-10T15:15:00.000000,911_calls,2025-05-10 15:15:00,Saturday,15,5,3.0
call_4096,40.645781412000076,-73.99481236999998,75T,75T,2025-05-09T16:16:00.000000,911_calls,2025-05-09 16:16:00,Friday,16,5,3.0
call_4097,40.68086581500006,-73.92539452199998,75I,75I,2025-05-08T17:17:00.000000,911_calls,2025-05-08 17:17:00,Thursday,17,5,3.0
call_4098,40.672522334000064,-73.89167216099997,53S,53S,2025-05-07T18:18:00.000000,911_calls,2025-05-07 18:18:00,Wednesday,18,5,3.0
call_4099,40.67678594100005,-73.97216571499996,11C4,11C4,2025-05-06T19:19:00.000000,911_calls,2025-05-06 19:19:00,Tuesday,19,5,3.0
call_4100,40.72945001800008,-73.99084422499999,50P2,50P2,2025-05-05T20:20:00.000000,911_calls,2025-05-05 20:20:00,Monday,20,5,3.0
call_4101,40.57628456500004,-73.98139061299997,75S,75S,2025-05-04T21:21:00.000000,911_calls,2025-05-04 21:21:00,Sunday,21,5,3.0
call_4102,40.824178317000076,-73.89802295699997,24W6,24W6,2025-05-03T22:22:00.000000,911_calls,2025-05-03 22:22:00,Saturday,22,5,3.0
call_4103,40.677628782000056,-73.97298375299994,75S,75S,2025-05-02T23:23:00.000000,911_calls,2025-05-02 23:23:00,Friday,23,5,3.0
call_4104,40.81985894200005,-73.91605458499998,10Y3,10Y3,2025-05-01T00:24:00.000000,911_calls,2025-05-01 00:24:00,Thursday,0,5,3.0
call_4105,40.68309374300003,-73.72917460199994,54E1,54E1,2025-04-30T01:25:00.000000,911_calls,2025-04-30 01:25:00,Wednesday,1,4,3.0
call_4106,40.68309374300003,-73.72917460199994,54E1,54E1,2025-04-29T02:26:00.000000,911_calls,2025-04-29 02:26:00,Tuesday,2,4,3.0
call_4107,40.730888367000034,-73.99216460199995,56S9,56S9,2025-04-28T03:27:00.000000,911_calls,2025-04-28 03:27:00,Monday,3,4,3.0
call_4108,40.670634935000066,-73.98839738399994,56S9,56S9,2025-04-27T04:28:00.000000,911_calls,2025-04-27 04:28:00,Sunday,4,4,3.0
call_4109,40.66322449000006,-73.94944522199995,75S,75S,2025-04-26T05:29:00.000000,911_calls,2025-04-26 05:29:00,Saturday,5,4,3.0
call_4110,40.79057858900006,-73.97490250399994,10V2,10V2,2025-04-25T06:30:00.000000,911_calls,2025-04-25 06:30:00,Friday,6,4,3.0
call_4111,40.633965370000055,-73.96494537899997,52D2,52D2,2025-04-24T07:31:00.000000,911_calls,2025-04-24 07:31:00,Thursday,7,4,3.0
call_4112,40.73406297500003,-73.88619214099998,10H1,10H1,2025-04-23T08:32:00.000000,911_calls,2025-04-23 08:32:00,Wednesday,8,4,3.0
call_4113,40.76609468700008,-73.96181092199998,68Q1,68Q1,2025-04-22T09:33:00.000000,911_calls,2025-04-22 09:33:00,Tuesday,9,4,3.0
call_4114,40.665295695000054,-73.92275175799995,54E9,54E9,2025-04-21T10:34:00.000000,911_calls,2025-04-21 10:34:00,Monday,10,4,3.0
call_4115,40.665295695000054,-73.92275175799995,54E9,54E9,2025-04-20T11:35:00.000000,911_calls,2025-04-20 11:35:00,Sunday,11,4,3.0
call_4116,40.700511239000036,-73.94154039399996,24K1,24K1,2025-04-19T12:36:00.000000,911_calls,2025-04-19 12:36:00,Saturday,12,4,3.0
call_4117,40.878711268000075,-73.87928721899993,54S2,54S2,2025-04-18T13:37:00.000000,911_calls,2025-04-18 13:37:00,Friday,13,4,3.0
call_4118,40.878711268000075,-73.87928721899993,54S2,54S2,2025-04-17T14:38:00.000000,911_calls,2025-04-17 14:38:00,Thursday,14,4,3.0
call_4119,40.759275658000035,-73.82999347399993,11C4,11C4,2025-04-16T15:39:00.000000,911_calls,2025-04-16 15:39:00,Wednesday,15,4,3.0
call_4120,40.701374902000055,-73.90678712799996,68Q1,68Q1,2025-04-15T16:40:00.000000,911_calls,2025-04-15 16:40:00,Tuesday,16,4,3.0
call_4121,40.80575525300003,-73.96808781699997,75D,75D,2025-04-14T17:41:00.000000,911_calls,2025-04-14 17:41:00,Monday,17,4,3.0
call_4122,40.76542060300005,-73.74365893499998,75D,75D,2025-04-13T18:42:00.000000,911_calls,2025-04-13 18:42:00,Sunday,18,4,3.0
call_4123,40.67906840200004,-73.90376820299997,75M,75M,2025-04-12T19:43:00.000000,911_calls,2025-04-12 19:43:00,Saturday,19,4,3.0
call_4124,40.65267673200003,-73.89673542399998,54S1,54S1,2025-04-11T20:44:00.000000,911_calls,2025-04-11 20:44:00,Friday,20,4,3.0
call_4125,40.862441568000065,-73.89119650999999,54U1,54U1,2025-04-10T21:45:00.000000,911_calls,2025-04-10 21:45:00,Thursday,21,4,3.0
call_4126,40.674623610000026,-74.00398505899994,68Q1,68Q1,2025-04-09T22:46:00.000000,911_calls,2025-04-09 22:46:00,Wednesday,22,4,3.0
call_4127,40.65046717200005,-73.95726787499996,52D2,52D2,2025-04-08T23:47:00.000000,911_calls,2025-04-08 23:47:00,Tuesday,23,4,3.0
call_4128,40.67538395200006,-74.00262236699996,68Q1,68Q1,2025-04-07T00:48:00.000000,911_calls,2025-04-07 00:48:00,Monday,0,4,3.0
call_4129,40.60583327200004,-73.75490296099997,39V1,39V1,2025-04-06T01:49:00.000000,911_calls,2025-04-06 01:49:00,Sunday,1,4,3.0
call_4130,40.64456990200006,-73.90455666599996,54S1,54S1,2025-04-05T02:50:00.000000,911_calls,2025-04-05 02:50:00,Saturday,2,4,3.0
call_4131,40.82445246300006,-73.94074500599999,54S1,54S1,2025-04-04T03:51:00.000000,911_calls,2025-04-04 03:51:00,Friday,3,4,3.0
call_4132,40.68344523900004,-73.86927470199998,50G2,50G2,2025-04-03T04:52:00.000000,911_calls,2025-04-03 04:52:00,Thursday,4,4,3.0
call_4133,40.64396517000006,-73.95833865199995,59C,59C,2025-04-02T05:53:00.000000,911_calls,2025-04-02 05:53:00,Wednesday,5,4,3.0
call_4134,40.60630893000007,-73.97597655599998,53S,53S,2025-04-01T06:54:00.000000,911_calls,2025-04-01 06:54:00,Tuesday,6,4,3.0
call_4135,40.66512493100004,-73.95898867799997,75D,75D,2025-03-31T07:55:00.000000,911_calls,2025-03-31 07:55:00,Monday,7,3,3.0
call_4136,40.62515914200003,-73.93216807899995,39H1,39H1,2025-03-30T08:56:00.000000,911_calls,2025-03-30 08:56:00,Sunday,8,3,3.0
call_4137,40.721595852000064,-73.94580053999994,50P2,50P2,2025-03-29T09:57:00.000000,911_calls,2025-03-29 09:57:00,Saturday,9,3,3.0
call_4138,40.71778515700004,-74.00063274399997,53I,53I,2025-03-28T10:58:00.000000,911_calls,2025-03-28 10:58:00,Friday,10,3,3.0
call_4139,40.75107189400006,-73.96820063099995,75D,75D,2025-03-27T11:59:00.000000,911_calls,2025-03-27 11:59:00,Thursday,11,3,3.0
call_4140,40.69966937300006,-73.85102315699999,52D6,52D6,2025-03-26T12:00:00.000000,911_calls,2025-03-26 12:00:00,Wednesday,12,3,3.0
call_4141,40.71056063800006,-74.00840581199998,50P1,50P1,2025-03-25T13:01:00.000000,911_calls,2025-03-25 13:01:00,Tuesday,13,3,3.0
call_4142,40.639718139000024,-74.09419977799996,34W1,34W1,2025-03-24T14:02:00.000000,911_calls,2025-03-24 14:02:00,Monday,14,3,3.0
call_4143,40.67604827000008,-73.95660616199996,34Q2,34Q2,2025-03-23T15:03:00.000000,911_calls,2025-03-23 15:03:00,Sunday,15,3,3.0
call_4144,40.64456990200006,-73.90455666599996,54U1,54U1,2025-03-22T16:04:00.000000,911_calls,2025-03-22 16:04:00,Saturday,16,3,3.0
call_4145,40.64456990200006,-73.90455666599996,54U1,54U1,2025-03-21T17:05:00.000000,911_calls,2025-03-21 17:05:00,Friday,17,3,3.0
call_4146,40.81602577600006,-73.91773211999998,75S,75S,2025-03-20T18:06:00.000000,911_calls,2025-03-20 18:06:00,Thursday,18,3,3.0
call_4147,40.68365977800005,-73.85154206999994,10Y3,10Y3,2025-03-19T19:07:00.000000,911_calls,2025-03-19 19:07:00,Wednesday,19,3,3.0
call_4148,40.84566696100006,-73.88380729499994,52D1,52D1,2025-03-18T20:08:00.000000,911_calls,2025-03-18 20:08:00,Tuesday,20,3,3.0
call_4149,40.69098523100007,-73.99700128199999,68Q1,68Q1,2025-03-17T21:09:00.000000,911_calls,2025-03-17 21:09:00,Monday,21,3,3.0
call_4150,40.70254187100005,-73.79955059199995,75T,75T,2025-03-16T22:10:00.000000,911_calls,2025-03-16 22:10:00,Sunday,22,3,3.0
call_4151,40.80209197100004,-73.93700122199994,52D1,52D1,2025-03-15T23:11:00.000000,911_calls,2025-03-15 23:11:00,Saturday,23,3,3.0
call_4152,40.85803782500005,-73.88988784599997,56S,56S,2025-03-14T00:12:00.000000,911_calls,2025-03-14 00:12:00,Friday,0,3,3.0
call_4153,40.68786431700005,-73.94939048399993,54C1,54C1,2025-03-13T01:13:00.000000,911_calls,2025-03-13 01:13:00,Thursday,1,3,3.0
call_4154,40.747749268000064,-73.97317547199998,75D,75D,2025-03-12T02:14:00.000000,911_calls,2025-03-12 02:14:00,Wednesday,2,3,3.0
call_4155,40.63545319600007,-73.95043545799996,68Q1,68Q1,2025-03-11T03:15:00.000000,911_calls,2025-03-11 03:15:00,Tuesday,3,3,3.0
call_4156,40.687029720000055,-73.99120341199995,75T,75T,2025-03-10T04:16:00.000000,911_calls,2025-03-10 04:16:00,Monday,4,3,3.0
call_4157,40.63545319600007,-73.95043545799996,68Q1,68Q1,2025-03-09T05:17:00.000000,911_calls,2025-03-09 05:17:00,Sunday,5,3,3.0
call_4158,40.64702003900004,-73.95812413299996,68Q1,68Q1,2025-03-08T06:18:00.000000,911_calls,2025-03-08 06:18:00,Saturday,6,3,3.0
call_4159,40.64702003900004,-73.95812413299996,68Q1,68Q1,2025-03-07T07:19:00.000000,911_calls,2025-03-07 07:19:00,Friday,7,3,3.0
call_4160,40.67032031800005,-73.90651690599998,52K1,52K1,2025-03-06T08:20:00.000000,911_calls,2025-03-06 08:20:00,Thursday,8,3,3.0
call_4161,40.821236836000026,-73.94309272199996,34Q7,34Q7,2025-03-05T09:21:00.000000,911_calls,2025-03-05 09:21:00,Wednesday,9,3,3.0
call_4162,40.71195968500007,-73.92715245099998,68Q1,68Q1,2025-03-04T10:22:00.000000,911_calls,2025-03-04 10:22:00,Tuesday,10,3,3.0
call_4163,40.68872534800005,-73.96142253099998,75D,75D,2025-03-03T11:23:00.000000,911_calls,2025-03-03 11:23:00,Monday,11,3,3.0
call_4164,40.81540818000008,-73.93990768499998,75D,75D,2025-03-02T12:24:00.000000,911_calls,2025-03-02 12:24:00,Sunday,12,3,3.0
call_4165,40.58095849000006,-73.83778063799997,75S,75S,2025-03-01T13:25:00.000000,911_calls,2025-03-01 13:25:00,Saturday,13,3,3.0
call_4166,40.69707925700004,-73.90668494499994,10H2,10H2,2025-02-28T14:26:00.000000,911_calls,2025-02-28 14:26:00,Friday,14,2,3.0
call_4167,40.75273446700004,-73.97654816699998,75M,75M,2025-02-27T15:27:00.000000,911_calls,2025-02-27 15:27:00,Thursday,15,2,3.0
call_4168,40.87858732800004,-73.87127045499994,75Z,75Z,2025-02-26T16:28:00.000000,911_calls,2025-02-26 16:28:00,Wednesday,16,2,3.0
call_4169,40.82100441500006,-73.89092463699996,54S9,54S9,2025-02-25T17:29:00.000000,911_calls,2025-02-25 17:29:00,Tuesday,17,2,3.0
call_4170,40.87907720700008,-73.88835590899998,29C,29C,2025-02-24T18:30:00.000000,911_calls,2025-02-24 18:30:00,Monday,18,2,3.0
call_4171,40.72525633500004,-73.99636476499995,10N9,10N9,2025-02-23T19:31:00.000000,911_calls,2025-02-23 19:31:00,Sunday,19,2,3.0
call_4172,40.85765340100005,-73.89561464899998,39H1,39H1,2025-02-22T20:32:00.000000,911_calls,2025-02-22 20:32:00,Saturday,20,2,3.0
call_4173,40.85864292300005,-73.88554515899995,39C1,39C1,2025-02-21T21:33:00.000000,911_calls,2025-02-21 21:33:00,Friday,21,2,3.0
call_4174,40.610468884000056,-73.95412045199998,11C4,11C4,2025-02-20T22:34:00.000000,911_calls,2025-02-20 22:34:00,Thursday,22,2,3.0
call_4175,40.86945743100006,-73.83203303499994,50P2,50P2,2025-02-19T23:35:00.000000,911_calls,2025-02-19 23:35:00,Wednesday,23,2,3.0
call_4176,40.78032447800007,-73.94422175899996,10P1,10P1,2025-02-18T00:36:00.000000,911_calls,2025-02-18 00:36:00,Tuesday,0,2,3.0
call_4177,40.65148911000006,-73.83994803799999,11R4,11R4,2025-02-17T01:37:00.000000,911_calls,2025-02-17 01:37:00,Monday,1,2,3.0
call_4178,40.74613650800006,-73.77130561999996,68Q1,68Q1,2025-02-16T02:38:00.000000,911_calls,2025-02-16 02:38:00,Sunday,2,2,3.0
call_4179,40.732828332000054,-73.98606285699998,52D6,52D6,2025-02-15T03:39:00.000000,911_calls,2025-02-15 03:39:00,Saturday,3,2,3.0
call_4180,40.729963292000036,-73.99090549299996,75M,75M,2025-02-14T04:40:00.000000,911_calls,2025-02-14 04:40:00,Friday,4,2,3.0
call_4181,40.73835958500007,-73.97364835999997,53I8,53I8,2025-02-13T05:41:00.000000,911_calls,2025-02-13 05:41:00,Thursday,5,2,3.0
call_4182,40.62270801300008,-73.92338101199994,68Q1,68Q1,2025-02-12T06:42:00.000000,911_calls,2025-02-12 06:42:00,Wednesday,6,2,3.0
call_4183,40.85736012000007,-73.88728979099994,50G2,50G2,2025-02-11T07:43:00.000000,911_calls,2025-02-11 07:43:00,Tuesday,7,2,3.0
call_4184,40.76029866700003,-73.96455763099993,59R4,59R4,2025-02-10T08:44:00.000000,911_calls,2025-02-10 08:44:00,Monday,8,2,3.0
call_4185,40.67836827600007,-73.90352044899998,75S,75S,2025-02-09T09:45:00.000000,911_calls,2025-02-09 09:45:00,Sunday,9,2,3.0
call_4186,40.664279563000036,-73.93047382199995,68Q1,68Q1,2025-02-08T10:46:00.000000,911_calls,2025-02-08 10:46:00,Saturday,10,2,3.0
call_4187,40.70662208500005,-74.00534673999994,54U2,54U2,2025-02-07T11:47:00.000000,911_calls,2025-02-07 11:47:00,Friday,11,2,3.0
call_4188,40.905184682000026,-73.89724749899995,54S2,54S2,2025-02-06T12:48:00.000000,911_calls,2025-02-06 12:48:00,Thursday,12,2,3.0
call_4189,40.762663211000074,-73.98212549399994,22V2,22V2,2025-02-05T13:49:00.000000,911_calls,2025-02-05 13:49:00,Wednesday,13,2,3.0
call_4190,40.835945011000035,-73.94158401799996,34W1,34W1,2025-02-04T14:50:00.000000,911_calls,2025-02-04 14:50:00,Tuesday,14,2,3.0
call_4191,40.68431055700006,-73.86990398699999,10H1,10H1,2025-02-03T15:51:00.000000,911_calls,2025-02-03 15:51:00,Monday,15,2,3.0
call_4192,40.59316063400007,-73.77792911299997,50P1,50P1,2025-02-02T16:52:00.000000,911_calls,2025-02-02 16:52:00,Sunday,16,2,3.0
call_4193,40.72198647500005,-73.98552397799995,39H1,39H1,2025-02-01T17:53:00.000000,911_calls,2025-02-01 17:53:00,Saturday,17,2,3.0
call_4194,40.80750500700003,-73.92406052799998,34Q6,34Q6,2025-01-31T18:54:00.000000,911_calls,2025-01-31 18:54:00,Friday,18,1,3.0
call_4195,40.75516393300006,-73.80564019999997,34K1,34K1,2025-01-30T19:55:00.000000,911_calls,2025-01-30 19:55:00,Thursday,19,1,3.0
call_4196,40.725890366000044,-74.00388349899998,75D,75D,2025-01-29T20:56:00.000000,911_calls,2025-01-29 20:56:00,Wednesday,20,1,3.0
call_4197,40.700903640000035,-73.90446159199996,54U2,54U2,2025-01-28T21:57:00.000000,911_calls,2025-01-28 21:57:00,Tuesday,21,1,3.0
call_4198,40.80025258300003,-73.94140946199997,10V2,10V2,2025-01-27T22:58:00.000000,911_calls,2025-01-27 22:58:00,Monday,22,1,3.0
call_4199,40.67505367800004,-73.97091546699994,75T,75T,2025-01-26T23:59:00.000000,911_calls,2025-01-26 23:59:00,Sunday,23,1,3.0
call_4200,40.69356956300004,-73.98283638599997,75I,75I,2025-01-25T00:00:00.000000,911_calls,2025-01-25 00:00:00,Saturday,0,1,3.0
call_4201,40.75231007200006,-73.83416554499996,11C4,11C4,2025-01-24T01:01:00.000000,911_calls,2025-01-24 01:01:00,Friday,1,1,3.0
call_4202,40.743142026000044,-73.91773550399995,10Y3,10Y3,2025-01-23T02:02:00.000000,911_calls,2025-01-23 02:02:00,Thursday,2,1,3.0
call_4203,40.873377987000026,-73.88708546399994,75S,75S,2025-01-22T03:03:00.000000,911_calls,2025-01-22 03:03:00,Wednesday,3,1,3.0
call_4204,40.68513918700006,-73.93398561099997,34Q6,34Q6,2025-01-21T04:04:00.000000,911_calls,2025-01-21 04:04:00,Tuesday,4,1,3.0
call_4205,40.670634935000066,-73.98839738399994,75S,75S,2025-01-20T05:05:00.000000,911_calls,2025-01-20 05:05:00,Monday,5,1,3.0
call_4206,40.709373613000025,-73.92218848999994,68Q2,68Q2,2025-01-19T06:06:00.000000,911_calls,2025-01-19 06:06:00,Sunday,6,1,3.0
call_4207,40.795119845000045,-73.84811168599998,52D2,52D2,2025-01-18T07:07:00.000000,911_calls,2025-01-18 07:07:00,Saturday,7,1,3.0
call_4208,40.51692162400008,-74.20528339999998,11R4,11R4,2025-01-17T08:08:00.000000,911_calls,2025-01-17 08:08:00,Friday,8,1,3.0
call_4209,40.818046948000074,-73.95424470599994,52D6,52D6,2025-01-16T09:09:00.000000,911_calls,2025-01-16 09:09:00,Thursday,9,1,3.0
call_4210,40.74705075800006,-73.89147157999997,75M,75M,2025-01-15T10:10:00.000000,911_calls,2025-01-15 10:10:00,Wednesday,10,1,3.0
call_4211,40.62380968000008,-73.90964763699998,68Q1,68Q1,2025-01-14T11:11:00.000000,911_calls,2025-01-14 11:11:00,Tuesday,11,1,3.0
call_4212,40.75664204200007,-73.98837157699995,75S,75S,2025-01-13T12:12:00.000000,911_calls,2025-01-13 12:12:00,Monday,12,1,3.0
call_4213,40.74299740600003,-73.98423468699997,68Q1,68Q1,2025-01-12T13:13:00.000000,911_calls,2025-01-12 13:13:00,Sunday,13,1,3.0
call_4214,40.87745403900004,-73.86667299299995,75S,75S,2025-01-11T14:14:00.000000,911_calls,2025-01-11 14:14:00,Saturday,14,1,3.0
call_4215,40.800360728000044,-73.94361623299994,52D1,52D1,2025-01-10T15:15:00.000000,911_calls,2025-01-10 15:15:00,Friday,15,1,3.0
call_4216,40.802029582000046,-73.94967572299998,39C2,39C2,2025-01-09T16:16:00.000000,911_calls,2025-01-09 16:16:00,Thursday,16,1,3.0
call_4217,40.647440231000076,-73.95879053699997,68Q1,68Q1,2025-01-08T17:17:00.000000,911_calls,2025-01-08 17:17:00,Wednesday,17,1,3.0
call_4218,40.88140268700005,-73.90782936999994,54C1,54C1,2025-01-07T18:18:00.000000,911_calls,2025-01-07 18:18:00,Tuesday,18,1,3.0
call_4219,40.81394740300004,-73.91314664999999,10Y3,10Y3,2025-01-06T19:19:00.000000,911_calls,2025-01-06 19:19:00,Monday,19,1,3.0
call_4220,40.65030598200008,-73.95934374799998,68Q1,68Q1,2025-01-05T20:20:00.000000,911_calls,2025-01-05 20:20:00,Sunday,20,1,3.0
call_4221,40.57847057300006,-73.95555358899998,11C4,11C4,2025-01-04T21:21:00.000000,911_calls,2025-01-04 21:21:00,Saturday,21,1,3.0
call_4222,40.86469433100007,-73.89957690799997,24Q1,24Q1,2025-01-03T22:22:00.000000,911_calls,2025-01-03 22:22:00,Friday,22,1,3.0
call_4223,40.649623646000066,-73.96263076599996,68Q1,68Q1,2025-01-02T23:23:00.000000,911_calls,2025-01-02 23:23:00,Thursday,23,1,3.0
call_4224,40.854352798000036,-73.90338085699995,52D1,52D1,2025-01-01T00:24:00.000000,911_calls,2025-01-01 00:24:00,Wednesday,0,1,3.0
call_4225,40.612388413000076,-73.99894973799996,10H1,10H1,2024-12-31T01:25:00.000000,911_calls,2024-12-31 01:25:00,Tuesday,1,12,3.0
call_4226,40.67973728700008,-73.76161495099996,10Y3,10Y3,2024-12-30T02:26:00.000000,911_calls,2024-12-30 02:26:00,Monday,2,12,3.0
call_4227,40.67906840200004,-73.90376820299997,75O,75O,2024-12-29T03:27:00.000000,911_calls,2024-12-29 03:27:00,Sunday,3,12,3.0
call_4228,40.80351927500004,-73.94233488699996,50P2,50P2,2024-12-28T04:28:00.000000,911_calls,2024-12-28 04:28:00,Saturday,4,12,3.0
call_4229,40.65168650100003,-73.95904018399995,68Q1,68Q1,2024-12-27T05:29:00.000000,911_calls,2024-12-27 05:29:00,Friday,5,12,3.0
call_4230,40.62264138900008,-74.12949959299993,10H1,10H1,2024-12-26T06:30:00.000000,911_calls,2024-12-26 06:30:00,Thursday,6,12,3.0
call_4231,40.66019610700005,-73.97056872199994,10Y3,10Y3,2024-12-25T07:31:00.000000,911_calls,2024-12-25 07:31:00,Wednesday,7,12,3.0
call_4232,40.74957445600006,-73.87385847499996,10H2,10H2,2024-12-24T08:32:00.000000,911_calls,2024-12-24 08:32:00,Tuesday,8,12,3.0
call_4233,40.674019979000036,-73.96494595799999,10H1,10H1,2024-12-23T09:33:00.000000,911_calls,2024-12-23 09:33:00,Monday,9,12,3.0
call_4234,40.75545687600004,-74.00223209299998,50G9,50G9,2024-12-22T10:34:00.000000,911_calls,2024-12-22 10:34:00,Sunday,10,12,3.0
call_4235,40.84903537100007,-73.93303499399997,68Q1,68Q1,2024-12-21T11:35:00.000000,911_calls,2024-12-21 11:35:00,Saturday,11,12,3.0
call_4236,40.65537536800008,-73.93026685899997,53I,53I,2024-12-20T12:36:00.000000,911_calls,2024-12-20 12:36:00,Friday,12,12,3.0
call_4237,40.71701193300004,-73.95861765999996,54U2,54U2,2024-12-19T13:37:00.000000,911_calls,2024-12-19 13:37:00,Thursday,13,12,3.0
call_4238,40.689648211000076,-73.92405412199997,54S1,54S1,2024-12-18T14:38:00.000000,911_calls,2024-12-18 14:38:00,Wednesday,14,12,3.0
call_4239,40.74878408500007,-73.93778427799998,75S,75S,2024-12-17T15:39:00.000000,911_calls,2024-12-17 15:39:00,Tuesday,15,12,3.0
call_4240,40.76690500600006,-73.96373101899997,68Q1,68Q1,2024-12-16T16:40:00.000000,911_calls,2024-12-16 16:40:00,Monday,16,12,3.0
call_4241,40.65114909700003,-73.89504039199994,39H1,39H1,2024-12-15T17:41:00.000000,911_calls,2024-12-15 17:41:00,Sunday,17,12,3.0
call_4242,40.87524729200004,-73.85971668999997,34Q2,34Q2,2024-12-14T18:42:00.000000,911_calls,2024-12-14 18:42:00,Saturday,18,12,3.0
call_4243,40.82100441500006,-73.89092463699996,39Q9,39Q9,2024-12-13T19:43:00.000000,911_calls,2024-12-13 19:43:00,Friday,19,12,3.0
call_4244,40.751048180000055,-73.98771206699996,11C4,11C4,2024-12-12T20:44:00.000000,911_calls,2024-12-12 20:44:00,Thursday,20,12,3.0
call_4245,40.57482547700005,-73.99092660999997,54U1,54U1,2024-12-11T21:45:00.000000,911_calls,2024-12-11 21:45:00,Wednesday,21,12,3.0
call_4246,40.683581925000055,-73.82182873299996,53S,53S,2024-12-10T22:46:00.000000,911_calls,2024-12-10 22:46:00,Tuesday,22,12,3.0
call_4247,40.65689698400007,-73.93675629499995,10Y3,10Y3,2024-12-09T23:47:00.000000,911_calls,2024-12-09 23:47:00,Monday,23,12,3.0
call_4248,40.83292317300004,-73.88929701899997,24Q1,24Q1,2024-12-08T00:48:00.000000,911_calls,2024-12-08 00:48:00,Sunday,0,12,3.0
call_4249,40.85041041100004,-73.91245563899997,54C1,54C1,2024-12-07T01:49:00.000000,911_calls,2024-12-07 01:49:00,Saturday,1,12,3.0
call_4250,40.67784219600003,-73.76503951799998,34Q6,34Q6,2024-12-06T02:50:00.000000,911_calls,2024-12-06 02:50:00,Friday,2,12,3.0
call_4251,40.71360584700005,-73.95907067299999,10Y3,10Y3,2024-12-05T03:51:00.000000,911_calls,2024-12-05 03:51:00,Thursday,3,12,3.0
call_4252,40.83406650400008,-73.94487776799997,75T,75T,2024-12-04T04:52:00.000000,911_calls,2024-12-04 04:52:00,Wednesday,4,12,3.0
call_4253,40.67182268900007,-73.89196169199994,34Q6,34Q6,2024-12-03T05:53:00.000000,911_calls,2024-12-03 05:53:00,Tuesday,5,12,3.0
call_4254,40.753970406000064,-73.93077724499994,21R,21R,2024-12-02T06:54:00.000000,911_calls,2024-12-02 06:54:00,Monday,6,12,3.0
call_4255,40.85105316700003,-73.93876217299999,10N9,10N9,2024-12-01T07:55:00.000000,911_calls,2024-12-01 07:55:00,Sunday,7,12,3.0
call_4256,40.84106536500008,-73.91709760099997,39H2,39H2,2024-11-30T08:56:00.000000,911_calls,2024-11-30 08:56:00,Saturday,8,11,3.0
call_4257,40.754202286000066,-73.81504548199996,34Q6,34Q6,2024-11-29T09:57:00.000000,911_calls,2024-11-29 09:57:00,Friday,9,11,3.0
call_4258,40.74468845000007,-73.88672975799994,24Q6,24Q6,2024-11-28T10:58:00.000000,911_calls,2024-11-28 10:58:00,Thursday,10,11,3.0
call_4259,40.751866722000045,-73.94367171399995,54S1,54S1,2024-11-27T11:59:00.000000,911_calls,2024-11-27 11:59:00,Wednesday,11,11,3.0
call_4260,40.79034344000007,-73.96750655399995,54E1,54E1,2024-11-26T12:00:00.000000,911_calls,2024-11-26 12:00:00,Tuesday,12,11,3.0
call_4261,40.79034344000007,-73.96750655399995,54E1,54E1,2024-11-25T13:01:00.000000,911_calls,2024-11-25 13:01:00,Monday,13,11,3.0
call_4262,40.81232435900006,-73.90841995099998,34Q2,34Q2,2024-11-24T14:02:00.000000,911_calls,2024-11-24 14:02:00,Sunday,14,11,3.0
call_4263,40.69449269100005,-73.90218447599995,68Q2,68Q2,2024-11-23T15:03:00.000000,911_calls,2024-11-23 15:03:00,Saturday,15,11,3.0
call_4264,40.722591402000035,-73.97564963899998,39Q1,39Q1,2024-11-22T16:04:00.000000,911_calls,2024-11-22 16:04:00,Friday,16,11,3.0
call_4265,40.85614283800004,-73.90072851999997,52K6,52K6,2024-11-21T17:05:00.000000,911_calls,2024-11-21 17:05:00,Thursday,17,11,3.0
call_4266,40.83406650400008,-73.94487776799997,75T,75T,2024-11-20T18:06:00.000000,911_calls,2024-11-20 18:06:00,Wednesday,18,11,3.0
call_4267,40.608288909000066,-73.81617002399997,75M,75M,2024-11-19T19:07:00.000000,911_calls,2024-11-19 19:07:00,Tuesday,19,11,3.0
call_4268,40.84202174700005,-73.93629840599993,68Q1,68Q1,2024-11-18T20:08:00.000000,911_calls,2024-11-18 20:08:00,Monday,20,11,3.0
call_4269,40.83751038300005,-73.94336068699994,52D1,52D1,2024-11-17T21:09:00.000000,911_calls,2024-11-17 21:09:00,Sunday,21,11,3.0
call_4270,40.742116786000054,-73.88144372299996,34Q2,34Q2,2024-11-16T22:10:00.000000,911_calls,2024-11-16 22:10:00,Saturday,22,11,3.0
call_4271,40.835945011000035,-73.94158401799996,24W1,24W1,2024-11-15T23:11:00.000000,911_calls,2024-11-15 23:11:00,Friday,23,11,3.0
call_4272,40.68413233900003,-73.97863829699997,75S,75S,2024-11-14T00:12:00.000000,911_calls,2024-11-14 00:12:00,Thursday,0,11,3.0
call_4273,40.65030598200008,-73.95934374799998,68Q1,68Q1,2024-11-13T01:13:00.000000,911_calls,2024-11-13 01:13:00,Wednesday,1,11,3.0
call_4274,40.67258587100008,-73.87326145799994,75D,75D,2024-11-12T02:14:00.000000,911_calls,2024-11-12 02:14:00,Tuesday,2,11,3.0
call_4275,40.846291834000056,-73.91785733699999,68Q1,68Q1,2024-11-11T03:15:00.000000,911_calls,2024-11-11 03:15:00,Monday,3,11,3.0
call_4276,40.836194240000054,-73.94611193699996,39H1,39H1,2024-11-10T04:16:00.000000,911_calls,2024-11-10 04:16:00,Sunday,4,11,3.0
call_4277,40.618241642000044,-73.96905275299997,39T1,39T1,2024-11-09T05:17:00.000000,911_calls,2024-11-09 05:17:00,Saturday,5,11,3.0
call_4278,40.715468274000045,-73.99160006899996,11C4,11C4,2024-11-08T06:18:00.000000,911_calls,2024-11-08 06:18:00,Friday,6,11,3.0
call_4279,40.743992486000025,-73.85808398499995,34Q6,34Q6,2024-11-07T07:19:00.000000,911_calls,2024-11-07 07:19:00,Thursday,7,11,3.0
call_4280,40.662767503000055,-73.90752952599996,75S,75S,2024-11-06T08:20:00.000000,911_calls,2024-11-06 08:20:00,Wednesday,8,11,3.0
call_4281,40.67906840200004,-73.90376820299997,75S,75S,2024-11-05T09:21:00.000000,911_calls,2024-11-05 09:21:00,Tuesday,9,11,3.0
call_4282,40.69720337700005,-73.93561453399997,75S,75S,2024-11-04T10:22:00.000000,911_calls,2024-11-04 10:22:00,Monday,10,11,3.0
call_4283,40.61523462300005,-73.97421923199994,75S,75S,2024-11-03T11:23:00.000000,911_calls,2024-11-03 11:23:00,Sunday,11,11,3.0
call_4284,40.67051514900004,-73.92956610799996,22Q1,22Q1,2024-11-02T12:24:00.000000,911_calls,2024-11-02 12:24:00,Saturday,12,11,3.0
call_4285,40.71797096600005,-73.98612368299996,50P1,50P1,2024-11-01T13:25:00.000000,911_calls,2024-11-01 13:25:00,Friday,13,11,3.0
call_4286,40.68351995100005,-73.97706286199997,75S,75S,2024-10-31T14:26:00.000000,911_calls,2024-10-31 14:26:00,Thursday,14,10,3.0
call_4287,40.77139972900005,-73.98215925199997,54U1,54U1,2024-10-30T15:27:00.000000,911_calls,2024-10-30 15:27:00,Wednesday,15,10,3.0
call_4288,40.74798569200004,-74.00089288399994,52D1,52D1,2024-10-29T16:28:00.000000,911_calls,2024-10-29 16:28:00,Tuesday,16,10,3.0
call_4289,40.61127618800003,-73.96261981499998,34Q6,34Q6,2024-10-28T17:29:00.000000,911_calls,2024-10-28 17:29:00,Monday,17,10,3.0
call_4290,40.796341237000036,-73.94119981599994,75D,75D,2024-10-27T18:30:00.000000,911_calls,2024-10-27 18:30:00,Sunday,18,10,3.0
call_4291,40.79806922100005,-73.94431885599994,75D,75D,2024-10-26T19:31:00.000000,911_calls,2024-10-26 19:31:00,Saturday,19,10,3.0
call_4292,40.75185030700004,-73.87427284099994,34Q1,34Q1,2024-10-25T20:32:00.000000,911_calls,2024-10-25 20:32:00,Friday,20,10,3.0
call_4293,40.57628456500004,-73.98139061299997,75S,75S,2024-10-24T21:33:00.000000,911_calls,2024-10-24 21:33:00,Thursday,21,10,3.0
call_4294,40.86227885900007,-73.92052734099997,10P2,10P2,2024-10-23T22:34:00.000000,911_calls,2024-10-23 22:34:00,Wednesday,22,10,3.0
call_4295,40.61929902300005,-73.98656563599997,39H1,39H1,2024-10-22T23:35:00.000000,911_calls,2024-10-22 23:35:00,Tuesday,23,10,3.0
call_4296,40.721574160000046,-73.84390324699996,75S,75S,2024-10-21T00:36:00.000000,911_calls,2024-10-21 00:36:00,Monday,0,10,3.0
call_4297,40.67507057200004,-73.93749973899997,10Y3,10Y3,2024-10-20T01:37:00.000000,911_calls,2024-10-20 01:37:00,Sunday,1,10,3.0
call_4298,40.65030598200008,-73.95934374799998,10Y3,10Y3,2024-10-19T02:38:00.000000,911_calls,2024-10-19 02:38:00,Saturday,2,10,3.0
call_4299,40.67669645500007,-73.82259340399997,24Q2,24Q2,2024-10-18T03:39:00.000000,911_calls,2024-10-18 03:39:00,Friday,3,10,3.0
call_4300,40.75346407600006,-73.99439974299997,54S1,54S1,2024-10-17T04:40:00.000000,911_calls,2024-10-17 04:40:00,Thursday,4,10,3.0
call_4301,40.85127137100005,-73.90443358399995,32Q9,32Q9,2024-10-16T05:41:00.000000,911_calls,2024-10-16 05:41:00,Wednesday,5,10,3.0
call_4302,40.79958152300003,-73.93881674599999,10H2,10H2,2024-10-15T06:42:00.000000,911_calls,2024-10-15 06:42:00,Tuesday,6,10,3.0
call_4303,40.698855309000066,-73.95156040199998,54U1,54U1,2024-10-14T07:43:00.000000,911_calls,2024-10-14 07:43:00,Monday,7,10,3.0
call_4304,40.84646642200005,-73.90238750899994,11C4,11C4,2024-10-13T08:44:00.000000,911_calls,2024-10-13 08:44:00,Sunday,8,10,3.0
call_4305,40.69240388700007,-73.99007040599997,75S,75S,2024-10-12T09:45:00.000000,911_calls,2024-10-12 09:45:00,Saturday,9,10,3.0
call_4306,40.74563068700007,-73.99824751199998,52D2,52D2,2024-10-11T10:46:00.000000,911_calls,2024-10-11 10:46:00,Friday,10,10,3.0
call_4307,40.798285226000075,-73.96267373099994,68Q1,68Q1,2024-10-10T11:47:00.000000,911_calls,2024-10-10 11:47:00,Thursday,11,10,3.0
call_4308,40.755025653000075,-73.99140739099994,52D1,52D1,2024-10-09T12:48:00.000000,911_calls,2024-10-09 12:48:00,Wednesday,12,10,3.0
call_4309,40.70278733300006,-73.77919412599994,52D6,52D6,2024-10-08T13:49:00.000000,911_calls,2024-10-08 13:49:00,Tuesday,13,10,3.0
call_4310,40.674961676000066,-73.97671611199996,22Q1,22Q1,2024-10-07T14:50:00.000000,911_calls,2024-10-07 14:50:00,Monday,14,10,3.0
call_4311,40.84164276700005,-73.94106580999994,10H1,10H1,2024-10-06T15:51:00.000000,911_calls,2024-10-06 15:51:00,Sunday,15,10,3.0
call_4312,40.86869150700005,-73.91807914499998,10H1,10H1,2024-10-05T16:52:00.000000,911_calls,2024-10-05 16:52:00,Saturday,16,10,3.0
call_4313,40.67039952700003,-73.95662425699999,75S,75S,2024-10-04T17:53:00.000000,911_calls,2024-10-04 17:53:00,Friday,17,10,3.0
call_4314,40.69226368000005,-73.98774453499993,75S,75S,2024-10-03T18:54:00.000000,911_calls,2024-10-03 18:54:00,Thursday,18,10,3.0
call_4315,40.86604021200003,-73.89452046199995,75S,75S,2024-10-02T19:55:00.000000,911_calls,2024-10-02 19:55:00,Wednesday,19,10,3.0
call_4316,40.69644402500006,-73.93248142599998,68Q1,68Q1,2024-10-01T20:56:00.000000,911_calls,2024-10-01 20:56:00,Tuesday,20,10,3.0
call_4317,40.82178864600007,-73.94923082799994,53H,53H,2024-09-30T21:57:00.000000,911_calls,2024-09-30 21:57:00,Monday,21,9,3.0
call_4318,40.718204713000034,-73.99047781099995,39T1,39T1,2024-09-29T22:58:00.000000,911_calls,2024-09-29 22:58:00,Sunday,22,9,3.0
call_4319,40.75986975500007,-73.82897041199993,75S,75S,2024-09-28T23:59:00.000000,911_calls,2024-09-28 23:59:00,Saturday,23,9,3.0
call_4320,40.75804408300007,-73.97019701999994,54E9,54E9,2024-09-27T00:00:00.000000,911_calls,2024-09-27 00:00:00,Friday,0,9,3.0
call_4321,40.75804408300007,-73.97019701999994,54E9,54E9,2024-09-26T01:01:00.000000,911_calls,2024-09-26 01:01:00,Thursday,1,9,3.0
call_4322,40.81950579000005,-73.90321467399997,30Q2,30Q2,2024-09-25T02:02:00.000000,911_calls,2024-09-25 02:02:00,Wednesday,2,9,3.0
call_4323,40.838189337000074,-73.85177909199996,54E1,54E1,2024-09-24T03:03:00.000000,911_calls,2024-09-24 03:03:00,Tuesday,3,9,3.0
call_4324,40.75417102900008,-73.98250314699999,75S,75S,2024-09-23T04:04:00.000000,911_calls,2024-09-23 04:04:00,Monday,4,9,3.0
call_4325,40.771711194000034,-73.95624778399997,50P1,50P1,2024-09-22T05:05:00.000000,911_calls,2024-09-22 05:05:00,Sunday,5,9,3.0
call_4326,40.69121477200008,-73.98438756299998,54U1,54U1,2024-09-21T06:06:00.000000,911_calls,2024-09-21 06:06:00,Saturday,6,9,3.0
call_4327,40.84164276700005,-73.94106580999994,54E1,54E1,2024-09-20T07:07:00.000000,911_calls,2024-09-20 07:07:00,Friday,7,9,3.0
call_4328,40.84164276700005,-73.94106580999994,54E1,54E1,2024-09-19T08:08:00.000000,911_calls,2024-09-19 08:08:00,Thursday,8,9,3.0
call_4329,40.69587057700005,-73.92401097199996,68Q1,68Q1,2024-09-18T09:09:00.000000,911_calls,2024-09-18 09:09:00,Wednesday,9,9,3.0
call_4330,40.66508262600007,-73.99307707399998,75S,75S,2024-09-17T10:10:00.000000,911_calls,2024-09-17 10:10:00,Tuesday,10,9,3.0
call_4331,40.83859169200008,-73.87645799799998,53I,53I,2024-09-16T11:11:00.000000,911_calls,2024-09-16 11:11:00,Monday,11,9,3.0
call_4332,40.67348925600004,-73.88958328199993,56S,56S,2024-09-15T12:12:00.000000,911_calls,2024-09-15 12:12:00,Sunday,12,9,3.0
call_4333,40.854446635000045,-73.89456776599997,10F1,10F1,2024-09-14T13:13:00.000000,911_calls,2024-09-14 13:13:00,Saturday,13,9,3.0
call_4334,40.80719918600005,-73.91835350199995,10H2,10H2,2024-09-13T14:14:00.000000,911_calls,2024-09-13 14:14:00,Friday,14,9,3.0
call_4335,40.67763976500004,-74.00985818099997,11C4,11C4,2024-09-12T15:15:00.000000,911_calls,2024-09-12 15:15:00,Thursday,15,9,3.0
call_4336,40.82100441500006,-73.89092463699996,39Q9,39Q9,2024-09-11T16:16:00.000000,911_calls,2024-09-11 16:16:00,Wednesday,16,9,3.0
call_4337,40.69996545200007,-73.98730313199997,34Q1,34Q1,2024-09-10T17:17:00.000000,911_calls,2024-09-10 17:17:00,Tuesday,17,9,3.0
call_4338,40.75959435100003,-73.98065717699996,75S,75S,2024-09-09T18:18:00.000000,911_calls,2024-09-09 18:18:00,Monday,18,9,3.0
call_4339,40.67640377300006,-73.89803260399998,54U1,54U1,2024-09-08T19:19:00.000000,911_calls,2024-09-08 19:19:00,Sunday,19,9,3.0
call_4340,40.715979412000024,-73.81206006799994,67S8,67S8,2024-09-07T20:20:00.000000,911_calls,2024-09-07 20:20:00,Saturday,20,9,3.0
call_4341,40.583915545000025,-73.97035392299995,68Q2,68Q2,2024-09-06T21:21:00.000000,911_calls,2024-09-06 21:21:00,Friday,21,9,3.0
call_4342,40.81133009200005,-73.92666076599994,75S,75S,2024-09-05T22:22:00.000000,911_calls,2024-09-05 22:22:00,Thursday,22,9,3.0
call_4343,40.845316301000025,-73.90228438099996,10H1,10H1,2024-09-04T23:23:00.000000,911_calls,2024-09-04 23:23:00,Wednesday,23,9,3.0
call_4344,40.84030289200007,-73.91787557399994,75M,75M,2024-09-03T00:24:00.000000,911_calls,2024-09-03 00:24:00,Tuesday,0,9,3.0
call_4345,40.747399795000035,-73.88625236599995,52D1,52D1,2024-09-02T01:25:00.000000,911_calls,2024-09-02 01:25:00,Monday,1,9,3.0
call_4346,40.60274595100003,-73.75007786499998,54S1,54S1,2024-09-01T02:26:00.000000,911_calls,2024-09-01 02:26:00,Sunday,2,9,3.0
call_4347,40.85090584200003,-73.89443240799994,10H1,10H1,2024-08-31T03:27:00.000000,911_calls,2024-08-31 03:27:00,Saturday,3,8,3.0
call_4348,40.750664208000046,-73.99086657499998,75Z,75Z,2024-08-30T04:28:00.000000,911_calls,2024-08-30 04:28:00,Friday,4,8,3.0
call_4349,40.70090904500006,-73.94117578999999,68Q9,68Q9,2024-08-29T05:29:00.000000,911_calls,2024-08-29 05:29:00,Thursday,5,8,3.0
call_4350,40.64498150400004,-74.07732129999994,68Q1,68Q1,2024-08-28T06:30:00.000000,911_calls,2024-08-28 06:30:00,Wednesday,6,8,3.0
call_4351,40.74921764000004,-73.86894352899998,75S,75S,2024-08-27T07:31:00.000000,911_calls,2024-08-27 07:31:00,Tuesday,7,8,3.0
call_4352,40.821181902000035,-73.91237124699995,54U1,54U1,2024-08-26T08:32:00.000000,911_calls,2024-08-26 08:32:00,Monday,8,8,3.0
call_4353,40.70042942600003,-73.80820890199993,75S,75S,2024-08-25T09:33:00.000000,911_calls,2024-08-25 09:33:00,Sunday,9,8,3.0
call_4354,40.67402249400004,-74.00428784599995,68Q1,68Q1,2024-08-24T10:34:00.000000,911_calls,2024-08-24 10:34:00,Saturday,10,8,3.0
call_4355,40.71465309600006,-74.00816464399998,54S9,54S9,2024-08-23T11:35:00.000000,911_calls,2024-08-23 11:35:00,Friday,11,8,3.0
call_4356,40.77173011900004,-73.91608997899993,52D6,52D6,2024-08-22T12:36:00.000000,911_calls,2024-08-22 12:36:00,Thursday,12,8,3.0
call_4357,40.69366726100003,-73.94451782999994,54E1,54E1,2024-08-21T13:37:00.000000,911_calls,2024-08-21 13:37:00,Wednesday,13,8,3.0
call_4358,40.69366726100003,-73.94451782999994,54E1,54E1,2024-08-20T14:38:00.000000,911_calls,2024-08-20 14:38:00,Tuesday,14,8,3.0
call_4359,40.67039952700003,-73.95662425699999,75S,75S,2024-08-19T15:39:00.000000,911_calls,2024-08-19 15:39:00,Monday,15,8,3.0
call_4360,40.822368382000036,-73.95061419799998,54E1,54E1,2024-08-18T16:40:00.000000,911_calls,2024-08-18 16:40:00,Sunday,16,8,3.0
call_4361,40.822368382000036,-73.95061419799998,54E1,54E1,2024-08-17T17:41:00.000000,911_calls,2024-08-17 17:41:00,Saturday,17,8,3.0
call_4362,40.83721859800005,-73.90797731499998,75D,75D,2024-08-16T18:42:00.000000,911_calls,2024-08-16 18:42:00,Friday,18,8,3.0
call_4363,40.82729905000008,-73.86584124299998,10H1,10H1,2024-08-15T19:43:00.000000,911_calls,2024-08-15 19:43:00,Thursday,19,8,3.0
call_4364,40.713775062000025,-73.99983551599996,54U2,54U2,2024-08-14T20:44:00.000000,911_calls,2024-08-14 20:44:00,Wednesday,20,8,3.0
call_4365,40.83086041200005,-73.90288739199997,54S1,54S1,2024-08-13T21:45:00.000000,911_calls,2024-08-13 21:45:00,Tuesday,21,8,3.0
call_4366,40.674326206000046,-73.97049759599997,75Z,75Z,2024-08-12T22:46:00.000000,911_calls,2024-08-12 22:46:00,Monday,22,8,3.0
call_4367,40.747555100000056,-73.94445129999997,54S9,54S9,2024-08-11T23:47:00.000000,911_calls,2024-08-11 23:47:00,Sunday,23,8,3.0
call_4368,40.60274595100003,-73.75007786499998,54I1,54I1,2024-08-10T00:48:00.000000,911_calls,2024-08-10 00:48:00,Saturday,0,8,3.0
call_4369,40.85175371300005,-73.93492996499998,68Q1,68Q1,2024-08-09T01:49:00.000000,911_calls,2024-08-09 01:49:00,Friday,1,8,3.0
call_4370,40.613058583000054,-74.07880066199994,52D6,52D6,2024-08-08T02:50:00.000000,911_calls,2024-08-08 02:50:00,Thursday,2,8,3.0
call_4371,40.866477908000036,-73.92839322799995,52K2,52K2,2024-08-07T03:51:00.000000,911_calls,2024-08-07 03:51:00,Wednesday,3,8,3.0
call_4372,40.69226368000005,-73.98774453499993,75S,75S,2024-08-06T04:52:00.000000,911_calls,2024-08-06 04:52:00,Tuesday,4,8,3.0
call_4373,40.60468351900005,-73.75376916499994,52D2,52D2,2024-08-05T05:53:00.000000,911_calls,2024-08-05 05:53:00,Monday,5,8,3.0
call_4374,40.860206223000034,-73.89289205499995,75D,75D,2024-08-04T06:54:00.000000,911_calls,2024-08-04 06:54:00,Sunday,6,8,3.0
call_4375,40.758562693000044,-73.86584612899998,52D6,52D6,2024-08-03T07:55:00.000000,911_calls,2024-08-03 07:55:00,Saturday,7,8,3.0
call_4376,40.600351921000026,-74.18997244899998,11C4,11C4,2024-08-02T08:56:00.000000,911_calls,2024-08-02 08:56:00,Friday,8,8,3.0
call_4377,40.83014475200008,-73.89137579699997,75T,75T,2024-08-01T09:57:00.000000,911_calls,2024-08-01 09:57:00,Thursday,9,8,3.0
call_4378,40.62823634600005,-73.94280335699995,53X,53X,2024-07-31T10:58:00.000000,911_calls,2024-07-31 10:58:00,Wednesday,10,7,3.0
call_4379,40.62823634600005,-73.94280335699995,53X,53X,2024-07-30T11:59:00.000000,911_calls,2024-07-30 11:59:00,Tuesday,11,7,3.0
call_4380,40.75986975500007,-73.82897041199993,75S,75S,2025-07-29T12:00:00.000000,911_calls,2025-07-29 12:00:00,Tuesday,12,7,3.0
call_4381,40.75664204200007,-73.98837157699995,75S,75S,2025-07-28T13:01:00.000000,911_calls,2025-07-28 13:01:00,Monday,13,7,3.0
call_4382,40.62628194800004,-73.96254656699995,53S,53S,2025-07-27T14:02:00.000000,911_calls,2025-07-27 14:02:00,Sunday,14,7,3.0
call_4383,40.66745730700006,-73.91698174399994,53S,53S,2025-07-26T15:03:00.000000,911_calls,2025-07-26 15:03:00,Saturday,15,7,3.0
call_4384,40.61368149100008,-74.15867115199995,54E1,54E1,2025-07-25T16:04:00.000000,911_calls,2025-07-25 16:04:00,Friday,16,7,3.0
call_4385,40.61368149100008,-74.15867115199995,54E1,54E1,2025-07-24T17:05:00.000000,911_calls,2025-07-24 17:05:00,Thursday,17,7,3.0
call_4386,40.802640491000034,-73.94707461199994,56S,56S,2025-07-23T18:06:00.000000,911_calls,2025-07-23 18:06:00,Wednesday,18,7,3.0
call_4387,40.63301541000004,-73.99481696499998,11C4,11C4,2025-07-22T19:07:00.000000,911_calls,2025-07-22 19:07:00,Tuesday,19,7,3.0
call_4388,40.74381524100005,-73.87571709899998,22V2,22V2,2025-07-21T20:08:00.000000,911_calls,2025-07-21 20:08:00,Monday,20,7,3.0
call_4389,40.86222998100004,-73.89387937499998,10H2,10H2,2025-07-20T21:09:00.000000,911_calls,2025-07-20 21:09:00,Sunday,21,7,3.0
call_4390,40.832667763000075,-73.90121886299994,54S1,54S1,2025-07-19T22:10:00.000000,911_calls,2025-07-19 22:10:00,Saturday,22,7,3.0
call_4391,40.81334708700007,-73.93048428399999,75S,75S,2025-07-18T23:11:00.000000,911_calls,2025-07-18 23:11:00,Friday,23,7,3.0
call_4392,40.57758741600003,-73.97633607099993,54S1,54S1,2025-07-17T00:12:00.000000,911_calls,2025-07-17 00:12:00,Thursday,0,7,3.0
call_4393,40.67432519700003,-73.80092601399997,53S8,53S8,2025-07-16T01:13:00.000000,911_calls,2025-07-16 01:13:00,Wednesday,1,7,3.0
call_4394,40.86750339100007,-73.89480015399994,39H1,39H1,2025-07-15T02:14:00.000000,911_calls,2025-07-15 02:14:00,Tuesday,2,7,3.0
call_4395,40.866572474000066,-73.91790098199994,54C1,54C1,2025-07-14T03:15:00.000000,911_calls,2025-07-14 03:15:00,Monday,3,7,3.0
call_4396,40.720714764000036,-73.82644817999994,53D8,53D8,2025-07-13T04:16:00.000000,911_calls,2025-07-13 04:16:00,Sunday,4,7,3.0
call_4397,40.849727216000076,-73.90578765199996,75S,75S,2025-07-12T05:17:00.000000,911_calls,2025-07-12 05:17:00,Saturday,5,7,3.0
call_4398,40.785216372000036,-73.94029242799996,10Y8,10Y8,2025-07-11T06:18:00.000000,911_calls,2025-07-11 06:18:00,Friday,6,7,3.0
call_4399,40.645359778000056,-74.07807126599994,39T1,39T1,2025-07-10T07:19:00.000000,911_calls,2025-07-10 07:19:00,Thursday,7,7,3.0
call_4400,40.83114299400006,-73.81692386199995,68Q1,68Q1,2025-07-09T08:20:00.000000,911_calls,2025-07-09 08:20:00,Wednesday,8,7,3.0
call_4401,40.556529717000046,-74.16411702599999,22Q1,22Q1,2025-07-08T09:21:00.000000,911_calls,2025-07-08 09:21:00,Tuesday,9,7,3.0
call_4402,40.714080712000055,-73.83203139599993,10H1,10H1,2025-07-07T10:22:00.000000,911_calls,2025-07-07 10:22:00,Monday,10,7,3.0
call_4403,40.71435656400007,-73.83109642699998,53D8,53D8,2025-07-06T11:23:00.000000,911_calls,2025-07-06 11:23:00,Sunday,11,7,3.0
call_4404,40.69429156900003,-73.98373773599997,68Q1,68Q1,2025-07-05T12:24:00.000000,911_calls,2025-07-05 12:24:00,Saturday,12,7,3.0
call_4405,40.86092831600007,-73.92030842899999,39Q1,39Q1,2025-07-04T13:25:00.000000,911_calls,2025-07-04 13:25:00,Friday,13,7,3.0
call_4406,40.754624281000076,-73.94183580099997,10N9,10N9,2025-07-03T14:26:00.000000,911_calls,2025-07-03 14:26:00,Thursday,14,7,3.0
call_4407,40.87434473600007,-73.83707573799995,54C3,54C3,2025-07-02T15:27:00.000000,911_calls,2025-07-02 15:27:00,Wednesday,15,7,3.0
call_4408,40.87434473600007,-73.83707573799995,54C3,54C3,2025-07-01T16:28:00.000000,911_calls,2025-07-01 16:28:00,Tuesday,16,7,3.0
call_4409,40.691103257000066,-73.91287755399998,22Q2,22Q2,2025-06-30T17:29:00.000000,911_calls,2025-06-30 17:29:00,Monday,17,6,3.0
call_4410,40.79054035300004,-73.97579091199998,54R1,54R1,2025-06-29T18:30:00.000000,911_calls,2025-06-29 18:30:00,Sunday,18,6,3.0
call_4411,40.79054035300004,-73.97579091199998,54R1,54R1,2025-06-28T19:31:00.000000,911_calls,2025-06-28 19:31:00,Saturday,19,6,3.0
call_4412,40.74710919000006,-73.88384204599998,22Q1,22Q1,2025-06-27T20:32:00.000000,911_calls,2025-06-27 20:32:00,Friday,20,6,3.0
call_4413,40.69974268200008,-73.91142368699997,75S,75S,2025-06-26T21:33:00.000000,911_calls,2025-06-26 21:33:00,Thursday,21,6,3.0
call_4414,40.691500209000026,-73.86606760299998,56S9,56S9,2025-06-25T22:34:00.000000,911_calls,2025-06-25 22:34:00,Wednesday,22,6,3.0
call_4415,40.70049530800003,-73.90195567299997,52D6,52D6,2025-06-24T23:35:00.000000,911_calls,2025-06-24 23:35:00,Tuesday,23,6,3.0
call_4416,40.57628456500004,-73.98139061299997,75S,75S,2025-06-23T00:36:00.000000,911_calls,2025-06-23 00:36:00,Monday,0,6,3.0
call_4417,40.63780446800007,-73.94237719699998,31R,31R,2025-06-22T01:37:00.000000,911_calls,2025-06-22 01:37:00,Sunday,1,6,3.0
call_4418,40.82015204000004,-73.85042104799999,24Q1,24Q1,2025-06-21T02:38:00.000000,911_calls,2025-06-21 02:38:00,Saturday,2,6,3.0
call_4419,40.764488811000035,-73.98451117699994,32Q1,32Q1,2025-06-20T03:39:00.000000,911_calls,2025-06-20 03:39:00,Friday,3,6,3.0
call_4420,40.70779591300004,-74.01558675099994,53S,53S,2025-06-19T04:40:00.000000,911_calls,2025-06-19 04:40:00,Thursday,4,6,3.0
call_4421,40.79512950600008,-73.96496525899994,53I,53I,2025-06-18T05:41:00.000000,911_calls,2025-06-18 05:41:00,Wednesday,5,6,3.0
call_4422,40.66511417600003,-73.89167337799995,21R,21R,2025-06-17T06:42:00.000000,911_calls,2025-06-17 06:42:00,Tuesday,6,6,3.0
call_4423,40.718616643000075,-73.99359459799996,75S,75S,2025-06-16T07:43:00.000000,911_calls,2025-06-16 07:43:00,Monday,7,6,3.0
call_4424,40.829374855000026,-73.90879396599996,39H1,39H1,2025-06-15T08:44:00.000000,911_calls,2025-06-15 08:44:00,Sunday,8,6,3.0
call_4425,40.81612232700007,-73.89775711899995,54U1,54U1,2025-06-14T09:45:00.000000,911_calls,2025-06-14 09:45:00,Saturday,9,6,3.0
call_4426,40.72316928300006,-73.98412753799994,52D1,52D1,2025-06-13T10:46:00.000000,911_calls,2025-06-13 10:46:00,Friday,10,6,3.0
call_4427,40.67238430900005,-73.93912809399995,24Q1,24Q1,2025-06-12T11:47:00.000000,911_calls,2025-06-12 11:47:00,Thursday,11,6,3.0
call_4428,40.67110347200003,-73.87814169599994,10H1,10H1,2025-06-11T12:48:00.000000,911_calls,2025-06-11 12:48:00,Wednesday,12,6,3.0
call_4429,40.82786013700007,-73.87417980899994,34W6,34W6,2025-06-10T13:49:00.000000,911_calls,2025-06-10 13:49:00,Tuesday,13,6,3.0
call_4430,40.83751338700006,-73.88754747599995,75T,75T,2025-06-09T14:50:00.000000,911_calls,2025-06-09 14:50:00,Monday,14,6,3.0
call_4431,40.66191332100004,-73.89717527999994,39H1,39H1,2025-06-08T15:51:00.000000,911_calls,2025-06-08 15:51:00,Sunday,15,6,3.0
call_4432,40.82787166500003,-73.86495842199997,52D6,52D6,2025-06-07T16:52:00.000000,911_calls,2025-06-07 16:52:00,Saturday,16,6,3.0
call_4433,40.79826674700007,-73.93375785399996,10H1,10H1,2025-06-06T17:53:00.000000,911_calls,2025-06-06 17:53:00,Friday,17,6,3.0
call_4434,40.76760643000006,-73.98173427399996,75O,75O,2025-06-05T18:54:00.000000,911_calls,2025-06-05 18:54:00,Thursday,18,6,3.0
call_4435,40.75273446700004,-73.97654816699998,75T,75T,2025-06-04T19:55:00.000000,911_calls,2025-06-04 19:55:00,Wednesday,19,6,3.0
call_4436,40.684461543000054,-73.97775120999995,50P1,50P1,2025-06-03T20:56:00.000000,911_calls,2025-06-03 20:56:00,Tuesday,20,6,3.0
call_4437,40.75273446700004,-73.97654816699998,75T,75T,2025-06-02T21:57:00.000000,911_calls,2025-06-02 21:57:00,Monday,21,6,3.0
call_4438,40.76189694400006,-73.96738686799995,75S,75S,2025-06-01T22:58:00.000000,911_calls,2025-06-01 22:58:00,Sunday,22,6,3.0
call_4439,40.82100441500006,-73.89092463699996,75S,75S,2025-05-31T23:59:00.000000,911_calls,2025-05-31 23:59:00,Saturday,23,5,3.0
call_4440,40.763517997000065,-73.87157227299997,39T1,39T1,2025-05-30T00:00:00.000000,911_calls,2025-05-30 00:00:00,Friday,0,5,3.0
call_4441,40.78864205700006,-73.94079132099995,10H2,10H2,2025-05-29T01:01:00.000000,911_calls,2025-05-29 01:01:00,Thursday,1,5,3.0
call_4442,40.87297811800005,-73.86489574299998,22Q2,22Q2,2025-05-28T02:02:00.000000,911_calls,2025-05-28 02:02:00,Wednesday,2,5,3.0
call_4443,40.68351995100005,-73.97706286199997,75S,75S,2025-05-27T03:03:00.000000,911_calls,2025-05-27 03:03:00,Tuesday,3,5,3.0
call_4444,40.87745403900004,-73.86667299299995,54S9,54S9,2025-05-26T04:04:00.000000,911_calls,2025-05-26 04:04:00,Monday,4,5,3.0
call_4445,40.696778049000045,-73.94655639599995,29C,29C,2025-05-25T05:05:00.000000,911_calls,2025-05-25 05:05:00,Sunday,5,5,3.0
call_4446,40.78458061100008,-73.97171983199996,11R4,11R4,2025-05-24T06:06:00.000000,911_calls,2025-05-24 06:06:00,Saturday,6,5,3.0
call_4447,40.689405478000026,-73.98111745299997,75Z,75Z,2025-05-23T07:07:00.000000,911_calls,2025-05-23 07:07:00,Friday,7,5,3.0
call_4448,40.83615310500005,-73.93075317499995,53S8,53S8,2025-05-22T08:08:00.000000,911_calls,2025-05-22 08:08:00,Thursday,8,5,3.0
call_4449,40.68514493500004,-73.97746253099996,75M,75M,2025-05-21T09:09:00.000000,911_calls,2025-05-21 09:09:00,Wednesday,9,5,3.0
call_4450,40.87384208000003,-73.90569563099996,53I8,53I8,2025-05-20T10:10:00.000000,911_calls,2025-05-20 10:10:00,Tuesday,10,5,3.0
call_4451,40.87384208000003,-73.90569563099996,53I8,53I8,2025-05-19T11:11:00.000000,911_calls,2025-05-19 11:11:00,Monday,11,5,3.0
call_4452,40.719231007000076,-73.98785862399995,39C2,39C2,2025-05-18T12:12:00.000000,911_calls,2025-05-18 12:12:00,Sunday,12,5,3.0
call_4453,40.59404891600008,-73.75320345499995,52D6,52D6,2025-05-17T13:13:00.000000,911_calls,2025-05-17 13:13:00,Saturday,13,5,3.0
call_4454,40.81602577600006,-73.91773211999998,75S,75S,2025-05-16T14:14:00.000000,911_calls,2025-05-16 14:14:00,Friday,14,5,3.0
call_4455,40.690563893000046,-73.98187797899999,75S,75S,2025-05-15T15:15:00.000000,911_calls,2025-05-15 15:15:00,Thursday,15,5,3.0
call_4456,40.74135709900003,-73.99764858199995,56S9,56S9,2025-05-14T16:16:00.000000,911_calls,2025-05-14 16:16:00,Wednesday,16,5,3.0
call_4457,40.67974233800004,-73.99107457999997,40V,40V,2025-05-13T17:17:00.000000,911_calls,2025-05-13 17:17:00,Tuesday,17,5,3.0
call_4458,40.643592108000064,-74.07396131599995,75D,75D,2025-05-12T18:18:00.000000,911_calls,2025-05-12 18:18:00,Monday,18,5,3.0
call_4459,40.815253408000046,-73.92413116599994,56S,56S,2025-05-11T19:19:00.000000,911_calls,2025-05-11 19:19:00,Sunday,19,5,3.0
call_4460,40.74687305900005,-73.86142699599998,24Q1,24Q1,2025-05-10T20:20:00.000000,911_calls,2025-05-10 20:20:00,Saturday,20,5,3.0
call_4461,40.75545687600004,-74.00223209299998,32P9,32P9,2025-05-09T21:21:00.000000,911_calls,2025-05-09 21:21:00,Friday,21,5,3.0
call_4462,40.705628483000055,-73.81014159699998,75S,75S,2025-05-08T22:22:00.000000,911_calls,2025-05-08 22:22:00,Thursday,22,5,3.0
call_4463,40.68415881400006,-73.91265586699996,68Q1,68Q1,2025-05-07T23:23:00.000000,911_calls,2025-05-07 23:23:00,Wednesday,23,5,3.0
call_4464,40.75804408300007,-73.97019701999994,54S9,54S9,2025-05-06T00:24:00.000000,911_calls,2025-05-06 00:24:00,Tuesday,0,5,3.0
call_4465,40.872834434000026,-73.91222001499995,68Q1,68Q1,2025-05-05T01:25:00.000000,911_calls,2025-05-05 01:25:00,Monday,1,5,3.0
call_4466,40.75593094100003,-73.82524831499995,29H1,29H1,2025-05-04T02:26:00.000000,911_calls,2025-05-04 02:26:00,Sunday,2,5,3.0
call_4467,40.76235479600007,-73.97653034099994,52D1,52D1,2025-05-03T03:27:00.000000,911_calls,2025-05-03 03:27:00,Saturday,3,5,3.0
call_4468,40.80997832300005,-73.94377064399998,54C2,54C2,2025-05-02T04:28:00.000000,911_calls,2025-05-02 04:28:00,Friday,4,5,3.0
call_4469,40.86188352100004,-73.91278759999994,53I8,53I8,2025-05-01T05:29:00.000000,911_calls,2025-05-01 05:29:00,Thursday,5,5,3.0
call_4470,40.612388413000076,-73.99894973799996,52D6,52D6,2025-04-30T06:30:00.000000,911_calls,2025-04-30 06:30:00,Wednesday,6,4,3.0
call_4471,40.85579908200003,-73.88800818699997,52D6,52D6,2025-04-29T07:31:00.000000,911_calls,2025-04-29 07:31:00,Tuesday,7,4,3.0
call_4472,40.82522502300003,-73.91626822399996,68Q1,68Q1,2025-04-28T08:32:00.000000,911_calls,2025-04-28 08:32:00,Monday,8,4,3.0
call_4473,40.87119167800006,-73.90032278499996,52D6,52D6,2025-04-27T09:33:00.000000,911_calls,2025-04-27 09:33:00,Sunday,9,4,3.0
call_4474,40.88680259100005,-73.84687148999996,54U1,54U1,2025-04-26T10:34:00.000000,911_calls,2025-04-26 10:34:00,Saturday,10,4,3.0
call_4475,40.816800597000054,-73.94724037699996,32Q1,32Q1,2025-04-25T11:35:00.000000,911_calls,2025-04-25 11:35:00,Friday,11,4,3.0
call_4476,40.702916049000066,-73.80006160699998,75S,75S,2025-04-24T12:36:00.000000,911_calls,2025-04-24 12:36:00,Thursday,12,4,3.0
call_4477,40.77475553000005,-73.73878129799994,54C1,54C1,2025-04-23T13:37:00.000000,911_calls,2025-04-23 13:37:00,Wednesday,13,4,3.0
call_4478,40.712362272000064,-73.89122505999995,11C4,11C4,2025-04-22T14:38:00.000000,911_calls,2025-04-22 14:38:00,Tuesday,14,4,3.0
call_4479,40.85683677900005,-73.91755873299996,53I8,53I8,2025-04-21T15:39:00.000000,911_calls,2025-04-21 15:39:00,Monday,15,4,3.0
call_4480,40.642045454000026,-73.99014275699994,68Q1,68Q1,2025-04-20T16:40:00.000000,911_calls,2025-04-20 16:40:00,Sunday,16,4,3.0
call_4481,40.74980138800004,-73.86345646699993,10Y7,10Y7,2025-04-19T17:41:00.000000,911_calls,2025-04-19 17:41:00,Saturday,17,4,3.0
call_4482,40.67214371100005,-73.92662996099995,50P1,50P1,2025-04-18T18:42:00.000000,911_calls,2025-04-18 18:42:00,Friday,18,4,3.0
call_4483,40.81472856900007,-73.86379290799994,54E1,54E1,2025-04-17T19:43:00.000000,911_calls,2025-04-17 19:43:00,Thursday,19,4,3.0
call_4484,40.81472856900007,-73.86379290799994,54E1,54E1,2025-04-16T20:44:00.000000,911_calls,2025-04-16 20:44:00,Wednesday,20,4,3.0
call_4485,40.635505797000064,-73.97856738999997,75M,75M,2025-04-15T21:45:00.000000,911_calls,2025-04-15 21:45:00,Tuesday,21,4,3.0
call_4486,40.67906840200004,-73.90376820299997,75M,75M,2025-04-14T22:46:00.000000,911_calls,2025-04-14 22:46:00,Monday,22,4,3.0
call_4487,40.70222446900004,-73.93241786699997,54S1,54S1,2025-04-13T23:47:00.000000,911_calls,2025-04-13 23:47:00,Sunday,23,4,3.0
call_4488,40.79714141100004,-73.82224714599994,21R,21R,2025-04-12T00:48:00.000000,911_calls,2025-04-12 00:48:00,Saturday,0,4,3.0
call_4489,40.74082451100003,-73.97426085799998,68Q9,68Q9,2025-04-11T01:49:00.000000,911_calls,2025-04-11 01:49:00,Friday,1,4,3.0
call_4490,40.659835679000025,-73.97919392699998,75S,75S,2025-04-10T02:50:00.000000,911_calls,2025-04-10 02:50:00,Thursday,2,4,3.0
call_4491,40.57569211400005,-73.97035397299999,34Q2,34Q2,2025-04-09T03:51:00.000000,911_calls,2025-04-09 03:51:00,Wednesday,3,4,3.0
call_4492,40.86604021200003,-73.89452046199995,75S,75S,2025-04-08T04:52:00.000000,911_calls,2025-04-08 04:52:00,Tuesday,4,4,3.0
call_4493,40.872834434000026,-73.91222001499995,24K1,24K1,2025-04-07T05:53:00.000000,911_calls,2025-04-07 05:53:00,Monday,5,4,3.0
call_4494,40.82959782000006,-73.89654757799997,75D,75D,2025-04-06T06:54:00.000000,911_calls,2025-04-06 06:54:00,Sunday,6,4,3.0
call_4495,40.55965916000008,-74.16578019999997,22Q1,22Q1,2025-04-05T07:55:00.000000,911_calls,2025-04-05 07:55:00,Saturday,7,4,3.0
call_4496,40.86245242200005,-73.89704237599994,29H2,29H2,2025-04-04T08:56:00.000000,911_calls,2025-04-04 08:56:00,Friday,8,4,3.0
call_4497,40.659835679000025,-73.97919392699998,68Q9,68Q9,2025-04-03T09:57:00.000000,911_calls,2025-04-03 09:57:00,Thursday,9,4,3.0
call_4498,40.75952904400003,-73.98439682099996,52D6,52D6,2025-04-02T10:58:00.000000,911_calls,2025-04-02 10:58:00,Wednesday,10,4,3.0
call_4499,40.74200753400004,-74.00470001099995,11C4,11C4,2025-04-01T11:59:00.000000,911_calls,2025-04-01 11:59:00,Tuesday,11,4,3.0
call_4500,40.64386676600003,-73.88876027399994,68Q1,68Q1,2025-03-31T12:00:00.000000,911_calls,2025-03-31 12:00:00,Monday,12,3,3.0
call_4501,40.68413233900003,-73.97863829699997,75S,75S,2025-03-30T13:01:00.000000,911_calls,2025-03-30 13:01:00,Sunday,13,3,3.0
call_4502,40.685063298000046,-73.87050105599997,10H1,10H1,2025-03-29T14:02:00.000000,911_calls,2025-03-29 14:02:00,Saturday,14,3,3.0
call_4503,40.70477719100006,-73.80335617499998,54C1,54C1,2025-03-28T15:03:00.000000,911_calls,2025-03-28 15:03:00,Friday,15,3,3.0
call_4504,40.582837246000054,-73.98758820499995,11C4,11C4,2025-03-27T16:04:00.000000,911_calls,2025-03-27 16:04:00,Thursday,16,3,3.0
call_4505,40.70974283500004,-74.00626316399996,11A9,11A9,2025-03-26T17:05:00.000000,911_calls,2025-03-26 17:05:00,Wednesday,17,3,3.0
call_4506,40.86632136000003,-73.88707575299998,30R,30R,2025-03-25T18:06:00.000000,911_calls,2025-03-25 18:06:00,Tuesday,18,3,3.0
call_4507,40.67707353600008,-73.98319394199996,75T,75T,2025-03-24T19:07:00.000000,911_calls,2025-03-24 19:07:00,Monday,19,3,3.0
call_4508,40.74921764000004,-73.86894352899998,75S,75S,2025-03-23T20:08:00.000000,911_calls,2025-03-23 20:08:00,Sunday,20,3,3.0
call_4509,40.66483511500007,-73.94818601299994,68Q1,68Q1,2025-03-22T21:09:00.000000,911_calls,2025-03-22 21:09:00,Saturday,21,3,3.0
call_4510,40.72123681100004,-73.98300242599998,10H2,10H2,2025-03-21T22:10:00.000000,911_calls,2025-03-21 22:10:00,Friday,22,3,3.0
call_4511,40.77352982800005,-73.95337268199995,10H1,10H1,2025-03-20T23:11:00.000000,911_calls,2025-03-20 23:11:00,Thursday,23,3,3.0
call_4512,40.66720028800006,-73.98132920499995,75D,75D,2025-03-19T00:12:00.000000,911_calls,2025-03-19 00:12:00,Wednesday,0,3,3.0
call_4513,40.74682740600008,-74.00108775399997,11C4,11C4,2025-03-18T01:13:00.000000,911_calls,2025-03-18 01:13:00,Tuesday,1,3,3.0
call_4514,40.83230928300003,-73.92443332999994,53D,53D,2025-03-17T02:14:00.000000,911_calls,2025-03-17 02:14:00,Monday,2,3,3.0
call_4515,40.72736955700003,-73.85753489799998,50G2,50G2,2025-03-16T03:15:00.000000,911_calls,2025-03-16 03:15:00,Sunday,3,3,3.0
call_4516,40.76074603300003,-73.90591711999997,54E1,54E1,2025-03-15T04:16:00.000000,911_calls,2025-03-15 04:16:00,Saturday,4,3,3.0
call_4517,40.76074603300003,-73.90591711999997,54E1,54E1,2025-03-14T05:17:00.000000,911_calls,2025-03-14 05:17:00,Friday,5,3,3.0
call_4518,40.85323938100004,-73.90787562599996,75S,75S,2025-03-13T06:18:00.000000,911_calls,2025-03-13 06:18:00,Thursday,6,3,3.0
call_4519,40.90064728300007,-73.85144809199994,54U1,54U1,2025-03-12T07:19:00.000000,911_calls,2025-03-12 07:19:00,Wednesday,7,3,3.0
call_4520,40.68995926000008,-73.97743926899994,24S1,24S1,2025-03-11T08:20:00.000000,911_calls,2025-03-11 08:20:00,Tuesday,8,3,3.0
call_4521,40.75664204200007,-73.98837157699995,75S,75S,2025-03-10T09:21:00.000000,911_calls,2025-03-10 09:21:00,Monday,9,3,3.0
call_4522,40.70070230500005,-73.80725239399999,75T,75T,2025-03-09T10:22:00.000000,911_calls,2025-03-09 10:22:00,Sunday,10,3,3.0
call_4523,40.734895538000046,-73.98995943399996,68Q1,68Q1,2025-03-08T11:23:00.000000,911_calls,2025-03-08 11:23:00,Saturday,11,3,3.0
call_4524,40.860087315000044,-73.89491310799997,75D,75D,2025-03-07T12:24:00.000000,911_calls,2025-03-07 12:24:00,Friday,12,3,3.0
call_4525,40.82259140200006,-73.87777757899994,22Q2,22Q2,2025-03-06T13:25:00.000000,911_calls,2025-03-06 13:25:00,Thursday,13,3,3.0
call_4526,40.84658051700006,-73.78576854299996,52D2,52D2,2025-03-05T14:26:00.000000,911_calls,2025-03-05 14:26:00,Wednesday,14,3,3.0
call_4527,40.75818996000004,-73.77753774699994,75D,75D,2025-03-04T15:27:00.000000,911_calls,2025-03-04 15:27:00,Tuesday,15,3,3.0
call_4528,40.62059217900003,-74.02699604499998,75D,75D,2025-03-03T16:28:00.000000,911_calls,2025-03-03 16:28:00,Monday,16,3,3.0
call_4529,40.69923522700003,-73.75333340299994,11R4,11R4,2025-03-02T17:29:00.000000,911_calls,2025-03-02 17:29:00,Sunday,17,3,3.0
call_4530,40.75664204200007,-73.98837157699995,75S,75S,2025-03-01T18:30:00.000000,911_calls,2025-03-01 18:30:00,Saturday,18,3,3.0
call_4531,40.70808919500007,-73.89778575699995,52D6,52D6,2025-02-28T19:31:00.000000,911_calls,2025-02-28 19:31:00,Friday,19,2,3.0
call_4532,40.75770902800008,-73.96042604299998,75D,75D,2025-02-27T20:32:00.000000,911_calls,2025-02-27 20:32:00,Thursday,20,2,3.0
call_4533,40.81646429700004,-73.89055634999994,10H1,10H1,2025-02-26T21:33:00.000000,911_calls,2025-02-26 21:33:00,Wednesday,21,2,3.0
call_4534,40.747399795000035,-73.88625236599995,53S,53S,2025-02-25T22:34:00.000000,911_calls,2025-02-25 22:34:00,Tuesday,22,2,3.0
call_4535,40.63522503300004,-74.10664164299999,68Q1,68Q1,2025-02-24T23:35:00.000000,911_calls,2025-02-24 23:35:00,Monday,23,2,3.0
call_4536,40.75804408300007,-73.97019701999994,54S9,54S9,2025-02-23T00:36:00.000000,911_calls,2025-02-23 00:36:00,Sunday,0,2,3.0
call_4537,40.72622616500007,-73.75665738299995,75D,75D,2025-02-22T01:37:00.000000,911_calls,2025-02-22 01:37:00,Saturday,1,2,3.0
call_4538,40.885618814000054,-73.86608159099995,54C3,54C3,2025-02-21T02:38:00.000000,911_calls,2025-02-21 02:38:00,Friday,2,2,3.0
call_4539,40.885618814000054,-73.86608159099995,54C3,54C3,2025-02-20T03:39:00.000000,911_calls,2025-02-20 03:39:00,Thursday,3,2,3.0
call_4540,40.66968264500008,-73.87146456599999,39V6,39V6,2025-02-19T04:40:00.000000,911_calls,2025-02-19 04:40:00,Wednesday,4,2,3.0
call_4541,40.709811201000036,-73.84676949299995,39H2,39H2,2025-02-18T05:41:00.000000,911_calls,2025-02-18 05:41:00,Tuesday,5,2,3.0
call_4542,40.583921202000056,-74.09507512399995,50P1,50P1,2025-02-17T06:42:00.000000,911_calls,2025-02-17 06:42:00,Monday,6,2,3.0
call_4543,40.65568192500007,-74.00291352099998,75D,75D,2025-02-16T07:43:00.000000,911_calls,2025-02-16 07:43:00,Sunday,7,2,3.0
call_4544,40.678238976000046,-73.90992721499998,22V2,22V2,2025-02-15T08:44:00.000000,911_calls,2025-02-15 08:44:00,Saturday,8,2,3.0
call_4545,40.66646466200007,-73.90410359499998,75D,75D,2025-02-14T09:45:00.000000,911_calls,2025-02-14 09:45:00,Friday,9,2,3.0
call_4546,40.76983029100006,-73.98619230399999,39T1,39T1,2025-02-13T10:46:00.000000,911_calls,2025-02-13 10:46:00,Thursday,10,2,3.0
call_4547,40.669051068000044,-73.90182525899996,75S,75S,2025-02-12T11:47:00.000000,911_calls,2025-02-12 11:47:00,Wednesday,11,2,3.0
call_4548,40.64579935100005,-73.91113854899999,75D,75D,2025-02-11T12:48:00.000000,911_calls,2025-02-11 12:48:00,Tuesday,12,2,3.0
call_4549,40.85128045400006,-73.90546374799999,52D6,52D6,2025-02-10T13:49:00.000000,911_calls,2025-02-10 13:49:00,Monday,13,2,3.0
call_4550,40.82974707600005,-73.90746369299995,54Q1,54Q1,2025-02-09T14:50:00.000000,911_calls,2025-02-09 14:50:00,Sunday,14,2,3.0
call_4551,40.81987006300005,-73.90229645499994,22Q2,22Q2,2025-02-08T15:51:00.000000,911_calls,2025-02-08 15:51:00,Saturday,15,2,3.0
call_4552,40.63433833900007,-73.95602078899998,11R4,11R4,2025-02-07T16:52:00.000000,911_calls,2025-02-07 16:52:00,Friday,16,2,3.0
call_4553,40.62598702400004,-74.15622191499995,39H1,39H1,2025-02-06T17:53:00.000000,911_calls,2025-02-06 17:53:00,Thursday,17,2,3.0
call_4554,40.67358617000008,-73.93846727799996,68Q1,68Q1,2025-02-05T18:54:00.000000,911_calls,2025-02-05 18:54:00,Wednesday,18,2,3.0
call_4555,40.82638785000006,-73.84817039199999,54C1,54C1,2025-02-04T19:55:00.000000,911_calls,2025-02-04 19:55:00,Tuesday,19,2,3.0
call_4556,40.75417102900008,-73.98250314699999,75S,75S,2025-02-03T20:56:00.000000,911_calls,2025-02-03 20:56:00,Monday,20,2,3.0
call_4557,40.748840194000024,-73.87257502599994,54U2,54U2,2025-02-02T21:57:00.000000,911_calls,2025-02-02 21:57:00,Sunday,21,2,3.0
call_4558,40.84858283500006,-73.90267717899997,52D1,52D1,2025-02-01T22:58:00.000000,911_calls,2025-02-01 22:58:00,Saturday,22,2,3.0
call_4559,40.75456728900008,-73.85529303799996,34W6,34W6,2025-01-31T23:59:00.000000,911_calls,2025-01-31 23:59:00,Friday,23,1,3.0
call_4560,40.89624880200006,-73.87573231199997,29H1,29H1,2025-01-30T00:00:00.000000,911_calls,2025-01-30 00:00:00,Thursday,0,1,3.0
call_4561,40.66679569100006,-73.89651170599996,10Y3,10Y3,2025-01-29T01:01:00.000000,911_calls,2025-01-29 01:01:00,Wednesday,1,1,3.0
call_4562,40.668883566000034,-73.98655204599999,75D,75D,2025-01-28T02:02:00.000000,911_calls,2025-01-28 02:02:00,Tuesday,2,1,3.0
call_4563,40.678812065000045,-73.85771433899998,75M,75M,2025-01-27T03:03:00.000000,911_calls,2025-01-27 03:03:00,Monday,3,1,3.0
call_4564,40.74164299600005,-73.81209232999998,21R,21R,2025-01-26T04:04:00.000000,911_calls,2025-01-26 04:04:00,Sunday,4,1,3.0
call_4565,40.746778386000074,-73.94455660799997,75D,75D,2025-01-25T05:05:00.000000,911_calls,2025-01-25 05:05:00,Saturday,5,1,3.0
call_4566,40.868157102000055,-73.88943360599995,54E1,54E1,2025-01-24T06:06:00.000000,911_calls,2025-01-24 06:06:00,Friday,6,1,3.0
call_4567,40.868157102000055,-73.88943360599995,54E1,54E1,2025-01-23T07:07:00.000000,911_calls,2025-01-23 07:07:00,Thursday,7,1,3.0
call_4568,40.70090904500006,-73.94117578999999,75S,75S,2025-01-22T08:08:00.000000,911_calls,2025-01-22 08:08:00,Wednesday,8,1,3.0
call_4569,40.57628456500004,-73.98139061299997,75S,75S,2025-01-21T09:09:00.000000,911_calls,2025-01-21 09:09:00,Tuesday,9,1,3.0
call_4570,40.71360584700005,-73.95907067299999,10Y3,10Y3,2025-01-20T10:10:00.000000,911_calls,2025-01-20 10:10:00,Monday,10,1,3.0
call_4571,40.73817137200007,-73.86075225699994,34Q6,34Q6,2025-01-19T11:11:00.000000,911_calls,2025-01-19 11:11:00,Sunday,11,1,3.0
call_4572,40.599399980000044,-74.12812573799994,54E1,54E1,2025-01-18T12:12:00.000000,911_calls,2025-01-18 12:12:00,Saturday,12,1,3.0
call_4573,40.599399980000044,-74.12812573799994,54E1,54E1,2025-01-17T13:13:00.000000,911_calls,2025-01-17 13:13:00,Friday,13,1,3.0
call_4574,40.673828610000044,-73.73442873899995,53I8,53I8,2025-01-16T14:14:00.000000,911_calls,2025-01-16 14:14:00,Thursday,14,1,3.0
call_4575,40.73702019600006,-73.99288917999996,54E1,54E1,2025-01-15T15:15:00.000000,911_calls,2025-01-15 15:15:00,Wednesday,15,1,3.0
call_4576,40.73702019600006,-73.99288917999996,54E1,54E1,2025-01-14T16:16:00.000000,911_calls,2025-01-14 16:16:00,Tuesday,16,1,3.0
call_4577,40.65327896700006,-73.91486946399993,34Q6,34Q6,2025-01-13T17:17:00.000000,911_calls,2025-01-13 17:17:00,Monday,17,1,3.0
call_4578,40.87106405600008,-73.88976865099994,24Q1,24Q1,2025-01-12T18:18:00.000000,911_calls,2025-01-12 18:18:00,Sunday,18,1,3.0
call_4579,40.75273446700004,-73.97654816699998,54U9,54U9,2025-01-11T19:19:00.000000,911_calls,2025-01-11 19:19:00,Saturday,19,1,3.0
call_4580,40.66512493100004,-73.95898867799997,75D,75D,2025-01-10T20:20:00.000000,911_calls,2025-01-10 20:20:00,Friday,20,1,3.0
call_4581,40.69240388700007,-73.99007040599997,75S,75S,2025-01-09T21:21:00.000000,911_calls,2025-01-09 21:21:00,Thursday,21,1,3.0
call_4582,40.697909012000025,-73.98263331399994,10H1,10H1,2025-01-08T22:22:00.000000,911_calls,2025-01-08 22:22:00,Wednesday,22,1,3.0
call_4583,40.84924880300008,-73.93673607399995,53S,53S,2025-01-07T23:23:00.000000,911_calls,2025-01-07 23:23:00,Tuesday,23,1,3.0
call_4584,40.669484613000066,-73.98605085699995,75D,75D,2025-01-06T00:24:00.000000,911_calls,2025-01-06 00:24:00,Monday,0,1,3.0
call_4585,40.61873787900004,-74.03299633099994,75D,75D,2025-01-05T01:25:00.000000,911_calls,2025-01-05 01:25:00,Sunday,1,1,3.0
call_4586,40.644312436000064,-73.98792630599996,68Q9,68Q9,2025-01-04T02:26:00.000000,911_calls,2025-01-04 02:26:00,Saturday,2,1,3.0
call_4587,40.71597661800007,-73.96528823199998,54U1,54U1,2025-01-03T03:27:00.000000,911_calls,2025-01-03 03:27:00,Friday,3,1,3.0
call_4588,40.76296359200006,-73.99351452799993,39H1,39H1,2025-01-02T04:28:00.000000,911_calls,2025-01-02 04:28:00,Thursday,4,1,3.0
call_4589,40.685771189000036,-73.72623589899996,53S8,53S8,2025-01-01T05:29:00.000000,911_calls,2025-01-01 05:29:00,Wednesday,5,1,3.0
call_4590,40.76273882500004,-73.95675544699998,10H1,10H1,2024-12-31T06:30:00.000000,911_calls,2024-12-31 06:30:00,Tuesday,6,12,3.0
call_4591,40.647643112000026,-73.95814536399996,11C4,11C4,2024-12-30T07:31:00.000000,911_calls,2024-12-30 07:31:00,Monday,7,12,3.0
call_4592,40.864331297000035,-73.86637753399998,75H,75H,2024-12-29T08:32:00.000000,911_calls,2024-12-29 08:32:00,Sunday,8,12,3.0
call_4593,40.805364044000044,-73.93766276299993,52D6,52D6,2024-12-28T09:33:00.000000,911_calls,2024-12-28 09:33:00,Saturday,9,12,3.0
call_4594,40.84413994500005,-73.90038861799997,68Q1,68Q1,2024-12-27T10:34:00.000000,911_calls,2024-12-27 10:34:00,Friday,10,12,3.0
call_4595,40.64552236700007,-73.98372079199999,52D6,52D6,2024-12-26T11:35:00.000000,911_calls,2024-12-26 11:35:00,Thursday,11,12,3.0
call_4596,40.68023991100006,-73.84538446799996,75S,75S,2024-12-25T12:36:00.000000,911_calls,2024-12-25 12:36:00,Wednesday,12,12,3.0
call_4597,40.69718023000007,-73.93352290199994,29C,29C,2024-12-24T13:37:00.000000,911_calls,2024-12-24 13:37:00,Tuesday,13,12,3.0
call_4598,40.851675972000066,-73.90580657999999,34Q1,34Q1,2024-12-23T14:38:00.000000,911_calls,2024-12-23 14:38:00,Monday,14,12,3.0
call_4599,40.710645028000044,-73.92306351499997,54U2,54U2,2024-12-22T15:39:00.000000,911_calls,2024-12-22 15:39:00,Sunday,15,12,3.0
call_4600,40.84655934700004,-73.92371233499995,54S1,54S1,2024-12-21T16:40:00.000000,911_calls,2024-12-21 16:40:00,Saturday,16,12,3.0
call_4601,40.755977862000066,-73.98886258299996,54E1,54E1,2024-12-20T17:41:00.000000,911_calls,2024-12-20 17:41:00,Friday,17,12,3.0
call_4602,40.755977862000066,-73.98886258299996,54E1,54E1,2024-12-19T18:42:00.000000,911_calls,2024-12-19 18:42:00,Thursday,18,12,3.0
call_4603,40.717068450000056,-73.80346059999994,68Q1,68Q1,2024-12-18T19:43:00.000000,911_calls,2024-12-18 19:43:00,Wednesday,19,12,3.0
call_4604,40.85656810300003,-73.88572224699993,10S2,10S2,2024-12-17T20:44:00.000000,911_calls,2024-12-17 20:44:00,Tuesday,20,12,3.0
call_4605,40.60888276000003,-73.97245693499997,75S,75S,2024-12-16T21:45:00.000000,911_calls,2024-12-16 21:45:00,Monday,21,12,3.0
call_4606,40.74667651200008,-73.89639123199998,10N9,10N9,2024-12-15T22:46:00.000000,911_calls,2024-12-15 22:46:00,Sunday,22,12,3.0
call_4607,40.79189233400007,-73.94751652699995,34Q2,34Q2,2024-12-14T23:47:00.000000,911_calls,2024-12-14 23:47:00,Saturday,23,12,3.0
call_4608,40.615314365000074,-73.99915860199997,10Y7,10Y7,2024-12-13T00:48:00.000000,911_calls,2024-12-13 00:48:00,Friday,0,12,3.0
call_4609,40.72494886800007,-73.99491444499995,10H2,10H2,2024-12-12T01:49:00.000000,911_calls,2024-12-12 01:49:00,Thursday,1,12,3.0
call_4610,40.708612996000056,-73.81925501399996,75S,75S,2024-12-11T02:50:00.000000,911_calls,2024-12-11 02:50:00,Wednesday,2,12,3.0
call_4611,40.696339582000064,-73.86636080599999,68Q1,68Q1,2024-12-10T03:51:00.000000,911_calls,2024-12-10 03:51:00,Tuesday,3,12,3.0
call_4612,40.782799975000046,-73.94962887099996,52D6,52D6,2024-12-09T04:52:00.000000,911_calls,2024-12-09 04:52:00,Monday,4,12,3.0
call_4613,40.78570800400007,-73.94654279499997,52D1,52D1,2024-12-08T05:53:00.000000,911_calls,2024-12-08 05:53:00,Sunday,5,12,3.0
call_4614,40.58891247500003,-73.96550189499999,53S,53S,2024-12-07T06:54:00.000000,911_calls,2024-12-07 06:54:00,Saturday,6,12,3.0
call_4615,40.84925596900007,-73.91028843099997,52D6,52D6,2024-12-06T07:55:00.000000,911_calls,2024-12-06 07:55:00,Friday,7,12,3.0
call_4616,40.855580961000044,-73.86383938399996,10H1,10H1,2024-12-05T08:56:00.000000,911_calls,2024-12-05 08:56:00,Thursday,8,12,3.0
call_4617,40.753953945000035,-73.90075808599994,11C4,11C4,2024-12-04T09:57:00.000000,911_calls,2024-12-04 09:57:00,Wednesday,9,12,3.0
call_4618,40.813292588000024,-73.91471898299994,68Q1,68Q1,2024-12-03T10:58:00.000000,911_calls,2024-12-03 10:58:00,Tuesday,10,12,3.0
call_4619,40.66025965100005,-73.94258126899996,52D1,52D1,2024-12-02T11:59:00.000000,911_calls,2024-12-02 11:59:00,Monday,11,12,3.0
call_4620,40.638201379000066,-73.89746403499998,11C4,11C4,2024-12-01T12:00:00.000000,911_calls,2024-12-01 12:00:00,Sunday,12,12,3.0
call_4621,40.844825944000036,-73.92148791099999,53S8,53S8,2024-11-30T13:01:00.000000,911_calls,2024-11-30 13:01:00,Saturday,13,11,3.0
call_4622,40.77284933300007,-73.95387139399998,10H1,10H1,2024-11-29T14:02:00.000000,911_calls,2024-11-29 14:02:00,Friday,14,11,3.0
call_4623,40.67697433500007,-73.86562088499994,39Q9,39Q9,2024-11-28T15:03:00.000000,911_calls,2024-11-28 15:03:00,Thursday,15,11,3.0
call_4624,40.673708343000044,-73.98253146299999,75D,75D,2024-11-27T16:04:00.000000,911_calls,2024-11-27 16:04:00,Wednesday,16,11,3.0
call_4625,40.66940852600004,-73.97451191299996,68Q9,68Q9,2024-11-26T17:05:00.000000,911_calls,2024-11-26 17:05:00,Tuesday,17,11,3.0
call_4626,40.84416759000004,-73.91430351799994,30Q2,30Q2,2024-11-25T18:06:00.000000,911_calls,2024-11-25 18:06:00,Monday,18,11,3.0
call_4627,40.84416759000004,-73.91430351799994,30Q2,30Q2,2024-11-24T19:07:00.000000,911_calls,2024-11-24 19:07:00,Sunday,19,11,3.0
call_4628,40.75043076800006,-73.98928217599996,11C4,11C4,2024-11-23T20:08:00.000000,911_calls,2024-11-23 20:08:00,Saturday,20,11,3.0
call_4629,40.69342481600006,-73.98870354299999,11C4,11C4,2024-11-22T21:09:00.000000,911_calls,2024-11-22 21:09:00,Friday,21,11,3.0
call_4630,40.83866695800003,-73.91775471799997,10H1,10H1,2024-11-21T22:10:00.000000,911_calls,2024-11-21 22:10:00,Thursday,22,11,3.0
call_4631,40.655718343000046,-73.94525938899994,56S,56S,2024-11-20T23:11:00.000000,911_calls,2024-11-20 23:11:00,Wednesday,23,11,3.0
call_4632,40.71634415200003,-74.00125319299997,68Q1,68Q1,2024-11-19T00:12:00.000000,911_calls,2024-11-19 00:12:00,Tuesday,0,11,3.0
call_4633,40.67939467000008,-73.94498397699994,75D,75D,2024-11-18T01:13:00.000000,911_calls,2024-11-18 01:13:00,Monday,1,11,3.0
call_4634,40.57258606700003,-74.00132967999997,10Y3,10Y3,2024-11-17T02:14:00.000000,911_calls,2024-11-17 02:14:00,Sunday,2,11,3.0
call_4635,40.67017935600006,-73.98895260799998,75T,75T,2024-11-16T03:15:00.000000,911_calls,2024-11-16 03:15:00,Saturday,3,11,3.0
call_4636,40.57790406700008,-73.96010058899998,75S,75S,2024-11-15T04:16:00.000000,911_calls,2024-11-15 04:16:00,Friday,4,11,3.0
call_4637,40.592336182000054,-73.98148695899994,75D,75D,2024-11-14T05:17:00.000000,911_calls,2024-11-14 05:17:00,Thursday,5,11,3.0
call_4638,40.789228739000066,-73.97761147699998,68Q1,68Q1,2024-11-13T06:18:00.000000,911_calls,2024-11-13 06:18:00,Wednesday,6,11,3.0
call_4639,40.69682677700007,-73.96658203799996,75D,75D,2024-11-12T07:19:00.000000,911_calls,2024-11-12 07:19:00,Tuesday,7,11,3.0
call_4640,40.802029582000046,-73.94967572299998,75D,75D,2024-11-11T08:20:00.000000,911_calls,2024-11-11 08:20:00,Monday,8,11,3.0
call_4641,40.697832591000065,-73.92326222299994,54U2,54U2,2024-11-10T09:21:00.000000,911_calls,2024-11-10 09:21:00,Sunday,9,11,3.0
call_4642,40.57628456500004,-73.98139061299997,75O,75O,2024-11-09T10:22:00.000000,911_calls,2024-11-09 10:22:00,Saturday,10,11,3.0
call_4643,40.827899467000066,-73.92588369299995,75S,75S,2024-11-08T11:23:00.000000,911_calls,2024-11-08 11:23:00,Friday,11,11,3.0
call_4644,40.80608842600003,-73.94250965899994,75D,75D,2024-11-07T12:24:00.000000,911_calls,2024-11-07 12:24:00,Thursday,12,11,3.0
call_4645,40.76229063900007,-73.87616995299999,34W6,34W6,2024-11-06T13:25:00.000000,911_calls,2024-11-06 13:25:00,Wednesday,13,11,3.0
call_4646,40.74982328200008,-73.96911434299994,75D,75D,2024-11-05T14:26:00.000000,911_calls,2024-11-05 14:26:00,Tuesday,14,11,3.0
call_4647,40.79981257600008,-73.95138580999998,59R4,59R4,2024-11-04T15:27:00.000000,911_calls,2024-11-04 15:27:00,Monday,15,11,3.0
call_4648,40.72374683800007,-73.97514413399995,39H1,39H1,2024-11-03T16:28:00.000000,911_calls,2024-11-03 16:28:00,Sunday,16,11,3.0
call_4649,40.68968693700003,-73.97460873299997,52D2,52D2,2024-11-02T17:29:00.000000,911_calls,2024-11-02 17:29:00,Saturday,17,11,3.0
call_4650,40.69402075800008,-73.97384258299996,34Q6,34Q6,2024-11-01T18:30:00.000000,911_calls,2024-11-01 18:30:00,Friday,18,11,3.0
call_4651,40.75273446700004,-73.97654816699998,54S9,54S9,2024-10-31T19:31:00.000000,911_calls,2024-10-31 19:31:00,Thursday,19,10,3.0
call_4652,40.583921202000056,-74.09507512399995,75D,75D,2024-10-30T20:32:00.000000,911_calls,2024-10-30 20:32:00,Wednesday,20,10,3.0
call_4653,40.80351927500004,-73.94233488699996,68Q1,68Q1,2024-10-29T21:33:00.000000,911_calls,2024-10-29 21:33:00,Tuesday,21,10,3.0
call_4654,40.73944949300005,-73.87679338599997,10H1,10H1,2024-10-28T22:34:00.000000,911_calls,2024-10-28 22:34:00,Monday,22,10,3.0
call_4655,40.65448231900007,-73.91272355199999,68Q1,68Q1,2024-10-27T23:35:00.000000,911_calls,2024-10-27 23:35:00,Sunday,23,10,3.0
call_4656,40.66514600100004,-73.91299436099996,11C4,11C4,2024-10-26T00:36:00.000000,911_calls,2024-10-26 00:36:00,Saturday,0,10,3.0
call_4657,40.839209820000065,-73.87698810699999,10H1,10H1,2024-10-25T01:37:00.000000,911_calls,2024-10-25 01:37:00,Friday,1,10,3.0
call_4658,40.85140035000006,-73.93618821299998,54S1,54S1,2024-10-24T02:38:00.000000,911_calls,2024-10-24 02:38:00,Thursday,2,10,3.0
call_4659,40.67690313600008,-73.98171945599995,75D,75D,2024-10-23T03:39:00.000000,911_calls,2024-10-23 03:39:00,Wednesday,3,10,3.0
call_4660,40.77506196100006,-73.98794593199995,54U1,54U1,2024-10-22T04:40:00.000000,911_calls,2024-10-22 04:40:00,Tuesday,4,10,3.0
call_4661,40.636034375000065,-74.02696626299996,75D,75D,2024-10-21T05:41:00.000000,911_calls,2024-10-21 05:41:00,Monday,5,10,3.0
call_4662,40.764069376000066,-73.95505791899996,68Q1,68Q1,2024-10-20T06:42:00.000000,911_calls,2024-10-20 06:42:00,Sunday,6,10,3.0
call_4663,40.70724054500005,-73.80250851099998,75T,75T,2024-10-19T07:43:00.000000,911_calls,2024-10-19 07:43:00,Saturday,7,10,3.0
call_4664,40.65886123400003,-73.97892751799998,68Q1,68Q1,2024-10-18T08:44:00.000000,911_calls,2024-10-18 08:44:00,Friday,8,10,3.0
call_4665,40.66848252400007,-73.96108818199997,10H1,10H1,2024-10-17T09:45:00.000000,911_calls,2024-10-17 09:45:00,Thursday,9,10,3.0
call_4666,40.627954213000066,-74.02475823099996,75D,75D,2024-10-16T10:46:00.000000,911_calls,2024-10-16 10:46:00,Wednesday,10,10,3.0
call_4667,40.72762525400003,-73.89055071599995,52D2,52D2,2024-10-15T11:47:00.000000,911_calls,2024-10-15 11:47:00,Tuesday,11,10,3.0
call_4668,40.621158026000046,-74.00117575599995,34Q6,34Q6,2024-10-14T12:48:00.000000,911_calls,2024-10-14 12:48:00,Monday,12,10,3.0
call_4669,40.83855090900005,-73.90939937399997,44H1,44H1,2024-10-13T13:49:00.000000,911_calls,2024-10-13 13:49:00,Sunday,13,10,3.0
call_4670,40.67836827600007,-73.90352044899998,75S,75S,2024-10-12T14:50:00.000000,911_calls,2024-10-12 14:50:00,Saturday,14,10,3.0
call_4671,40.62869346400004,-73.89750746399994,75D,75D,2024-10-11T15:51:00.000000,911_calls,2024-10-11 15:51:00,Friday,15,10,3.0
call_4672,40.70222446900004,-73.93241786699997,68Q1,68Q1,2024-10-10T16:52:00.000000,911_calls,2024-10-10 16:52:00,Thursday,16,10,3.0
call_4673,40.79409372500004,-73.93681015499999,29H1,29H1,2024-10-09T17:53:00.000000,911_calls,2024-10-09 17:53:00,Wednesday,17,10,3.0
call_4674,40.66018199800004,-73.83047308599998,75O,75O,2024-10-08T18:54:00.000000,911_calls,2024-10-08 18:54:00,Tuesday,18,10,3.0
call_4675,40.74296235400004,-73.95527424799997,54S1,54S1,2024-10-07T19:55:00.000000,911_calls,2024-10-07 19:55:00,Monday,19,10,3.0
call_4676,40.81591902000008,-73.93069836099994,10H1,10H1,2024-10-06T20:56:00.000000,911_calls,2024-10-06 20:56:00,Sunday,20,10,3.0
call_4677,40.74085948700008,-73.82344381399997,34Q6,34Q6,2024-10-05T21:57:00.000000,911_calls,2024-10-05 21:57:00,Saturday,21,10,3.0
call_4678,40.83289538100007,-73.92671649599998,54S1,54S1,2024-10-04T22:58:00.000000,911_calls,2024-10-04 22:58:00,Friday,22,10,3.0
call_4679,40.712715081000056,-73.98923052499998,75C,75C,2024-10-03T23:59:00.000000,911_calls,2024-10-03 23:59:00,Thursday,23,10,3.0
call_4680,40.57628456500004,-73.98139061299997,75O,75O,2024-10-02T00:00:00.000000,911_calls,2024-10-02 00:00:00,Wednesday,0,10,3.0
call_4681,40.71854485400007,-73.98821227999997,75T,75T,2024-10-01T01:01:00.000000,911_calls,2024-10-01 01:01:00,Tuesday,1,10,3.0
call_4682,40.71826008100004,-73.97522193599997,10H1,10H1,2024-09-30T02:02:00.000000,911_calls,2024-09-30 02:02:00,Monday,2,9,3.0
call_4683,40.718616643000075,-73.99359459799996,75S,75S,2024-09-29T03:03:00.000000,911_calls,2024-09-29 03:03:00,Sunday,3,9,3.0
call_4684,40.595760133000056,-73.76423369399998,10H1,10H1,2024-09-28T04:04:00.000000,911_calls,2024-09-28 04:04:00,Saturday,4,9,3.0
call_4685,40.65809239200007,-73.97733471099997,68Q1,68Q1,2024-09-27T05:05:00.000000,911_calls,2024-09-27 05:05:00,Friday,5,9,3.0
call_4686,40.768001981000054,-73.98379194399996,10N2,10N2,2024-09-26T06:06:00.000000,911_calls,2024-09-26 06:06:00,Thursday,6,9,3.0
call_4687,40.65809239200007,-73.97733471099997,68Q1,68Q1,2024-09-25T07:07:00.000000,911_calls,2024-09-25 07:07:00,Wednesday,7,9,3.0
call_4688,40.755251817000044,-73.86523918999995,52D1,52D1,2024-09-24T08:08:00.000000,911_calls,2024-09-24 08:08:00,Tuesday,8,9,3.0
call_4689,40.67779167400005,-73.74517107599996,75D,75D,2024-09-23T09:09:00.000000,911_calls,2024-09-23 09:09:00,Monday,9,9,3.0
call_4690,40.662767503000055,-73.90752952599996,75O,75O,2024-09-22T10:10:00.000000,911_calls,2024-09-22 10:10:00,Sunday,10,9,3.0
call_4691,40.66948809300004,-73.94357906499994,75H,75H,2024-09-21T11:11:00.000000,911_calls,2024-09-21 11:11:00,Saturday,11,9,3.0
call_4692,40.67713119800004,-73.98333453099997,75D,75D,2024-09-20T12:12:00.000000,911_calls,2024-09-20 12:12:00,Friday,12,9,3.0
call_4693,40.66888376700007,-73.93250571899995,75S,75S,2024-09-19T13:13:00.000000,911_calls,2024-09-19 13:13:00,Thursday,13,9,3.0
call_4694,40.74090877800006,-73.83067907499998,54S1,54S1,2024-09-18T14:14:00.000000,911_calls,2024-09-18 14:14:00,Wednesday,14,9,3.0
call_4695,40.75869473400007,-73.97076704999995,10H1,10H1,2024-09-17T15:15:00.000000,911_calls,2024-09-17 15:15:00,Tuesday,15,9,3.0
call_4696,40.67039952700003,-73.95662425699999,75S,75S,2024-09-16T16:16:00.000000,911_calls,2024-09-16 16:16:00,Monday,16,9,3.0
call_4697,40.87796125300008,-73.88670522099994,11C4,11C4,2024-09-15T17:17:00.000000,911_calls,2024-09-15 17:17:00,Sunday,17,9,3.0
call_4698,40.75886216500004,-73.95396771099996,11A9,11A9,2024-09-14T18:18:00.000000,911_calls,2024-09-14 18:18:00,Saturday,18,9,3.0
call_4699,40.85226098000004,-73.92094054299997,53S,53S,2024-09-13T19:19:00.000000,911_calls,2024-09-13 19:19:00,Friday,19,9,3.0
call_4700,40.85238482600005,-73.88264246499995,52D6,52D6,2024-09-12T20:20:00.000000,911_calls,2024-09-12 20:20:00,Thursday,20,9,3.0
call_4701,40.75080659100007,-73.72770467099997,60H8,60H8,2024-09-11T21:21:00.000000,911_calls,2024-09-11 21:21:00,Wednesday,21,9,3.0
call_4702,40.69370767400005,-73.99031542799997,75O,75O,2024-09-10T22:22:00.000000,911_calls,2024-09-10 22:22:00,Tuesday,22,9,3.0
call_4703,40.714617135000026,-74.01144362299993,75D,75D,2024-09-09T23:23:00.000000,911_calls,2024-09-09 23:23:00,Monday,23,9,3.0
call_4704,40.62101472100005,-73.95497412699996,10H1,10H1,2024-09-08T00:24:00.000000,911_calls,2024-09-08 00:24:00,Sunday,0,9,3.0
call_4705,40.67039952700003,-73.95662425699999,75S,75S,2024-09-07T01:25:00.000000,911_calls,2024-09-07 01:25:00,Saturday,1,9,3.0
call_4706,40.69563315000005,-73.89746226199998,54U2,54U2,2024-09-06T02:26:00.000000,911_calls,2024-09-06 02:26:00,Friday,2,9,3.0
call_4707,40.856137785000044,-73.93632826599998,39H2,39H2,2024-09-05T03:27:00.000000,911_calls,2024-09-05 03:27:00,Thursday,3,9,3.0
call_4708,40.73103279900005,-73.95312459099995,75S,75S,2024-09-04T04:28:00.000000,911_calls,2024-09-04 04:28:00,Wednesday,4,9,3.0
call_4709,40.699637566000035,-73.91037074699994,54E2,54E2,2024-09-03T05:29:00.000000,911_calls,2024-09-03 05:29:00,Tuesday,5,9,3.0
call_4710,40.699637566000035,-73.91037074699994,54E2,54E2,2024-09-02T06:30:00.000000,911_calls,2024-09-02 06:30:00,Monday,6,9,3.0
call_4711,40.62319395500003,-74.02819306199996,75D,75D,2024-09-01T07:31:00.000000,911_calls,2024-09-01 07:31:00,Sunday,7,9,3.0
call_4712,40.880725417000065,-73.83084013199993,52D1,52D1,2024-08-31T08:32:00.000000,911_calls,2024-08-31 08:32:00,Saturday,8,8,3.0
call_4713,40.82387627600008,-73.89186296799994,11C4,11C4,2024-08-30T09:33:00.000000,911_calls,2024-08-30 09:33:00,Friday,9,8,3.0
call_4714,40.58792338100005,-73.95480561499994,11B4,11B4,2024-08-29T10:34:00.000000,911_calls,2024-08-29 10:34:00,Thursday,10,8,3.0
call_4715,40.70254187100005,-73.79955059199995,75T,75T,2024-08-28T11:35:00.000000,911_calls,2024-08-28 11:35:00,Wednesday,11,8,3.0
call_4716,40.76233781500008,-73.99395859799995,68Q1,68Q1,2024-08-27T12:36:00.000000,911_calls,2024-08-27 12:36:00,Tuesday,12,8,3.0
call_4717,40.65462789000003,-74.00418568699996,75O,75O,2024-08-26T13:37:00.000000,911_calls,2024-08-26 13:37:00,Monday,13,8,3.0
call_4718,40.740926150000064,-73.71998637599995,75Z,75Z,2024-08-25T14:38:00.000000,911_calls,2024-08-25 14:38:00,Sunday,14,8,3.0
call_4719,40.604078962000074,-73.75472573599995,75S,75S,2024-08-24T15:39:00.000000,911_calls,2024-08-24 15:39:00,Saturday,15,8,3.0
call_4720,40.73972433900008,-73.97647696499996,68Q1,68Q1,2024-08-23T16:40:00.000000,911_calls,2024-08-23 16:40:00,Friday,16,8,3.0
call_4721,40.57628456500004,-73.98139061299997,75M,75M,2024-08-22T17:41:00.000000,911_calls,2024-08-22 17:41:00,Thursday,17,8,3.0
call_4722,40.72772827400007,-73.98375844199995,68Q1,68Q1,2024-08-21T18:42:00.000000,911_calls,2024-08-21 18:42:00,Wednesday,18,8,3.0
call_4723,40.81392244800003,-73.93832308299994,68Q1,68Q1,2024-08-20T19:43:00.000000,911_calls,2024-08-20 19:43:00,Tuesday,19,8,3.0
call_4724,40.71854485400007,-73.98821227999997,75T,75T,2024-08-19T20:44:00.000000,911_calls,2024-08-19 20:44:00,Monday,20,8,3.0
call_4725,40.746645976000025,-73.99193899199997,22Q1,22Q1,2024-08-18T21:45:00.000000,911_calls,2024-08-18 21:45:00,Sunday,21,8,3.0
call_4726,40.809045481000055,-73.95743338399996,75D,75D,2024-08-17T22:46:00.000000,911_calls,2024-08-17 22:46:00,Saturday,22,8,3.0
call_4727,40.81178003100007,-73.93551814699998,50P1,50P1,2024-08-16T23:47:00.000000,911_calls,2024-08-16 23:47:00,Friday,23,8,3.0
call_4728,40.67039952700003,-73.95662425699999,54S9,54S9,2024-08-15T00:48:00.000000,911_calls,2024-08-15 00:48:00,Thursday,0,8,3.0
call_4729,40.73672445200003,-73.95771052499998,52D6,52D6,2024-08-14T01:49:00.000000,911_calls,2024-08-14 01:49:00,Wednesday,1,8,3.0
call_4730,40.73523041000004,-73.99009289199995,75S,75S,2024-08-13T02:50:00.000000,911_calls,2024-08-13 02:50:00,Tuesday,2,8,3.0
call_4731,40.68351995100005,-73.97706286199997,75S,75S,2024-08-12T03:51:00.000000,911_calls,2024-08-12 03:51:00,Monday,3,8,3.0
call_4732,40.86604021200003,-73.89452046199995,75S,75S,2024-08-11T04:52:00.000000,911_calls,2024-08-11 04:52:00,Sunday,4,8,3.0
call_4733,40.76530321800004,-73.97951115299998,50P1,50P1,2024-08-10T05:53:00.000000,911_calls,2024-08-10 05:53:00,Saturday,5,8,3.0
call_4734,40.80612078200005,-73.95338236299995,54S2,54S2,2024-08-09T06:54:00.000000,911_calls,2024-08-09 06:54:00,Friday,6,8,3.0
call_4735,40.73827470100008,-74.00386978599994,75D,75D,2024-08-08T07:55:00.000000,911_calls,2024-08-08 07:55:00,Thursday,7,8,3.0
call_4736,40.677419358000066,-73.98305685499997,75Z,75Z,2024-08-07T08:56:00.000000,911_calls,2024-08-07 08:56:00,Wednesday,8,8,3.0
call_4737,40.81133009200005,-73.92666076599994,75S,75S,2024-08-06T09:57:00.000000,911_calls,2024-08-06 09:57:00,Tuesday,9,8,3.0
call_4738,40.88479412200007,-73.89691013199996,53S,53S,2024-08-05T10:58:00.000000,911_calls,2024-08-05 10:58:00,Monday,10,8,3.0
call_4739,40.74558231000003,-73.71481684999998,50P1,50P1,2024-08-04T11:59:00.000000,911_calls,2024-08-04 11:59:00,Sunday,11,8,3.0
call_4740,40.67039952700003,-73.95662425699999,75S,75S,2024-08-03T12:00:00.000000,911_calls,2024-08-03 12:00:00,Saturday,12,8,3.0
call_4741,40.66429775800003,-73.90258920499997,75D,75D,2024-08-02T13:01:00.000000,911_calls,2024-08-02 13:01:00,Friday,13,8,3.0
call_4742,40.684461543000054,-73.97775120999995,75S,75S,2024-08-01T14:02:00.000000,911_calls,2024-08-01 14:02:00,Thursday,14,8,3.0
call_4743,40.68023991100006,-73.84538446799996,54S2,54S2,2024-07-31T15:03:00.000000,911_calls,2024-07-31 15:03:00,Wednesday,15,7,3.0
call_4744,40.66528800300006,-73.91203896199994,52D2,52D2,2024-07-30T16:04:00.000000,911_calls,2024-07-30 16:04:00,Tuesday,16,7,3.0
call_4745,40.662767503000055,-73.90752952599996,75S,75S,2025-07-29T17:05:00.000000,911_calls,2025-07-29 17:05:00,Tuesday,17,7,3.0
call_4746,40.68437086400007,-73.76852478299998,31R,31R,2025-07-28T18:06:00.000000,911_calls,2025-07-28 18:06:00,Monday,18,7,3.0
call_4747,40.81735615500003,-73.90933068199996,39H1,39H1,2025-07-27T19:07:00.000000,911_calls,2025-07-27 19:07:00,Sunday,19,7,3.0
call_4748,40.72111660300004,-73.98736043299994,75C,75C,2025-07-26T20:08:00.000000,911_calls,2025-07-26 20:08:00,Saturday,20,7,3.0
call_4749,40.781137615000034,-73.94567624899997,11C4,11C4,2025-07-25T21:09:00.000000,911_calls,2025-07-25 21:09:00,Friday,21,7,3.0
call_4750,40.66694989100006,-73.92990871099994,75H,75H,2025-07-24T22:10:00.000000,911_calls,2025-07-24 22:10:00,Thursday,22,7,3.0
call_4751,40.78846367600005,-73.96887613299998,75D,75D,2025-07-23T23:11:00.000000,911_calls,2025-07-23 23:11:00,Wednesday,23,7,3.0
call_4752,40.76983029100006,-73.98619230399999,68Q1,68Q1,2025-07-22T00:12:00.000000,911_calls,2025-07-22 00:12:00,Tuesday,0,7,3.0
call_4753,40.833170702000075,-73.85291051199994,53S,53S,2025-07-21T01:13:00.000000,911_calls,2025-07-21 01:13:00,Monday,1,7,3.0
call_4754,40.837321839000026,-73.91011659999998,52D2,52D2,2025-07-20T02:14:00.000000,911_calls,2025-07-20 02:14:00,Sunday,2,7,3.0
call_4755,40.79299897900006,-73.97285748699994,50P1,50P1,2025-07-19T03:15:00.000000,911_calls,2025-07-19 03:15:00,Saturday,3,7,3.0
call_4756,40.65974667000006,-73.99150976799996,50P1,50P1,2025-07-18T04:16:00.000000,911_calls,2025-07-18 04:16:00,Friday,4,7,3.0
call_4757,40.821389973000066,-73.95413762999993,75D,75D,2025-07-17T05:17:00.000000,911_calls,2025-07-17 05:17:00,Thursday,5,7,3.0
call_4758,40.669276755000055,-73.94360087299998,75H,75H,2025-07-16T06:18:00.000000,911_calls,2025-07-16 06:18:00,Wednesday,6,7,3.0
call_4759,40.70738466600005,-73.87377239499995,34Q1,34Q1,2025-07-15T07:19:00.000000,911_calls,2025-07-15 07:19:00,Tuesday,7,7,3.0
call_4760,40.84757900300008,-73.90031840799998,54C2,54C2,2025-07-14T08:20:00.000000,911_calls,2025-07-14 08:20:00,Monday,8,7,3.0
call_4761,40.71643394100005,-73.98646309199995,75D,75D,2025-07-13T09:21:00.000000,911_calls,2025-07-13 09:21:00,Sunday,9,7,3.0
call_4762,40.76481357600005,-73.99402335199994,68Q1,68Q1,2025-07-12T10:22:00.000000,911_calls,2025-07-12 10:22:00,Saturday,10,7,3.0
call_4763,40.69419365500005,-73.91628852999997,22Q2,22Q2,2025-07-11T11:23:00.000000,911_calls,2025-07-11 11:23:00,Friday,11,7,3.0
call_4764,40.811112268000045,-73.90634444599993,39Q2,39Q2,2025-07-10T12:24:00.000000,911_calls,2025-07-10 12:24:00,Thursday,12,7,3.0
call_4765,40.851362891000065,-73.93305072399994,68Q1,68Q1,2025-07-09T13:25:00.000000,911_calls,2025-07-09 13:25:00,Wednesday,13,7,3.0
call_4766,40.66305567500007,-73.91097138199996,10H1,10H1,2025-07-08T14:26:00.000000,911_calls,2025-07-08 14:26:00,Tuesday,14,7,3.0
call_4767,40.63440163300004,-74.00163716199995,54E1,54E1,2025-07-07T15:27:00.000000,911_calls,2025-07-07 15:27:00,Monday,15,7,3.0
call_4768,40.63440163300004,-74.00163716199995,54E1,54E1,2025-07-06T16:28:00.000000,911_calls,2025-07-06 16:28:00,Sunday,16,7,3.0
call_4769,40.76506619600008,-73.99656114199996,68Q1,68Q1,2025-07-05T17:29:00.000000,911_calls,2025-07-05 17:29:00,Saturday,17,7,3.0
call_4770,40.846089850000055,-73.91945152599999,53H,53H,2025-07-04T18:30:00.000000,911_calls,2025-07-04 18:30:00,Friday,18,7,3.0
call_4771,40.817325588000074,-73.86657668599997,75D,75D,2025-07-03T19:31:00.000000,911_calls,2025-07-03 19:31:00,Thursday,19,7,3.0
call_4772,40.57982924500004,-73.97325730799997,11C4,11C4,2025-07-02T20:32:00.000000,911_calls,2025-07-02 20:32:00,Wednesday,20,7,3.0
call_4773,40.61399059800004,-73.94800576599994,22Q1,22Q1,2025-07-01T21:33:00.000000,911_calls,2025-07-01 21:33:00,Tuesday,21,7,3.0
call_4774,40.61175045200008,-73.96998859799999,68Q1,68Q1,2025-06-30T22:34:00.000000,911_calls,2025-06-30 22:34:00,Monday,22,6,3.0
call_4775,40.61549122300005,-74.08165622999996,75D,75D,2025-06-29T23:35:00.000000,911_calls,2025-06-29 23:35:00,Sunday,23,6,3.0
call_4776,40.63575578000007,-74.11957359999997,75D,75D,2025-06-28T00:36:00.000000,911_calls,2025-06-28 00:36:00,Saturday,0,6,3.0
call_4777,40.68335414200004,-73.81833915899995,10H1,10H1,2025-06-27T01:37:00.000000,911_calls,2025-06-27 01:37:00,Friday,1,6,3.0
call_4778,40.878075016000025,-73.82595788299994,56S,56S,2025-06-26T02:38:00.000000,911_calls,2025-06-26 02:38:00,Thursday,2,6,3.0
call_4779,40.608252650000054,-74.15639650499998,11R4,11R4,2025-06-25T03:39:00.000000,911_calls,2025-06-25 03:39:00,Wednesday,3,6,3.0
call_4780,40.82100441500006,-73.89092463699996,75S,75S,2025-06-24T04:40:00.000000,911_calls,2025-06-24 04:40:00,Tuesday,4,6,3.0
call_4781,40.79189277000006,-73.94848438999998,65S,65S,2025-06-23T05:41:00.000000,911_calls,2025-06-23 05:41:00,Monday,5,6,3.0
call_4782,40.670266844000025,-73.78335003899997,68Q2,68Q2,2025-06-22T06:42:00.000000,911_calls,2025-06-22 06:42:00,Sunday,6,6,3.0
call_4783,40.76778482100008,-73.98162231199996,75S,75S,2025-06-21T07:43:00.000000,911_calls,2025-06-21 07:43:00,Saturday,7,6,3.0
call_4784,40.836847284000044,-73.94569219799996,52D6,52D6,2025-06-20T08:44:00.000000,911_calls,2025-06-20 08:44:00,Friday,8,6,3.0
call_4785,40.721574160000046,-73.84390324699996,75S,75S,2025-06-19T09:45:00.000000,911_calls,2025-06-19 09:45:00,Thursday,9,6,3.0
call_4786,40.64921500600008,-73.96366886299995,11C4,11C4,2025-06-18T10:46:00.000000,911_calls,2025-06-18 10:46:00,Wednesday,10,6,3.0
call_4787,40.671096840000075,-73.90620940099996,39H1,39H1,2025-06-17T11:47:00.000000,911_calls,2025-06-17 11:47:00,Tuesday,11,6,3.0
call_4788,40.68112594000007,-73.97436682299997,68Q1,68Q1,2025-06-16T12:48:00.000000,911_calls,2025-06-16 12:48:00,Monday,12,6,3.0
call_4789,40.631020431000024,-73.97660894699999,68Q1,68Q1,2025-06-15T13:49:00.000000,911_calls,2025-06-15 13:49:00,Sunday,13,6,3.0
call_4790,40.79429368500007,-73.94123051699995,54E1,54E1,2025-06-14T14:50:00.000000,911_calls,2025-06-14 14:50:00,Saturday,14,6,3.0
call_4791,40.79429368500007,-73.94123051699995,54E1,54E1,2025-06-13T15:51:00.000000,911_calls,2025-06-13 15:51:00,Friday,15,6,3.0
call_4792,40.85872682100006,-73.86655508699994,75H,75H,2025-06-12T16:52:00.000000,911_calls,2025-06-12 16:52:00,Thursday,16,6,3.0
call_4793,40.732842997000034,-73.72924663399994,54U1,54U1,2025-06-11T17:53:00.000000,911_calls,2025-06-11 17:53:00,Wednesday,17,6,3.0
call_4794,40.69594782100006,-73.79272937399998,75D,75D,2025-06-10T18:54:00.000000,911_calls,2025-06-10 18:54:00,Tuesday,18,6,3.0
call_4795,40.75664204200007,-73.98837157699995,75S,75S,2025-06-09T19:55:00.000000,911_calls,2025-06-09 19:55:00,Monday,19,6,3.0
call_4796,40.67039952700003,-73.95662425699999,75M,75M,2025-06-08T20:56:00.000000,911_calls,2025-06-08 20:56:00,Sunday,20,6,3.0
call_4797,40.68044287300006,-73.95035875699995,75D,75D,2025-06-07T21:57:00.000000,911_calls,2025-06-07 21:57:00,Saturday,21,6,3.0
call_4798,40.812776100000065,-73.92594027299998,34Q6,34Q6,2025-06-06T22:58:00.000000,911_calls,2025-06-06 22:58:00,Friday,22,6,3.0
call_4799,40.83305923900008,-73.92980238799998,54C1,54C1,2025-06-05T23:59:00.000000,911_calls,2025-06-05 23:59:00,Thursday,23,6,3.0
call_4800,40.73690513100007,-74.00087108399998,39H1,39H1,2025-06-04T00:00:00.000000,911_calls,2025-06-04 00:00:00,Wednesday,0,6,3.0
call_4801,40.655718343000046,-73.94525938899994,68Q1,68Q1,2025-06-03T01:01:00.000000,911_calls,2025-06-03 01:01:00,Tuesday,1,6,3.0
call_4802,40.67659134100006,-73.99112186899998,39H1,39H1,2025-06-02T02:02:00.000000,911_calls,2025-06-02 02:02:00,Monday,2,6,3.0
call_4803,40.60109895000005,-73.99470420599994,75S,75S,2025-06-01T03:03:00.000000,911_calls,2025-06-01 03:03:00,Sunday,3,6,3.0
call_4804,40.88833914000003,-73.89874552099997,10V2,10V2,2025-05-31T04:04:00.000000,911_calls,2025-05-31 04:04:00,Saturday,4,5,3.0
call_4805,40.815929553000046,-73.94516735699995,54E1,54E1,2025-05-30T05:05:00.000000,911_calls,2025-05-30 05:05:00,Friday,5,5,3.0
call_4806,40.62380968000008,-73.90964763699998,68Q2,68Q2,2025-05-29T06:06:00.000000,911_calls,2025-05-29 06:06:00,Thursday,6,5,3.0
call_4807,40.68073899600006,-73.94963745499996,75S,75S,2025-05-28T07:07:00.000000,911_calls,2025-05-28 07:07:00,Wednesday,7,5,3.0
call_4808,40.598884740000074,-73.75423707499993,54U1,54U1,2025-05-27T08:08:00.000000,911_calls,2025-05-27 08:08:00,Tuesday,8,5,3.0
call_4809,40.87138912900008,-73.88536412799994,54U2,54U2,2025-05-26T09:09:00.000000,911_calls,2025-05-26 09:09:00,Monday,9,5,3.0
call_4810,40.80040837100006,-73.95183686199994,75D,75D,2025-05-25T10:10:00.000000,911_calls,2025-05-25 10:10:00,Sunday,10,5,3.0
call_4811,40.70042942600003,-73.80820890199993,75S,75S,2025-05-24T11:11:00.000000,911_calls,2025-05-24 11:11:00,Saturday,11,5,3.0
call_4812,40.655718343000046,-73.94525938899994,10Y3,10Y3,2025-05-23T12:12:00.000000,911_calls,2025-05-23 12:12:00,Friday,12,5,3.0
call_4813,40.72509160200008,-73.99507678599997,52D9,52D9,2025-05-22T13:13:00.000000,911_calls,2025-05-22 13:13:00,Thursday,13,5,3.0
call_4814,40.66305567500007,-73.91097138199996,52K2,52K2,2025-05-21T14:14:00.000000,911_calls,2025-05-21 14:14:00,Wednesday,14,5,3.0
call_4815,40.75592586700003,-73.96321362199996,24Q2,24Q2,2025-05-20T15:15:00.000000,911_calls,2025-05-20 15:15:00,Tuesday,15,5,3.0
call_4816,40.62559358000004,-73.99715551999998,75M,75M,2025-05-19T16:16:00.000000,911_calls,2025-05-19 16:16:00,Monday,16,5,3.0
call_4817,40.67604572000005,-73.87207238999997,75S,75S,2025-05-18T17:17:00.000000,911_calls,2025-05-18 17:17:00,Sunday,17,5,3.0
call_4818,40.69645001400005,-73.94360673699998,10Y3,10Y3,2025-05-17T18:18:00.000000,911_calls,2025-05-17 18:18:00,Saturday,18,5,3.0
call_4819,40.78280094200005,-73.97959965399997,68Q1,68Q1,2025-05-16T19:19:00.000000,911_calls,2025-05-16 19:19:00,Friday,19,5,3.0
call_4820,40.629756128000054,-73.96038662599994,52D6,52D6,2025-05-15T20:20:00.000000,911_calls,2025-05-15 20:20:00,Thursday,20,5,3.0
call_4821,40.75638111100005,-73.98670403199998,54E2,54E2,2025-05-14T21:21:00.000000,911_calls,2025-05-14 21:21:00,Wednesday,21,5,3.0
call_4822,40.75638111100005,-73.98670403199998,54E2,54E2,2025-05-13T22:22:00.000000,911_calls,2025-05-13 22:22:00,Tuesday,22,5,3.0
call_4823,40.64959090200006,-74.00943600199997,75S,75S,2025-05-12T23:23:00.000000,911_calls,2025-05-12 23:23:00,Monday,23,5,3.0
call_4824,40.65251825200005,-73.93531168399994,53S,53S,2025-05-11T00:24:00.000000,911_calls,2025-05-11 00:24:00,Sunday,0,5,3.0
call_4825,40.76738661300004,-73.98028668399996,50P1,50P1,2025-05-10T01:25:00.000000,911_calls,2025-05-10 01:25:00,Saturday,1,5,3.0
call_4826,40.590934091000065,-73.79694754199994,75T,75T,2025-05-09T02:26:00.000000,911_calls,2025-05-09 02:26:00,Friday,2,5,3.0
call_4827,40.64949240800007,-74.00397274499994,75D,75D,2025-05-08T03:27:00.000000,911_calls,2025-05-08 03:27:00,Thursday,3,5,3.0
call_4828,40.662767503000055,-73.90752952599996,75S,75S,2025-05-07T04:28:00.000000,911_calls,2025-05-07 04:28:00,Wednesday,4,5,3.0
call_4829,40.80033375900007,-73.94460229999999,10Y3,10Y3,2025-05-06T05:29:00.000000,911_calls,2025-05-06 05:29:00,Tuesday,5,5,3.0
call_4830,40.75908693400004,-73.94123631199994,24Q1,24Q1,2025-05-05T06:30:00.000000,911_calls,2025-05-05 06:30:00,Monday,6,5,3.0
call_4831,40.58404850200003,-73.82072619499996,54E2,54E2,2025-05-04T07:31:00.000000,911_calls,2025-05-04 07:31:00,Sunday,7,5,3.0
call_4832,40.58404850200003,-73.82072619499996,54E2,54E2,2025-05-03T08:32:00.000000,911_calls,2025-05-03 08:32:00,Saturday,8,5,3.0
call_4833,40.61772630300004,-73.92775956899999,50P1,50P1,2025-05-02T09:33:00.000000,911_calls,2025-05-02 09:33:00,Friday,9,5,3.0
call_4834,40.83855936400005,-73.89660592299998,75D,75D,2025-05-01T10:34:00.000000,911_calls,2025-05-01 10:34:00,Thursday,10,5,3.0
call_4835,40.69974268200008,-73.91142368699997,75S,75S,2025-04-30T11:35:00.000000,911_calls,2025-04-30 11:35:00,Wednesday,11,4,3.0
call_4836,40.57628456500004,-73.98139061299997,75S,75S,2025-04-29T12:36:00.000000,911_calls,2025-04-29 12:36:00,Tuesday,12,4,3.0
call_4837,40.72349240500006,-73.73670935199993,75H,75H,2025-04-28T13:37:00.000000,911_calls,2025-04-28 13:37:00,Monday,13,4,3.0
call_4838,40.621326700000054,-74.12190719499995,75H,75H,2025-04-27T14:38:00.000000,911_calls,2025-04-27 14:38:00,Sunday,14,4,3.0
call_4839,40.69607807800003,-73.95270199199996,75D,75D,2025-04-26T15:39:00.000000,911_calls,2025-04-26 15:39:00,Saturday,15,4,3.0
call_4840,40.86604021200003,-73.89452046199995,75S,75S,2025-04-25T16:40:00.000000,911_calls,2025-04-25 16:40:00,Friday,16,4,3.0
call_4841,40.577712242000075,-73.96100426599997,39H1,39H1,2025-04-24T17:41:00.000000,911_calls,2025-04-24 17:41:00,Thursday,17,4,3.0
call_4842,40.677419358000066,-73.98305685499997,10Y3,10Y3,2025-04-23T18:42:00.000000,911_calls,2025-04-23 18:42:00,Wednesday,18,4,3.0
call_4843,40.69772388100006,-73.93880924099994,52D2,52D2,2025-04-22T19:43:00.000000,911_calls,2025-04-22 19:43:00,Tuesday,19,4,3.0
call_4844,40.71354482500004,-73.75772091099998,54S1,54S1,2025-04-21T20:44:00.000000,911_calls,2025-04-21 20:44:00,Monday,20,4,3.0
call_4845,40.71354482500004,-73.75772091099998,54S1,54S1,2025-04-20T21:45:00.000000,911_calls,2025-04-20 21:45:00,Sunday,21,4,3.0
call_4846,40.73523041000004,-73.99009289199995,75S,75S,2025-04-19T22:46:00.000000,911_calls,2025-04-19 22:46:00,Saturday,22,4,3.0
call_4847,40.697895026000026,-73.95967896999997,54S2,54S2,2025-04-18T23:47:00.000000,911_calls,2025-04-18 23:47:00,Friday,23,4,3.0
call_4848,40.817780148000054,-73.89471617599997,39H1,39H1,2025-04-17T00:48:00.000000,911_calls,2025-04-17 00:48:00,Thursday,0,4,3.0
call_4849,40.82984474500006,-73.93866967299994,39H1,39H1,2025-04-16T01:49:00.000000,911_calls,2025-04-16 01:49:00,Wednesday,1,4,3.0
call_4850,40.68684131600003,-73.73787810399995,75D,75D,2025-04-15T02:50:00.000000,911_calls,2025-04-15 02:50:00,Tuesday,2,4,3.0
call_4851,40.85323938100004,-73.90787562599996,75S,75S,2025-04-14T03:51:00.000000,911_calls,2025-04-14 03:51:00,Monday,3,4,3.0
call_4852,40.75664204200007,-73.98837157699995,75S,75S,2025-04-13T04:52:00.000000,911_calls,2025-04-13 04:52:00,Sunday,4,4,3.0
call_4853,40.71959170700006,-73.88807832999998,10Y3,10Y3,2025-04-12T05:53:00.000000,911_calls,2025-04-12 05:53:00,Saturday,5,4,3.0
call_4854,40.655718343000046,-73.94525938899994,68Q1,68Q1,2025-04-11T06:54:00.000000,911_calls,2025-04-11 06:54:00,Friday,6,4,3.0
call_4855,40.71172986200003,-73.94307078299994,68Q1,68Q1,2025-04-10T07:55:00.000000,911_calls,2025-04-10 07:55:00,Thursday,7,4,3.0
call_4856,40.680591391000064,-73.97763712899996,75D,75D,2025-04-09T08:56:00.000000,911_calls,2025-04-09 08:56:00,Wednesday,8,4,3.0
call_4857,40.640832131000025,-73.94270247999998,75D,75D,2025-04-08T09:57:00.000000,911_calls,2025-04-08 09:57:00,Tuesday,9,4,3.0
call_4858,40.68164709200005,-73.90879049699998,53S,53S,2025-04-07T10:58:00.000000,911_calls,2025-04-07 10:58:00,Monday,10,4,3.0
call_4859,40.72205265600007,-73.98821526699999,75D,75D,2025-04-06T11:59:00.000000,911_calls,2025-04-06 11:59:00,Sunday,11,4,3.0
call_4860,40.67412236900003,-73.72857653999995,11C3,11C3,2025-04-05T12:00:00.000000,911_calls,2025-04-05 12:00:00,Saturday,12,4,3.0
call_4861,40.68351995100005,-73.97706286199997,75S,75S,2025-04-04T13:01:00.000000,911_calls,2025-04-04 13:01:00,Friday,13,4,3.0
call_4862,40.73690513100007,-74.00087108399998,75D,75D,2025-04-03T14:02:00.000000,911_calls,2025-04-03 14:02:00,Thursday,14,4,3.0
call_4863,40.65760927100007,-73.92122168099996,10Y3,10Y3,2025-04-02T15:03:00.000000,911_calls,2025-04-02 15:03:00,Wednesday,15,4,3.0
call_4864,40.71150998600007,-74.01220418299994,75D,75D,2025-04-01T16:04:00.000000,911_calls,2025-04-01 16:04:00,Tuesday,16,4,3.0
call_4865,40.67682832700007,-73.93453822199996,11C4,11C4,2025-03-31T17:05:00.000000,911_calls,2025-03-31 17:05:00,Monday,17,3,3.0
call_4866,40.62295698200006,-73.95952971299994,29C,29C,2025-03-30T18:06:00.000000,911_calls,2025-03-30 18:06:00,Sunday,18,3,3.0
call_4867,40.67906840200004,-73.90376820299997,75M,75M,2025-03-29T19:07:00.000000,911_calls,2025-03-29 19:07:00,Saturday,19,3,3.0
call_4868,40.74496256000003,-73.91881231399998,75D,75D,2025-03-28T20:08:00.000000,911_calls,2025-03-28 20:08:00,Friday,20,3,3.0
call_4869,40.669051068000044,-73.90182525899996,75S,75S,2025-03-27T21:09:00.000000,911_calls,2025-03-27 21:09:00,Thursday,21,3,3.0
call_4870,40.82299278900007,-73.85687853999997,10H1,10H1,2025-03-26T22:10:00.000000,911_calls,2025-03-26 22:10:00,Wednesday,22,3,3.0
call_4871,40.75718029900003,-73.99169587799997,10H1,10H1,2025-03-25T23:11:00.000000,911_calls,2025-03-25 23:11:00,Tuesday,23,3,3.0
call_4872,40.726293088000034,-73.73476084899994,10H1,10H1,2025-03-24T00:12:00.000000,911_calls,2025-03-24 00:12:00,Monday,0,3,3.0
call_4873,40.69249416900004,-73.90506863999997,68Q1,68Q1,2025-03-23T01:13:00.000000,911_calls,2025-03-23 01:13:00,Sunday,1,3,3.0
call_4874,40.65890787400008,-73.95862486799996,54U1,54U1,2025-03-22T02:14:00.000000,911_calls,2025-03-22 02:14:00,Saturday,2,3,3.0
call_4875,40.688112570000044,-73.98038944599995,75S,75S,2025-03-21T03:15:00.000000,911_calls,2025-03-21 03:15:00,Friday,3,3,3.0
call_4876,40.76512939600008,-73.97493736299998,22Q1,22Q1,2025-03-20T04:16:00.000000,911_calls,2025-03-20 04:16:00,Thursday,4,3,3.0
call_4877,40.825643273000026,-73.94550622599996,10Y3,10Y3,2025-03-19T05:17:00.000000,911_calls,2025-03-19 05:17:00,Wednesday,5,3,3.0
call_4878,40.67952426800008,-73.88599678499997,11C4,11C4,2025-03-18T06:18:00.000000,911_calls,2025-03-18 06:18:00,Tuesday,6,3,3.0
call_4879,40.69454259200006,-73.92906831899995,54E2,54E2,2025-03-17T07:19:00.000000,911_calls,2025-03-17 07:19:00,Monday,7,3,3.0
call_4880,40.69454259200006,-73.92906831899995,54E2,54E2,2025-03-16T08:20:00.000000,911_calls,2025-03-16 08:20:00,Sunday,8,3,3.0
call_4881,40.662767503000055,-73.90752952599996,75O,75O,2025-03-15T09:21:00.000000,911_calls,2025-03-15 09:21:00,Saturday,9,3,3.0
call_4882,40.729634701000066,-73.86264267799999,75D,75D,2025-03-14T10:22:00.000000,911_calls,2025-03-14 10:22:00,Friday,10,3,3.0
call_4883,40.86275525800005,-73.90449300199998,75D,75D,2025-03-13T11:23:00.000000,911_calls,2025-03-13 11:23:00,Thursday,11,3,3.0
call_4884,40.751867952000055,-73.98102395599994,39Q2,39Q2,2025-03-12T12:24:00.000000,911_calls,2025-03-12 12:24:00,Wednesday,12,3,3.0
call_4885,40.84143891400004,-73.93962756899998,50P1,50P1,2025-03-11T13:25:00.000000,911_calls,2025-03-11 13:25:00,Tuesday,13,3,3.0
call_4886,40.75664204200007,-73.98837157699995,75S,75S,2025-03-10T14:26:00.000000,911_calls,2025-03-10 14:26:00,Monday,14,3,3.0
call_4887,40.804446718000065,-73.96139881299996,52D1,52D1,2025-03-09T15:27:00.000000,911_calls,2025-03-09 15:27:00,Sunday,15,3,3.0
call_4888,40.848106295000036,-73.93072265999996,53I,53I,2025-03-08T16:28:00.000000,911_calls,2025-03-08 16:28:00,Saturday,16,3,3.0
call_4889,40.70574171900006,-73.93951601999999,75D,75D,2025-03-07T17:29:00.000000,911_calls,2025-03-07 17:29:00,Friday,17,3,3.0
call_4890,40.75986975500007,-73.82897041199993,75S,75S,2025-03-06T18:30:00.000000,911_calls,2025-03-06 18:30:00,Thursday,18,3,3.0
call_4891,40.755291974000045,-73.96366876199994,39T1,39T1,2025-03-05T19:31:00.000000,911_calls,2025-03-05 19:31:00,Wednesday,19,3,3.0
call_4892,40.764069376000066,-73.95505791899996,68Q1,68Q1,2025-03-04T20:32:00.000000,911_calls,2025-03-04 20:32:00,Tuesday,20,3,3.0
call_4893,40.69720337700005,-73.93561453399997,75S,75S,2025-03-03T21:33:00.000000,911_calls,2025-03-03 21:33:00,Monday,21,3,3.0
call_4894,40.877926728000034,-73.88237318399996,52D1,52D1,2025-03-02T22:34:00.000000,911_calls,2025-03-02 22:34:00,Sunday,22,3,3.0
call_4895,40.77512738100006,-73.98419458699993,11C4,11C4,2025-03-01T23:35:00.000000,911_calls,2025-03-01 23:35:00,Saturday,23,3,3.0
call_4896,40.80435573300008,-73.96019603399998,75D,75D,2025-02-28T00:36:00.000000,911_calls,2025-02-28 00:36:00,Friday,0,2,3.0
call_4897,40.58193462200006,-73.96366585799996,39H2,39H2,2025-02-27T01:37:00.000000,911_calls,2025-02-27 01:37:00,Thursday,1,2,3.0
call_4898,40.63986515300007,-73.96029775099998,11C4,11C4,2025-02-26T02:38:00.000000,911_calls,2025-02-26 02:38:00,Wednesday,2,2,3.0
call_4899,40.587663570000075,-73.81055977899996,75D,75D,2025-02-25T03:39:00.000000,911_calls,2025-02-25 03:39:00,Tuesday,3,2,3.0
call_4900,40.68117869500003,-73.97724033399999,75D,75D,2025-02-24T04:40:00.000000,911_calls,2025-02-24 04:40:00,Monday,4,2,3.0
call_4901,40.66742829300006,-73.93125275899996,10H2,10H2,2025-02-23T05:41:00.000000,911_calls,2025-02-23 05:41:00,Sunday,5,2,3.0
call_4902,40.640291819000026,-73.99433356799994,75M,75M,2025-02-22T06:42:00.000000,911_calls,2025-02-22 06:42:00,Saturday,6,2,3.0
call_4903,40.851656037000055,-73.92761756999994,39Q1,39Q1,2025-02-21T07:43:00.000000,911_calls,2025-02-21 07:43:00,Friday,7,2,3.0
call_4904,40.85646395900005,-73.90395979499993,39H1,39H1,2025-02-20T08:44:00.000000,911_calls,2025-02-20 08:44:00,Thursday,8,2,3.0
call_4905,40.65903333800003,-73.99939953599994,68Q1,68Q1,2025-02-19T09:45:00.000000,911_calls,2025-02-19 09:45:00,Wednesday,9,2,3.0
call_4906,40.64968737300006,-73.89341019999995,75D,75D,2025-02-18T10:46:00.000000,911_calls,2025-02-18 10:46:00,Tuesday,10,2,3.0
call_4907,40.79686381500005,-73.94924622399998,75D,75D,2025-02-17T11:47:00.000000,911_calls,2025-02-17 11:47:00,Monday,11,2,3.0
call_4908,40.798500915000034,-73.94594018899994,54H1,54H1,2025-02-16T12:48:00.000000,911_calls,2025-02-16 12:48:00,Sunday,12,2,3.0
call_4909,40.88220104000004,-73.88318652999999,54C1,54C1,2025-02-15T13:49:00.000000,911_calls,2025-02-15 13:49:00,Saturday,13,2,3.0
call_4910,40.77829193100007,-73.77723950599994,75H,75H,2025-02-14T14:50:00.000000,911_calls,2025-02-14 14:50:00,Friday,14,2,3.0
call_4911,40.817033937000076,-73.93643431999999,22V2,22V2,2025-02-13T15:51:00.000000,911_calls,2025-02-13 15:51:00,Thursday,15,2,3.0
call_4912,40.58532136300005,-73.81002278199998,59R4,59R4,2025-02-12T16:52:00.000000,911_calls,2025-02-12 16:52:00,Wednesday,16,2,3.0
call_4913,40.68397916200007,-73.86342178199999,54U2,54U2,2025-02-11T17:53:00.000000,911_calls,2025-02-11 17:53:00,Tuesday,17,2,3.0
call_4914,40.753173041000025,-73.99275391199996,68Q1,68Q1,2025-02-10T18:54:00.000000,911_calls,2025-02-10 18:54:00,Monday,18,2,3.0
call_4915,40.86603507500007,-73.89193541699996,75D,75D,2025-02-09T19:55:00.000000,911_calls,2025-02-09 19:55:00,Sunday,19,2,3.0
call_4916,40.66888376700007,-73.93250571899995,75S,75S,2025-02-08T20:56:00.000000,911_calls,2025-02-08 20:56:00,Saturday,20,2,3.0
call_4917,40.833541155000034,-73.89264588499998,53H,53H,2025-02-07T21:57:00.000000,911_calls,2025-02-07 21:57:00,Friday,21,2,3.0
call_4918,40.79136748700006,-73.98096213899998,53S8,53S8,2025-02-06T22:58:00.000000,911_calls,2025-02-06 22:58:00,Thursday,22,2,3.0
call_4919,40.829860659000076,-73.94293719299998,10Y3,10Y3,2025-02-05T23:59:00.000000,911_calls,2025-02-05 23:59:00,Wednesday,23,2,3.0
call_4920,40.67879588200003,-73.94409756499994,75D,75D,2025-02-04T00:00:00.000000,911_calls,2025-02-04 00:00:00,Tuesday,0,2,3.0
call_4921,40.69240388700007,-73.99007040599997,75S,75S,2025-02-03T01:01:00.000000,911_calls,2025-02-03 01:01:00,Monday,1,2,3.0
call_4922,40.75927784000004,-73.71894544299994,75D,75D,2025-02-02T02:02:00.000000,911_calls,2025-02-02 02:02:00,Sunday,2,2,3.0
call_4923,40.853450242000065,-73.89153654899997,34Q1,34Q1,2025-02-01T03:03:00.000000,911_calls,2025-02-01 03:03:00,Saturday,3,2,3.0
call_4924,40.67627490800004,-73.89216357999999,10V2,10V2,2025-01-31T04:04:00.000000,911_calls,2025-01-31 04:04:00,Friday,4,1,3.0
call_4925,40.60888276000003,-73.97245693499997,75M,75M,2025-01-30T05:05:00.000000,911_calls,2025-01-30 05:05:00,Thursday,5,1,3.0
call_4926,40.849123235000036,-73.93800489599994,52K2,52K2,2025-01-29T06:06:00.000000,911_calls,2025-01-29 06:06:00,Wednesday,6,1,3.0
call_4927,40.75226363000007,-73.98388239499997,68Q1,68Q1,2025-01-28T07:07:00.000000,911_calls,2025-01-28 07:07:00,Tuesday,7,1,3.0
call_4928,40.69226368000005,-73.98774453499993,75S,75S,2025-01-27T08:08:00.000000,911_calls,2025-01-27 08:08:00,Monday,8,1,3.0
call_4929,40.75226363000007,-73.98388239499997,68Q1,68Q1,2025-01-26T09:09:00.000000,911_calls,2025-01-26 09:09:00,Sunday,9,1,3.0
call_4930,40.674369253000066,-73.86304850799996,54E1,54E1,2025-01-25T10:10:00.000000,911_calls,2025-01-25 10:10:00,Saturday,10,1,3.0
call_4931,40.674369253000066,-73.86304850799996,54E1,54E1,2025-01-24T11:11:00.000000,911_calls,2025-01-24 11:11:00,Friday,11,1,3.0
call_4932,40.75189284100003,-73.96918556899993,52D2,52D2,2025-01-23T12:12:00.000000,911_calls,2025-01-23 12:12:00,Thursday,12,1,3.0
call_4933,40.781137615000034,-73.94567624899997,68Q1,68Q1,2025-01-22T13:13:00.000000,911_calls,2025-01-22 13:13:00,Wednesday,13,1,3.0
call_4934,40.690563893000046,-73.98187797899999,75S,75S,2025-01-21T14:14:00.000000,911_calls,2025-01-21 14:14:00,Tuesday,14,1,3.0
call_4935,40.747749268000064,-73.97317547199998,75D,75D,2025-01-20T15:15:00.000000,911_calls,2025-01-20 15:15:00,Monday,15,1,3.0
call_4936,40.65462789000003,-74.00418568699996,75S,75S,2025-01-19T16:16:00.000000,911_calls,2025-01-19 16:16:00,Sunday,16,1,3.0
call_4937,40.78052257600007,-73.94521817699996,68Q1,68Q1,2025-01-18T17:17:00.000000,911_calls,2025-01-18 17:17:00,Saturday,17,1,3.0
call_4938,40.667012337000074,-73.99581642299995,10Y8,10Y8,2025-01-17T18:18:00.000000,911_calls,2025-01-17 18:18:00,Friday,18,1,3.0
call_4939,40.69242620600005,-73.85999676399996,32Q1,32Q1,2025-01-16T19:19:00.000000,911_calls,2025-01-16 19:19:00,Thursday,19,1,3.0
call_4940,40.714271660000065,-73.74726088199998,29C,29C,2025-01-15T20:20:00.000000,911_calls,2025-01-15 20:20:00,Wednesday,20,1,3.0
call_4941,40.75664204200007,-73.98837157699995,75S,75S,2025-01-14T21:21:00.000000,911_calls,2025-01-14 21:21:00,Tuesday,21,1,3.0
call_4942,40.70184190100008,-73.80592549099998,10V2,10V2,2025-01-13T22:22:00.000000,911_calls,2025-01-13 22:22:00,Monday,22,1,3.0
call_4943,40.746804216000044,-73.90115850699993,68Q2,68Q2,2025-01-12T23:23:00.000000,911_calls,2025-01-12 23:23:00,Sunday,23,1,3.0
call_4944,40.70758131700006,-73.94067936799996,10V2,10V2,2025-01-11T00:24:00.000000,911_calls,2025-01-11 00:24:00,Saturday,0,1,3.0
call_4945,40.680508417000055,-73.97459780599996,75D,75D,2025-01-10T01:25:00.000000,911_calls,2025-01-10 01:25:00,Friday,1,1,3.0
call_4946,40.742196980000074,-73.97468254999995,68Q1,68Q1,2025-01-09T02:26:00.000000,911_calls,2025-01-09 02:26:00,Thursday,2,1,3.0
call_4947,40.72316928300006,-73.98412753799994,68Q1,68Q1,2025-01-08T03:27:00.000000,911_calls,2025-01-08 03:27:00,Wednesday,3,1,3.0
call_4948,40.75043984000007,-73.93904233699999,75D,75D,2025-01-07T04:28:00.000000,911_calls,2025-01-07 04:28:00,Tuesday,4,1,3.0
call_4949,40.69454259200006,-73.92906831899995,68Q1,68Q1,2025-01-06T05:29:00.000000,911_calls,2025-01-06 05:29:00,Monday,5,1,3.0
call_4950,40.64661862600008,-73.99619967999996,39H1,39H1,2025-01-05T06:30:00.000000,911_calls,2025-01-05 06:30:00,Sunday,6,1,3.0
call_4951,40.75679820100004,-73.97111078699999,75T,75T,2025-01-04T07:31:00.000000,911_calls,2025-01-04 07:31:00,Saturday,7,1,3.0
call_4952,40.815929553000046,-73.94516735699995,68Q1,68Q1,2025-01-03T08:32:00.000000,911_calls,2025-01-03 08:32:00,Friday,8,1,3.0
call_4953,40.815929553000046,-73.94516735699995,68Q1,68Q1,2025-01-02T09:33:00.000000,911_calls,2025-01-02 09:33:00,Thursday,9,1,3.0
call_4954,40.75679820100004,-73.97111078699999,75T,75T,2025-01-01T10:34:00.000000,911_calls,2025-01-01 10:34:00,Wednesday,10,1,3.0
call_4955,40.664190517000065,-73.85326150399999,53D,53D,2024-12-31T11:35:00.000000,911_calls,2024-12-31 11:35:00,Tuesday,11,12,3.0
call_4956,40.68699927500006,-73.93734432899998,75D,75D,2024-12-30T12:36:00.000000,911_calls,2024-12-30 12:36:00,Monday,12,12,3.0
call_4957,40.70675626000008,-74.01008971699997,75S,75S,2024-12-29T13:37:00.000000,911_calls,2024-12-29 13:37:00,Sunday,13,12,3.0
call_4958,40.86616448400008,-73.89842858499998,54E2,54E2,2024-12-28T14:38:00.000000,911_calls,2024-12-28 14:38:00,Saturday,14,12,3.0
call_4959,40.86616448400008,-73.89842858499998,54E2,54E2,2024-12-27T15:39:00.000000,911_calls,2024-12-27 15:39:00,Friday,15,12,3.0
call_4960,40.74704352800006,-73.98712814799995,54C1,54C1,2024-12-26T16:40:00.000000,911_calls,2024-12-26 16:40:00,Thursday,16,12,3.0
call_4961,40.74705075800006,-73.89147157999997,56S9,56S9,2024-12-25T17:41:00.000000,911_calls,2024-12-25 17:41:00,Wednesday,17,12,3.0
call_4962,40.650153630000034,-74.00885227299995,68Q1,68Q1,2024-12-24T18:42:00.000000,911_calls,2024-12-24 18:42:00,Tuesday,18,12,3.0
call_4963,40.65407147900004,-73.95138028299993,54E1,54E1,2024-12-23T19:43:00.000000,911_calls,2024-12-23 19:43:00,Monday,19,12,3.0
call_4964,40.65407147900004,-73.95138028299993,54E1,54E1,2024-12-22T20:44:00.000000,911_calls,2024-12-22 20:44:00,Sunday,20,12,3.0
call_4965,40.76841343500007,-73.98205535799997,68Q2,68Q2,2024-12-21T21:45:00.000000,911_calls,2024-12-21 21:45:00,Saturday,21,12,3.0
call_4966,40.57390906900008,-74.00049458999996,54E1,54E1,2024-12-20T22:46:00.000000,911_calls,2024-12-20 22:46:00,Friday,22,12,3.0
call_4967,40.57390906900008,-74.00049458999996,54E1,54E1,2024-12-19T23:47:00.000000,911_calls,2024-12-19 23:47:00,Thursday,23,12,3.0
call_4968,40.675081686000055,-73.86434488499998,10V2,10V2,2024-12-18T00:48:00.000000,911_calls,2024-12-18 00:48:00,Wednesday,0,12,3.0
call_4969,40.88392785900004,-73.83419888499998,22V2,22V2,2024-12-17T01:49:00.000000,911_calls,2024-12-17 01:49:00,Tuesday,1,12,3.0
call_4970,40.64526601000006,-74.02271786999995,75D,75D,2024-12-16T02:50:00.000000,911_calls,2024-12-16 02:50:00,Monday,2,12,3.0
call_4971,40.65398903800008,-73.90672359199993,10H1,10H1,2024-12-15T03:51:00.000000,911_calls,2024-12-15 03:51:00,Sunday,3,12,3.0
call_4972,40.841127338000035,-73.87349333499998,10H1,10H1,2024-12-14T04:52:00.000000,911_calls,2024-12-14 04:52:00,Saturday,4,12,3.0
call_4973,40.80404600700007,-73.93662010299994,75S,75S,2024-12-13T05:53:00.000000,911_calls,2024-12-13 05:53:00,Friday,5,12,3.0
call_4974,40.85700985200003,-73.86761048899996,75T,75T,2024-12-12T06:54:00.000000,911_calls,2024-12-12 06:54:00,Thursday,6,12,3.0
call_4975,40.66646466200007,-73.90410359499998,75D,75D,2024-12-11T07:55:00.000000,911_calls,2024-12-11 07:55:00,Wednesday,7,12,3.0
call_4976,40.74030856500008,-74.00382659999997,50P9,50P9,2024-12-10T08:56:00.000000,911_calls,2024-12-10 08:56:00,Tuesday,8,12,3.0
call_4977,40.64472407400007,-73.90184663899998,68Q2,68Q2,2024-12-09T09:57:00.000000,911_calls,2024-12-09 09:57:00,Monday,9,12,3.0
call_4978,40.58737417000003,-73.95417232099999,75M,75M,2024-12-08T10:58:00.000000,911_calls,2024-12-08 10:58:00,Sunday,10,12,3.0
call_4979,40.74705075800006,-73.89147157999997,75S,75S,2024-12-07T11:59:00.000000,911_calls,2024-12-07 11:59:00,Saturday,11,12,3.0
call_4980,40.71626346000005,-73.98407867999998,68Q1,68Q1,2024-12-06T12:00:00.000000,911_calls,2024-12-06 12:00:00,Friday,12,12,3.0
call_4981,40.71948360700003,-73.98866305299998,75D,75D,2024-12-05T13:01:00.000000,911_calls,2024-12-05 13:01:00,Thursday,13,12,3.0
call_4982,40.71249165100005,-73.96834528499994,68Q1,68Q1,2024-12-04T14:02:00.000000,911_calls,2024-12-04 14:02:00,Wednesday,14,12,3.0
call_4983,40.69612008900003,-73.83094428199996,75F,75F,2024-12-03T15:03:00.000000,911_calls,2024-12-03 15:03:00,Tuesday,15,12,3.0
call_4984,40.87968581800004,-73.87946264499993,24Q1,24Q1,2024-12-02T16:04:00.000000,911_calls,2024-12-02 16:04:00,Monday,16,12,3.0
call_4985,40.84084902400008,-73.94005456699995,50G9,50G9,2024-12-01T17:05:00.000000,911_calls,2024-12-01 17:05:00,Sunday,17,12,3.0
call_4986,40.67140715000005,-73.92948225299995,68Q1,68Q1,2024-11-30T18:06:00.000000,911_calls,2024-11-30 18:06:00,Saturday,18,11,3.0
call_4987,40.67040290800003,-73.88832308799994,22Q1,22Q1,2024-11-29T19:07:00.000000,911_calls,2024-11-29 19:07:00,Friday,19,11,3.0
call_4988,40.75417102900008,-73.98250314699999,75S,75S,2024-11-28T20:08:00.000000,911_calls,2024-11-28 20:08:00,Thursday,20,11,3.0
call_4989,40.85582383700006,-73.92978559199997,56S9,56S9,2024-11-27T21:09:00.000000,911_calls,2024-11-27 21:09:00,Wednesday,21,11,3.0
call_4990,40.70242641800007,-73.81247696799994,52D6,52D6,2024-11-26T22:10:00.000000,911_calls,2024-11-26 22:10:00,Tuesday,22,11,3.0
call_4991,40.72148397800004,-73.73464289899994,59R3,59R3,2024-11-25T23:11:00.000000,911_calls,2024-11-25 23:11:00,Monday,23,11,3.0
call_4992,40.85426163500006,-73.88480081599994,11C4,11C4,2024-11-24T00:12:00.000000,911_calls,2024-11-24 00:12:00,Sunday,0,11,3.0
call_4993,40.57743553600005,-73.98817598099998,10H1,10H1,2024-11-23T01:13:00.000000,911_calls,2024-11-23 01:13:00,Saturday,1,11,3.0
call_4994,40.71513224200004,-73.83222714599998,10V2,10V2,2024-11-22T02:14:00.000000,911_calls,2024-11-22 02:14:00,Friday,2,11,3.0
call_4995,40.637223031000076,-73.91262722399995,68Q2,68Q2,2024-11-21T03:15:00.000000,911_calls,2024-11-21 03:15:00,Thursday,3,11,3.0
call_4996,40.83658782300006,-73.91214858099994,54S1,54S1,2024-11-20T04:16:00.000000,911_calls,2024-11-20 04:16:00,Wednesday,4,11,3.0
call_4997,40.662767503000055,-73.90752952599996,75S,75S,2024-11-19T05:17:00.000000,911_calls,2024-11-19 05:17:00,Tuesday,5,11,3.0
call_4998,40.62158483500008,-73.94105837899997,68Q2,68Q2,2024-11-18T06:18:00.000000,911_calls,2024-11-18 06:18:00,Monday,6,11,3.0
call_4999,40.66888376700007,-73.93250571899995,39H9,39H9,2024-11-17T07:19:00.000000,911_calls,2024-11-17 07:19:00,Sunday,7,11,3.0
306735347,0.0,0.0,ROBBERY,"ROBBERY,NECKCHAIN/JEWELRY",2025-05-20T00:00:00.000,nypd_complaints,2025-05-20 00:00:00,Tuesday,0,5,7.0
309112063,0.0,0.0,ROBBERY,"ROBBERY,NECKCHAIN/JEWELRY",2025-04-05T00:00:00.000,nypd_complaints,2025-04-05 00:00:00,Saturday,0,4,7.0
305684451,40.82651619,-73.91793812,FELONY ASSAULT,STRANGULATION 1ST,2025-05-01T00:00:00.000,nypd_complaints,2025-05-01 00:00:00,Thursday,0,5,8.0
298927491,40.818256,-73.851006,ROBBERY,"ROBBERY,DWELLING",2025-01-04T00:00:00.000,nypd_complaints,2025-01-04 00:00:00,Saturday,0,1,7.0
308875141,40.87788224,-73.84479326,FELONY ASSAULT,STRANGULATION 1ST,2025-06-28T00:00:00.000,nypd_complaints,2025-06-28 00:00:00,Saturday,0,6,8.0
300107712,40.866164,-73.902699,ASSAULT 3 & RELATED OFFENSES,ASSAULT 3,2025-01-26T00:00:00.000,nypd_complaints,2025-01-26 00:00:00,Sunday,0,1,6.0
305960114,0.0,0.0,FELONY ASSAULT,"ASSAULT 2,1,UNCLASSIFIED",2025-05-06T00:00:00.000,nypd_complaints,2025-05-06 00:00:00,Tuesday,0,5,8.0
308603974,0.0,0.0,GRAND LARCENY,"LARCENY,GRAND FROM VEHICLE/MOTORCYCLE",2025-06-24T00:00:00.000,nypd_complaints,2025-06-24 00:00:00,Tuesday,0,6,5.0
302254345,40.52090928346669,-74.2175268883349,DANGEROUS WEAPONS,WEAPONS POSSESSION 3,2025-03-08T00:00:00.000,nypd_complaints,2025-03-08 00:00:00,Saturday,0,3,7.0
303892140,40.64377754,-74.00811488,DANGEROUS WEAPONS,"WEAPONS, POSSESSION, ETC",2025-03-31T00:00:00.000,nypd_complaints,2025-03-31 00:00:00,Monday,0,3,7.0
302296242,40.604652,-74.116708,ROBBERY,"ROBBERY,PERSONAL ELECTRONIC DEVICE",2025-03-09T00:00:00.000,nypd_complaints,2025-03-09 00:00:00,Sunday,0,3,7.0
302080039,40.523211,-74.185537,HARRASSMENT 2,"HARASSMENT,SUBD 3,4,5",2025-03-04T00:00:00.000,nypd_complaints,2025-03-04 00:00:00,Tuesday,0,3,3.0
303305315,40.573439,-74.128715,GRAND LARCENY,"LARCENY,GRAND BY FALSE PROMISE-NOT IN PERSON CONTACT",2025-03-20T00:00:00.000,nypd_complaints,2025-03-20 00:00:00,Thursday,0,3,5.0
301371240,40.562984,-74.104677,GRAND LARCENY,"LARCENY,GRAND FROM RESIDENCE, UNATTENDED",2025-01-18T00:00:00.000,nypd_complaints,2025-01-18 00:00:00,Saturday,0,1,5.0
301664187,40.62560206344402,-74.07503146063355,DANGEROUS DRUGS,"CONTROLLED SUBSTANCE,SALE 3",2025-02-25T00:00:00.000,nypd_complaints,2025-02-25 00:00:00,Tuesday,0,2,4.0
304099449,40.62297,-74.125338,CRIMINAL TRESPASS,"TRESPASS 3, CRIMINAL",2025-04-03T00:00:00.000,nypd_complaints,2025-04-03 00:00:00,Thursday,0,4,3.0
304597304,40.718966,-73.994605,ROBBERY,"ROBBERY,PERSONAL ELECTRONIC DEVICE",2025-04-11T00:00:00.000,nypd_complaints,2025-04-11 00:00:00,Friday,0,4,7.0
299411497,40.634279,-74.157019,GRAND LARCENY,"LARCENY,GRAND BY ACQUIRING LOS",2025-01-07T00:00:00.000,nypd_complaints,2025-01-07 00:00:00,Tuesday,0,1,5.0
306456347,40.584269,-74.08752,HARRASSMENT 2,"HARASSMENT,SUBD 1,CIVILIAN",2025-05-15T00:00:00.000,nypd_complaints,2025-05-15 00:00:00,Thursday,0,5,3.0
302306140,40.6022161657077,-74.0029507988395,RAPE,RAPE 3,2025-01-01T00:00:00.000,nypd_complaints,2025-01-01 00:00:00,Wednesday,0,1,9.0
306277252,40.728617,-74.000058,GRAND LARCENY,"LARCENY,GRAND FROM NIGHT CLUB, UNATTENDED",2025-05-10T00:00:00.000,nypd_complaints,2025-05-10 00:00:00,Saturday,0,5,5.0
304890752,40.61179815,-74.00552138,GRAND LARCENY OF MOTOR VEHICLE,"LARCENY,GRAND OF AUTO",2025-04-16T00:00:00.000,nypd_complaints,2025-04-16 00:00:00,Wednesday,0,4,5.0
307387085,40.586288,-74.08848,GRAND LARCENY,"LARCENY,GRAND BY EXTORTION",2025-06-02T00:00:00.000,nypd_complaints,2025-06-02 00:00:00,Monday,0,6,5.0
301360766,40.633106,-74.086447,GRAND LARCENY,"LARCENY,GRAND BY EXTORTION",2025-02-19T00:00:00.000,nypd_complaints,2025-02-19 00:00:00,Wednesday,0,2,5.0
301937000,40.596951,-74.089024,GRAND LARCENY,"LARCENY,GRAND FROM OPEN AREAS, UNATTENDED",2025-02-22T00:00:00.000,nypd_complaints,2025-02-22 00:00:00,Saturday,0,2,5.0
301320531,40.76218405818563,-73.99361062023596,GRAND LARCENY,"LARCENY,GRAND BY THEFT OF CREDIT CARD",2025-02-19T00:00:00.000,nypd_complaints,2025-02-19 00:00:00,Wednesday,0,2,5.0
300816147,40.574828,-74.11,GRAND LARCENY,"LARCENY,GRAND BY THEFT OF CREDIT CARD",2025-01-24T00:00:00.000,nypd_complaints,2025-01-24 00:00:00,Friday,0,1,5.0
298840061,40.552207,-74.186611,HARRASSMENT 2,"HARASSMENT,SUBD 3,4,5",2025-01-03T00:00:00.000,nypd_complaints,2025-01-03 00:00:00,Friday,0,1,3.0
299642236,40.617394,-74.14413,HARRASSMENT 2,"HARASSMENT,SUBD 1,CIVILIAN",2025-01-17T00:00:00.000,nypd_complaints,2025-01-17 00:00:00,Friday,0,1,3.0
303283537,40.650994,-74.004201,DANGEROUS WEAPONS,"WEAPONS, POSSESSION, ETC",2025-03-20T00:00:00.000,nypd_complaints,2025-03-20 00:00:00,Thursday,0,3,7.0
305477839,40.599287,-74.071831,GRAND LARCENY OF MOTOR VEHICLE,"LARCENY,GRAND OF AUTO",2025-04-28T00:00:00.000,nypd_complaints,2025-04-28 00:00:00,Monday,0,4,5.0
299239590,40.760962,-73.992652,DANGEROUS WEAPONS,"WEAPONS, POSSESSION, ETC",2025-01-10T00:00:00.000,nypd_complaints,2025-01-10 00:00:00,Friday,0,1,7.0
307445205,40.611339,-74.0641,CRIMINAL TRESPASS,"TRESPASS 3, CRIMINAL",2025-06-02T00:00:00.000,nypd_complaints,2025-06-02 00:00:00,Monday,0,6,3.0
304792368,40.537523,-74.20001,GRAND LARCENY,"LARCENY,GRAND BY EXTORTION",2025-04-13T00:00:00.000,nypd_complaints,2025-04-13 00:00:00,Sunday,0,4,5.0
301069877,40.54059,-74.173786,HARRASSMENT 2,"HARASSMENT,SUBD 3,4,5",2025-01-31T00:00:00.000,nypd_complaints,2025-01-31 00:00:00,Friday,0,1,3.0
305535870,40.595753,-74.077912,GRAND LARCENY,"LARCENY,GRAND BY EXTORTION",2025-04-16T00:00:00.000,nypd_complaints,2025-04-16 00:00:00,Wednesday,0,4,5.0
307738022,40.573068,-74.09448,ASSAULT 3 & RELATED OFFENSES,"MENACING,UNCLASSIFIED",2025-06-08T00:00:00.000,nypd_complaints,2025-06-08 00:00:00,Sunday,0,6,6.0
308184132,40.507999,-74.244583,HARRASSMENT 2,"HARASSMENT,SUBD 3,4,5",2025-06-17T00:00:00.000,nypd_complaints,2025-06-17 00:00:00,Tuesday,0,6,3.0
307676664,40.553401,-74.137161,FELONY ASSAULT,"ASSAULT 2,1,UNCLASSIFIED",2025-06-06T00:00:00.000,nypd_complaints,2025-06-06 00:00:00,Friday,0,6,8.0
302873306,40.606406,-74.120478,FELONY ASSAULT,"ASSAULT 2,1,UNCLASSIFIED",2025-03-15T00:00:00.000,nypd_complaints,2025-03-15 00:00:00,Saturday,0,3,8.0
302299333,40.637107,-74.087684,FELONY ASSAULT,"ASSAULT 2,1,UNCLASSIFIED",2025-03-08T00:00:00.000,nypd_complaints,2025-03-08 00:00:00,Saturday,0,3,8.0
308316085,40.638484,-74.13008,GRAND LARCENY,"LARCENY,GRAND FROM PERSON,UNCL",2025-06-19T00:00:00.000,nypd_complaints,2025-06-19 00:00:00,Thursday,0,6,5.0
299411496,40.625271,-74.15006,FELONY ASSAULT,"ASSAULT 2,1,UNCLASSIFIED",2025-01-13T00:00:00.000,nypd_complaints,2025-01-13 00:00:00,Monday,0,1,8.0
303616605,40.633486,-74.163425,ASSAULT 3 & RELATED OFFENSES,ASSAULT 3,2025-03-25T00:00:00.000,nypd_complaints,2025-03-25 00:00:00,Tuesday,0,3,6.0
300401446,40.632521,-74.02438,GRAND LARCENY,"LARCENY,GRAND BY THEFT OF CREDIT CARD",2025-01-29T00:00:00.000,nypd_complaints,2025-01-29 00:00:00,Wednesday,0,1,5.0
299038371,40.6447209438691,-74.0770327198983,SEX CRIMES,"SEXUAL ABUSE 3,2",2025-01-07T00:00:00.000,nypd_complaints,2025-01-07 00:00:00,Tuesday,0,1,8.0
305539606,40.714965,-74.005655,DANGEROUS WEAPONS,"WEAPONS, POSSESSION, ETC",2025-04-15T00:00:00.000,nypd_complaints,2025-04-15 00:00:00,Tuesday,0,4,7.0
303469369,40.67051,-74.009096,CRIMINAL TRESPASS,"TRESPASS 2, CRIMINAL",2025-03-22T00:00:00.000,nypd_complaints,2025-03-22 00:00:00,Saturday,0,3,3.0
303544011,40.558319,-74.167378,CRIMINAL TRESPASS,"TRESPASS 2, CRIMINAL",2025-03-22T00:00:00.000,nypd_complaints,2025-03-22 00:00:00,Saturday,0,3,3.0
304425620,40.72986175,-73.99143444,DANGEROUS WEAPONS,"WEAPONS, POSSESSION, ETC",2025-04-09T00:00:00.000,nypd_complaints,2025-04-09 00:00:00,Wednesday,0,4,7.0
305562022,40.628847,-74.141535,HARRASSMENT 2,"HARASSMENT,SUBD 1,CIVILIAN",2025-04-29T00:00:00.000,nypd_complaints,2025-04-29 00:00:00,Tuesday,0,4,3.0
305684807,40.559489,-74.17854,FELONY ASSAULT,"ASSAULT 2,1,UNCLASSIFIED",2025-04-18T00:00:00.000,nypd_complaints,2025-04-18 00:00:00,Friday,0,4,8.0
305752524,40.506109,-74.242081,HARRASSMENT 2,"HARASSMENT,SUBD 3,4,5",2025-05-02T00:00:00.000,nypd_complaints,2025-05-02 00:00:00,Friday,0,5,3.0
305149796,40.6376372,-74.16125961,DANGEROUS DRUGS,"CONTROLLED SUBSTANCE, POSSESSI",2025-04-22T00:00:00.000,nypd_complaints,2025-04-22 00:00:00,Tuesday,0,4,4.0
304760090,40.616492,-74.067901,CRIMINAL TRESPASS,"TRESPASS 2, CRIMINAL",2025-04-14T00:00:00.000,nypd_complaints,2025-04-14 00:00:00,Monday,0,4,3.0
304183775,40.622561,-74.160254,GRAND LARCENY,"LARCENY,GRAND FROM RESIDENCE, UNATTENDED",2025-03-01T00:00:00.000,nypd_complaints,2025-03-01 00:00:00,Saturday,0,3,5.0
306041018,40.61085814,-74.08886678,DANGEROUS WEAPONS,"WEAPONS, POSSESSION, ETC",2025-05-08T00:00:00.000,nypd_complaints,2025-05-08 00:00:00,Thursday,0,5,7.0
304144687,40.634018,-74.166262,ASSAULT 3 & RELATED OFFENSES,ASSAULT 3,2025-03-06T00:00:00.000,nypd_complaints,2025-03-06 00:00:00,Thursday,0,3,6.0
304233576,40.524373,-74.211722,ASSAULT 3 & RELATED OFFENSES,"MENACING,UNCLASSIFIED",2025-04-05T00:00:00.000,nypd_complaints,2025-04-05 00:00:00,Saturday,0,4,6.0
299828289,40.635068,-74.140197,DANGEROUS DRUGS,"CONTROLLED SUBSTANCE,INTENT TO",2025-01-22T00:00:00.000,nypd_complaints,2025-01-22 00:00:00,Wednesday,0,1,4.0
300325576,40.582304,-74.106964,HARRASSMENT 2,"HARASSMENT,SUBD 1,CIVILIAN",2025-01-30T00:00:00.000,nypd_complaints,2025-01-30 00:00:00,Thursday,0,1,3.0
304582590,40.558093,-74.171751,ASSAULT 3 & RELATED OFFENSES,ASSAULT 3,2025-04-10T00:00:00.000,nypd_complaints,2025-04-10 00:00:00,Thursday,0,4,6.0
306429535,40.6057313,-73.98500753,DANGEROUS WEAPONS,"WEAPONS, POSSESSION, ETC",2025-05-14T00:00:00.000,nypd_complaints,2025-05-14 00:00:00,Wednesday,0,5,7.0
305364412,40.635119,-74.131586,ROBBERY,"ROBBERY,LICENSED FOR HIRE VEHICLE",2025-04-25T00:00:00.000,nypd_complaints,2025-04-25 00:00:00,Friday,0,4,7.0
301856048,40.622145,-74.158325,ASSAULT 3 & RELATED OFFENSES,OBSTR BREATH/CIRCUL,2025-02-28T00:00:00.000,nypd_complaints,2025-02-28 00:00:00,Friday,0,2,6.0
300167802,40.728193172862966,-73.99559105112965,GRAND LARCENY,"LARCENY,GRAND FROM PERSON,UNCL",2025-01-28T00:00:00.000,nypd_complaints,2025-01-28 00:00:00,Tuesday,0,1,5.0
307893042,40.64534976,-74.01374374,DANGEROUS DRUGS,"CONTROLLED SUBSTANCE,POSSESS.",2025-06-11T00:00:00.000,nypd_complaints,2025-06-11 00:00:00,Wednesday,0,6,4.0
301419199,40.739856,-73.985553,DANGEROUS WEAPONS,"WEAPONS, POSSESSION, ETC",2025-02-20T00:00:00.000,nypd_complaints,2025-02-20 00:00:00,Thursday,0,2,7.0
301238764,40.620027,-74.013104,GRAND LARCENY OF MOTOR VEHICLE,"LARCENY,GRAND OF AUTO",2025-02-16T00:00:00.000,nypd_complaints,2025-02-16 00:00:00,Sunday,0,2,5.0
301776449,40.645638,-74.013452,GRAND LARCENY,"LARCENY,GRAND FROM BUILDING (NON-RESIDENCE) UNATTENDED",2025-02-20T00:00:00.000,nypd_complaints,2025-02-20 00:00:00,Thursday,0,2,5.0
298744782,40.646966,-74.020939,FELONY ASSAULT,ASSAULT POLICE/PEACE OFFICER,2025-01-01T00:00:00.000,nypd_complaints,2025-01-01 00:00:00,Wednesday,0,1,8.0
304039325,40.639719,-74.094201,GRAND LARCENY,"LARCENY,GRAND FROM BUILDING (NON-RESIDENCE) UNATTENDED",2025-04-01T00:00:00.000,nypd_complaints,2025-04-01 00:00:00,Tuesday,0,4,5.0
304153529,40.6447209438691,-74.0770327198983,RAPE,"RAPE 1,ATTEMPT",2025-04-03T00:00:00.000,nypd_complaints,2025-04-03 00:00:00,Thursday,0,4,9.0
300289780,40.689333,-73.985949,ROBBERY,"ROBBERY,PERSONAL ELECTRONIC DEVICE",2025-01-30T00:00:00.000,nypd_complaints,2025-01-30 00:00:00,Thursday,0,1,7.0
307623407,40.5279487,-74.23478029,GRAND LARCENY,"LARCENY,GRAND FROM OPEN AREAS, UNATTENDED",2025-05-18T00:00:00.000,nypd_complaints,2025-05-18 00:00:00,Sunday,0,5,5.0
307832541,40.575709,-74.12303,BURGLARY,"BURGLARY,TRUCK NIGHT",2025-06-09T00:00:00.000,nypd_complaints,2025-06-09 00:00:00,Monday,0,6,6.0
299533862,40.605973,-74.144007,GRAND LARCENY OF MOTOR VEHICLE,"LARCENY,GRAND OF AUTO",2025-01-15T00:00:00.000,nypd_complaints,2025-01-15 00:00:00,Wednesday,0,1,5.0
300814340,40.645949,-74.09107,GRAND LARCENY,"LARCENY,GRAND FROM BUILDING (NON-RESIDENCE) UNATTENDED",2024-11-07T00:00:00.000,nypd_complaints,2024-11-07 00:00:00,Thursday,0,11,5.0
307375169,40.538925,-74.222171,ASSAULT 3 & RELATED OFFENSES,ASSAULT 3,2025-06-01T00:00:00.000,nypd_complaints,2025-06-01 00:00:00,Sunday,0,6,6.0
306730289,40.636388,-74.134527,DANGEROUS DRUGS,"CONTROLLED SUBSTANCE, POSSESSI",2025-05-20T00:00:00.000,nypd_complaints,2025-05-20 00:00:00,Tuesday,0,5,4.0
307534572,40.6258375452829,-73.9909448942322,SEX CRIMES,"SEXUAL ABUSE 3,2",2025-06-04T00:00:00.000,nypd_complaints,2025-06-04 00:00:00,Wednesday,0,6,8.0
302115079,40.620097,-74.160892,ASSAULT 3 & RELATED OFFENSES,ASSAULT 3,2025-03-05T00:00:00.000,nypd_complaints,2025-03-05 00:00:00,Wednesday,0,3,6.0
308483080,40.76223593,-73.98986362,DANGEROUS WEAPONS,"WEAPONS, POSSESSION, ETC",2025-06-22T00:00:00.000,nypd_complaints,2025-06-22 00:00:00,Sunday,0,6,7.0
304255766,40.604518,-74.08406,GRAND LARCENY,"LARCENY,GRAND BY THEFT OF CREDIT CARD",2025-04-03T00:00:00.000,nypd_complaints,2025-04-03 00:00:00,Thursday,0,4,5.0
301156627,40.7650240788333,-73.9848359497083,SEX CRIMES,"SEXUAL ABUSE 3,2",2024-12-07T00:00:00.000,nypd_complaints,2024-12-07 00:00:00,Saturday,0,12,8.0
308539208,40.55703,-74.198323,HARRASSMENT 2,"HARASSMENT,SUBD 3,4,5",2025-06-24T00:00:00.000,nypd_complaints,2025-06-24 00:00:00,Tuesday,0,6,3.0
304908041,40.721652,-74.00829,GRAND LARCENY,"LARCENY,GRAND BY BANK ACCT COMPROMISE-REPRODUCED CHECK",2025-04-16T00:00:00.000,nypd_complaints,2025-04-16 00:00:00,Wednesday,0,4,5.0
300744529,40.612618,-74.12877,GRAND LARCENY,"LARCENY,GRAND FROM STORE-SHOPL",2025-02-07T00:00:00.000,nypd_complaints,2025-02-07 00:00:00,Friday,0,2,5.0
304361885,40.561249,-74.15885,GRAND LARCENY,"LARCENY,GRAND FROM PERSON,UNCL",2025-04-07T00:00:00.000,nypd_complaints,2025-04-07 00:00:00,Monday,0,4,5.0
300986076,40.631939,-74.163467,FELONY ASSAULT,"ASSAULT 2,1,UNCLASSIFIED",2025-02-12T00:00:00.000,nypd_complaints,2025-02-12 00:00:00,Wednesday,0,2,8.0
308732191,40.74018427,-73.98636299,ROBBERY,"ROBBERY,PERSONAL ELECTRONIC DEVICE",2025-06-27T00:00:00.000,nypd_complaints,2025-06-27 00:00:00,Friday,0,6,7.0
301642812,40.550972,-74.197861,HARRASSMENT 2,"HARASSMENT,SUBD 3,4,5",2025-02-25T00:00:00.000,nypd_complaints,2025-02-25 00:00:00,Tuesday,0,2,3.0
299233360,40.75285463424627,-73.99297988521023,DANGEROUS DRUGS,"CONTROLLED SUBSTANCE,SALE 3",2025-01-10T00:00:00.000,nypd_complaints,2025-01-10 00:00:00,Friday,0,1,4.0
305140908,40.593585,-73.995715,GRAND LARCENY OF MOTOR VEHICLE,"LARCENY,GRAND OF AUTO",2025-04-15T00:00:00.000,nypd_complaints,2025-04-15 00:00:00,Tuesday,0,4,5.0
303043328,40.582314,-74.169068,HARRASSMENT 2,"HARASSMENT,SUBD 3,4,5",2025-03-17T00:00:00.000,nypd_complaints,2025-03-17 00:00:00,Monday,0,3,3.0
307801655,40.75603526,-73.98694809,DANGEROUS WEAPONS,"WEAPONS, POSSESSION, ETC",2025-06-09T00:00:00.000,nypd_complaints,2025-06-09 00:00:00,Monday,0,6,7.0
301947858,40.54268,-74.144544,ROBBERY,"ROBBERY,DWELLING",2025-03-02T00:00:00.000,nypd_complaints,2025-03-02 00:00:00,Sunday,0,3,7.0
303023861,40.7338967584511,-74.0053958373447,SEX CRIMES,"SEXUAL ABUSE 3,2",2025-02-26T00:00:00.000,nypd_complaints,2025-02-26 00:00:00,Wednesday,0,2,8.0
307004874,40.6581577535544,-74.0004411548878,SEX CRIMES,"SEXUAL ABUSE 3,2",2025-05-25T00:00:00.000,nypd_complaints,2025-05-25 00:00:00,Sunday,0,5,8.0
303322999,40.553826,-74.19613,ASSAULT 3 & RELATED OFFENSES,ASSAULT 3,2025-03-20T00:00:00.000,nypd_complaints,2025-03-20 00:00:00,Thursday,0,3,6.0
302039444,40.734138393598215,-73.9991845242651,DANGEROUS DRUGS,"CONTROLLED SUBSTANCE,SALE 3",2025-03-04T00:00:00.000,nypd_complaints,2025-03-04 00:00:00,Tuesday,0,3,4.0
306469147,40.67414591,-74.00600601,DANGEROUS DRUGS,"CONTROLLED SUBSTANCE,SALE 3",2025-05-15T00:00:00.000,nypd_complaints,2025-05-15 00:00:00,Thursday,0,5,4.0
306865376,40.639759,-74.010511,DANGEROUS DRUGS,"CONTROLLED SUBSTANCE,POSSESS.",2025-05-22T00:00:00.000,nypd_complaints,2025-05-22 00:00:00,Thursday,0,5,4.0
306041024,40.604857,-74.129867,HARRASSMENT 2,"HARASSMENT,SUBD 1,CIVILIAN",2025-05-06T00:00:00.000,nypd_complaints,2025-05-06 00:00:00,Tuesday,0,5,3.0
301586584,40.63179,-74.124377,HARRASSMENT 2,"HARASSMENT,SUBD 1,CIVILIAN",2025-02-24T00:00:00.000,nypd_complaints,2025-02-24 00:00:00,Monday,0,2,3.0
303577293,40.557597,-74.171307,BURGLARY,"BURGLARY,TRUCK NIGHT",2025-03-25T00:00:00.000,nypd_complaints,2025-03-25 00:00:00,Tuesday,0,3,6.0
298980156,40.540893,-74.193357,HARRASSMENT 2,"HARASSMENT,SUBD 3,4,5",2025-01-06T00:00:00.000,nypd_complaints,2025-01-06 00:00:00,Monday,0,1,3.0
304928565,40.638985,-74.171253,ASSAULT 3 & RELATED OFFENSES,ASSAULT 3,2025-04-17T00:00:00.000,nypd_complaints,2025-04-17 00:00:00,Thursday,0,4,6.0
306583492,40.7338967584511,-74.0053958373447,SEX CRIMES,"SEXUAL ABUSE 3,2",2025-04-22T00:00:00.000,nypd_complaints,2025-04-22 00:00:00,Tuesday,0,4,8.0
304520734,40.574068,-74.116509,CRIMINAL TRESPASS,"TRESPASS 3, CRIMINAL",2025-03-30T00:00:00.000,nypd_complaints,2025-03-30 00:00:00,Sunday,0,3,3.0
305695592,40.604152,-74.165424,FELONY ASSAULT,"ASSAULT 2,1,UNCLASSIFIED",2025-05-01T00:00:00.000,nypd_complaints,2025-05-01 00:00:00,Thursday,0,5,8.0
302998065,40.743774,-74.007025,DANGEROUS DRUGS,"CONTROLLED SUBSTANCE,POSSESS.",2025-03-17T00:00:00.000,nypd_complaints,2025-03-17 00:00:00,Monday,0,3,4.0
299334147,40.634018,-74.166262,ASSAULT 3 & RELATED OFFENSES,ASSAULT 3,2025-01-12T00:00:00.000,nypd_complaints,2025-01-12 00:00:00,Sunday,0,1,6.0
306800066,40.73107,-73.99627,DANGEROUS DRUGS,"CONTROLLED SUBSTANCE,SALE 3",2025-05-21T00:00:00.000,nypd_complaints,2025-05-21 00:00:00,Wednesday,0,5,4.0
300737714,40.553258,-74.191893,HARRASSMENT 2,"HARASSMENT,SUBD 1,CIVILIAN",2025-02-07T00:00:00.000,nypd_complaints,2025-02-07 00:00:00,Friday,0,2,3.0
304929229,40.7535327012632,-73.9945368920152,RAPE,RAPE 3,2025-04-16T00:00:00.000,nypd_complaints,2025-04-16 00:00:00,Wednesday,0,4,9.0
305616202,40.5486,-74.216911,HARRASSMENT 2,"HARASSMENT,SUBD 3,4,5",2025-04-24T00:00:00.000,nypd_complaints,2025-04-24 00:00:00,Thursday,0,4,3.0
305836310,40.635177,-74.148573,FELONY ASSAULT,"ASSAULT 2,1,UNCLASSIFIED",2025-05-04T00:00:00.000,nypd_complaints,2025-05-04 00:00:00,Sunday,0,5,8.0
305143401,40.626245,-74.175157,GRAND LARCENY,"LARCENY,GRAND FROM STORE-SHOPL",2025-04-22T00:00:00.000,nypd_complaints,2025-04-22 00:00:00,Tuesday,0,4,5.0
306151449,40.7185558,-73.98820001,DANGEROUS WEAPONS,"WEAPONS, POSSESSION, ETC",2025-05-09T00:00:00.000,nypd_complaints,2025-05-09 00:00:00,Friday,0,5,7.0
303405868,40.719381,-74.000233,GRAND LARCENY,"LARCENY,GRAND FROM NIGHT CLUB, UNATTENDED",2025-03-22T00:00:00.000,nypd_complaints,2025-03-22 00:00:00,Saturday,0,3,5.0
304144568,40.7547,-73.993502,DANGEROUS WEAPONS,"WEAPONS, POSSESSION, ETC",2025-04-03T00:00:00.000,nypd_complaints,2025-04-03 00:00:00,Thursday,0,4,7.0
300384929,40.555467,-74.198849,GRAND LARCENY,"LARCENY,GRAND BY CREDIT CARD ACCT COMPROMISE-EXISTING ACCT",2024-10-10T00:00:00.000,nypd_complaints,2024-10-10 00:00:00,Thursday,0,10,5.0
305323169,40.548639,-74.2137,GRAND LARCENY,"LARCENY,GRAND FROM VEHICLE/MOTORCYCLE",2025-04-25T00:00:00.000,nypd_complaints,2025-04-25 00:00:00,Friday,0,4,5.0
299910569,40.5120382535219,-74.2497549524458,SEX CRIMES,"SEXUAL ABUSE 3,2",2025-01-13T00:00:00.000,nypd_complaints,2025-01-13 00:00:00,Monday,0,1,8.0
299123998,40.543399,-74.17361,FELONY ASSAULT,"ASSAULT 2,1,UNCLASSIFIED",2025-01-08T00:00:00.000,nypd_complaints,2025-01-08 00:00:00,Wednesday,0,1,8.0
301557745,40.612118,-73.992243,DANGEROUS WEAPONS,"WEAPONS, POSSESSION, ETC",2025-02-23T00:00:00.000,nypd_complaints,2025-02-23 00:00:00,Sunday,0,2,7.0
303569516,40.530239,-74.164779,CRIMINAL TRESPASS,"TRESPASS 2, CRIMINAL",2025-03-24T00:00:00.000,nypd_complaints,2025-03-24 00:00:00,Monday,0,3,3.0
306821160,40.675575,-74.007261,CRIMINAL TRESPASS,"TRESPASS 3, CRIMINAL",2025-05-21T00:00:00.000,nypd_complaints,2025-05-21 00:00:00,Wednesday,0,5,3.0
308587821,40.636821,-74.132773,DANGEROUS DRUGS,"CONTROLLED SUBSTANCE, POSSESSI",2025-06-25T00:00:00.000,nypd_complaints,2025-06-25 00:00:00,Wednesday,0,6,4.0
306006875,40.606958,-74.17064,GRAND LARCENY,"LARCENY,GRAND BY BANK ACCT COMPROMISE-TELLER",2025-05-01T00:00:00.000,nypd_complaints,2025-05-01 00:00:00,Thursday,0,5,5.0
299268499,40.632174,-74.141905,GRAND LARCENY,"LARCENY,GRAND BY BANK ACCT COMPROMISE-UNCLASSIFIED",2024-12-26T00:00:00.000,nypd_complaints,2024-12-26 00:00:00,Thursday,0,12,5.0
300293757,40.6581577535544,-74.0004411548878,SEX CRIMES,"SEXUAL ABUSE 3,2",2025-01-26T00:00:00.000,nypd_complaints,2025-01-26 00:00:00,Sunday,0,1,8.0
306252821,40.63023,-74.162214,FELONY ASSAULT,"ASSAULT 2,1,UNCLASSIFIED",2025-05-12T00:00:00.000,nypd_complaints,2025-05-12 00:00:00,Monday,0,5,8.0
301238763,40.629414,-74.024162,GRAND LARCENY,"LARCENY,GRAND FROM RESIDENCE/BUILDING,UNATTENDED, PACKAGE THEFT INSIDE",2025-02-08T00:00:00.000,nypd_complaints,2025-02-08 00:00:00,Saturday,0,2,5.0
300052641,40.634178,-74.023702,BURGLARY,"BURGLARY,COMMERCIAL,DAY",2025-01-26T00:00:00.000,nypd_complaints,2025-01-26 00:00:00,Sunday,0,1,6.0
299160777,40.636818,-74.118652,FELONY ASSAULT,"ASSAULT 2,1,UNCLASSIFIED",2025-01-07T00:00:00.000,nypd_complaints,2025-01-07 00:00:00,Tuesday,0,1,8.0
298756979,40.70775518040479,-74.01170429833229,CRIMINAL TRESPASS,"TRESPASS 3, CRIMINAL",2025-01-02T00:00:00.000,nypd_complaints,2025-01-02 00:00:00,Thursday,0,1,3.0
305269762,40.724723,-74.005969,DANGEROUS WEAPONS,"WEAPONS, POSSESSION, ETC",2025-04-24T00:00:00.000,nypd_complaints,2025-04-24 00:00:00,Thursday,0,4,7.0
307089786,40.551587,-74.18224,DANGEROUS DRUGS,"CONTROLLED SUBSTANCE,SALE 2",2025-05-27T00:00:00.000,nypd_complaints,2025-05-27 00:00:00,Tuesday,0,5,4.0
305159831,40.5742856881925,-74.1059144051212,SEX CRIMES,"SEXUAL ABUSE 3,2",2025-04-09T00:00:00.000,nypd_complaints,2025-04-09 00:00:00,Wednesday,0,4,8.0
301782846,40.695648,-73.990992,ROBBERY,"ROBBERY,PERSONAL ELECTRONIC DEVICE",2025-02-27T00:00:00.000,nypd_complaints,2025-02-27 00:00:00,Thursday,0,2,7.0
308445482,40.617367,-74.0087,CRIMINAL TRESPASS,"TRESPASS 2, CRIMINAL",2025-06-21T00:00:00.000,nypd_complaints,2025-06-21 00:00:00,Saturday,0,6,3.0
304349572,40.588261,-74.101138,FELONY ASSAULT,"ASSAULT 2,1,UNCLASSIFIED",2025-04-07T00:00:00.000,nypd_complaints,2025-04-07 00:00:00,Monday,0,4,8.0
300412036,40.718111,-73.988438,ROBBERY,"ROBBERY,PERSONAL ELECTRONIC DEVICE",2025-02-02T00:00:00.000,nypd_complaints,2025-02-02 00:00:00,Sunday,0,2,7.0
308209352,40.610661,-74.093561,GRAND LARCENY,"LARCENY,GRAND BY FALSE PROMISE-IN PERSON CONTACT",2025-06-16T00:00:00.000,nypd_complaints,2025-06-16 00:00:00,Monday,0,6,5.0
299458169,40.627397,-74.141147,GRAND LARCENY OF MOTOR VEHICLE,"LARCENY,GRAND OF AUTO",2025-01-15T00:00:00.000,nypd_complaints,2025-01-15 00:00:00,Wednesday,0,1,5.0
300943325,40.7565271628063,-73.99401903776727,DANGEROUS WEAPONS,"WEAPONS, POSSESSION, ETC",2025-02-11T00:00:00.000,nypd_complaints,2025-02-11 00:00:00,Tuesday,0,2,7.0
307623405,40.598963,-74.089956,ASSAULT 3 & RELATED OFFENSES,"MENACING,UNCLASSIFIED",2024-09-01T00:00:00.000,nypd_complaints,2024-09-01 00:00:00,Sunday,0,9,6.0
308633071,40.7338967584511,-74.0053958373447,SEX CRIMES,"SEXUAL ABUSE 3,2",2025-06-21T00:00:00.000,nypd_complaints,2025-06-21 00:00:00,Saturday,0,6,8.0
299674415,40.644805,-74.087279,CRIMINAL TRESPASS,"TRESPASS 2, CRIMINAL",2025-01-18T00:00:00.000,nypd_complaints,2025-01-18 00:00:00,Saturday,0,1,3.0
308336574,40.68901916,-73.98615711,DANGEROUS WEAPONS,"WEAPONS, POSSESSION, ETC",2025-06-19T00:00:00.000,nypd_complaints,2025-06-19 00:00:00,Thursday,0,6,7.0
308405144,40.710725,-73.993113,GRAND LARCENY,"LARCENY,GRAND OF VEHICULAR/MOTORCYCLE ACCESSORIES",2025-06-19T00:00:00.000,nypd_complaints,2025-06-19 00:00:00,Thursday,0,6,5.0
300339575,40.603681,-74.012533,GRAND LARCENY OF MOTOR VEHICLE,"LARCENY,GRAND OF AUTO",2025-01-30T00:00:00.000,nypd_complaints,2025-01-30 00:00:00,Thursday,0,1,5.0
304068902,40.598849,-74.164039,BURGLARY,"BURGLARY,RESIDENCE,DAY",2025-04-02T00:00:00.000,nypd_complaints,2025-04-02 00:00:00,Wednesday,0,4,6.0
301243710,40.582314,-74.169068,ASSAULT 3 & RELATED OFFENSES,OBSTR BREATH/CIRCUL,2025-02-17T00:00:00.000,nypd_complaints,2025-02-17 00:00:00,Monday,0,2,6.0
301678037,40.585357,-74.160469,HARRASSMENT 2,"HARASSMENT,SUBD 1,CIVILIAN",2024-08-15T00:00:00.000,nypd_complaints,2024-08-15 00:00:00,Thursday,0,8,3.0
306671381,40.760622,-73.994756,GRAND LARCENY,"LARCENY,GRAND BY THEFT OF CREDIT CARD",2025-05-19T00:00:00.000,nypd_complaints,2025-05-19 00:00:00,Monday,0,5,5.0
298853839,40.710589,-74.000827,GRAND LARCENY,"LARCENY,GRAND BY THEFT OF CREDIT CARD",2024-12-18T00:00:00.000,nypd_complaints,2024-12-18 00:00:00,Wednesday,0,12,5.0
308878352,40.502881,-74.244775,FELONY ASSAULT,STRANGULATION 1ST,2025-06-30T00:00:00.000,nypd_complaints,2025-06-30 00:00:00,Monday,0,6,8.0
300185401,40.7650240788333,-73.9848359497083,SEX CRIMES,"SEXUAL ABUSE 3,2",2025-01-25T00:00:00.000,nypd_complaints,2025-01-25 00:00:00,Saturday,0,1,8.0
299193908,40.63570308810574,-74.11471162016095,DANGEROUS DRUGS,"CONTROLLED SUBSTANCE, POSSESSI",2025-01-10T00:00:00.000,nypd_complaints,2025-01-10 00:00:00,Friday,0,1,4.0
302732537,40.578194,-74.16965,ASSAULT 3 & RELATED OFFENSES,ASSAULT 3,2025-03-13T00:00:00.000,nypd_complaints,2025-03-13 00:00:00,Thursday,0,3,6.0
300962478,40.636257,-74.076015,ROBBERY,"ROBBERY,PERSONAL ELECTRONIC DEVICE",2025-01-17T00:00:00.000,nypd_complaints,2025-01-17 00:00:00,Friday,0,1,7.0
300250768,40.644805,-74.087279,CRIMINAL TRESPASS,"TRESPASS 2, CRIMINAL",2025-01-29T00:00:00.000,nypd_complaints,2025-01-29 00:00:00,Wednesday,0,1,3.0
307660030,40.7535327012632,-73.9945368920152,SEX CRIMES,"SEXUAL ABUSE 3,2",2025-06-06T00:00:00.000,nypd_complaints,2025-06-06 00:00:00,Friday,0,6,8.0
299403377,40.649714,-74.007371,ROBBERY,"ROBBERY,DWELLING",2025-01-14T00:00:00.000,nypd_complaints,2025-01-14 00:00:00,Tuesday,0,1,7.0
307603963,40.690123,-73.98902,DANGEROUS WEAPONS,"WEAPONS, POSSESSION, ETC",2025-06-05T00:00:00.000,nypd_complaints,2025-06-05 00:00:00,Thursday,0,6,7.0
304962913,40.667044,-73.991485,GRAND LARCENY OF MOTOR VEHICLE,"LARCENY, GRAND OF MOPED",2025-04-18T00:00:00.000,nypd_complaints,2025-04-18 00:00:00,Friday,0,4,5.0
305344689,40.621716,-74.000594,BURGLARY,"BURGLARY,UNCLASSIFIED,NIGHT",2025-04-25T00:00:00.000,nypd_complaints,2025-04-25 00:00:00,Friday,0,4,6.0
299934522,40.518516,-74.234608,ROBBERY,"ROBBERY,BEGIN AS SHOPLIFTING",2025-01-23T00:00:00.000,nypd_complaints,2025-01-23 00:00:00,Thursday,0,1,7.0
307878608,40.625409,-74.164888,HARRASSMENT 2,"HARASSMENT,SUBD 3,4,5",2025-06-07T00:00:00.000,nypd_complaints,2025-06-07 00:00:00,Saturday,0,6,3.0
299580039,40.691303,-73.991596,DANGEROUS WEAPONS,"WEAPONS, POSSESSION, ETC",2025-01-16T00:00:00.000,nypd_complaints,2025-01-16 00:00:00,Thursday,0,1,7.0
306344562,40.70955616,-74.00643483,ROBBERY,"ROBBERY,PERSONAL ELECTRONIC DEVICE",2025-05-13T00:00:00.000,nypd_complaints,2025-05-13 00:00:00,Tuesday,0,5,7.0
301642768,40.641986935886024,-74.01723466284814,DANGEROUS WEAPONS,"WEAPONS, POSSESSION, ETC",2025-02-25T00:00:00.000,nypd_complaints,2025-02-25 00:00:00,Tuesday,0,2,7.0
308874397,40.711851,-74.006562,GRAND LARCENY,"LARCENY,GRAND BY THEFT OF CREDIT CARD",2025-06-30T00:00:00.000,nypd_complaints,2025-06-30 00:00:00,Monday,0,6,5.0
308312899,40.525847,-74.201247,BURGLARY,"BURGLARY,COMMERCIAL,NIGHT",2025-06-19T00:00:00.000,nypd_complaints,2025-06-19 00:00:00,Thursday,0,6,6.0
298799220,40.6258375452829,-73.9909448942322,SEX CRIMES,"SEXUAL ABUSE 3,2",2025-01-01T00:00:00.000,nypd_complaints,2025-01-01 00:00:00,Wednesday,0,1,8.0
303561372,40.598394,-74.166949,HARRASSMENT 2,"HARASSMENT,SUBD 3,4,5",2025-03-23T00:00:00.000,nypd_complaints,2025-03-23 00:00:00,Sunday,0,3,3.0
303801116,40.621352,-74.163582,ASSAULT 3 & RELATED OFFENSES,ASSAULT 3,2025-03-27T00:00:00.000,nypd_complaints,2025-03-27 00:00:00,Thursday,0,3,6.0
300941144,40.756267,-73.990503,DANGEROUS WEAPONS,"WEAPONS, POSSESSION, ETC",2025-02-11T00:00:00.000,nypd_complaints,2025-02-11 00:00:00,Tuesday,0,2,7.0
306578698,40.598979,-74.135043,ASSAULT 3 & RELATED OFFENSES,"MENACING,UNCLASSIFIED",2025-05-17T00:00:00.000,nypd_complaints,2025-05-17 00:00:00,Saturday,0,5,6.0
299411459,40.67633,-74.008682,GRAND LARCENY,"LARCENY,GRAND BY THEFT OF CREDIT CARD",2025-01-08T00:00:00.000,nypd_complaints,2025-01-08 00:00:00,Wednesday,0,1,5.0
306214782,40.75099078,-73.99062326,ROBBERY,"ROBBERY,PERSONAL ELECTRONIC DEVICE",2025-05-11T00:00:00.000,nypd_complaints,2025-05-11 00:00:00,Sunday,0,5,7.0
299312180,40.626859,-74.16344,GRAND LARCENY,"LARCENY,GRAND FROM STORE-SHOPL",2025-01-11T00:00:00.000,nypd_complaints,2025-01-11 00:00:00,Saturday,0,1,5.0
306971042,40.622044,-74.082563,ROBBERY,"ROBBERY,PERSONAL ELECTRONIC DEVICE",2025-05-24T00:00:00.000,nypd_complaints,2025-05-24 00:00:00,Saturday,0,5,7.0
306032040,40.677109,-74.010483,BURGLARY,"BURGLARY,UNCLASSIFIED,NIGHT",2025-05-07T00:00:00.000,nypd_complaints,2025-05-07 00:00:00,Wednesday,0,5,6.0
300444189,40.556772,-74.211328,HARRASSMENT 2,"HARASSMENT,SUBD 3,4,5",2025-02-02T00:00:00.000,nypd_complaints,2025-02-02 00:00:00,Sunday,0,2,3.0
299243962,40.630936,-74.161746,ASSAULT 3 & RELATED OFFENSES,ASSAULT 3,2025-01-11T00:00:00.000,nypd_complaints,2025-01-11 00:00:00,Saturday,0,1,6.0
299238832,40.554599,-74.159268,ASSAULT 3 & RELATED OFFENSES,ASSAULT 3,2025-01-10T00:00:00.000,nypd_complaints,2025-01-10 00:00:00,Friday,0,1,6.0
306970961,40.7547,-73.993502,DANGEROUS DRUGS,"CONTROLLED SUBSTANCE,SALE 3",2025-05-24T00:00:00.000,nypd_complaints,2025-05-24 00:00:00,Saturday,0,5,4.0
300558900,40.711327,-74.015148,GRAND LARCENY,"LARCENY,GRAND FROM BUILDING (NON-RESIDENCE) UNATTENDED",2025-02-04T00:00:00.000,nypd_complaints,2025-02-04 00:00:00,Tuesday,0,2,5.0
307365844,40.510106,-74.23088,HARRASSMENT 2,"HARASSMENT,SUBD 3,4,5",2024-11-26T00:00:00.000,nypd_complaints,2024-11-26 00:00:00,Tuesday,0,11,3.0
307541396,40.63515,-74.14066993,ROBBERY,"ROBBERY,OPEN AREA UNCLASSIFIED",2025-06-04T00:00:00.000,nypd_complaints,2025-06-04 00:00:00,Wednesday,0,6,7.0
304993418,40.540181,-74.177234,ASSAULT 3 & RELATED OFFENSES,ASSAULT 3,2025-04-19T00:00:00.000,nypd_complaints,2025-04-19 00:00:00,Saturday,0,4,6.0
299010770,40.637707,-74.133579,BURGLARY,"BURGLARY,COMMERCIAL,NIGHT",2025-01-07T00:00:00.000,nypd_complaints,2025-01-07 00:00:00,Tuesday,0,1,6.0
303087447,40.745293057385915,-73.998487869284,GRAND LARCENY,"LARCENY,GRAND BY THEFT OF CREDIT CARD",2025-03-18T00:00:00.000,nypd_complaints,2025-03-18 00:00:00,Tuesday,0,3,5.0
305276025,40.542958,-74.178786,HARRASSMENT 2,"HARASSMENT,SUBD 3,4,5",2025-04-24T00:00:00.000,nypd_complaints,2025-04-24 00:00:00,Thursday,0,4,3.0
304985557,40.7571447,-73.99356056,GRAND LARCENY,"LARCENY,GRAND BY THEFT OF CREDIT CARD",2025-04-19T00:00:00.000,nypd_complaints,2025-04-19 00:00:00,Saturday,0,4,5.0
302077828,40.538183,-74.198967,BURGLARY,"BURGLARY,RESIDENCE,NIGHT",2025-03-05T00:00:00.000,nypd_complaints,2025-03-05 00:00:00,Wednesday,0,3,6.0
302291288,40.7535327012632,-73.9945368920152,SEX CRIMES,"SEXUAL ABUSE 3,2",2025-03-09T00:00:00.000,nypd_complaints,2025-03-09 00:00:00,Sunday,0,3,8.0
298778847,40.601735,-74.192703,GRAND LARCENY,"LARCENY,GRAND FROM BUILDING (NON-RESIDENCE) UNATTENDED",2025-01-02T00:00:00.000,nypd_complaints,2025-01-02 00:00:00,Thursday,0,1,5.0
308050800,40.51245189,-74.25014701,HARRASSMENT 2,"HARASSMENT,SUBD 3,4,5",2025-06-11T00:00:00.000,nypd_complaints,2025-06-11 00:00:00,Wednesday,0,6,3.0
308853156,40.603957,-74.116649,GRAND LARCENY,"LARCENY,GRAND BY BANK ACCT COMPROMISE-UNCLASSIFIED",2025-06-02T00:00:00.000,nypd_complaints,2025-06-02 00:00:00,Monday,0,6,5.0
301592382,40.71313543861811,-74.0040580580704,ROBBERY,"ROBBERY,PERSONAL ELECTRONIC DEVICE",2025-02-24T00:00:00.000,nypd_complaints,2025-02-24 00:00:00,Monday,0,2,7.0
303759016,40.64797317,-74.01809027,ROBBERY,"ROBBERY,PERSONAL ELECTRONIC DEVICE",2025-03-27T00:00:00.000,nypd_complaints,2025-03-27 00:00:00,Thursday,0,3,7.0
307092335,40.623811,-74.166723,GRAND LARCENY,"LARCENY,GRAND BY BANK ACCT COMPROMISE-UNCLASSIFIED",2025-04-29T00:00:00.000,nypd_complaints,2025-04-29 00:00:00,Tuesday,0,4,5.0
305504048,40.623246,-74.149218,DANGEROUS DRUGS,"CONTROLLED SUBSTANCE, SALE 5",2025-04-29T00:00:00.000,nypd_complaints,2025-04-29 00:00:00,Tuesday,0,4,4.0
301565686,40.74169,-74.002987,ROBBERY,"ROBBERY,PERSONAL ELECTRONIC DEVICE",2025-02-24T00:00:00.000,nypd_complaints,2025-02-24 00:00:00,Monday,0,2,7.0
308045638,40.723872,-73.994545,GRAND LARCENY,"LARCENY,GRAND BY THEFT OF CREDIT CARD",2025-06-10T00:00:00.000,nypd_complaints,2025-06-10 00:00:00,Tuesday,0,6,5.0
300347683,40.654364,-74.006011,GRAND LARCENY OF MOTOR VEHICLE,"LARCENY,GRAND OF AUTO",2025-01-30T00:00:00.000,nypd_complaints,2025-01-30 00:00:00,Thursday,0,1,5.0
303708750,40.560226,-74.185406,HARRASSMENT 2,"HARASSMENT,SUBD 3,4,5",2025-01-26T00:00:00.000,nypd_complaints,2025-01-26 00:00:00,Sunday,0,1,3.0
304204183,40.719762,-74.004146,GRAND LARCENY,"LARCENY,GRAND FROM PERSON,UNCL",2025-03-30T00:00:00.000,nypd_complaints,2025-03-30 00:00:00,Sunday,0,3,5.0
304620029,40.734746,-73.999611,GRAND LARCENY,"LARCENY,GRAND FROM NIGHT CLUB, UNATTENDED",2025-04-12T00:00:00.000,nypd_complaints,2025-04-12 00:00:00,Saturday,0,4,5.0
299749393,40.7535327012632,-73.9945368920152,SEX CRIMES,"SEXUAL ABUSE 3,2",2025-01-16T00:00:00.000,nypd_complaints,2025-01-16 00:00:00,Thursday,0,1,8.0
308300049,40.63501918,-74.00267338,ROBBERY,"ROBBERY,PERSONAL ELECTRONIC DEVICE",2025-05-23T00:00:00.000,nypd_complaints,2025-05-23 00:00:00,Friday,0,5,7.0
302363534,40.62573680238166,-74.15451950324375,DANGEROUS DRUGS,"CONTROLLED SUBSTANCE,POSSESS.",2025-03-10T00:00:00.000,nypd_complaints,2025-03-10 00:00:00,Monday,0,3,4.0
300492314,40.638064,-74.166107,HARRASSMENT 2,"HARASSMENT,SUBD 3,4,5",2025-02-03T00:00:00.000,nypd_complaints,2025-02-03 00:00:00,Monday,0,2,3.0
303653520,40.541083,-74.182906,DANGEROUS DRUGS,"CONTROLLED SUBSTANCE,INTENT TO",2025-03-26T00:00:00.000,nypd_complaints,2025-03-26 00:00:00,Wednesday,0,3,4.0
305870502,40.605836,-74.086274,FELONY ASSAULT,"ASSAULT 2,1,UNCLASSIFIED",2025-05-05T00:00:00.000,nypd_complaints,2025-05-05 00:00:00,Monday,0,5,8.0
300533167,40.592739,-74.190829,ASSAULT 3 & RELATED OFFENSES,ASSAULT 3,2025-01-27T00:00:00.000,nypd_complaints,2025-01-27 00:00:00,Monday,0,1,6.0
299506651,40.706622,-74.005348,DANGEROUS DRUGS,"CONTROLLED SUBSTANCE,SALE 1",2024-09-18T00:00:00.000,nypd_complaints,2024-09-18 00:00:00,Wednesday,0,9,4.0
307387504,40.637516,-74.117605,HARRASSMENT 2,"HARASSMENT,SUBD 1,CIVILIAN",2025-06-01T00:00:00.000,nypd_complaints,2025-06-01 00:00:00,Sunday,0,6,3.0
305024262,40.629782,-74.155416,ASSAULT 3 & RELATED OFFENSES,"MENACING,UNCLASSIFIED",2025-04-19T00:00:00.000,nypd_complaints,2025-04-19 00:00:00,Saturday,0,4,6.0
307274031,40.557103,-74.132017,HARRASSMENT 2,"HARASSMENT,SUBD 1,CIVILIAN",2025-05-30T00:00:00.000,nypd_complaints,2025-05-30 00:00:00,Friday,0,5,3.0
308755071,40.559443,-74.174871,ASSAULT 3 & RELATED OFFENSES,ASSAULT 3,2025-06-27T00:00:00.000,nypd_complaints,2025-06-27 00:00:00,Friday,0,6,6.0
306238782,40.622165,-74.166093,HARRASSMENT 2,"HARASSMENT,SUBD 3,4,5",2025-04-17T00:00:00.000,nypd_complaints,2025-04-17 00:00:00,Thursday,0,4,3.0
304341391,40.71153483,-74.01046412,GRAND LARCENY,"LARCENY,GRAND BY THEFT OF CREDIT CARD",2025-04-07T00:00:00.000,nypd_complaints,2025-04-07 00:00:00,Monday,0,4,5.0
305570330,40.631939,-74.163467,HARRASSMENT 2,"HARASSMENT,SUBD 3,4,5",2025-04-30T00:00:00.000,nypd_complaints,2025-04-30 00:00:00,Wednesday,0,4,3.0
307734474,40.704691,-74.014613,GRAND LARCENY,"LARCENY,GRAND BY THEFT OF CREDIT CARD",2025-06-07T00:00:00.000,nypd_complaints,2025-06-07 00:00:00,Saturday,0,6,5.0
307721991,40.535064,-74.158403,HARRASSMENT 2,"HARASSMENT,SUBD 1,CIVILIAN",2025-06-07T00:00:00.000,nypd_complaints,2025-06-07 00:00:00,Saturday,0,6,3.0
306671278,40.707041,-74.001759,GRAND LARCENY,"LARCENY,GRAND FROM NIGHT CLUB, UNATTENDED",2025-05-17T00:00:00.000,nypd_complaints,2025-05-17 00:00:00,Saturday,0,5,5.0
307233202,40.626859,-74.16344,ROBBERY,"ROBBERY,BODEGA/CONVENIENCE STORE",2025-05-04T00:00:00.000,nypd_complaints,2025-05-04 00:00:00,Sunday,0,5,7.0
301794161,40.60663531363071,-74.00162423521357,DANGEROUS WEAPONS,"WEAPONS, POSSESSION, ETC",2025-02-27T00:00:00.000,nypd_complaints,2025-02-27 00:00:00,Thursday,0,2,7.0
302219420,40.754089,-73.993943,GRAND LARCENY,"LARCENY,GRAND BY THEFT OF CREDIT CARD",2025-03-06T00:00:00.000,nypd_complaints,2025-03-06 00:00:00,Thursday,0,3,5.0
308288133,40.62653008,-74.16050146,DANGEROUS WEAPONS,WEAPONS POSSESSION 3,2025-06-18T00:00:00.000,nypd_complaints,2025-06-18 00:00:00,Wednesday,0,6,7.0
303881067,40.552563,-74.163037,HARRASSMENT 2,"HARASSMENT,SUBD 1,CIVILIAN",2025-03-30T00:00:00.000,nypd_complaints,2025-03-30 00:00:00,Sunday,0,3,3.0
304928569,40.533498,-74.203567,HARRASSMENT 2,"HARASSMENT,SUBD 3,4,5",2025-04-17T00:00:00.000,nypd_complaints,2025-04-17 00:00:00,Thursday,0,4,3.0
305015638,40.633713,-74.15812,ASSAULT 3 & RELATED OFFENSES,ASSAULT 3,2025-04-19T00:00:00.000,nypd_complaints,2025-04-19 00:00:00,Saturday,0,4,6.0
305315355,40.642275,-74.016945,CRIMINAL TRESPASS,"TRESPASS 3, CRIMINAL",2025-04-25T00:00:00.000,nypd_complaints,2025-04-25 00:00:00,Friday,0,4,3.0
300905481,40.614624,-74.084717,FELONY ASSAULT,"ASSAULT 2,1,UNCLASSIFIED",2025-02-11T00:00:00.000,nypd_complaints,2025-02-11 00:00:00,Tuesday,0,2,8.0
299284545,40.751864,-73.993708,ROBBERY,"ROBBERY,PERSONAL ELECTRONIC DEVICE",2025-01-12T00:00:00.000,nypd_complaints,2025-01-12 00:00:00,Sunday,0,1,7.0
308403510,40.637503,-74.084236,HARRASSMENT 2,"HARASSMENT,SUBD 1,CIVILIAN",2025-06-20T00:00:00.000,nypd_complaints,2025-06-20 00:00:00,Friday,0,6,3.0
306362584,40.5585,-74.17151,GRAND LARCENY,"LARCENY,GRAND FROM RESIDENCE, UNATTENDED",2025-05-10T00:00:00.000,nypd_complaints,2025-05-10 00:00:00,Saturday,0,5,5.0
308122516,40.592289,-74.187824,FELONY ASSAULT,"ASSAULT 2,1,UNCLASSIFIED",2025-06-15T00:00:00.000,nypd_complaints,2025-06-15 00:00:00,Sunday,0,6,8.0
298887461,40.714098,-74.009481,DANGEROUS DRUGS,"CONTROLLED SUBSTANCE,POSSESS.",2025-01-04T00:00:00.000,nypd_complaints,2025-01-04 00:00:00,Saturday,0,1,4.0
305413716,40.740628,-74.007713,GRAND LARCENY,"LARCENY,GRAND BY THEFT OF CREDIT CARD",2025-04-27T00:00:00.000,nypd_complaints,2025-04-27 00:00:00,Sunday,0,4,5.0
301990076,40.532758,-74.173811,HARRASSMENT 2,"HARASSMENT,SUBD 1,CIVILIAN",2025-02-28T00:00:00.000,nypd_complaints,2025-02-28 00:00:00,Friday,0,2,3.0
305300850,40.582314,-74.169068,ASSAULT 3 & RELATED OFFENSES,ASSAULT 3,2025-04-24T00:00:00.000,nypd_complaints,2025-04-24 00:00:00,Thursday,0,4,6.0
303700016,40.59862,-74.080988,DANGEROUS DRUGS,"DRUG PARAPHERNALIA,   POSSESSE",2025-03-27T00:00:00.000,nypd_complaints,2025-03-27 00:00:00,Thursday,0,3,4.0
306546634,40.52354,-74.2223,GRAND LARCENY,"LARCENY,GRAND BY EXTORTION",2025-05-15T00:00:00.000,nypd_complaints,2025-05-15 00:00:00,Thursday,0,5,5.0
308163574,40.740628,-74.007713,GRAND LARCENY,"LARCENY,GRAND BY ACQUIRING LOS",2025-06-11T00:00:00.000,nypd_complaints,2025-06-11 00:00:00,Wednesday,0,6,5.0
302337683,40.53554,-74.18341,ASSAULT 3 & RELATED OFFENSES,ASSAULT 3,2025-03-10T00:00:00.000,nypd_complaints,2025-03-10 00:00:00,Monday,0,3,6.0
304274491,40.638985,-74.171253,HARRASSMENT 2,"HARASSMENT,SUBD 3,4,5",2025-04-05T00:00:00.000,nypd_complaints,2025-04-05 00:00:00,Saturday,0,4,3.0
303620833,40.64557,-74.008053,DANGEROUS DRUGS,"CONTROLLED SUBSTANCE,SALE 3",2025-03-25T00:00:00.000,nypd_complaints,2025-03-25 00:00:00,Tuesday,0,3,4.0
306274447,40.570247,-74.134686,GRAND LARCENY,"LARCENY,GRAND BY BANK ACCT COMPROMISE-REPRODUCED CHECK",2025-05-03T00:00:00.000,nypd_complaints,2025-05-03 00:00:00,Saturday,0,5,5.0
307795267,40.515778,-74.239086,ASSAULT 3 & RELATED OFFENSES,ASSAULT 3,2025-06-05T00:00:00.000,nypd_complaints,2025-06-05 00:00:00,Thursday,0,6,6.0
304617798,40.609428,-74.167622,FELONY ASSAULT,"ASSAULT 2,1,UNCLASSIFIED",2025-04-10T00:00:00.000,nypd_complaints,2025-04-10 00:00:00,Thursday,0,4,8.0
308506870,40.7535327012632,-73.9945368920152,SEX CRIMES,"SEXUAL ABUSE 3,2",2025-06-18T00:00:00.000,nypd_complaints,2025-06-18 00:00:00,Wednesday,0,6,8.0
300469375,40.587196,-74.162129,HARRASSMENT 2,"HARASSMENT,SUBD 3,4,5",2025-02-01T00:00:00.000,nypd_complaints,2025-02-01 00:00:00,Saturday,0,2,3.0
308594278,40.7535327012632,-73.9945368920152,SEX CRIMES,"SEXUAL ABUSE 3,2",2025-06-24T00:00:00.000,nypd_complaints,2025-06-24 00:00:00,Tuesday,0,6,8.0
308582910,40.604465,-74.003787,BURGLARY,"BURGLARY,UNCLASSIFIED,NIGHT",2025-06-14T00:00:00.000,nypd_complaints,2025-06-14 00:00:00,Saturday,0,6,6.0
299812067,40.642653,-74.084601,HARRASSMENT 2,"HARASSMENT,SUBD 1,CIVILIAN",2025-01-13T00:00:00.000,nypd_complaints,2025-01-13 00:00:00,Monday,0,1,3.0
300851652,40.63023,-74.162214,HARRASSMENT 2,"HARASSMENT,SUBD 3,4,5",2025-02-09T00:00:00.000,nypd_complaints,2025-02-09 00:00:00,Sunday,0,2,3.0
302446873,40.637504,-74.13495,HARRASSMENT 2,"HARASSMENT,SUBD 1,CIVILIAN",2025-03-12T00:00:00.000,nypd_complaints,2025-03-12 00:00:00,Wednesday,0,3,3.0
308102682,40.716345,-74.001252,DANGEROUS WEAPONS,"WEAPONS, POSSESSION, ETC",2025-06-15T00:00:00.000,nypd_complaints,2025-06-15 00:00:00,Sunday,0,6,7.0
307376482,40.632617,-74.085088,FELONY ASSAULT,"ASSAULT 2,1,UNCLASSIFIED",2025-06-01T00:00:00.000,nypd_complaints,2025-06-01 00:00:00,Sunday,0,6,8.0
303616546,40.597475,-74.003908,GRAND LARCENY OF MOTOR VEHICLE,"LARCENY,GRAND OF AUTO",2025-03-25T00:00:00.000,nypd_complaints,2025-03-25 00:00:00,Tuesday,0,3,5.0
306986026,40.527893,-74.227218,HARRASSMENT 2,"HARASSMENT,SUBD 3,4,5",2025-05-24T00:00:00.000,nypd_complaints,2025-05-24 00:00:00,Saturday,0,5,3.0
305559790,40.695014,-73.995078,GRAND LARCENY,"LARCENY,GRAND BY THEFT OF CREDIT CARD",2025-03-13T00:00:00.000,nypd_complaints,2025-03-13 00:00:00,Thursday,0,3,5.0
303761427,40.638394,-74.002964,GRAND LARCENY,"LARCENY,GRAND BY THEFT OF CREDIT CARD",2025-03-27T00:00:00.000,nypd_complaints,2025-03-27 00:00:00,Thursday,0,3,5.0
307700585,40.593508,-74.191908,HARRASSMENT 2,"HARASSMENT,SUBD 3,4,5",2025-05-19T00:00:00.000,nypd_complaints,2025-05-19 00:00:00,Monday,0,5,3.0
303562942,40.562699,-74.187028,HARRASSMENT 2,"HARASSMENT,SUBD 3,4,5",2025-03-24T00:00:00.000,nypd_complaints,2025-03-24 00:00:00,Monday,0,3,3.0
306273799,40.7535327012632,-73.9945368920152,SEX CRIMES,"SEXUAL ABUSE 3,2",2025-05-12T00:00:00.000,nypd_complaints,2025-05-12 00:00:00,Monday,0,5,8.0
304228030,40.622044,-74.082563,HARRASSMENT 2,"HARASSMENT,SUBD 1,CIVILIAN",2025-04-05T00:00:00.000,nypd_complaints,2025-04-05 00:00:00,Saturday,0,4,3.0
306296176,40.5120382535219,-74.2497549524458,SEX CRIMES,"SEXUAL ABUSE 3,2",2025-05-12T00:00:00.000,nypd_complaints,2025-05-12 00:00:00,Monday,0,5,8.0
301303361,40.727523,-73.995012,GRAND LARCENY,"LARCENY,GRAND FROM PERSON,UNCL",2025-02-18T00:00:00.000,nypd_complaints,2025-02-18 00:00:00,Tuesday,0,2,5.0
307838242,40.633965,-74.124642,FELONY ASSAULT,"ASSAULT 2,1,UNCLASSIFIED",2025-06-10T00:00:00.000,nypd_complaints,2025-06-10 00:00:00,Tuesday,0,6,8.0
306859686,40.71032722,-74.00954415,FELONY ASSAULT,ASSAULT POLICE/PEACE OFFICER,2025-02-08T00:00:00.000,nypd_complaints,2025-02-08 00:00:00,Saturday,0,2,8.0
305818230,40.631876,-74.132377,ASSAULT 3 & RELATED OFFENSES,OBSTR BREATH/CIRCUL,2025-05-04T00:00:00.000,nypd_complaints,2025-05-04 00:00:00,Sunday,0,5,6.0
302287672,40.540312,-74.188613,HARRASSMENT 2,"HARASSMENT,SUBD 3,4,5",2025-03-01T00:00:00.000,nypd_complaints,2025-03-01 00:00:00,Saturday,0,3,3.0
300469085,40.638622,-73.997301,FELONY ASSAULT,ASSAULT OTHER PUBLIC SERVICE EMPLOYEE,2025-02-03T00:00:00.000,nypd_complaints,2025-02-03 00:00:00,Monday,0,2,8.0
300698734,40.724053,-73.996181,GRAND LARCENY,"LARCENY,GRAND BY THEFT OF CREDIT CARD",2025-02-06T00:00:00.000,nypd_complaints,2025-02-06 00:00:00,Thursday,0,2,5.0
305870504,40.511334,-74.236594,GRAND LARCENY,"LARCENY,GRAND FROM VEHICLE/MOTORCYCLE",2025-05-04T00:00:00.000,nypd_complaints,2025-05-04 00:00:00,Sunday,0,5,5.0
305960181,40.68845,-73.992968,DANGEROUS WEAPONS,"WEAPONS, POSSESSION, ETC",2025-05-06T00:00:00.000,nypd_complaints,2025-05-06 00:00:00,Tuesday,0,5,7.0
304174652,40.645124,-74.092753,ASSAULT 3 & RELATED OFFENSES,"MENACING,UNCLASSIFIED",2025-04-03T00:00:00.000,nypd_complaints,2025-04-03 00:00:00,Thursday,0,4,6.0
303491873,40.7160120119955,-73.9973320301008,SEX CRIMES,"SEXUAL ABUSE 3,2",2025-03-22T00:00:00.000,nypd_complaints,2025-03-22 00:00:00,Saturday,0,3,8.0
308382187,40.594919,-74.159404,GRAND LARCENY,"LARCENY,GRAND BY BANK ACCT COMPROMISE-ATM TRANSACTION",2025-06-19T00:00:00.000,nypd_complaints,2025-06-19 00:00:00,Thursday,0,6,5.0
302280080,40.639536,-74.087304,HARRASSMENT 2,"HARASSMENT,SUBD 1,CIVILIAN",2025-03-08T00:00:00.000,nypd_complaints,2025-03-08 00:00:00,Saturday,0,3,3.0
299846694,40.619554,-74.167413,ASSAULT 3 & RELATED OFFENSES,ASSAULT 3,2025-01-22T00:00:00.000,nypd_complaints,2025-01-22 00:00:00,Wednesday,0,1,6.0
302371741,40.623985,-74.081549,DANGEROUS WEAPONS,"WEAPONS, POSSESSION, ETC",2025-03-10T00:00:00.000,nypd_complaints,2025-03-10 00:00:00,Monday,0,3,7.0
308872638,40.549302,-74.211477,HARRASSMENT 2,"HARASSMENT,SUBD 3,4,5",2025-06-30T00:00:00.000,nypd_complaints,2025-06-30 00:00:00,Monday,0,6,3.0
307335599,40.551148,-74.198795,GRAND LARCENY,"LARCENY,GRAND BY BANK ACCT COMPROMISE-UNCLASSIFIED",2024-10-24T00:00:00.000,nypd_complaints,2024-10-24 00:00:00,Thursday,0,10,5.0
308445518,40.560177,-74.12595,GRAND LARCENY,"LARCENY,GRAND BY FALSE PROMISE-NOT IN PERSON CONTACT",2025-06-21T00:00:00.000,nypd_complaints,2025-06-21 00:00:00,Saturday,0,6,5.0
300245179,40.515011,-74.247719,BURGLARY,"BURGLARY,COMMERCIAL,NIGHT",2025-01-27T00:00:00.000,nypd_complaints,2025-01-27 00:00:00,Monday,0,1,6.0
307408774,40.5120382535219,-74.2497549524458,RAPE,RAPE 1,2025-05-31T00:00:00.000,nypd_complaints,2025-05-31 00:00:00,Saturday,0,5,9.0
306885698,40.7204418884676,-74.0067439741913,SEX CRIMES,"SEXUAL ABUSE 3,2",2025-05-18T00:00:00.000,nypd_complaints,2025-05-18 00:00:00,Sunday,0,5,8.0
301639214,40.581693,-74.158193,ASSAULT 3 & RELATED OFFENSES,ASSAULT 3,2025-02-24T00:00:00.000,nypd_complaints,2025-02-24 00:00:00,Monday,0,2,6.0
299610348,40.560641,-74.107729,GRAND LARCENY,"LARCENY,GRAND FROM OPEN AREAS, UNATTENDED",2024-12-10T00:00:00.000,nypd_complaints,2024-12-10 00:00:00,Tuesday,0,12,5.0
301154695,40.511586,-74.249303,CRIMINAL TRESPASS,"TRESPASS 2, CRIMINAL",2025-02-15T00:00:00.000,nypd_complaints,2025-02-15 00:00:00,Saturday,0,2,3.0
307965338,40.511586,-74.249303,DANGEROUS DRUGS,"CONTROLLED SUBSTANCE, POSSESSI",2025-06-12T00:00:00.000,nypd_complaints,2025-06-12 00:00:00,Thursday,0,6,4.0
306315990,40.597918,-73.997999,GRAND LARCENY OF MOTOR VEHICLE,"LARCENY,GRAND OF AUTO",2025-05-13T00:00:00.000,nypd_complaints,2025-05-13 00:00:00,Tuesday,0,5,5.0
308405257,40.573867,-74.091507,GRAND LARCENY,"LARCENY,GRAND BY FALSE PROMISE-NOT IN PERSON CONTACT",2025-05-12T00:00:00.000,nypd_complaints,2025-05-12 00:00:00,Monday,0,5,5.0
308169236,40.608613,-74.167071,HARRASSMENT 2,"HARASSMENT,SUBD 3,4,5",2025-06-16T00:00:00.000,nypd_complaints,2025-06-16 00:00:00,Monday,0,6,3.0
299305467,40.7535327012632,-73.9945368920152,SEX CRIMES,"SEXUAL ABUSE 3,2",2024-12-29T00:00:00.000,nypd_complaints,2024-12-29 00:00:00,Sunday,0,12,8.0
302932853,40.551608,-74.215906,HARRASSMENT 2,"HARASSMENT,SUBD 1,CIVILIAN",2025-03-14T00:00:00.000,nypd_complaints,2025-03-14 00:00:00,Friday,0,3,3.0
306031963,40.7160120119955,-73.9973320301008,SEX CRIMES,"SEXUAL ABUSE 3,2",2025-05-07T00:00:00.000,nypd_complaints,2025-05-07 00:00:00,Wednesday,0,5,8.0
307810595,40.53334,-74.205492,HARRASSMENT 2,"HARASSMENT,SUBD 3,4,5",2025-06-09T00:00:00.000,nypd_complaints,2025-06-09 00:00:00,Monday,0,6,3.0
304238513,40.568906,-74.093417,HARRASSMENT 2,"HARASSMENT,SUBD 1,CIVILIAN",2025-04-05T00:00:00.000,nypd_complaints,2025-04-05 00:00:00,Saturday,0,4,3.0
308078328,40.7160120119955,-73.9973320301008,SEX CRIMES,"SEXUAL ABUSE 3,2",2025-06-14T00:00:00.000,nypd_complaints,2025-06-14 00:00:00,Saturday,0,6,8.0
301375079,40.75603526927576,-73.98694809910083,DANGEROUS WEAPONS,"WEAPONS, POSSESSION, ETC",2025-02-19T00:00:00.000,nypd_complaints,2025-02-19 00:00:00,Wednesday,0,2,7.0
301248045,40.639493,-73.994388,GRAND LARCENY,"LARCENY,GRAND OF VEHICULAR/MOTORCYCLE ACCESSORIES",2025-02-04T00:00:00.000,nypd_complaints,2025-02-04 00:00:00,Tuesday,0,2,5.0
308685543,40.627422,-74.07609,DANGEROUS DRUGS,"CONTROLLED SUBSTANCE,POSSESS.",2025-06-26T00:00:00.000,nypd_complaints,2025-06-26 00:00:00,Thursday,0,6,4.0
306156070,40.517595,-74.203637,ROBBERY,"ROBBERY,DWELLING",2025-05-09T00:00:00.000,nypd_complaints,2025-05-09 00:00:00,Friday,0,5,7.0
307315540,40.711327,-74.015148,CRIMINAL TRESPASS,"TRESPASS 2, CRIMINAL",2025-05-30T00:00:00.000,nypd_complaints,2025-05-30 00:00:00,Friday,0,5,3.0
301423757,40.642585,-74.018226,DANGEROUS DRUGS,"CONTROLLED SUBSTANCE,POSSESS.",2025-02-20T00:00:00.000,nypd_complaints,2025-02-20 00:00:00,Thursday,0,2,4.0
301941822,40.54268,-74.144544,ASSAULT 3 & RELATED OFFENSES,OBSTR BREATH/CIRCUL,2025-03-02T00:00:00.000,nypd_complaints,2025-03-02 00:00:00,Sunday,0,3,6.0
306744391,40.75723226,-73.98979219,DANGEROUS WEAPONS,"WEAPONS, POSSESSION, ETC",2025-05-20T00:00:00.000,nypd_complaints,2025-05-20 00:00:00,Tuesday,0,5,7.0
308355640,40.603681,-74.012533,GRAND LARCENY,"LARCENY,GRAND OF VEHICULAR/MOTORCYCLE ACCESSORIES",2025-06-19T00:00:00.000,nypd_complaints,2025-06-19 00:00:00,Thursday,0,6,5.0
299734523,40.731410070882056,-73.99697276049244,GRAND LARCENY,"LARCENY,GRAND FROM PERSON,UNCL",2025-01-20T00:00:00.000,nypd_complaints,2025-01-20 00:00:00,Monday,0,1,5.0
305474649,40.758713,-73.993286,GRAND LARCENY,"LARCENY,GRAND BY THEFT OF CREDIT CARD",2025-04-25T00:00:00.000,nypd_complaints,2025-04-25 00:00:00,Friday,0,4,5.0
304666002,40.6388651705916,-74.0227120876572,RAPE,RAPE 3,2024-12-01T00:00:00.000,nypd_complaints,2024-12-01 00:00:00,Sunday,0,12,9.0
300580410,40.638443,-74.162854,HARRASSMENT 2,"HARASSMENT,SUBD 3,4,5",2025-02-04T00:00:00.000,nypd_complaints,2025-02-04 00:00:00,Tuesday,0,2,3.0
308587822,40.567366,-74.112885,ASSAULT 3 & RELATED OFFENSES,"MENACING,UNCLASSIFIED",2025-06-24T00:00:00.000,nypd_complaints,2025-06-24 00:00:00,Tuesday,0,6,6.0
302246585,40.56461,-74.137173,FELONY ASSAULT,STRANGULATION 1ST,2025-03-07T00:00:00.000,nypd_complaints,2025-03-07 00:00:00,Friday,0,3,8.0
300851075,40.718309,-73.994319,GRAND LARCENY OF MOTOR VEHICLE,"LARCENY,GRAND OF AUTO",2025-02-10T00:00:00.000,nypd_complaints,2025-02-10 00:00:00,Monday,0,2,5.0
307408756,40.622044,-74.082563,FELONY ASSAULT,ASSAULT POLICE/PEACE OFFICER,2025-06-02T00:00:00.000,nypd_complaints,2025-06-02 00:00:00,Monday,0,6,8.0
301268241,40.72751,-73.997807,ROBBERY,"ROBBERY,PERSONAL ELECTRONIC DEVICE",2025-02-12T00:00:00.000,nypd_complaints,2025-02-12 00:00:00,Wednesday,0,2,7.0
308557711,40.72047728,-73.98971845,ROBBERY,"ROBBERY,PERSONAL ELECTRONIC DEVICE",2025-06-23T00:00:00.000,nypd_complaints,2025-06-23 00:00:00,Monday,0,6,7.0
298970750,40.626373,-74.158991,GRAND LARCENY,"LARCENY,GRAND FROM RESIDENCE, UNATTENDED",2025-01-03T00:00:00.000,nypd_complaints,2025-01-03 00:00:00,Friday,0,1,5.0
307544906,40.608211,-74.162165,ROBBERY,"ROBBERY,OPEN AREA UNCLASSIFIED",2025-06-03T00:00:00.000,nypd_complaints,2025-06-03 00:00:00,Tuesday,0,6,7.0
307484111,40.58501,-74.150761,GRAND LARCENY,"LARCENY,GRAND BY CREDIT CARD ACCT COMPROMISE-EXISTING ACCT",2025-05-28T00:00:00.000,nypd_complaints,2025-05-28 00:00:00,Wednesday,0,5,5.0
304296911,40.557025,-74.196434,HARRASSMENT 2,"HARASSMENT,SUBD 3,4,5",2025-04-06T00:00:00.000,nypd_complaints,2025-04-06 00:00:00,Sunday,0,4,3.0
298862037,40.562075,-74.113282,HARRASSMENT 2,"HARASSMENT,SUBD 1,CIVILIAN",2025-01-03T00:00:00.000,nypd_complaints,2025-01-03 00:00:00,Friday,0,1,3.0
301871337,40.503595,-74.241209,HARRASSMENT 2,"HARASSMENT,SUBD 3,4,5",2025-02-28T00:00:00.000,nypd_complaints,2025-02-28 00:00:00,Friday,0,2,3.0
300794146,40.634413,-74.118963,DANGEROUS DRUGS,"CONTROLLED SUBSTANCE, POSSESSI",2025-02-08T00:00:00.000,nypd_complaints,2025-02-08 00:00:00,Saturday,0,2,4.0
307881971,40.52474,-74.23343453,DANGEROUS WEAPONS,"WEAPONS, POSSESSION, ETC",2025-06-10T00:00:00.000,nypd_complaints,2025-06-10 00:00:00,Tuesday,0,6,7.0
299280573,40.540948,-74.205494,FELONY ASSAULT,"ASSAULT 2,1,UNCLASSIFIED",2025-01-11T00:00:00.000,nypd_complaints,2025-01-11 00:00:00,Saturday,0,1,8.0
306903905,40.537008,-74.148771,HARRASSMENT 2,"HARASSMENT,SUBD 1,CIVILIAN",2025-05-22T00:00:00.000,nypd_complaints,2025-05-22 00:00:00,Thursday,0,5,3.0
300218898,40.729142,-74.007033,GRAND LARCENY,"LARCENY,GRAND BY BANK ACCT COMPROMISE-UNCLASSIFIED",2024-11-01T00:00:00.000,nypd_complaints,2024-11-01 00:00:00,Friday,0,11,5.0
299882421,40.632174,-74.141905,GRAND LARCENY,"LARCENY,GRAND BY OPEN/COMPROMISE CELL PHONE ACCT",2025-01-14T00:00:00.000,nypd_complaints,2025-01-14 00:00:00,Tuesday,0,1,5.0
306680029,40.544653,-74.217526,GRAND LARCENY,"LARCENY,GRAND BY FALSE PROMISE-NOT IN PERSON CONTACT",2025-05-19T00:00:00.000,nypd_complaints,2025-05-19 00:00:00,Monday,0,5,5.0
300990124,40.620866,-74.160695,GRAND LARCENY,"LARCENY,GRAND BY CREDIT CARD ACCT COMPROMISE-EXISTING ACCT",2025-02-12T00:00:00.000,nypd_complaints,2025-02-12 00:00:00,Wednesday,0,2,5.0
306643813,40.524298,-74.200238,HARRASSMENT 2,"HARASSMENT,SUBD 3,4,5",2025-05-18T00:00:00.000,nypd_complaints,2025-05-18 00:00:00,Sunday,0,5,3.0
304983370,40.538228,-74.201634,ASSAULT 3 & RELATED OFFENSES,ASSAULT 3,2025-04-18T00:00:00.000,nypd_complaints,2025-04-18 00:00:00,Friday,0,4,6.0
306456346,40.56732,-74.103472,DANGEROUS DRUGS,"CONTROLLED SUBSTANCE,INTENT TO",2025-05-15T00:00:00.000,nypd_complaints,2025-05-15 00:00:00,Thursday,0,5,4.0
305887596,40.71629904,-74.01643862,GRAND LARCENY,"LARCENY,GRAND BY FALSE PROMISE-IN PERSON CONTACT",2025-05-01T00:00:00.000,nypd_complaints,2025-05-01 00:00:00,Thursday,0,5,5.0
302170608,40.708458,-74.011132,GRAND LARCENY,"LARCENY,GRAND BY BANK ACCT COMPROMISE-REPRODUCED CHECK",2025-02-26T00:00:00.000,nypd_complaints,2025-02-26 00:00:00,Wednesday,0,2,5.0
300084696,40.511768,-74.252488,DANGEROUS DRUGS,"CONTROLLED SUBSTANCE, POSSESSI",2025-01-24T00:00:00.000,nypd_complaints,2025-01-24 00:00:00,Friday,0,1,4.0
307681664,40.722059,-73.990479,ROBBERY,"ROBBERY,PERSONAL ELECTRONIC DEVICE",2025-06-06T00:00:00.000,nypd_complaints,2025-06-06 00:00:00,Friday,0,6,7.0
301080438,40.592032,-74.160517,GRAND LARCENY OF MOTOR VEHICLE,"LARCENY,GRAND OF MOTORCYCLE",2025-02-13T00:00:00.000,nypd_complaints,2025-02-13 00:00:00,Thursday,0,2,5.0
307324758,40.603954,-73.997158,GRAND LARCENY OF MOTOR VEHICLE,"LARCENY, GRAND OF MOPED",2025-05-31T00:00:00.000,nypd_complaints,2025-05-31 00:00:00,Saturday,0,5,5.0
305436628,40.603957,-74.116649,HARRASSMENT 2,"HARASSMENT,SUBD 1,CIVILIAN",2025-04-27T00:00:00.000,nypd_complaints,2025-04-27 00:00:00,Sunday,0,4,3.0
305893709,40.55871884,-74.14461886,DANGEROUS WEAPONS,"WEAPONS, POSSESSION, ETC",2025-05-06T00:00:00.000,nypd_complaints,2025-05-06 00:00:00,Tuesday,0,5,7.0
299241785,40.502881,-74.244775,HARRASSMENT 2,"HARASSMENT,SUBD 3,4,5",2025-01-10T00:00:00.000,nypd_complaints,2025-01-10 00:00:00,Friday,0,1,3.0
304594594,40.6541333,-74.01168407,GRAND LARCENY,"LARCENY,GRAND OF VEHICULAR/MOTORCYCLE ACCESSORIES",2025-04-11T00:00:00.000,nypd_complaints,2025-04-11 00:00:00,Friday,0,4,5.0
301705071,40.607605,-74.121046,GRAND LARCENY,"LARCENY,GRAND FROM STORE-SHOPL",2025-02-26T00:00:00.000,nypd_complaints,2025-02-26 00:00:00,Wednesday,0,2,5.0
301446409,40.623141,-74.082847,HARRASSMENT 2,"HARASSMENT,SUBD 1,CIVILIAN",2025-02-20T00:00:00.000,nypd_complaints,2025-02-20 00:00:00,Thursday,0,2,3.0
305397383,40.63267619,-74.11683568,FELONY ASSAULT,"ASSAULT 2,1,UNCLASSIFIED",2025-04-26T00:00:00.000,nypd_complaints,2025-04-26 00:00:00,Saturday,0,4,8.0
307314324,40.639719,-74.094201,FELONY ASSAULT,"ASSAULT 2,1,UNCLASSIFIED",2025-05-31T00:00:00.000,nypd_complaints,2025-05-31 00:00:00,Saturday,0,5,8.0
300280090,40.752114,-73.997238,GRAND LARCENY,"LARCENY,GRAND BY THEFT OF CREDIT CARD",2025-01-29T00:00:00.000,nypd_complaints,2025-01-29 00:00:00,Wednesday,0,1,5.0
301320579,40.62491262811805,-74.14670038715856,DANGEROUS DRUGS,"CONTROLLED SUBSTANCE, POSSESSI",2025-02-19T00:00:00.000,nypd_complaints,2025-02-19 00:00:00,Wednesday,0,2,4.0
300826081,40.532758,-74.173811,ASSAULT 3 & RELATED OFFENSES,ASSAULT 3,2025-02-09T00:00:00.000,nypd_complaints,2025-02-09 00:00:00,Sunday,0,2,6.0
301391605,40.624121,-74.08367,CRIMINAL TRESPASS,"TRESPASS 2, CRIMINAL",2025-02-19T00:00:00.000,nypd_complaints,2025-02-19 00:00:00,Wednesday,0,2,3.0
306161747,40.7204418884676,-74.0067439741913,SEX CRIMES,"SEXUAL ABUSE 3,2",2024-11-21T00:00:00.000,nypd_complaints,2024-11-21 00:00:00,Thursday,0,11,8.0
303424195,40.557981,-74.172554,HARRASSMENT 2,"HARASSMENT,SUBD 3,4,5",2025-03-21T00:00:00.000,nypd_complaints,2025-03-21 00:00:00,Friday,0,3,3.0
306362579,40.578194,-74.16965,GRAND LARCENY,"LARCENY,GRAND BY FALSE PROMISE-NOT IN PERSON CONTACT",2025-05-08T00:00:00.000,nypd_complaints,2025-05-08 00:00:00,Thursday,0,5,5.0
305973072,40.73170654,-74.00095616,DANGEROUS WEAPONS,"WEAPONS, POSSESSION, ETC",2025-05-07T00:00:00.000,nypd_complaints,2025-05-07 00:00:00,Wednesday,0,5,7.0
303269829,40.536839,-74.240276,GRAND LARCENY,"LARCENY,GRAND FROM OPEN AREAS, UNATTENDED",2025-01-22T00:00:00.000,nypd_complaints,2025-01-22 00:00:00,Wednesday,0,1,5.0
300226243,40.69145665659976,-73.98734658135137,ROBBERY,"ROBBERY,PERSONAL ELECTRONIC DEVICE",2025-01-29T00:00:00.000,nypd_complaints,2025-01-29 00:00:00,Wednesday,0,1,7.0
300427511,40.626593,-74.076633,BURGLARY,"BURGLARY,UNCLASSIFIED,NIGHT",2025-01-31T00:00:00.000,nypd_complaints,2025-01-31 00:00:00,Friday,0,1,6.0
306812779,40.550492,-74.193962,GRAND LARCENY,"LARCENY,GRAND BY ACQUIRING LOS",2025-05-21T00:00:00.000,nypd_complaints,2025-05-21 00:00:00,Wednesday,0,5,5.0
304821440,40.548147,-74.217237,FELONY ASSAULT,"ASSAULT 2,1,UNCLASSIFIED",2025-04-16T00:00:00.000,nypd_complaints,2025-04-16 00:00:00,Wednesday,0,4,8.0
298872912,40.544854,-74.179663,HARRASSMENT 2,"HARASSMENT,SUBD 3,4,5",2025-01-02T00:00:00.000,nypd_complaints,2025-01-02 00:00:00,Thursday,0,1,3.0
308392339,40.73107,-73.99627,DANGEROUS WEAPONS,"WEAPONS, POSSESSION, ETC",2025-06-20T00:00:00.000,nypd_complaints,2025-06-20 00:00:00,Friday,0,6,7.0
300726054,40.53097,-74.220592,ASSAULT 3 & RELATED OFFENSES,ASSAULT 3,2025-02-07T00:00:00.000,nypd_complaints,2025-02-07 00:00:00,Friday,0,2,6.0
302795847,40.586628,-74.100936,FELONY ASSAULT,ASSAULT POLICE/PEACE OFFICER,2024-09-08T00:00:00.000,nypd_complaints,2024-09-08 00:00:00,Sunday,0,9,8.0
302223943,40.639258,-74.134141,DANGEROUS DRUGS,"CONTROLLED SUBSTANCE, SALE 5",2025-01-23T00:00:00.000,nypd_complaints,2025-01-23 00:00:00,Thursday,0,1,4.0
304492938,40.514921,-74.242661,HARRASSMENT 2,"HARASSMENT,SUBD 3,4,5",2025-04-09T00:00:00.000,nypd_complaints,2025-04-09 00:00:00,Wednesday,0,4,3.0
304325797,40.63592,-74.16944,ASSAULT 3 & RELATED OFFENSES,"MENACING,UNCLASSIFIED",2025-01-17T00:00:00.000,nypd_complaints,2025-01-17 00:00:00,Friday,0,1,6.0
306060556,40.616876,-74.099079,CRIMINAL TRESPASS,"TRESPASS 2, CRIMINAL",2025-05-08T00:00:00.000,nypd_complaints,2025-05-08 00:00:00,Thursday,0,5,3.0
301835630,40.719202,-73.987873,ROBBERY,"ROBBERY,PERSONAL ELECTRONIC DEVICE",2025-02-28T00:00:00.000,nypd_complaints,2025-02-28 00:00:00,Friday,0,2,7.0
300960220,40.6447209438691,-74.0770327198983,SEX CRIMES,"SEXUAL ABUSE 3,2",2025-02-12T00:00:00.000,nypd_complaints,2025-02-12 00:00:00,Wednesday,0,2,8.0
300824823,40.706706,-74.010935,GRAND LARCENY,"LARCENY,GRAND BY BANK ACCT COMPROMISE-UNCLASSIFIED",2024-10-01T00:00:00.000,nypd_complaints,2024-10-01 00:00:00,Tuesday,0,10,5.0
303309985,40.569066,-74.111186,GRAND LARCENY,"LARCENY,GRAND BY BANK ACCT COMPROMISE-REPRODUCED CHECK",2025-02-19T00:00:00.000,nypd_complaints,2025-02-19 00:00:00,Wednesday,0,2,5.0
299631371,40.6373,-74.133874,DANGEROUS DRUGS,"CONTROLLED SUBSTANCE, POSSESSI",2025-01-17T00:00:00.000,nypd_complaints,2025-01-17 00:00:00,Friday,0,1,4.0
300710577,40.605968,-74.009598,GRAND LARCENY OF MOTOR VEHICLE,"LARCENY,GRAND OF AUTO",2025-02-06T00:00:00.000,nypd_complaints,2025-02-06 00:00:00,Thursday,0,2,5.0
300748839,40.676397,-74.004924,DANGEROUS DRUGS,"CONTROLLED SUBSTANCE,SALE 3",2025-02-07T00:00:00.000,nypd_complaints,2025-02-07 00:00:00,Friday,0,2,4.0
302808081,40.562169,-74.185203,FELONY ASSAULT,"ASSAULT 2,1,UNCLASSIFIED",2025-03-14T00:00:00.000,nypd_complaints,2025-03-14 00:00:00,Friday,0,3,8.0
304335841,40.620235,-74.081595,BURGLARY,"BURGLARY,RESIDENCE,UNKNOWN TIM",2025-04-01T00:00:00.000,nypd_complaints,2025-04-01 00:00:00,Tuesday,0,4,6.0
305552101,40.640662,-74.095546,HARRASSMENT 2,"HARASSMENT,SUBD 1,CIVILIAN",2025-04-29T00:00:00.000,nypd_complaints,2025-04-29 00:00:00,Tuesday,0,4,3.0
303437489,40.757232265258125,-73.98979219054627,DANGEROUS WEAPONS,"WEAPONS, POSSESSION, ETC",2025-03-22T00:00:00.000,nypd_complaints,2025-03-22 00:00:00,Saturday,0,3,7.0
304794435,40.579765,-74.102159,GRAND LARCENY,"LARCENY,GRAND BY CREDIT CARD ACCT COMPROMISE-EXISTING ACCT",2025-04-14T00:00:00.000,nypd_complaints,2025-04-14 00:00:00,Monday,0,4,5.0
300737668,40.654309475457225,-74.00441848198547,ROBBERY,"ROBBERY,NECKCHAIN/JEWELRY",2025-02-07T00:00:00.000,nypd_complaints,2025-02-07 00:00:00,Friday,0,2,7.0
305305216,40.562011,-74.111878,GRAND LARCENY,"LARCENY,GRAND BY FALSE PROMISE-NOT IN PERSON CONTACT",2025-04-23T00:00:00.000,nypd_complaints,2025-04-23 00:00:00,Wednesday,0,4,5.0
301737646,40.633923,-74.095456,GRAND LARCENY,"LARCENY,GRAND BY FALSE PROMISE-NOT IN PERSON CONTACT",2025-02-17T00:00:00.000,nypd_complaints,2025-02-17 00:00:00,Monday,0,2,5.0
304703950,40.62491262,-74.14670038,FELONY ASSAULT,"ASSAULT 2,1,UNCLASSIFIED",2025-04-14T00:00:00.000,nypd_complaints,2025-04-14 00:00:00,Monday,0,4,8.0
300784342,40.563437,-74.110816,GRAND LARCENY,"LARCENY,GRAND FROM RESIDENCE, UNATTENDED",2025-02-03T00:00:00.000,nypd_complaints,2025-02-03 00:00:00,Monday,0,2,5.0
307097837,40.529034,-74.239646,HARRASSMENT 2,"HARASSMENT,SUBD 3,4,5",2025-05-26T00:00:00.000,nypd_complaints,2025-05-26 00:00:00,Monday,0,5,3.0
301856046,40.636694,-74.169716,FELONY ASSAULT,"ASSAULT 2,1,UNCLASSIFIED",2025-02-28T00:00:00.000,nypd_complaints,2025-02-28 00:00:00,Friday,0,2,8.0
308360840,40.674555,-74.004939,DANGEROUS WEAPONS,"WEAPONS, POSSESSION, ETC",2025-06-19T00:00:00.000,nypd_complaints,2025-06-19 00:00:00,Thursday,0,6,7.0
307095243,40.568178,-74.151328,GRAND LARCENY,"LARCENY,GRAND BY CREDIT CARD ACCT COMPROMISE-EXISTING ACCT",2025-03-27T00:00:00.000,nypd_complaints,2025-03-27 00:00:00,Thursday,0,3,5.0
299862562,40.653126,-74.014532,GRAND LARCENY,"LARCENY,GRAND BY BANK ACCT COMPROMISE-REPRODUCED CHECK",2024-12-19T00:00:00.000,nypd_complaints,2024-12-19 00:00:00,Thursday,0,12,5.0
308293698,40.645434,-73.985058,GRAND LARCENY OF MOTOR VEHICLE,"LARCENY, GRAND OF MOPED",2025-06-16T00:00:00.000,nypd_complaints,2025-06-16 00:00:00,Monday,0,6,5.0
308827344,40.595703,-74.156,BURGLARY,"BURGLARY,RESIDENCE,NIGHT",2025-06-29T00:00:00.000,nypd_complaints,2025-06-29 00:00:00,Sunday,0,6,6.0
299996356,40.578194,-74.16965,HARRASSMENT 2,"HARASSMENT,SUBD 3,4,5",2025-01-24T00:00:00.000,nypd_complaints,2025-01-24 00:00:00,Friday,0,1,3.0
303708749,40.526585,-74.168596,HARRASSMENT 2,"HARASSMENT,SUBD 3,4,5",2025-03-26T00:00:00.000,nypd_complaints,2025-03-26 00:00:00,Wednesday,0,3,3.0
306941931,40.638985,-74.171253,CRIMINAL TRESPASS,"TRESPASS 2, CRIMINAL",2025-05-23T00:00:00.000,nypd_complaints,2025-05-23 00:00:00,Friday,0,5,3.0
304822675,40.583184,-74.085452,HARRASSMENT 2,"HARASSMENT,SUBD 1,CIVILIAN",2025-04-15T00:00:00.000,nypd_complaints,2025-04-15 00:00:00,Tuesday,0,4,3.0
299857643,40.638936,-74.167398,HARRASSMENT 2,"HARASSMENT,SUBD 3,4,5",2025-01-06T00:00:00.000,nypd_complaints,2025-01-06 00:00:00,Monday,0,1,3.0
300286534,40.569928692124975,-74.09106918065525,DANGEROUS DRUGS,"CONTROLLED SUBSTANCE, POSSESSI",2025-01-30T00:00:00.000,nypd_complaints,2025-01-30 00:00:00,Thursday,0,1,4.0
304550626,40.72441,-73.999858,GRAND LARCENY,"LARCENY,GRAND BY THEFT OF CREDIT CARD",2025-03-26T00:00:00.000,nypd_complaints,2025-03-26 00:00:00,Wednesday,0,3,5.0
300998901,40.632141,-74.021557,GRAND LARCENY,"LARCENY,GRAND BY BANK ACCT COMPROMISE-UNAUTHORIZED PURCHASE",2025-01-28T00:00:00.000,nypd_complaints,2025-01-28 00:00:00,Tuesday,0,1,5.0
299576825,40.726374,-74.009032,GRAND LARCENY,"LARCENY,GRAND BY THEFT OF CREDIT CARD",2025-01-11T00:00:00.000,nypd_complaints,2025-01-11 00:00:00,Saturday,0,1,5.0
300340926,40.606406,-74.120478,HARRASSMENT 2,"HARASSMENT,SUBD 1,CIVILIAN",2025-01-31T00:00:00.000,nypd_complaints,2025-01-31 00:00:00,Friday,0,1,3.0
305386156,40.631944,-74.161705,HARRASSMENT 2,"HARASSMENT,SUBD 3,4,5",2025-04-24T00:00:00.000,nypd_complaints,2025-04-24 00:00:00,Thursday,0,4,3.0
305041810,40.764149,-73.986614,DANGEROUS WEAPONS,"WEAPONS, POSSESSION, ETC",2025-04-20T00:00:00.000,nypd_complaints,2025-04-20 00:00:00,Sunday,0,4,7.0
303882978,40.529596,-74.232332,GRAND LARCENY,"LARCENY,GRAND FROM STORE-SHOPL",2025-03-22T00:00:00.000,nypd_complaints,2025-03-22 00:00:00,Saturday,0,3,5.0
299362849,40.639258,-74.134141,DANGEROUS DRUGS,"CONTROLLED SUBSTANCE, POSSESSI",2025-01-13T00:00:00.000,nypd_complaints,2025-01-13 00:00:00,Monday,0,1,4.0
305240180,40.633106,-74.086447,DANGEROUS DRUGS,"CONTROLLED SUBSTANCE,INTENT TO",2025-04-23T00:00:00.000,nypd_complaints,2025-04-23 00:00:00,Wednesday,0,4,4.0
302240155,40.5776447107162,-73.99686453477521,DANGEROUS WEAPONS,"WEAPONS, POSSESSION, ETC",2025-03-07T00:00:00.000,nypd_complaints,2025-03-07 00:00:00,Friday,0,3,7.0
302411359,40.764948,-73.995318,GRAND LARCENY OF MOTOR VEHICLE,"LARCENY,GRAND OF AUTO",2024-08-23T00:00:00.000,nypd_complaints,2024-08-23 00:00:00,Friday,0,8,5.0
305580721,40.60077754,-74.00940605,GRAND LARCENY,"LARCENY,GRAND OF VEHICULAR/MOTORCYCLE ACCESSORIES",2025-04-30T00:00:00.000,nypd_complaints,2025-04-30 00:00:00,Wednesday,0,4,5.0
306782741,40.639101,-74.11567,ASSAULT 3 & RELATED OFFENSES,"MENACING,UNCLASSIFIED",2025-05-21T00:00:00.000,nypd_complaints,2025-05-21 00:00:00,Wednesday,0,5,6.0
298902892,40.714054587119456,-73.99018838205971,DANGEROUS WEAPONS,"WEAPONS, POSSESSION, ETC",2025-01-05T00:00:00.000,nypd_complaints,2025-01-05 00:00:00,Sunday,0,1,7.0
301476206,40.654309475457225,-74.00441848198547,DANGEROUS WEAPONS,"WEAPONS, POSSESSION, ETC",2025-02-21T00:00:00.000,nypd_complaints,2025-02-21 00:00:00,Friday,0,2,7.0
300566090,40.7535327012632,-73.9945368920152,SEX CRIMES,"SEXUAL ABUSE 3,2",2025-02-04T00:00:00.000,nypd_complaints,2025-02-04 00:00:00,Tuesday,0,2,8.0
301156120,40.57510031159587,-73.99855651703888,DANGEROUS WEAPONS,"WEAPONS, POSSESSION, ETC",2025-02-15T00:00:00.000,nypd_complaints,2025-02-15 00:00:00,Saturday,0,2,7.0
306070912,40.732266,-74.00871,CRIMINAL TRESPASS,"TRESPASS 3, CRIMINAL",2025-05-08T00:00:00.000,nypd_complaints,2025-05-08 00:00:00,Thursday,0,5,3.0
300101383,40.646663892266425,-74.08893249619068,FELONY ASSAULT,"ASSAULT 2,1,UNCLASSIFIED",2025-01-27T00:00:00.000,nypd_complaints,2025-01-27 00:00:00,Monday,0,1,8.0
301239155,40.548879,-74.197846,ASSAULT 3 & RELATED OFFENSES,ASSAULT 3,2025-02-17T00:00:00.000,nypd_complaints,2025-02-17 00:00:00,Monday,0,2,6.0
298728055,40.592468,-74.161287,ASSAULT 3 & RELATED OFFENSES,ASSAULT 3,2025-01-01T00:00:00.000,nypd_complaints,2025-01-01 00:00:00,Wednesday,0,1,6.0
305033498,40.635224,-74.106643,FELONY ASSAULT,ASSAULT OTHER PUBLIC SERVICE EMPLOYEE,2025-04-19T00:00:00.000,nypd_complaints,2025-04-19 00:00:00,Saturday,0,4,8.0
304605428,40.59167714,-74.07385915,GRAND LARCENY OF MOTOR VEHICLE,"LARCENY,GRAND OF AUTO",2025-04-11T00:00:00.000,nypd_complaints,2025-04-11 00:00:00,Friday,0,4,5.0
308209235,40.75723226,-73.98979219,DANGEROUS WEAPONS,"WEAPONS, POSSESSION, ETC",2025-06-17T00:00:00.000,nypd_complaints,2025-06-17 00:00:00,Tuesday,0,6,7.0
305587943,40.640055,-74.086121,FELONY ASSAULT,ASSAULT POLICE/PEACE OFFICER,2025-04-30T00:00:00.000,nypd_complaints,2025-04-30 00:00:00,Wednesday,0,4,8.0
301555246,40.63679,-74.143089,FELONY ASSAULT,STRANGULATION 1ST,2025-02-07T00:00:00.000,nypd_complaints,2025-02-07 00:00:00,Friday,0,2,8.0
302062029,40.753312,-74.000081,GRAND LARCENY,"LARCENY,GRAND BY THEFT OF CREDIT CARD",2025-03-04T00:00:00.000,nypd_complaints,2025-03-04 00:00:00,Tuesday,0,3,5.0
306941856,40.738985,-73.995662,ROBBERY,"ROBBERY,PERSONAL ELECTRONIC DEVICE",2025-05-23T00:00:00.000,nypd_complaints,2025-05-23 00:00:00,Friday,0,5,7.0
306284353,40.565414,-74.11195,ASSAULT 3 & RELATED OFFENSES,"MENACING,UNCLASSIFIED",2025-05-12T00:00:00.000,nypd_complaints,2025-05-12 00:00:00,Monday,0,5,6.0
301890974,40.7535327012632,-73.9945368920152,SEX CRIMES,"SEXUAL ABUSE 3,2",2025-02-21T00:00:00.000,nypd_complaints,2025-02-21 00:00:00,Friday,0,2,8.0
304415710,40.63022979,-74.16265036,DANGEROUS WEAPONS,WEAPONS POSSESSION 3,2025-04-08T00:00:00.000,nypd_complaints,2025-04-08 00:00:00,Tuesday,0,4,7.0
298932425,40.6022161657077,-74.0029507988395,SEX CRIMES,"SEXUAL ABUSE 3,2",2025-01-04T00:00:00.000,nypd_complaints,2025-01-04 00:00:00,Saturday,0,1,8.0
299987717,40.724036,-73.999099,GRAND LARCENY,"LARCENY,GRAND BY THEFT OF CREDIT CARD",2025-01-14T00:00:00.000,nypd_complaints,2025-01-14 00:00:00,Tuesday,0,1,5.0
306803093,40.626417,-74.081274,HARRASSMENT 2,"HARASSMENT,SUBD 1,CIVILIAN",2025-05-21T00:00:00.000,nypd_complaints,2025-05-21 00:00:00,Wednesday,0,5,3.0
302246588,40.521207,-74.176782,CRIMINAL TRESPASS,"TRESPASS 2, CRIMINAL",2025-03-07T00:00:00.000,nypd_complaints,2025-03-07 00:00:00,Friday,0,3,3.0
303931414,40.63685,-74.139128,CRIMINAL TRESPASS,"TRESPASS 2, CRIMINAL",2025-03-31T00:00:00.000,nypd_complaints,2025-03-31 00:00:00,Monday,0,3,3.0
301754836,40.588966,-74.091327,HARRASSMENT 2,"HARASSMENT,SUBD 1,CIVILIAN",2025-02-27T00:00:00.000,nypd_complaints,2025-02-27 00:00:00,Thursday,0,2,3.0
307476370,40.593093,-74.160333,ASSAULT 3 & RELATED OFFENSES,ASSAULT 3,2025-06-02T00:00:00.000,nypd_complaints,2025-06-02 00:00:00,Monday,0,6,6.0
306354343,40.545574,-74.175704,HARRASSMENT 2,"HARASSMENT,SUBD 3,4,5",2025-04-18T00:00:00.000,nypd_complaints,2025-04-18 00:00:00,Friday,0,4,3.0
308823416,40.568154,-74.107105,FELONY ASSAULT,"ASSAULT 2,1,UNCLASSIFIED",2025-06-29T00:00:00.000,nypd_complaints,2025-06-29 00:00:00,Sunday,0,6,8.0
304533448,40.566869,-74.10673,GRAND LARCENY,"LARCENY,GRAND BY OPEN/COMPROMISE CELL PHONE ACCT",2025-03-30T00:00:00.000,nypd_complaints,2025-03-30 00:00:00,Sunday,0,3,5.0
308707573,40.623985,-74.081549,DANGEROUS DRUGS,"CONTROLLED SUBSTANCE,POSSESS.",2025-06-26T00:00:00.000,nypd_complaints,2025-06-26 00:00:00,Thursday,0,6,4.0
306367361,40.61915012,-74.03996511,GRAND LARCENY OF MOTOR VEHICLE,"LARCENY,GRAND OF AUTO",2025-05-13T00:00:00.000,nypd_complaints,2025-05-13 00:00:00,Tuesday,0,5,5.0
305431188,40.561425,-74.183444,ASSAULT 3 & RELATED OFFENSES,OBSTR BREATH/CIRCUL,2025-04-27T00:00:00.000,nypd_complaints,2025-04-27 00:00:00,Sunday,0,4,6.0
302805176,40.72249,-73.997553,GRAND LARCENY,"LARCENY,GRAND BY THEFT OF CREDIT CARD",2025-03-14T00:00:00.000,nypd_complaints,2025-03-14 00:00:00,Friday,0,3,5.0
302998398,40.63959,-74.017898,DANGEROUS DRUGS,"CONTROLLED SUBSTANCE, SALE 5",2025-03-17T00:00:00.000,nypd_complaints,2025-03-17 00:00:00,Monday,0,3,4.0
298756466,40.638211109117606,-74.13319991770237,DANGEROUS DRUGS,"CONTROLLED SUBSTANCE, POSSESSI",2025-01-02T00:00:00.000,nypd_complaints,2025-01-02 00:00:00,Thursday,0,1,4.0
299382133,40.730832,-74.00155,FELONY ASSAULT,ASSAULT OTHER PUBLIC SERVICE EMPLOYEE,2025-01-13T00:00:00.000,nypd_complaints,2025-01-13 00:00:00,Monday,0,1,8.0
306469084,40.71436516,-74.00045451,DANGEROUS WEAPONS,"WEAPONS, POSSESSION, ETC",2025-05-15T00:00:00.000,nypd_complaints,2025-05-15 00:00:00,Thursday,0,5,7.0
300119703,40.55524,-74.179741,HARRASSMENT 2,"HARASSMENT,SUBD 1,CIVILIAN",2025-01-26T00:00:00.000,nypd_complaints,2025-01-26 00:00:00,Sunday,0,1,3.0
299715417,40.63499,-74.117293,BURGLARY,"BURGLARY,COMMERCIAL,NIGHT",2025-01-20T00:00:00.000,nypd_complaints,2025-01-20 00:00:00,Monday,0,1,6.0
298869097,40.741214,-74.00811,FELONY ASSAULT,ASSAULT POLICE/PEACE OFFICER,2025-01-04T00:00:00.000,nypd_complaints,2025-01-04 00:00:00,Saturday,0,1,8.0
302088072,40.577607,-74.102646,HARRASSMENT 2,"HARASSMENT,SUBD 1,CIVILIAN",2025-03-04T00:00:00.000,nypd_complaints,2025-03-04 00:00:00,Tuesday,0,3,3.0
299268500,40.554346466132856,-74.21177362875594,ASSAULT 3 & RELATED OFFENSES,ASSAULT 3,2025-01-11T00:00:00.000,nypd_complaints,2025-01-11 00:00:00,Saturday,0,1,6.0
307297276,40.588499,-74.188718,HARRASSMENT 2,"HARASSMENT,SUBD 3,4,5",2025-05-30T00:00:00.000,nypd_complaints,2025-05-30 00:00:00,Friday,0,5,3.0
306011377,40.508764,-74.222658,HARRASSMENT 2,"HARASSMENT,SUBD 3,4,5",2025-05-06T00:00:00.000,nypd_complaints,2025-05-06 00:00:00,Tuesday,0,5,3.0
308718596,40.640249,-73.999241,GRAND LARCENY OF MOTOR VEHICLE,"LARCENY,GRAND OF AUTO",2025-06-27T00:00:00.000,nypd_complaints,2025-06-27 00:00:00,Friday,0,6,5.0
305848316,40.594599,-74.079404,DANGEROUS DRUGS,"DRUG PARAPHERNALIA,   POSSESSE",2025-05-05T00:00:00.000,nypd_complaints,2025-05-05 00:00:00,Monday,0,5,4.0
301796907,40.636668,-74.129752,ROBBERY,"ROBBERY,DWELLING",2025-02-27T00:00:00.000,nypd_complaints,2025-02-27 00:00:00,Thursday,0,2,7.0
304062758,40.550401,-74.150556,GRAND LARCENY OF MOTOR VEHICLE,"LARCENY,GRAND OF AUTO",2025-02-25T00:00:00.000,nypd_complaints,2025-02-25 00:00:00,Tuesday,0,2,5.0
302466147,40.639536,-74.087304,GRAND LARCENY,"LARCENY,GRAND FROM RESIDENCE, UNATTENDED",2025-03-11T00:00:00.000,nypd_complaints,2025-03-11 00:00:00,Tuesday,0,3,5.0
301529505,40.721131,-73.994252,ROBBERY,"ROBBERY,PERSONAL ELECTRONIC DEVICE",2025-02-23T00:00:00.000,nypd_complaints,2025-02-23 00:00:00,Sunday,0,2,7.0
301804595,40.552449,-74.185793,ASSAULT 3 & RELATED OFFENSES,ASSAULT 3,2025-02-27T00:00:00.000,nypd_complaints,2025-02-27 00:00:00,Thursday,0,2,6.0
305197753,40.604633,-74.017761,BURGLARY,"BURGLARY,UNCLASSIFIED,NIGHT",2025-04-22T00:00:00.000,nypd_complaints,2025-04-22 00:00:00,Tuesday,0,4,6.0
306752000,40.618882,-74.029273,GRAND LARCENY OF MOTOR VEHICLE,"LARCENY,GRAND OF AUTO",2025-05-19T00:00:00.000,nypd_complaints,2025-05-19 00:00:00,Monday,0,5,5.0
304926063,40.6447209438691,-74.0770327198983,SEX CRIMES,"SEXUAL ABUSE 3,2",2025-04-17T00:00:00.000,nypd_complaints,2025-04-17 00:00:00,Thursday,0,4,8.0
307668646,40.529596,-74.232332,GRAND LARCENY,"LARCENY,GRAND FROM STORE-SHOPL",2025-06-04T00:00:00.000,nypd_complaints,2025-06-04 00:00:00,Wednesday,0,6,5.0
303825586,40.733744,-74.001997,GRAND LARCENY,"LARCENY,GRAND FROM NIGHT CLUB, UNATTENDED",2025-03-29T00:00:00.000,nypd_complaints,2025-03-29 00:00:00,Saturday,0,3,5.0
305523073,40.71152699,-74.00447277,GRAND LARCENY,"LARCENY,GRAND BY THEFT OF CREDIT CARD",2025-04-25T00:00:00.000,nypd_complaints,2025-04-25 00:00:00,Friday,0,4,5.0
308585834,40.540673,-74.220189,HARRASSMENT 2,"HARASSMENT,SUBD 3,4,5",2025-06-24T00:00:00.000,nypd_complaints,2025-06-24 00:00:00,Tuesday,0,6,3.0
304910623,40.601623,-74.135877,GRAND LARCENY,"LARCENY,GRAND FROM RESIDENCE, UNATTENDED",2025-03-29T00:00:00.000,nypd_complaints,2025-03-29 00:00:00,Saturday,0,3,5.0
308379389,40.59861135,-74.08075909,FELONY ASSAULT,ASSAULT POLICE/PEACE OFFICER,2025-06-19T00:00:00.000,nypd_complaints,2025-06-19 00:00:00,Thursday,0,6,8.0
308036975,40.546096,-74.216462,ROBBERY,"ROBBERY,DWELLING",2025-06-13T00:00:00.000,nypd_complaints,2025-06-13 00:00:00,Friday,0,6,7.0
307957044,40.634304,-74.025133,GRAND LARCENY,"LARCENY,GRAND BY EXTORTION",2025-05-13T00:00:00.000,nypd_complaints,2025-05-13 00:00:00,Tuesday,0,5,5.0
299118507,40.530794,-74.18274,GRAND LARCENY,"LARCENY,GRAND BY FALSE PROMISE-NOT IN PERSON CONTACT",2025-01-07T00:00:00.000,nypd_complaints,2025-01-07 00:00:00,Tuesday,0,1,5.0
306297102,40.560596,-74.18181,HARRASSMENT 2,"HARASSMENT,SUBD 3,4,5",2025-05-12T00:00:00.000,nypd_complaints,2025-05-12 00:00:00,Monday,0,5,3.0
304599842,40.63401,-74.097828,FELONY ASSAULT,ASSAULT OTHER PUBLIC SERVICE EMPLOYEE,2025-04-11T00:00:00.000,nypd_complaints,2025-04-11 00:00:00,Friday,0,4,8.0
305161096,40.623545,-74.164538,HARRASSMENT 2,"HARASSMENT,SUBD 3,4,5",2025-04-22T00:00:00.000,nypd_complaints,2025-04-22 00:00:00,Tuesday,0,4,3.0
301117166,40.564683,-74.106416,HARRASSMENT 2,"HARASSMENT,SUBD 1,CIVILIAN",2025-02-14T00:00:00.000,nypd_complaints,2025-02-14 00:00:00,Friday,0,2,3.0
307668645,40.56431,-74.099309,FELONY ASSAULT,"ASSAULT 2,1,UNCLASSIFIED",2025-06-06T00:00:00.000,nypd_complaints,2025-06-06 00:00:00,Friday,0,6,8.0
307335565,40.624425,-74.035085,DANGEROUS WEAPONS,"WEAPONS, POSSESSION, ETC",2025-05-31T00:00:00.000,nypd_complaints,2025-05-31 00:00:00,Saturday,0,5,7.0
300941179,40.63416260560236,-74.00735710957026,DANGEROUS WEAPONS,"WEAPONS, POSSESSION, ETC",2025-02-12T00:00:00.000,nypd_complaints,2025-02-12 00:00:00,Wednesday,0,2,7.0
308811850,40.51658,-74.196876,ROBBERY,"ROBBERY,NECKCHAIN/JEWELRY",2025-06-29T00:00:00.000,nypd_complaints,2025-06-29 00:00:00,Sunday,0,6,7.0
300558915,40.7650240788333,-73.9848359497083,SEX CRIMES,"SEXUAL ABUSE 3,2",2025-01-29T00:00:00.000,nypd_complaints,2025-01-29 00:00:00,Wednesday,0,1,8.0
305011583,40.600699,-74.095816,GRAND LARCENY,"LARCENY,GRAND BY FALSE PROMISE-NOT IN PERSON CONTACT",2024-10-14T00:00:00.000,nypd_complaints,2024-10-14 00:00:00,Monday,0,10,5.0
301072765,40.629576,-74.161826,ROBBERY,"ROBBERY,DWELLING",2025-02-13T00:00:00.000,nypd_complaints,2025-02-13 00:00:00,Thursday,0,2,7.0
305752505,40.68901916,-73.98615711,DANGEROUS WEAPONS,"WEAPONS, POSSESSION, ETC",2025-05-02T00:00:00.000,nypd_complaints,2025-05-02 00:00:00,Friday,0,5,7.0
306493146,40.62990794,-74.11000378,HARRASSMENT 2,"HARASSMENT,SUBD 1,CIVILIAN",2025-05-15T00:00:00.000,nypd_complaints,2025-05-15 00:00:00,Thursday,0,5,3.0
307297277,40.62972,-74.144235,ASSAULT 3 & RELATED OFFENSES,"MENACING,UNCLASSIFIED",2025-05-30T00:00:00.000,nypd_complaints,2025-05-30 00:00:00,Friday,0,5,6.0
307424746,40.582314,-74.169068,GRAND LARCENY,"LARCENY,GRAND FROM STORE-SHOPL",2025-06-02T00:00:00.000,nypd_complaints,2025-06-02 00:00:00,Monday,0,6,5.0
308737736,40.766542,-73.992301,GRAND LARCENY,"LARCENY,GRAND BY BANK ACCT COMPROMISE-UNCLASSIFIED",2025-06-20T00:00:00.000,nypd_complaints,2025-06-20 00:00:00,Friday,0,6,5.0
302712129,40.621352,-74.163582,HARRASSMENT 2,"HARASSMENT,SUBD 3,4,5",2025-03-12T00:00:00.000,nypd_complaints,2025-03-12 00:00:00,Wednesday,0,3,3.0
307411425,40.72285,-73.998398,GRAND LARCENY,"LARCENY,GRAND FROM NIGHT CLUB, UNATTENDED",2025-05-30T00:00:00.000,nypd_complaints,2025-05-30 00:00:00,Friday,0,5,5.0
308027567,40.512091,-74.247624,HARRASSMENT 2,"HARASSMENT,SUBD 1,CIVILIAN",2025-06-12T00:00:00.000,nypd_complaints,2025-06-12 00:00:00,Thursday,0,6,3.0
304575042,40.619469,-74.027961,DANGEROUS WEAPONS,"WEAPONS, POSSESSION, ETC",2025-04-11T00:00:00.000,nypd_complaints,2025-04-11 00:00:00,Friday,0,4,7.0
299832507,40.6231883776008,-74.1492376947323,RAPE,RAPE 1,2025-01-22T00:00:00.000,nypd_complaints,2025-01-22 00:00:00,Wednesday,0,1,9.0
306859775,40.640755,-74.076748,FELONY ASSAULT,ASSAULT POLICE/PEACE OFFICER,2025-05-22T00:00:00.000,nypd_complaints,2025-05-22 00:00:00,Thursday,0,5,8.0
300404690,40.7338967584511,-74.0053958373447,SEX CRIMES,"SEXUAL ABUSE 3,2",2025-01-31T00:00:00.000,nypd_complaints,2025-01-31 00:00:00,Friday,0,1,8.0
303278575,40.544662,-74.158635,GRAND LARCENY,"LARCENY,GRAND BY OPEN CREDIT CARD (NEW ACCT)",2024-11-14T00:00:00.000,nypd_complaints,2024-11-14 00:00:00,Thursday,0,11,5.0
298792130,40.706756,-74.010091,CRIMINAL TRESPASS,"TRESPASS 2, CRIMINAL",2025-01-02T00:00:00.000,nypd_complaints,2025-01-02 00:00:00,Thursday,0,1,3.0
302735470,40.642836,-74.016362,DANGEROUS DRUGS,"CONTROLLED SUBSTANCE,SALE 1",2025-03-13T00:00:00.000,nypd_complaints,2025-03-13 00:00:00,Thursday,0,3,4.0
307297280,40.588966,-74.091327,FELONY ASSAULT,"ASSAULT 2,1,UNCLASSIFIED",2025-05-19T00:00:00.000,nypd_complaints,2025-05-19 00:00:00,Monday,0,5,8.0
303507850,40.7426636084461,-73.9980491084798,SEX CRIMES,"SEXUAL ABUSE 3,2",2025-03-23T00:00:00.000,nypd_complaints,2025-03-23 00:00:00,Sunday,0,3,8.0
305482345,40.535389,-74.210644,HARRASSMENT 2,"HARASSMENT,SUBD 3,4,5",2025-04-27T00:00:00.000,nypd_complaints,2025-04-27 00:00:00,Sunday,0,4,3.0
305329918,40.7535327012632,-73.9945368920152,SEX CRIMES,"SEXUAL ABUSE 3,2",2025-04-25T00:00:00.000,nypd_complaints,2025-04-25 00:00:00,Friday,0,4,8.0
301385732,40.555924,-74.179127,BURGLARY,"BURGLARY,RESIDENCE,NIGHT",2025-02-20T00:00:00.000,nypd_complaints,2025-02-20 00:00:00,Thursday,0,2,6.0
299579798,40.637516,-74.117605,FELONY ASSAULT,ASSAULT POLICE/PEACE OFFICER,2025-01-16T00:00:00.000,nypd_complaints,2025-01-16 00:00:00,Thursday,0,1,8.0
301452104,40.663722,-73.992802,GRAND LARCENY,"LARCENY,GRAND FROM RESIDENCE/BUILDING,UNATTENDED, PACKAGE THEFT OUTSIDE",2025-02-18T00:00:00.000,nypd_complaints,2025-02-18 00:00:00,Tuesday,0,2,5.0
304072211,40.732961,-74.006966,GRAND LARCENY,"LARCENY,GRAND FROM NIGHT CLUB, UNATTENDED",2025-04-01T00:00:00.000,nypd_complaints,2025-04-01 00:00:00,Tuesday,0,4,5.0
306730185,40.7426636084461,-73.9980491084798,SEX CRIMES,"SEXUAL ABUSE 3,2",2025-05-19T00:00:00.000,nypd_complaints,2025-05-19 00:00:00,Monday,0,5,8.0
302369399,40.57829,-74.167225,ASSAULT 3 & RELATED OFFENSES,ASSAULT 3,2025-03-10T00:00:00.000,nypd_complaints,2025-03-10 00:00:00,Monday,0,3,6.0
307868955,40.507965,-74.23347,HARRASSMENT 2,"HARASSMENT,SUBD 3,4,5",2025-06-10T00:00:00.000,nypd_complaints,2025-06-10 00:00:00,Tuesday,0,6,3.0
300444188,40.635487,-74.163,ASSAULT 3 & RELATED OFFENSES,"MENACING,UNCLASSIFIED",2025-02-02T00:00:00.000,nypd_complaints,2025-02-02 00:00:00,Sunday,0,2,6.0
304068772,40.705241,-74.013821,GRAND LARCENY,"LARCENY,GRAND FROM BUILDING (NON-RESIDENCE) UNATTENDED",2025-04-02T00:00:00.000,nypd_complaints,2025-04-02 00:00:00,Wednesday,0,4,5.0
304181722,40.7204418884676,-74.0067439741913,SEX CRIMES,"SEXUAL ABUSE 3,2",2025-03-31T00:00:00.000,nypd_complaints,2025-03-31 00:00:00,Monday,0,3,8.0
305336540,40.658326,-74.003521,GRAND LARCENY,"LARCENY,GRAND BY THEFT OF CREDIT CARD",2025-04-14T00:00:00.000,nypd_complaints,2025-04-14 00:00:00,Monday,0,4,5.0
306782746,40.546702,-74.202304,HARRASSMENT 2,"HARASSMENT,SUBD 3,4,5",2025-05-07T00:00:00.000,nypd_complaints,2025-05-07 00:00:00,Wednesday,0,5,3.0
304445090,40.555058,-74.195375,HARRASSMENT 2,"HARASSMENT,SUBD 1,CIVILIAN",2025-03-26T00:00:00.000,nypd_complaints,2025-03-26 00:00:00,Wednesday,0,3,3.0
303027581,40.634492,-74.118153,ASSAULT 3 & RELATED OFFENSES,"MENACING,UNCLASSIFIED",2025-03-17T00:00:00.000,nypd_complaints,2025-03-17 00:00:00,Monday,0,3,6.0
305549379,40.619063,-74.164809,GRAND LARCENY,"LARCENY,GRAND BY FALSE PROMISE-NOT IN PERSON CONTACT",2025-04-28T00:00:00.000,nypd_complaints,2025-04-28 00:00:00,Monday,0,4,5.0
308455348,40.611739,-74.158834,ASSAULT 3 & RELATED OFFENSES,ASSAULT 3,2025-06-22T00:00:00.000,nypd_complaints,2025-06-22 00:00:00,Sunday,0,6,6.0
305240489,40.6231883776008,-74.1492376947323,RAPE,RAPE 3,2025-04-23T00:00:00.000,nypd_complaints,2025-04-23 00:00:00,Wednesday,0,4,9.0
299183524,40.508074,-74.245634,FELONY ASSAULT,"ASSAULT 2,1,UNCLASSIFIED",2025-01-09T00:00:00.000,nypd_complaints,2025-01-09 00:00:00,Thursday,0,1,8.0
308621717,40.502762,-74.237899,GRAND LARCENY,"LARCENY,GRAND BY EXTORTION",2025-06-25T00:00:00.000,nypd_complaints,2025-06-25 00:00:00,Wednesday,0,6,5.0
306868352,40.710913,-74.006929,GRAND LARCENY,"LARCENY,GRAND FROM BUILDING (NON-RESIDENCE) UNATTENDED",2025-05-21T00:00:00.000,nypd_complaints,2025-05-21 00:00:00,Wednesday,0,5,5.0
307216617,40.75253,-73.993223,DANGEROUS DRUGS,"CONTROLLED SUBSTANCE,SALE 3",2025-05-29T00:00:00.000,nypd_complaints,2025-05-29 00:00:00,Thursday,0,5,4.0
300562481,40.620765,-74.028116,CRIMINAL TRESPASS,"TRESPASS 3, CRIMINAL",2025-02-04T00:00:00.000,nypd_complaints,2025-02-04 00:00:00,Tuesday,0,2,3.0
307732813,40.501983,-74.249277,HARRASSMENT 2,"HARASSMENT,SUBD 3,4,5",2025-06-07T00:00:00.000,nypd_complaints,2025-06-07 00:00:00,Saturday,0,6,3.0
304773865,40.625706,-74.173408,GRAND LARCENY,"LARCENY,GRAND BY FALSE PROMISE-IN PERSON CONTACT",2025-04-14T00:00:00.000,nypd_complaints,2025-04-14 00:00:00,Monday,0,4,5.0
304928122,40.6369,-74.086252,FELONY ASSAULT,"ASSAULT 2,1,UNCLASSIFIED",2025-04-17T00:00:00.000,nypd_complaints,2025-04-17 00:00:00,Thursday,0,4,8.0
304206482,40.743774,-74.007025,DANGEROUS DRUGS,"CONTROLLED SUBSTANCE,POSSESS.",2025-04-04T00:00:00.000,nypd_complaints,2025-04-04 00:00:00,Friday,0,4,4.0
299689506,40.61768,-74.08576,GRAND LARCENY OF MOTOR VEHICLE,"LARCENY,GRAND OF AUTO",2025-01-18T00:00:00.000,nypd_complaints,2025-01-18 00:00:00,Saturday,0,1,5.0
300402992,40.584591,-74.162329,FELONY ASSAULT,STRANGULATION 1ST,2025-02-01T00:00:00.000,nypd_complaints,2025-02-01 00:00:00,Saturday,0,2,8.0
308084272,40.619681,-74.158139,ASSAULT 3 & RELATED OFFENSES,ASSAULT 3,2025-06-14T00:00:00.000,nypd_complaints,2025-06-14 00:00:00,Saturday,0,6,6.0
303742508,40.540385,-74.150955,ROBBERY,"ROBBERY,PERSONAL ELECTRONIC DEVICE",2025-03-27T00:00:00.000,nypd_complaints,2025-03-27 00:00:00,Thursday,0,3,7.0
305695528,40.7535327012632,-73.9945368920152,SEX CRIMES,"SEXUAL ABUSE 3,2",2025-04-29T00:00:00.000,nypd_complaints,2025-04-29 00:00:00,Tuesday,0,4,8.0
300201223,40.636668,-74.129752,DANGEROUS DRUGS,"CONTROLLED SUBSTANCE, POSSESSI",2025-01-29T00:00:00.000,nypd_complaints,2025-01-29 00:00:00,Wednesday,0,1,4.0
303995375,40.546497,-74.219622,HARRASSMENT 2,"HARASSMENT,SUBD 3,4,5",2025-03-31T00:00:00.000,nypd_complaints,2025-03-31 00:00:00,Monday,0,3,3.0
299917948,40.71702,-74.001834,GRAND LARCENY,"LARCENY,GRAND BY BANK ACCT COMPROMISE-UNCLASSIFIED",2024-10-09T00:00:00.000,nypd_complaints,2024-10-09 00:00:00,Wednesday,0,10,5.0
299400279,40.623985,-74.081549,HARRASSMENT 2,"HARASSMENT,SUBD 1,CIVILIAN",2025-01-14T00:00:00.000,nypd_complaints,2025-01-14 00:00:00,Tuesday,0,1,3.0
308750153,40.5120382535219,-74.2497549524458,SEX CRIMES,"CHILD, ENDANGERING WELFARE",2025-06-24T00:00:00.000,nypd_complaints,2025-06-24 00:00:00,Tuesday,0,6,8.0
303891972,40.602768,-74.129102,ASSAULT 3 & RELATED OFFENSES,"MENACING,UNCLASSIFIED",2025-03-30T00:00:00.000,nypd_complaints,2025-03-30 00:00:00,Sunday,0,3,6.0
307326959,40.7160120119955,-73.9973320301008,SEX CRIMES,"SEXUAL ABUSE 3,2",2025-05-16T00:00:00.000,nypd_complaints,2025-05-16 00:00:00,Friday,0,5,8.0
302115050,40.683549,-73.988495,DANGEROUS WEAPONS,"WEAPONS, POSSESSION, ETC",2025-03-05T00:00:00.000,nypd_complaints,2025-03-05 00:00:00,Wednesday,0,3,7.0
303821889,40.627267,-74.166001,ROBBERY,"ROBBERY,POCKETBOOK/CARRIED BAG",2025-03-29T00:00:00.000,nypd_complaints,2025-03-29 00:00:00,Saturday,0,3,7.0
307702342,40.7265156408036,-73.9882902437563,SEX CRIMES,"SEXUAL ABUSE 3,2",2025-06-04T00:00:00.000,nypd_complaints,2025-06-04 00:00:00,Wednesday,0,6,8.0
303927731,40.555058,-74.195375,HARRASSMENT 2,"HARASSMENT,SUBD 3,4,5",2025-03-26T00:00:00.000,nypd_complaints,2025-03-26 00:00:00,Wednesday,0,3,3.0
307375167,40.647127,-74.08818,HARRASSMENT 2,"HARASSMENT,SUBD 1,CIVILIAN",2025-06-01T00:00:00.000,nypd_complaints,2025-06-01 00:00:00,Sunday,0,6,3.0
301866059,40.602197,-74.128565,ASSAULT 3 & RELATED OFFENSES,"MENACING,UNCLASSIFIED",2025-02-28T00:00:00.000,nypd_complaints,2025-02-28 00:00:00,Friday,0,2,6.0
300943386,40.582314,-74.169068,GRAND LARCENY,"LARCENY,GRAND FROM RETAIL STORE, UNATTENDED",2025-02-11T00:00:00.000,nypd_complaints,2025-02-11 00:00:00,Tuesday,0,2,5.0
304263348,40.7265156408036,-73.9882902437563,SEX CRIMES,"SEXUAL ABUSE 3,2",2025-04-06T00:00:00.000,nypd_complaints,2025-04-06 00:00:00,Sunday,0,4,8.0
307493880,40.59268036,-74.07597744,FELONY ASSAULT,ASSAULT POLICE/PEACE OFFICER,2025-06-03T00:00:00.000,nypd_complaints,2025-06-03 00:00:00,Tuesday,0,6,8.0
306077966,40.50552745,-74.23817527,HARRASSMENT 2,"HARASSMENT,SUBD 3,4,5",2025-05-08T00:00:00.000,nypd_complaints,2025-05-08 00:00:00,Thursday,0,5,3.0
303023866,40.7535327012632,-73.9945368920152,RAPE,RAPE 3,2025-03-15T00:00:00.000,nypd_complaints,2025-03-15 00:00:00,Saturday,0,3,9.0
301061306,40.547693,-74.217595,ASSAULT 3 & RELATED OFFENSES,ASSAULT 3,2025-01-15T00:00:00.000,nypd_complaints,2025-01-15 00:00:00,Wednesday,0,1,6.0
307658417,40.638985,-74.171253,HARRASSMENT 2,"HARASSMENT,SUBD 3,4,5",2025-05-28T00:00:00.000,nypd_complaints,2025-05-28 00:00:00,Wednesday,0,5,3.0
307629770,40.567366,-74.112885,ROBBERY,"ROBBERY,PUBLIC PLACE INSIDE",2025-06-05T00:00:00.000,nypd_complaints,2025-06-05 00:00:00,Thursday,0,6,7.0
300985957,40.73107,-73.99627,DANGEROUS DRUGS,"CONTROLLED SUBSTANCE,SALE 3",2025-01-15T00:00:00.000,nypd_complaints,2025-01-15 00:00:00,Wednesday,0,1,4.0
307158801,40.639759,-74.010511,GRAND LARCENY,"LARCENY,GRAND BY BANK ACCT COMPROMISE-UNCLASSIFIED",2025-05-02T00:00:00.000,nypd_complaints,2025-05-02 00:00:00,Friday,0,5,5.0
304512445,40.7160120119955,-73.9973320301008,SEX CRIMES,"SEXUAL ABUSE 3,2",2025-02-05T00:00:00.000,nypd_complaints,2025-02-05 00:00:00,Wednesday,0,2,8.0
306755400,40.622451,-74.028498,GRAND LARCENY,"LARCENY,GRAND FROM PERSON,UNCL",2025-05-20T00:00:00.000,nypd_complaints,2025-05-20 00:00:00,Tuesday,0,5,5.0
306207326,40.519858,-74.187966,HARRASSMENT 2,"HARASSMENT,SUBD 3,4,5",2025-05-10T00:00:00.000,nypd_complaints,2025-05-10 00:00:00,Saturday,0,5,3.0
300152018,40.636557,-74.16298,DANGEROUS DRUGS,"CONTROLLED SUBSTANCE, POSSESSI",2025-01-28T00:00:00.000,nypd_complaints,2025-01-28 00:00:00,Tuesday,0,1,4.0
303503439,40.57161150259416,-74.09417066350731,DANGEROUS DRUGS,"CONTROLLED SUBSTANCE, POSSESSI",2025-03-23T00:00:00.000,nypd_complaints,2025-03-23 00:00:00,Sunday,0,3,4.0
301165160,40.55756660888404,-74.20699746672562,GRAND LARCENY OF MOTOR VEHICLE,"LARCENY,GRAND OF AUTO",2025-02-15T00:00:00.000,nypd_complaints,2025-02-15 00:00:00,Saturday,0,2,5.0
308219737,40.614707,-74.004298,GRAND LARCENY,"LARCENY,GRAND BY THEFT OF CREDIT CARD",2025-03-15T00:00:00.000,nypd_complaints,2025-03-15 00:00:00,Saturday,0,3,5.0
300115704,40.571424,-74.093805,BURGLARY,"BURGLARY,TRUCK DAY",2025-01-27T00:00:00.000,nypd_complaints,2025-01-27 00:00:00,Monday,0,1,6.0
308853144,40.635911,-74.162412,HARRASSMENT 2,"HARASSMENT,SUBD 3,4,5",2025-06-29T00:00:00.000,nypd_complaints,2025-06-29 00:00:00,Sunday,0,6,3.0
307706812,40.744172,-73.993739,GRAND LARCENY,"LARCENY,GRAND BY THEFT OF CREDIT CARD",2025-06-07T00:00:00.000,nypd_complaints,2025-06-07 00:00:00,Saturday,0,6,5.0
301556527,40.635224,-74.106643,HARRASSMENT 2,"HARASSMENT,SUBD 1,CIVILIAN",2025-01-14T00:00:00.000,nypd_complaints,2025-01-14 00:00:00,Tuesday,0,1,3.0
306067800,40.522558,-74.234954,HARRASSMENT 2,"HARASSMENT,SUBD 3,4,5",2025-05-08T00:00:00.000,nypd_complaints,2025-05-08 00:00:00,Thursday,0,5,3.0
301367990,40.528098,-74.197891,GRAND LARCENY,"LARCENY,GRAND BY OPEN BANK ACCT",2025-01-31T00:00:00.000,nypd_complaints,2025-01-31 00:00:00,Friday,0,1,5.0
308568418,40.6305787,-74.14387391,ASSAULT 3 & RELATED OFFENSES,OBSTR BREATH/CIRCUL,2025-06-24T00:00:00.000,nypd_complaints,2025-06-24 00:00:00,Tuesday,0,6,6.0
301041887,40.560676,-74.169825,HARRASSMENT 2,"HARASSMENT,SUBD 3,4,5",2025-02-13T00:00:00.000,nypd_complaints,2025-02-13 00:00:00,Thursday,0,2,3.0
305716862,40.533119,-74.168232,GRAND LARCENY OF MOTOR VEHICLE,"LARCENY,GRAND OF AUTO",2025-05-02T00:00:00.000,nypd_complaints,2025-05-02 00:00:00,Friday,0,5,5.0
303620879,40.628171,-74.11699,HARRASSMENT 2,"HARASSMENT,SUBD 1,CIVILIAN",2025-03-25T00:00:00.000,nypd_complaints,2025-03-25 00:00:00,Tuesday,0,3,3.0
302283088,40.633865,-74.026817,FELONY ASSAULT,ASSAULT OTHER PUBLIC SERVICE EMPLOYEE,2025-03-08T00:00:00.000,nypd_complaints,2025-03-08 00:00:00,Saturday,0,3,8.0
307288093,40.711466,-74.012218,CRIMINAL TRESPASS,"TRESPASS 2, CRIMINAL",2025-05-30T00:00:00.000,nypd_complaints,2025-05-30 00:00:00,Friday,0,5,3.0
306296780,40.63637,-74.117506,ASSAULT 3 & RELATED OFFENSES,"MENACING,UNCLASSIFIED",2025-05-11T00:00:00.000,nypd_complaints,2025-05-11 00:00:00,Sunday,0,5,6.0
298765044,40.635835,-74.085482,ASSAULT 3 & RELATED OFFENSES,"MENACING,UNCLASSIFIED",2025-01-02T00:00:00.000,nypd_complaints,2025-01-02 00:00:00,Thursday,0,1,6.0
303156319,40.635117,-74.033659,CRIMINAL TRESPASS,"TRESPASS 2, CRIMINAL",2025-03-19T00:00:00.000,nypd_complaints,2025-03-19 00:00:00,Wednesday,0,3,3.0
301979917,40.54083437,-74.17737473,DANGEROUS DRUGS,"CONTROLLED SUBSTANCE, POSSESSI",2025-03-03T00:00:00.000,nypd_complaints,2025-03-03 00:00:00,Monday,0,3,4.0
307812781,40.720537,-74.007583,FELONY ASSAULT,ASSAULT POLICE/PEACE OFFICER,2025-06-09T00:00:00.000,nypd_complaints,2025-06-09 00:00:00,Monday,0,6,8.0
306742193,40.630721,-74.122632,CRIMINAL TRESPASS,"TRESPASS 3, CRIMINAL",2025-05-19T00:00:00.000,nypd_complaints,2025-05-19 00:00:00,Monday,0,5,3.0
301969970,40.640332,-74.169072,HARRASSMENT 2,"HARASSMENT,SUBD 3,4,5",2025-01-01T00:00:00.000,nypd_complaints,2025-01-01 00:00:00,Wednesday,0,1,3.0
307451515,40.733951,-74.002879,GRAND LARCENY,"LARCENY,GRAND FROM NIGHT CLUB, UNATTENDED",2025-06-02T00:00:00.000,nypd_complaints,2025-06-02 00:00:00,Monday,0,6,5.0
308526802,40.705241,-74.013821,GRAND LARCENY,"LARCENY,GRAND BY THEFT OF CREDIT CARD",2025-05-13T00:00:00.000,nypd_complaints,2025-05-13 00:00:00,Tuesday,0,5,5.0
308204776,40.632396,-74.109762,GRAND LARCENY,"LARCENY,GRAND FROM RESIDENCE/BUILDING,UNATTENDED, PACKAGE THEFT OUTSIDE",2025-06-17T00:00:00.000,nypd_complaints,2025-06-17 00:00:00,Tuesday,0,6,5.0
301556531,40.5120382535219,-74.2497549524458,SEX CRIMES,"CHILD, ENDANGERING WELFARE",2025-02-23T00:00:00.000,nypd_complaints,2025-02-23 00:00:00,Sunday,0,2,8.0
308828085,40.547249,-74.210191,FELONY ASSAULT,STRANGULATION 1ST,2025-06-29T00:00:00.000,nypd_complaints,2025-06-29 00:00:00,Sunday,0,6,8.0
302244026,40.710695,-74.005348,GRAND LARCENY OF MOTOR VEHICLE,"LARCENY,GRAND OF AUTO",2025-03-07T00:00:00.000,nypd_complaints,2025-03-07 00:00:00,Friday,0,3,5.0
308758341,40.74095074,-74.00536248,GRAND LARCENY,"LARCENY,GRAND FROM PERSON,UNCL",2025-06-28T00:00:00.000,nypd_complaints,2025-06-28 00:00:00,Saturday,0,6,5.0
302862872,40.527808,-74.232404,GRAND LARCENY,"LARCENY,GRAND FROM STORE-SHOPL",2025-03-12T00:00:00.000,nypd_complaints,2025-03-12 00:00:00,Wednesday,0,3,5.0
301045323,40.690123,-73.98902,DANGEROUS WEAPONS,"WEAPONS, POSSESSION, ETC",2025-02-13T00:00:00.000,nypd_complaints,2025-02-13 00:00:00,Thursday,0,2,7.0
301586605,40.6231883776008,-74.1492376947323,SEX CRIMES,"SEXUAL ABUSE 3,2",2025-02-08T00:00:00.000,nypd_complaints,2025-02-08 00:00:00,Saturday,0,2,8.0
305960117,40.7535327012632,-73.9945368920152,SEX CRIMES,"SEXUAL ABUSE 3,2",2025-05-06T00:00:00.000,nypd_complaints,2025-05-06 00:00:00,Tuesday,0,5,8.0
305882084,40.55837,-74.197163,HARRASSMENT 2,"HARASSMENT,SUBD 3,4,5",2025-05-04T00:00:00.000,nypd_complaints,2025-05-04 00:00:00,Sunday,0,5,3.0
304081963,40.6258375452829,-73.9909448942322,SEX CRIMES,"SEXUAL ABUSE 3,2",2025-04-02T00:00:00.000,nypd_complaints,2025-04-02 00:00:00,Wednesday,0,4,8.0
304634312,40.7160120119955,-73.9973320301008,SEX CRIMES,"SEXUAL ABUSE 3,2",2025-04-11T00:00:00.000,nypd_complaints,2025-04-11 00:00:00,Friday,0,4,8.0
308317572,40.638985,-74.171253,DANGEROUS DRUGS,"CONTROLLED SUBSTANCE, POSSESSI",2025-06-19T00:00:00.000,nypd_complaints,2025-06-19 00:00:00,Thursday,0,6,4.0
300314308,40.635791,-74.134243,FELONY ASSAULT,"ASSAULT 2,1,UNCLASSIFIED",2025-01-30T00:00:00.000,nypd_complaints,2025-01-30 00:00:00,Thursday,0,1,8.0
308226354,40.606441,-73.998147,GRAND LARCENY OF MOTOR VEHICLE,"LARCENY,GRAND OF AUTO",2025-06-15T00:00:00.000,nypd_complaints,2025-06-15 00:00:00,Sunday,0,6,5.0
299937403,40.631939,-74.163467,ASSAULT 3 & RELATED OFFENSES,ASSAULT 3,2025-01-23T00:00:00.000,nypd_complaints,2025-01-23 00:00:00,Thursday,0,1,6.0
306358664,40.635746,-74.132126,ROBBERY,"ROBBERY,NECKCHAIN/JEWELRY",2025-05-13T00:00:00.000,nypd_complaints,2025-05-13 00:00:00,Tuesday,0,5,7.0
300293933,40.605716,-74.000089,DANGEROUS WEAPONS,"WEAPONS, POSSESSION, ETC",2025-01-30T00:00:00.000,nypd_complaints,2025-01-30 00:00:00,Thursday,0,1,7.0
307213653,40.6231883776008,-74.1492376947323,SEX CRIMES,"SEXUAL ABUSE 3,2",2025-05-24T00:00:00.000,nypd_complaints,2025-05-24 00:00:00,Saturday,0,5,8.0
300159344,40.592574,-74.159418,ASSAULT 3 & RELATED OFFENSES,ASSAULT 3,2025-01-17T00:00:00.000,nypd_complaints,2025-01-17 00:00:00,Friday,0,1,6.0
302085497,40.75285463424627,-73.99297988521023,DANGEROUS DRUGS,"CONTROLLED SUBSTANCE,SALE 3",2025-03-05T00:00:00.000,nypd_complaints,2025-03-05 00:00:00,Wednesday,0,3,4.0
307645932,40.584812,-74.100627,GRAND LARCENY,"LARCENY,GRAND FROM RESIDENCE, UNATTENDED",2025-05-29T00:00:00.000,nypd_complaints,2025-05-29 00:00:00,Thursday,0,5,5.0
306161839,40.6231883776008,-74.1492376947323,SEX CRIMES,SEXUAL ABUSE,2025-05-08T00:00:00.000,nypd_complaints,2025-05-08 00:00:00,Thursday,0,5,8.0
299191385,40.616417,-74.079356,CRIMINAL TRESPASS,"TRESPASS 2, CRIMINAL",2025-01-09T00:00:00.000,nypd_complaints,2025-01-09 00:00:00,Thursday,0,1,3.0
308353209,40.6025,-74.135107,GRAND LARCENY,"LARCENY,GRAND FROM OPEN AREAS, UNATTENDED",2025-05-25T00:00:00.000,nypd_complaints,2025-05-25 00:00:00,Sunday,0,5,5.0
306510293,40.548339,-74.155258,GRAND LARCENY,"LARCENY,GRAND BY FALSE PROMISE-NOT IN PERSON CONTACT",2025-05-15T00:00:00.000,nypd_complaints,2025-05-15 00:00:00,Thursday,0,5,5.0
305838443,40.629148,-74.003618,ROBBERY,"ROBBERY,PERSONAL ELECTRONIC DEVICE",2025-05-04T00:00:00.000,nypd_complaints,2025-05-04 00:00:00,Sunday,0,5,7.0
299352723,40.628459,-74.182289,HARRASSMENT 2,"HARASSMENT,SUBD 3,4,5",2024-12-22T00:00:00.000,nypd_complaints,2024-12-22 00:00:00,Sunday,0,12,3.0
308823326,40.741894,-74.00759,GRAND LARCENY,"LARCENY,GRAND FROM NIGHT CLUB, UNATTENDED",2025-06-28T00:00:00.000,nypd_complaints,2025-06-28 00:00:00,Saturday,0,6,5.0
306920294,40.571782,-74.123588,GRAND LARCENY,"LARCENY,GRAND BY FALSE PROMISE-NOT IN PERSON CONTACT",2025-05-15T00:00:00.000,nypd_complaints,2025-05-15 00:00:00,Thursday,0,5,5.0
306877749,40.709259,-74.013039,CRIMINAL TRESPASS,"TRESPASS 2, CRIMINAL",2025-05-17T00:00:00.000,nypd_complaints,2025-05-17 00:00:00,Saturday,0,5,3.0
306354344,40.561493,-74.182581,HARRASSMENT 2,"HARASSMENT,SUBD 3,4,5",2025-05-11T00:00:00.000,nypd_complaints,2025-05-11 00:00:00,Sunday,0,5,3.0
302654709,40.739877,-73.996869,DANGEROUS WEAPONS,"WEAPONS, POSSESSION, ETC",2025-03-12T00:00:00.000,nypd_complaints,2025-03-12 00:00:00,Wednesday,0,3,7.0
307426955,40.68488,-74.002008,ROBBERY,"ROBBERY,CAR JACKING",2025-06-02T00:00:00.000,nypd_complaints,2025-06-02 00:00:00,Monday,0,6,7.0
308814722,40.6231883776008,-74.1492376947323,SEX CRIMES,"SEXUAL ABUSE 3,2",2025-06-29T00:00:00.000,nypd_complaints,2025-06-29 00:00:00,Sunday,0,6,8.0
305621696,40.544501,-74.208555,GRAND LARCENY,"LARCENY,GRAND BY OPEN CREDIT CARD (NEW ACCT)",2025-04-30T00:00:00.000,nypd_complaints,2025-04-30 00:00:00,Wednesday,0,4,5.0
299366923,40.640751,-74.08611,GRAND LARCENY,"LARCENY,GRAND BY CREDIT CARD ACCT COMPROMISE-EXISTING ACCT",2025-01-08T00:00:00.000,nypd_complaints,2025-01-08 00:00:00,Wednesday,0,1,5.0
303765459,40.582314,-74.169068,BURGLARY,"BURGLARY,COMMERCIAL,DAY",2025-03-07T00:00:00.000,nypd_complaints,2025-03-07 00:00:00,Friday,0,3,6.0
306544239,40.623246,-74.149218,GRAND LARCENY,"LARCENY,GRAND FROM OPEN AREAS, UNATTENDED",2025-05-01T00:00:00.000,nypd_complaints,2025-05-01 00:00:00,Thursday,0,5,5.0
299795364,40.633519,-74.115633,ASSAULT 3 & RELATED OFFENSES,OBSTR BREATH/CIRCUL,2025-01-21T00:00:00.000,nypd_complaints,2025-01-21 00:00:00,Tuesday,0,1,6.0
303506457,40.587514,-74.168165,ASSAULT 3 & RELATED OFFENSES,ASSAULT 3,2025-03-23T00:00:00.000,nypd_complaints,2025-03-23 00:00:00,Sunday,0,3,6.0
299650020,40.626482,-74.148445,HARRASSMENT 2,"HARASSMENT,SUBD 1,CIVILIAN",2025-01-18T00:00:00.000,nypd_complaints,2025-01-18 00:00:00,Saturday,0,1,3.0
300905373,40.72987,-74.006916,GRAND LARCENY,"LARCENY,GRAND BY OPEN/COMPROMISE CELL PHONE ACCT",2024-11-08T00:00:00.000,nypd_complaints,2024-11-08 00:00:00,Friday,0,11,5.0
299996585,40.75603526927576,-73.98694809910083,DANGEROUS WEAPONS,"WEAPONS, POSSESSION, ETC",2025-01-25T00:00:00.000,nypd_complaints,2025-01-25 00:00:00,Saturday,0,1,7.0
303592901,40.540675,-74.177341,DANGEROUS WEAPONS,"WEAPONS, POSSESSION, ETC",2025-03-25T00:00:00.000,nypd_complaints,2025-03-25 00:00:00,Tuesday,0,3,7.0
300734500,40.7117,-74.008349,GRAND LARCENY,"LARCENY,GRAND BY BANK ACCT COMPROMISE-REPRODUCED CHECK",2024-11-15T00:00:00.000,nypd_complaints,2024-11-15 00:00:00,Friday,0,11,5.0
304153532,40.568701,-74.116255,HARRASSMENT 2,"HARASSMENT,SUBD 1,CIVILIAN",2025-04-03T00:00:00.000,nypd_complaints,2025-04-03 00:00:00,Thursday,0,4,3.0
299352734,40.542676,-74.208374,DANGEROUS DRUGS,"CONTROLLED SUBSTANCE, POSSESSI",2025-01-13T00:00:00.000,nypd_complaints,2025-01-13 00:00:00,Monday,0,1,4.0
302698821,40.551069,-74.18686,ASSAULT 3 & RELATED OFFENSES,ASSAULT 3,2025-03-12T00:00:00.000,nypd_complaints,2025-03-12 00:00:00,Wednesday,0,3,6.0
302076260,40.627408,-74.142256,DANGEROUS DRUGS,"CONTROLLED SUBSTANCE,INTENT TO",2025-03-05T00:00:00.000,nypd_complaints,2025-03-05 00:00:00,Wednesday,0,3,4.0
304325784,40.621352,-74.163582,FELONY ASSAULT,"ASSAULT 2,1,UNCLASSIFIED",2025-04-07T00:00:00.000,nypd_complaints,2025-04-07 00:00:00,Monday,0,4,8.0
307104840,40.602369,-74.169908,FELONY ASSAULT,STRANGULATION 1ST,2025-05-27T00:00:00.000,nypd_complaints,2025-05-27 00:00:00,Tuesday,0,5,8.0
308455595,40.611638,-74.009883,GRAND LARCENY OF MOTOR VEHICLE,"LARCENY,GRAND OF AUTO",2025-06-21T00:00:00.000,nypd_complaints,2025-06-21 00:00:00,Saturday,0,6,5.0
300242406,40.618699,-74.151592,GRAND LARCENY,"LARCENY,GRAND BY FALSE PROMISE-NOT IN PERSON CONTACT",2025-01-06T00:00:00.000,nypd_complaints,2025-01-06 00:00:00,Monday,0,1,5.0
306462271,40.714616,-74.011445,BURGLARY,"BURGLARY,COMMERCIAL,DAY",2025-05-15T00:00:00.000,nypd_complaints,2025-05-15 00:00:00,Thursday,0,5,6.0
305982556,40.606406,-74.120478,FELONY ASSAULT,"ASSAULT 2,1,UNCLASSIFIED",2025-05-06T00:00:00.000,nypd_complaints,2025-05-06 00:00:00,Tuesday,0,5,8.0
301107464,40.520416,-74.196964,FELONY ASSAULT,"ASSAULT 2,1,UNCLASSIFIED",2025-02-11T00:00:00.000,nypd_complaints,2025-02-11 00:00:00,Tuesday,0,2,8.0
308638167,40.552586,-74.169108,HARRASSMENT 2,"HARASSMENT,SUBD 3,4,5",2025-06-25T00:00:00.000,nypd_complaints,2025-06-25 00:00:00,Wednesday,0,6,3.0
303985290,40.629583,-74.166441,GRAND LARCENY,"LARCENY,GRAND BY OPEN/COMPROMISE CELL PHONE ACCT",2025-02-26T00:00:00.000,nypd_complaints,2025-02-26 00:00:00,Wednesday,0,2,5.0
307348033,40.640603,-74.120363,DANGEROUS DRUGS,"CONTROLLED SUBSTANCE, POSSESSI",2025-06-01T00:00:00.000,nypd_complaints,2025-06-01 00:00:00,Sunday,0,6,4.0
308122514,40.62358756,-74.08277059,FELONY ASSAULT,ASSAULT POLICE/PEACE OFFICER,2025-06-16T00:00:00.000,nypd_complaints,2025-06-16 00:00:00,Monday,0,6,8.0
303626683,40.6258375452829,-73.9909448942322,SEX CRIMES,"SEXUAL ABUSE 3,2",2025-03-25T00:00:00.000,nypd_complaints,2025-03-25 00:00:00,Tuesday,0,3,8.0
303989275,40.763696,-73.996231,GRAND LARCENY,"LARCENY,GRAND BY BANK ACCT COMPROMISE-UNCLASSIFIED",2025-03-17T00:00:00.000,nypd_complaints,2025-03-17 00:00:00,Monday,0,3,5.0
302321930,40.635854305948776,-74.166187798588,DANGEROUS DRUGS,"CONTROLLED SUBSTANCE, POSSESSI",2025-03-09T00:00:00.000,nypd_complaints,2025-03-09 00:00:00,Sunday,0,3,4.0
308012266,40.546096,-74.216462,HARRASSMENT 2,"HARASSMENT,SUBD 1,CIVILIAN",2025-06-12T00:00:00.000,nypd_complaints,2025-06-12 00:00:00,Thursday,0,6,3.0
301885013,40.528807,-74.16547,ASSAULT 3 & RELATED OFFENSES,ASSAULT 3,2025-03-01T00:00:00.000,nypd_complaints,2025-03-01 00:00:00,Saturday,0,3,6.0
300864747,40.635748,-74.121446,ASSAULT 3 & RELATED OFFENSES,"MENACING,UNCLASSIFIED",2025-02-10T00:00:00.000,nypd_complaints,2025-02-10 00:00:00,Monday,0,2,6.0
301433228,40.567366,-74.112885,CRIMINAL TRESPASS,"TRESPASS 2, CRIMINAL",2025-02-20T00:00:00.000,nypd_complaints,2025-02-20 00:00:00,Thursday,0,2,3.0
305154477,40.62891,-74.143277,ROBBERY,"ROBBERY,BICYCLE",2025-04-22T00:00:00.000,nypd_complaints,2025-04-22 00:00:00,Tuesday,0,4,7.0
301426456,40.713436,-74.013134,CRIMINAL TRESPASS,"TRESPASS 3, CRIMINAL",2025-02-20T00:00:00.000,nypd_complaints,2025-02-20 00:00:00,Thursday,0,2,3.0
306558999,40.618891,-74.028454,ROBBERY,"ROBBERY,PERSONAL ELECTRONIC DEVICE",2025-05-16T00:00:00.000,nypd_complaints,2025-05-16 00:00:00,Friday,0,5,7.0
306290452,40.578194,-74.16965,HARRASSMENT 2,"HARASSMENT,SUBD 3,4,5",2025-05-13T00:00:00.000,nypd_complaints,2025-05-13 00:00:00,Tuesday,0,5,3.0
303506458,40.598394,-74.166949,ASSAULT 3 & RELATED OFFENSES,ASSAULT 3,2025-03-23T00:00:00.000,nypd_complaints,2025-03-23 00:00:00,Sunday,0,3,6.0
303407686,40.628935,-74.117602,BURGLARY,"BURGLARY,COMMERCIAL,NIGHT",2025-03-22T00:00:00.000,nypd_complaints,2025-03-22 00:00:00,Saturday,0,3,6.0
307705152,40.559521,-74.111858,GRAND LARCENY,"LARCENY,GRAND BY FALSE PROMISE-NOT IN PERSON CONTACT",2025-06-04T00:00:00.000,nypd_complaints,2025-06-04 00:00:00,Wednesday,0,6,5.0
303843280,40.635224,-74.106643,FELONY ASSAULT,"ASSAULT 2,1,UNCLASSIFIED",2025-03-29T00:00:00.000,nypd_complaints,2025-03-29 00:00:00,Saturday,0,3,8.0
308122517,40.517452,-74.238186,FELONY ASSAULT,STRANGULATION 1ST,2025-06-16T00:00:00.000,nypd_complaints,2025-06-16 00:00:00,Monday,0,6,8.0
300344620,40.74169,-74.002987,GRAND LARCENY,"LARCENY,GRAND FROM NIGHT CLUB, UNATTENDED",2025-01-30T00:00:00.000,nypd_complaints,2025-01-30 00:00:00,Thursday,0,1,5.0
301864287,40.76354467603897,-73.98519221959798,DANGEROUS WEAPONS,"WEAPONS, POSSESSION, ETC",2025-03-01T00:00:00.000,nypd_complaints,2025-03-01 00:00:00,Saturday,0,3,7.0
301326305,40.639258,-74.134141,DANGEROUS WEAPONS,WEAPONS POSSESSION 3,2025-02-19T00:00:00.000,nypd_complaints,2025-02-19 00:00:00,Wednesday,0,2,7.0
306749358,40.75474808,-73.9878904,DANGEROUS WEAPONS,"WEAPONS, POSSESSION, ETC",2025-05-20T00:00:00.000,nypd_complaints,2025-05-20 00:00:00,Tuesday,0,5,7.0
307905098,40.75723226,-73.98979219,DANGEROUS WEAPONS,"WEAPONS, POSSESSION, ETC",2025-06-11T00:00:00.000,nypd_complaints,2025-06-11 00:00:00,Wednesday,0,6,7.0
306753180,40.610538,-74.176954,HARRASSMENT 2,"HARASSMENT,SUBD 3,4,5",2025-05-15T00:00:00.000,nypd_complaints,2025-05-15 00:00:00,Thursday,0,5,3.0
306167079,40.638064,-74.166107,HARRASSMENT 2,"HARASSMENT,SUBD 3,4,5",2025-05-09T00:00:00.000,nypd_complaints,2025-05-09 00:00:00,Friday,0,5,3.0
301326303,40.634751,-74.111716,GRAND LARCENY,"LARCENY,GRAND FROM PERSON,PERSONAL ELECTRONIC DEVICE(SNATCH)",2025-02-18T00:00:00.000,nypd_complaints,2025-02-18 00:00:00,Tuesday,0,2,5.0
301879791,40.716345,-74.001252,DANGEROUS WEAPONS,"WEAPONS, POSSESSION, ETC",2025-03-01T00:00:00.000,nypd_complaints,2025-03-01 00:00:00,Saturday,0,3,7.0
301069879,40.543079,-74.181186,HARRASSMENT 2,"HARASSMENT,SUBD 3,4,5",2025-02-11T00:00:00.000,nypd_complaints,2025-02-11 00:00:00,Tuesday,0,2,3.0
302241954,40.67414591688757,-74.00600601989781,CRIMINAL TRESPASS,"TRESPASS 3, CRIMINAL",2025-03-07T00:00:00.000,nypd_complaints,2025-03-07 00:00:00,Friday,0,3,3.0
303203595,40.652183,-74.013722,GRAND LARCENY,"LARCENY,GRAND FROM BUILDING (NON-RESIDENCE) UNATTENDED",2025-03-16T00:00:00.000,nypd_complaints,2025-03-16 00:00:00,Sunday,0,3,5.0
305323168,40.579626,-74.107228,GRAND LARCENY,"LARCENY,GRAND BY EXTORTION",2025-04-24T00:00:00.000,nypd_complaints,2025-04-24 00:00:00,Thursday,0,4,5.0
305845418,40.536166,-74.200753,HARRASSMENT 2,"HARASSMENT,SUBD 3,4,5",2025-05-05T00:00:00.000,nypd_complaints,2025-05-05 00:00:00,Monday,0,5,3.0
302289148,40.511163,-74.241285,ASSAULT 3 & RELATED OFFENSES,ASSAULT 3,2025-03-08T00:00:00.000,nypd_complaints,2025-03-08 00:00:00,Saturday,0,3,6.0
307216619,40.755316,-73.993052,DANGEROUS DRUGS,"CONTROLLED SUBSTANCE,SALE 3",2025-05-29T00:00:00.000,nypd_complaints,2025-05-29 00:00:00,Thursday,0,5,4.0
302411447,40.607498,-74.089103,DANGEROUS DRUGS,"CONTROLLED SUBSTANCE,INTENT TO",2025-03-11T00:00:00.000,nypd_complaints,2025-03-11 00:00:00,Tuesday,0,3,4.0
306679086,40.57794503,-74.10231528,FELONY ASSAULT,"ASSAULT 2,1,UNCLASSIFIED",2025-05-19T00:00:00.000,nypd_complaints,2025-05-19 00:00:00,Monday,0,5,8.0
299918040,40.628459,-74.182289,ASSAULT 3 & RELATED OFFENSES,"MENACING,UNCLASSIFIED",2025-01-23T00:00:00.000,nypd_complaints,2025-01-23 00:00:00,Thursday,0,1,6.0
301969968,40.595285,-74.16757,HARRASSMENT 2,"HARASSMENT,SUBD 3,4,5",2025-03-01T00:00:00.000,nypd_complaints,2025-03-01 00:00:00,Saturday,0,3,3.0
300364344,40.643712,-74.093986,FELONY ASSAULT,"ASSAULT 2,1,UNCLASSIFIED",2025-01-31T00:00:00.000,nypd_complaints,2025-01-31 00:00:00,Friday,0,1,8.0
305806259,40.632617,-74.085088,HARRASSMENT 2,"HARASSMENT,SUBD 1,CIVILIAN",2025-05-03T00:00:00.000,nypd_complaints,2025-05-03 00:00:00,Saturday,0,5,3.0
300107770,40.638064,-74.166107,ASSAULT 3 & RELATED OFFENSES,ASSAULT 3,2025-01-26T00:00:00.000,nypd_complaints,2025-01-26 00:00:00,Sunday,0,1,6.0
305474739,40.622327,-74.112415,ROBBERY,"ROBBERY,NECKCHAIN/JEWELRY",2025-04-24T00:00:00.000,nypd_complaints,2025-04-24 00:00:00,Thursday,0,4,7.0
299547340,40.584236,-74.168781,HARRASSMENT 2,"HARASSMENT,SUBD 3,4,5",2025-01-17T00:00:00.000,nypd_complaints,2025-01-17 00:00:00,Friday,0,1,3.0
303918421,40.683361,-74.004739,GRAND LARCENY OF MOTOR VEHICLE,"LARCENY, GRAND OF MOPED",2025-03-30T00:00:00.000,nypd_complaints,2025-03-30 00:00:00,Sunday,0,3,5.0
303265724,40.623993,-74.151172,ASSAULT 3 & RELATED OFFENSES,OBSTR BREATH/CIRCUL,2025-03-19T00:00:00.000,nypd_complaints,2025-03-19 00:00:00,Wednesday,0,3,6.0
306274452,40.527596,-74.191659,ASSAULT 3 & RELATED OFFENSES,ASSAULT 3,2025-05-12T00:00:00.000,nypd_complaints,2025-05-12 00:00:00,Monday,0,5,6.0
304559219,40.6581577535544,-74.0004411548878,RAPE,RAPE 3,2025-04-06T00:00:00.000,nypd_complaints,2025-04-06 00:00:00,Sunday,0,4,9.0
308096773,40.607605,-74.121046,HARRASSMENT 2,"HARASSMENT,SUBD 1,CIVILIAN",2025-06-15T00:00:00.000,nypd_complaints,2025-06-15 00:00:00,Sunday,0,6,3.0
303596394,40.634279,-74.157019,ASSAULT 3 & RELATED OFFENSES,ASSAULT 3,2025-03-23T00:00:00.000,nypd_complaints,2025-03-23 00:00:00,Sunday,0,3,6.0
306006874,40.644727,-74.081328,GRAND LARCENY,"LARCENY,GRAND FROM BUILDING (NON-RESIDENCE) UNATTENDED",2025-05-06T00:00:00.000,nypd_complaints,2025-05-06 00:00:00,Tuesday,0,5,5.0
308311899,40.636036,-74.156509,ASSAULT 3 & RELATED OFFENSES,ASSAULT 3,2025-06-15T00:00:00.000,nypd_complaints,2025-06-15 00:00:00,Sunday,0,6,6.0
304398199,40.714965,-74.005655,CRIMINAL TRESPASS,"TRESPASS 3, CRIMINAL",2025-04-05T00:00:00.000,nypd_complaints,2025-04-05 00:00:00,Saturday,0,4,3.0
308928518,40.536086,-74.206561,ASSAULT 3 & RELATED OFFENSES,OBSTR BREATH/CIRCUL,2025-06-27T00:00:00.000,nypd_complaints,2025-06-27 00:00:00,Friday,0,6,6.0
305468280,40.625607,-74.142664,ROBBERY,"ROBBERY,OPEN AREA UNCLASSIFIED",2025-04-25T00:00:00.000,nypd_complaints,2025-04-25 00:00:00,Friday,0,4,7.0
300737713,40.53097,-74.220592,HARRASSMENT 2,"HARASSMENT,SUBD 3,4,5",2025-02-07T00:00:00.000,nypd_complaints,2025-02-07 00:00:00,Friday,0,2,3.0
308003250,40.641518,-74.083129,DANGEROUS WEAPONS,"WEAPONS, POSSESSION, ETC",2025-06-12T00:00:00.000,nypd_complaints,2025-06-12 00:00:00,Thursday,0,6,7.0
308544955,40.607321,-74.161412,HARRASSMENT 2,"HARASSMENT,SUBD 3,4,5",2025-06-24T00:00:00.000,nypd_complaints,2025-06-24 00:00:00,Tuesday,0,6,3.0
303537058,40.553656,-74.117203,HARRASSMENT 2,"HARASSMENT,SUBD 1,CIVILIAN",2025-03-20T00:00:00.000,nypd_complaints,2025-03-20 00:00:00,Thursday,0,3,3.0
305397613,40.616282,-74.155876,FELONY ASSAULT,"ASSAULT 2,1,UNCLASSIFIED",2025-02-26T00:00:00.000,nypd_complaints,2025-02-26 00:00:00,Wednesday,0,2,8.0
308155501,40.577151,-74.164057,ASSAULT 3 & RELATED OFFENSES,ASSAULT 3,2025-06-16T00:00:00.000,nypd_complaints,2025-06-16 00:00:00,Monday,0,6,6.0
302687174,40.733591,-74.000453,DANGEROUS DRUGS,"CONTROLLED SUBSTANCE,SALE 3",2025-03-12T00:00:00.000,nypd_complaints,2025-03-12 00:00:00,Wednesday,0,3,4.0
305157011,40.76462696,-73.99554531,DANGEROUS WEAPONS,"WEAPONS, POSSESSION, ETC",2025-04-22T00:00:00.000,nypd_complaints,2025-04-22 00:00:00,Tuesday,0,4,7.0
303543881,40.745293057385915,-73.998487869284,DANGEROUS WEAPONS,"WEAPONS, POSSESSION, ETC",2025-03-24T00:00:00.000,nypd_complaints,2025-03-24 00:00:00,Monday,0,3,7.0
299201460,40.610482,-74.073247,GRAND LARCENY OF MOTOR VEHICLE,"LARCENY,GRAND OF AUTO",2025-01-10T00:00:00.000,nypd_complaints,2025-01-10 00:00:00,Friday,0,1,5.0
301168863,40.72062858780503,-74.00520932860381,DANGEROUS WEAPONS,"WEAPONS, POSSESSION, ETC",2025-02-16T00:00:00.000,nypd_complaints,2025-02-16 00:00:00,Sunday,0,2,7.0
299374484,40.615571977376774,-73.99043337854448,DANGEROUS WEAPONS,"WEAPONS, POSSESSION, ETC",2025-01-13T00:00:00.000,nypd_complaints,2025-01-13 00:00:00,Monday,0,1,7.0
303947282,40.64655447,-74.01573676,DANGEROUS WEAPONS,"WEAPONS, POSSESSION, ETC",2025-04-01T00:00:00.000,nypd_complaints,2025-04-01 00:00:00,Tuesday,0,4,7.0
308430501,40.694846,-73.99879,ROBBERY,"ROBBERY,PERSONAL ELECTRONIC DEVICE",2025-06-18T00:00:00.000,nypd_complaints,2025-06-18 00:00:00,Wednesday,0,6,7.0
302717989,40.596323,-74.090758,GRAND LARCENY,"LARCENY,GRAND BY FALSE PROMISE-NOT IN PERSON CONTACT",2025-03-08T00:00:00.000,nypd_complaints,2025-03-08 00:00:00,Saturday,0,3,5.0
305413791,40.615046,-74.126173,GRAND LARCENY,"LARCENY,GRAND BY OPEN CREDIT CARD (NEW ACCT)",2025-03-27T00:00:00.000,nypd_complaints,2025-03-27 00:00:00,Thursday,0,3,5.0
304981810,40.571257,-74.097833,CRIMINAL TRESPASS,"TRESPASS 2, CRIMINAL",2025-04-18T00:00:00.000,nypd_complaints,2025-04-18 00:00:00,Friday,0,4,3.0
306637901,40.584806,-74.161607,HARRASSMENT 2,"HARASSMENT,SUBD 3,4,5",2025-05-17T00:00:00.000,nypd_complaints,2025-05-17 00:00:00,Saturday,0,5,3.0
305344748,40.58806,-74.090752,GRAND LARCENY,"LARCENY,GRAND BY THEFT OF CREDIT CARD",2025-04-03T00:00:00.000,nypd_complaints,2025-04-03 00:00:00,Thursday,0,4,5.0
301914620,40.71153483835093,-74.01046412781942,GRAND LARCENY,"LARCENY,GRAND FROM PERSON,LUSH WORKER(SLEEPING/UNCON VICTIM)",2025-03-02T00:00:00.000,nypd_complaints,2025-03-02 00:00:00,Sunday,0,3,5.0
307561504,40.648392,-74.01576,ROBBERY,"ROBBERY,DWELLING",2025-05-18T00:00:00.000,nypd_complaints,2025-05-18 00:00:00,Sunday,0,5,7.0
306680416,40.521207,-74.176782,CRIMINAL TRESPASS,"TRESPASS 2, CRIMINAL",2025-05-19T00:00:00.000,nypd_complaints,2025-05-19 00:00:00,Monday,0,5,3.0
304594535,40.71153483,-74.01046412,GRAND LARCENY,"LARCENY,GRAND FROM PERSON,LUSH WORKER(SLEEPING/UNCON VICTIM)",2025-04-11T00:00:00.000,nypd_complaints,2025-04-11 00:00:00,Friday,0,4,5.0
303029277,40.634473,-74.078583,FELONY ASSAULT,ASSAULT POLICE/PEACE OFFICER,2025-03-17T00:00:00.000,nypd_complaints,2025-03-17 00:00:00,Monday,0,3,8.0
301969986,40.607605,-74.121046,GRAND LARCENY,"LARCENY,GRAND BY THEFT OF CREDIT CARD",2025-02-15T00:00:00.000,nypd_complaints,2025-02-15 00:00:00,Saturday,0,2,5.0
304704325,40.640491,-73.992095,GRAND LARCENY OF MOTOR VEHICLE,"LARCENY, GRAND OF MOPED",2025-04-14T00:00:00.000,nypd_complaints,2025-04-14 00:00:00,Monday,0,4,5.0
304849939,40.598589,-74.08022,DANGEROUS WEAPONS,"WEAPONS, POSSESSION, ETC",2025-04-16T00:00:00.000,nypd_complaints,2025-04-16 00:00:00,Wednesday,0,4,7.0
306782745,40.622087,-74.147036,GRAND LARCENY OF MOTOR VEHICLE,"LARCENY,GRAND OF AUTO",2025-05-20T00:00:00.000,nypd_complaints,2025-05-20 00:00:00,Tuesday,0,5,5.0
303104410,40.584483,-74.094369,GRAND LARCENY,"LARCENY,GRAND FROM OPEN AREAS, UNATTENDED",2025-03-12T00:00:00.000,nypd_complaints,2025-03-12 00:00:00,Wednesday,0,3,5.0
301806264,40.73170654022224,-74.00095616452742,DANGEROUS WEAPONS,"WEAPONS, POSSESSION, ETC",2025-02-28T00:00:00.000,nypd_complaints,2025-02-28 00:00:00,Friday,0,2,7.0
306749355,40.75655941,-73.98610697,DANGEROUS WEAPONS,"WEAPONS, POSSESSION, ETC",2025-05-20T00:00:00.000,nypd_complaints,2025-05-20 00:00:00,Tuesday,0,5,7.0
307617303,40.59674487,-73.98526521,DANGEROUS WEAPONS,"WEAPONS, POSSESSION, ETC",2025-06-05T00:00:00.000,nypd_complaints,2025-06-05 00:00:00,Thursday,0,6,7.0
307137993,40.560792,-74.168359,HARRASSMENT 2,"HARASSMENT,SUBD 3,4,5",2025-05-28T00:00:00.000,nypd_complaints,2025-05-28 00:00:00,Wednesday,0,5,3.0
298970732,40.623141,-74.082847,FELONY ASSAULT,STRANGULATION 1ST,2025-01-04T00:00:00.000,nypd_complaints,2025-01-04 00:00:00,Saturday,0,1,8.0
307681716,40.63586721,-74.00558462,DANGEROUS WEAPONS,"WEAPONS, POSSESSION, ETC",2025-06-06T00:00:00.000,nypd_complaints,2025-06-06 00:00:00,Friday,0,6,7.0
308383779,40.509316,-74.236628,HARRASSMENT 2,"HARASSMENT,SUBD 3,4,5",2025-06-12T00:00:00.000,nypd_complaints,2025-06-12 00:00:00,Thursday,0,6,3.0
307881762,40.561071,-74.159774,HARRASSMENT 2,"HARASSMENT,SUBD 1,CIVILIAN",2025-06-01T00:00:00.000,nypd_complaints,2025-06-01 00:00:00,Sunday,0,6,3.0
298970751,40.587751,-74.193589,HARRASSMENT 2,"HARASSMENT,SUBD 3,4,5",2025-01-05T00:00:00.000,nypd_complaints,2025-01-05 00:00:00,Sunday,0,1,3.0
305440167,40.61330777,-74.08720963,DANGEROUS DRUGS,"CONTROLLED SUBSTANCE,POSSESS.",2025-04-28T00:00:00.000,nypd_complaints,2025-04-28 00:00:00,Monday,0,4,4.0
300752973,40.61613,-74.076202,GRAND LARCENY OF MOTOR VEHICLE,"LARCENY,GRAND OF AUTO",2025-02-07T00:00:00.000,nypd_complaints,2025-02-07 00:00:00,Friday,0,2,5.0
304925954,40.708659,-74.01422,GRAND LARCENY,"LARCENY,GRAND FROM BUILDING (NON-RESIDENCE) UNATTENDED",2025-04-17T00:00:00.000,nypd_complaints,2025-04-17 00:00:00,Thursday,0,4,5.0
306456343,40.623985,-74.081549,DANGEROUS DRUGS,"CONTROLLED SUBSTANCE,POSSESS.",2025-05-15T00:00:00.000,nypd_complaints,2025-05-15 00:00:00,Thursday,0,5,4.0
307340556,40.587917,-74.103004,HARRASSMENT 2,"HARASSMENT,SUBD 1,CIVILIAN",2025-05-31T00:00:00.000,nypd_complaints,2025-05-31 00:00:00,Saturday,0,5,3.0
302003172,40.603065,-74.162962,BURGLARY,"BURGLARY,COMMERCIAL,NIGHT",2025-03-03T00:00:00.000,nypd_complaints,2025-03-03 00:00:00,Monday,0,3,6.0
306645605,40.628782,-74.122676,HARRASSMENT 2,"HARASSMENT,SUBD 1,CIVILIAN",2025-05-18T00:00:00.000,nypd_complaints,2025-05-18 00:00:00,Sunday,0,5,3.0
298902960,40.560226,-74.185406,HARRASSMENT 2,"HARASSMENT,SUBD 3,4,5",2025-01-04T00:00:00.000,nypd_complaints,2025-01-04 00:00:00,Saturday,0,1,3.0
304562241,40.590304,-74.087496,FELONY ASSAULT,STRANGULATION 1ST,2025-03-28T00:00:00.000,nypd_complaints,2025-03-28 00:00:00,Friday,0,3,8.0
299279054,40.722415,-73.999334,GRAND LARCENY,"LARCENY,GRAND FROM PERSON,UNCL",2025-01-11T00:00:00.000,nypd_complaints,2025-01-11 00:00:00,Saturday,0,1,5.0
305432979,40.530986,-74.22241,HARRASSMENT 2,"HARASSMENT,SUBD 3,4,5",2025-04-27T00:00:00.000,nypd_complaints,2025-04-27 00:00:00,Sunday,0,4,3.0
303035416,40.529108,-74.190265,GRAND LARCENY,"LARCENY,GRAND BY ACQUIRING LOST CREDIT CARD",2025-03-16T00:00:00.000,nypd_complaints,2025-03-16 00:00:00,Sunday,0,3,5.0
306818291,40.640333,-74.132981,FELONY ASSAULT,STRANGULATION 1ST,2025-05-21T00:00:00.000,nypd_complaints,2025-05-21 00:00:00,Wednesday,0,5,8.0
302104189,40.514245,-74.195767,ARSON,"ARSON, MOTOR VEHICLE 1 2 3 & 4",2025-03-04T00:00:00.000,nypd_complaints,2025-03-04 00:00:00,Tuesday,0,3,8.0
299631273,40.7338967584511,-74.0053958373447,SEX CRIMES,"SEXUAL ABUSE 3,2",2024-12-29T00:00:00.000,nypd_complaints,2024-12-29 00:00:00,Sunday,0,12,8.0
298918783,40.558022,-74.136124,GRAND LARCENY,"LARCENY,GRAND FROM PERSON,UNCL",2025-01-05T00:00:00.000,nypd_complaints,2025-01-05 00:00:00,Sunday,0,1,5.0
308164238,40.549082,-74.190705,HARRASSMENT 2,"HARASSMENT,SUBD 3,4,5",2025-06-16T00:00:00.000,nypd_complaints,2025-06-16 00:00:00,Monday,0,6,3.0
301796808,40.7535327012632,-73.9945368920152,SEX CRIMES,"SEXUAL ABUSE 3,2",2025-02-26T00:00:00.000,nypd_complaints,2025-02-26 00:00:00,Wednesday,0,2,8.0
301247010,40.7535327012632,-73.9945368920152,SEX CRIMES,"SEXUAL ABUSE 3,2",2025-02-17T00:00:00.000,nypd_complaints,2025-02-17 00:00:00,Monday,0,2,8.0
302360394,40.582314,-74.169068,ASSAULT 3 & RELATED OFFENSES,ASSAULT 3,2025-03-10T00:00:00.000,nypd_complaints,2025-03-10 00:00:00,Monday,0,3,6.0
302814189,40.501516,-74.237226,ASSAULT 3 & RELATED OFFENSES,OBSTR BREATH/CIRCUL,2025-03-14T00:00:00.000,nypd_complaints,2025-03-14 00:00:00,Friday,0,3,6.0
299612715,40.7426636084461,-73.9980491084798,SEX CRIMES,"SEXUAL ABUSE 3,2",2025-01-09T00:00:00.000,nypd_complaints,2025-01-09 00:00:00,Thursday,0,1,8.0
305353854,40.596038,-74.080233,FELONY ASSAULT,ASSAULT POLICE/PEACE OFFICER,2025-04-25T00:00:00.000,nypd_complaints,2025-04-25 00:00:00,Friday,0,4,8.0
308542403,40.609155,-74.137254,GRAND LARCENY,"LARCENY,GRAND OF VEHICULAR/MOTORCYCLE ACCESSORIES",2025-06-19T00:00:00.000,nypd_complaints,2025-06-19 00:00:00,Thursday,0,6,5.0
303999115,40.634958,-74.128869,DANGEROUS DRUGS,"CONTROLLED SUBSTANCE, POSSESSI",2025-04-01T00:00:00.000,nypd_complaints,2025-04-01 00:00:00,Tuesday,0,4,4.0
305097881,40.7204418884676,-74.0067439741913,SEX CRIMES,"SEXUAL ABUSE 3,2",2025-04-21T00:00:00.000,nypd_complaints,2025-04-21 00:00:00,Monday,0,4,8.0
300968342,40.523211,-74.185537,FELONY ASSAULT,"ASSAULT 2,1,UNCLASSIFIED",2025-02-11T00:00:00.000,nypd_complaints,2025-02-11 00:00:00,Tuesday,0,2,8.0
306284263,40.741296,-74.006168,GRAND LARCENY,"LARCENY,GRAND BY THEFT OF CREDIT CARD",2025-05-11T00:00:00.000,nypd_complaints,2025-05-11 00:00:00,Sunday,0,5,5.0
304109581,40.75253,-73.993223,DANGEROUS DRUGS,"CONTROLLED SUBSTANCE,SALE 3",2025-04-03T00:00:00.000,nypd_complaints,2025-04-03 00:00:00,Thursday,0,4,4.0
301871333,40.5816,-74.19255,ASSAULT 3 & RELATED OFFENSES,ASSAULT 3,2025-02-27T00:00:00.000,nypd_complaints,2025-02-27 00:00:00,Thursday,0,2,6.0
302998648,40.614976,-74.07312,GRAND LARCENY,"LARCENY,GRAND FROM BUILDING (NON-RESIDENCE) UNATTENDED",2025-03-04T00:00:00.000,nypd_complaints,2025-03-04 00:00:00,Tuesday,0,3,5.0
304328915,40.564094,-74.185154,HARRASSMENT 2,"HARASSMENT,SUBD 1,CIVILIAN",2025-03-30T00:00:00.000,nypd_complaints,2025-03-30 00:00:00,Sunday,0,3,3.0
300395387,40.672697,-74.011725,CRIMINAL TRESPASS,"TRESPASS 3, CRIMINAL",2025-02-01T00:00:00.000,nypd_complaints,2025-02-01 00:00:00,Saturday,0,2,3.0
300957976,40.594033,-74.068983,GRAND LARCENY,"LARCENY,GRAND FROM RESIDENCE/BUILDING,UNATTENDED, PACKAGE THEFT INSIDE",2025-02-11T00:00:00.000,nypd_complaints,2025-02-11 00:00:00,Tuesday,0,2,5.0
306405018,40.6447209438691,-74.0770327198983,SEX CRIMES,"SEXUAL ABUSE 3,2",2025-05-11T00:00:00.000,nypd_complaints,2025-05-11 00:00:00,Sunday,0,5,8.0
301762250,40.601065,-74.16433,HARRASSMENT 2,"HARASSMENT,SUBD 3,4,5",2025-02-26T00:00:00.000,nypd_complaints,2025-02-26 00:00:00,Wednesday,0,2,3.0
308665850,40.62491262,-74.14670038,FELONY ASSAULT,"ASSAULT 2,1,UNCLASSIFIED",2025-06-26T00:00:00.000,nypd_complaints,2025-06-26 00:00:00,Thursday,0,6,8.0
300107773,40.57768,-74.121167,GRAND LARCENY,"LARCENY,GRAND BY BANK ACCT COMPROMISE-REPRODUCED CHECK",2025-01-17T00:00:00.000,nypd_complaints,2025-01-17 00:00:00,Friday,0,1,5.0
304204189,40.73263,-74.00029,DANGEROUS DRUGS,"CONTROLLED SUBSTANCE,SALE 3",2025-04-04T00:00:00.000,nypd_complaints,2025-04-04 00:00:00,Friday,0,4,4.0
301842740,40.73107,-73.99627,DANGEROUS DRUGS,"CONTROLLED SUBSTANCE,SALE 3",2025-02-28T00:00:00.000,nypd_complaints,2025-02-28 00:00:00,Friday,0,2,4.0
308366784,40.5164,-74.208413,HARRASSMENT 2,"HARASSMENT,SUBD 3,4,5",2025-06-17T00:00:00.000,nypd_complaints,2025-06-17 00:00:00,Tuesday,0,6,3.0
305036837,40.70627854,-74.01118826,GRAND LARCENY,"LARCENY,GRAND FROM PERSON,LUSH WORKER(SLEEPING/UNCON VICTIM)",2025-04-20T00:00:00.000,nypd_complaints,2025-04-20 00:00:00,Sunday,0,4,5.0
307722367,40.633449,-74.097234,HARRASSMENT 2,"HARASSMENT,SUBD 1,CIVILIAN",2025-06-08T00:00:00.000,nypd_complaints,2025-06-08 00:00:00,Sunday,0,6,3.0
305684794,40.642963,-74.110491,FELONY ASSAULT,STRANGULATION 1ST,2025-05-01T00:00:00.000,nypd_complaints,2025-05-01 00:00:00,Thursday,0,5,8.0
305690065,40.7535327012632,-73.9945368920152,SEX CRIMES,"SEXUAL ABUSE 3,2",2025-05-01T00:00:00.000,nypd_complaints,2025-05-01 00:00:00,Thursday,0,5,8.0
308107905,40.572412,-74.169966,GRAND LARCENY,"LARCENY,GRAND PERSON,NECK CHAI",2025-06-15T00:00:00.000,nypd_complaints,2025-06-15 00:00:00,Sunday,0,6,5.0
299608074,40.593684,-74.104871,GRAND LARCENY,"LARCENY,GRAND BY THEFT OF CREDIT CARD",2025-01-15T00:00:00.000,nypd_complaints,2025-01-15 00:00:00,Wednesday,0,1,5.0
301976494,40.612767,-74.126993,BURGLARY,"BURGLARY,COMMERCIAL,DAY",2025-03-03T00:00:00.000,nypd_complaints,2025-03-03 00:00:00,Monday,0,3,6.0
300251939,40.591472,-74.105367,HARRASSMENT 2,"HARASSMENT,SUBD 1,CIVILIAN",2025-01-29T00:00:00.000,nypd_complaints,2025-01-29 00:00:00,Wednesday,0,1,3.0
298762828,40.578194,-74.16965,GRAND LARCENY,"LARCENY,GRAND BY ACQUIRING LOS",2025-01-01T00:00:00.000,nypd_complaints,2025-01-01 00:00:00,Wednesday,0,1,5.0
304958954,40.756917,-73.985965,DANGEROUS WEAPONS,"WEAPONS, POSSESSION, ETC",2025-04-18T00:00:00.000,nypd_complaints,2025-04-18 00:00:00,Friday,0,4,7.0
308299377,40.73170654,-74.00095616,GRAND LARCENY,"LARCENY,GRAND BY THEFT OF CREDIT CARD",2025-06-18T00:00:00.000,nypd_complaints,2025-06-18 00:00:00,Wednesday,0,6,5.0
302130060,40.536855,-74.212418,HARRASSMENT 2,"HARASSMENT,SUBD 1,CIVILIAN",2025-03-05T00:00:00.000,nypd_complaints,2025-03-05 00:00:00,Wednesday,0,3,3.0
308083913,40.718183,-73.995978,GRAND LARCENY,"LARCENY,GRAND BY THEFT OF CREDIT CARD",2025-06-13T00:00:00.000,nypd_complaints,2025-06-13 00:00:00,Friday,0,6,5.0
302296534,40.56494136595995,-74.15511311057283,DANGEROUS DRUGS,"CONTROLLED SUBSTANCE, INTENT T",2025-03-09T00:00:00.000,nypd_complaints,2025-03-09 00:00:00,Sunday,0,3,4.0
300985972,40.7650240788333,-73.9848359497083,SEX CRIMES,"SEXUAL ABUSE 3,2",2024-12-01T00:00:00.000,nypd_complaints,2024-12-01 00:00:00,Sunday,0,12,8.0
301156364,40.614712,-74.119624,CRIMINAL TRESPASS,"TRESPASS 2, CRIMINAL",2025-02-14T00:00:00.000,nypd_complaints,2025-02-14 00:00:00,Friday,0,2,3.0
299742614,40.501892,-74.238186,HARRASSMENT 2,"HARASSMENT,SUBD 3,4,5",2025-01-20T00:00:00.000,nypd_complaints,2025-01-20 00:00:00,Monday,0,1,3.0
305125465,40.608211,-74.162165,DANGEROUS DRUGS,"CONTROLLED SUBSTANCE,POSSESS.",2025-03-12T00:00:00.000,nypd_complaints,2025-03-12 00:00:00,Wednesday,0,3,4.0
303854896,40.63663558,-74.00837703,DANGEROUS WEAPONS,"WEAPONS, POSSESSION, ETC",2025-03-29T00:00:00.000,nypd_complaints,2025-03-29 00:00:00,Saturday,0,3,7.0
299260875,40.624244,-74.079409,GRAND LARCENY,"LARCENY,GRAND FROM PERSON,UNCL",2025-01-11T00:00:00.000,nypd_complaints,2025-01-11 00:00:00,Saturday,0,1,5.0
308776019,40.618906,-74.147579,GRAND LARCENY,"LARCENY,GRAND BY BANK ACCT COMPROMISE-REPRODUCED CHECK",2025-03-31T00:00:00.000,nypd_complaints,2025-03-31 00:00:00,Monday,0,3,5.0
304402465,40.636336,-74.019446,GRAND LARCENY OF MOTOR VEHICLE,"LARCENY,GRAND OF AUTO",2025-04-07T00:00:00.000,nypd_complaints,2025-04-07 00:00:00,Monday,0,4,5.0
303087437,40.70240825964418,-74.01282500668809,GRAND LARCENY,"LARCENY,GRAND FROM PERSON,LUSH WORKER(SLEEPING/UNCON VICTIM)",2025-03-14T00:00:00.000,nypd_complaints,2025-03-14 00:00:00,Friday,0,3,5.0
301412388,40.637492,-74.086914,FELONY ASSAULT,"ASSAULT 2,1,UNCLASSIFIED",2025-02-20T00:00:00.000,nypd_complaints,2025-02-20 00:00:00,Thursday,0,2,8.0
306148615,40.619561,-74.038835,CRIMINAL TRESPASS,"TRESPASS 2, CRIMINAL",2025-05-09T00:00:00.000,nypd_complaints,2025-05-09 00:00:00,Friday,0,5,3.0
307893348,40.633854,-74.139483,BURGLARY,"BURGLARY,TRUCK NIGHT",2025-06-10T00:00:00.000,nypd_complaints,2025-06-10 00:00:00,Tuesday,0,6,6.0
306824608,40.553963,-74.165409,HARRASSMENT 2,"HARASSMENT,SUBD 3,4,5",2025-05-20T00:00:00.000,nypd_complaints,2025-05-20 00:00:00,Tuesday,0,5,3.0
307656240,40.645005,-74.077265,FELONY ASSAULT,ASSAULT POLICE/PEACE OFFICER,2025-06-06T00:00:00.000,nypd_complaints,2025-06-06 00:00:00,Friday,0,6,8.0
298862031,40.635487,-74.163,HARRASSMENT 2,"HARASSMENT,SUBD 3,4,5",2025-01-03T00:00:00.000,nypd_complaints,2025-01-03 00:00:00,Friday,0,1,3.0
308039376,40.71492756,-74.00793957,FELONY ASSAULT,ASSAULT POLICE/PEACE OFFICER,2025-06-10T00:00:00.000,nypd_complaints,2025-06-10 00:00:00,Tuesday,0,6,8.0
300913020,40.616176,-74.098639,GRAND LARCENY,"LARCENY,GRAND BY FALSE PROMISE-NOT IN PERSON CONTACT",2025-01-20T00:00:00.000,nypd_complaints,2025-01-20 00:00:00,Monday,0,1,5.0
304722042,40.587917,-74.103004,GRAND LARCENY,"LARCENY,GRAND BY BANK ACCT COMPROMISE-ATM TRANSACTION",2025-03-21T00:00:00.000,nypd_complaints,2025-03-21 00:00:00,Friday,0,3,5.0
306942546,40.7160120119955,-73.9973320301008,SEX CRIMES,"SEXUAL ABUSE 3,2",2025-05-21T00:00:00.000,nypd_complaints,2025-05-21 00:00:00,Wednesday,0,5,8.0
306749463,40.59090807,-74.15852915,ASSAULT 3 & RELATED OFFENSES,ASSAULT 3,2025-05-20T00:00:00.000,nypd_complaints,2025-05-20 00:00:00,Tuesday,0,5,6.0
307184454,40.538687,-74.161054,ROBBERY,"ROBBERY,CAR JACKING",2025-05-28T00:00:00.000,nypd_complaints,2025-05-28 00:00:00,Wednesday,0,5,7.0
308233850,40.595162,-74.087773,HARRASSMENT 2,"HARASSMENT,SUBD 1,CIVILIAN",2025-06-17T00:00:00.000,nypd_complaints,2025-06-17 00:00:00,Tuesday,0,6,3.0
308801114,40.530808,-74.218652,HARRASSMENT 2,"HARASSMENT,SUBD 3,4,5",2025-06-28T00:00:00.000,nypd_complaints,2025-06-28 00:00:00,Saturday,0,6,3.0
298768098,40.559708,-74.157161,GRAND LARCENY,"LARCENY,GRAND FROM VEHICLE/MOTORCYCLE",2025-01-01T00:00:00.000,nypd_complaints,2025-01-01 00:00:00,Wednesday,0,1,5.0
308322116,40.7204418884676,-74.0067439741913,SEX CRIMES,"SEXUAL ABUSE 3,2",2025-06-19T00:00:00.000,nypd_complaints,2025-06-19 00:00:00,Thursday,0,6,8.0
304188584,40.575464,-74.083557,HARRASSMENT 2,"HARASSMENT,SUBD 1,CIVILIAN",2025-04-03T00:00:00.000,nypd_complaints,2025-04-03 00:00:00,Thursday,0,4,3.0
300107769,40.636562,-74.088153,FELONY ASSAULT,"ASSAULT 2,1,UNCLASSIFIED",2024-11-18T00:00:00.000,nypd_complaints,2024-11-18 00:00:00,Monday,0,11,8.0
302419249,40.587186,-74.164528,GRAND LARCENY,"LARCENY,GRAND FROM STORE-SHOPL",2025-03-11T00:00:00.000,nypd_complaints,2025-03-11 00:00:00,Tuesday,0,3,5.0
305279216,40.539534,-74.194148,GRAND LARCENY,"LARCENY,GRAND BY FALSE PROMISE-NOT IN PERSON CONTACT",2024-12-23T00:00:00.000,nypd_complaints,2024-12-23 00:00:00,Monday,0,12,5.0
307901870,40.729755,-73.996967,DANGEROUS DRUGS,"CONTROLLED SUBSTANCE,SALE 3",2025-06-11T00:00:00.000,nypd_complaints,2025-06-11 00:00:00,Wednesday,0,6,4.0
304382821,40.694389,-73.987196,DANGEROUS WEAPONS,"WEAPONS, POSSESSION, ETC",2025-04-08T00:00:00.000,nypd_complaints,2025-04-08 00:00:00,Tuesday,0,4,7.0
300293995,40.630548,-74.076643,GRAND LARCENY OF MOTOR VEHICLE,"LARCENY,GRAND OF AUTO",2025-01-23T00:00:00.000,nypd_complaints,2025-01-23 00:00:00,Thursday,0,1,5.0
300226284,40.567016,-74.114723,GRAND LARCENY,"LARCENY,GRAND FROM OPEN AREAS, UNATTENDED",2024-11-18T00:00:00.000,nypd_complaints,2024-11-18 00:00:00,Monday,0,11,5.0
307338700,40.60425828,-74.00341041,GRAND LARCENY OF MOTOR VEHICLE,"LARCENY, GRAND OF MOPED",2025-05-31T00:00:00.000,nypd_complaints,2025-05-31 00:00:00,Saturday,0,5,5.0
300699387,40.630049,-74.141544,ASSAULT 3 & RELATED OFFENSES,"MENACING,UNCLASSIFIED",2025-02-06T00:00:00.000,nypd_complaints,2025-02-06 00:00:00,Thursday,0,2,6.0
304540987,40.6333,-74.024062,CRIMINAL TRESPASS,"TRESPASS 2, CRIMINAL",2025-04-10T00:00:00.000,nypd_complaints,2025-04-10 00:00:00,Thursday,0,4,3.0
300824116,40.53106,-74.220164,HARRASSMENT 2,"HARASSMENT,SUBD 3,4,5",2025-02-09T00:00:00.000,nypd_complaints,2025-02-09 00:00:00,Sunday,0,2,3.0
301935738,40.624427,-74.139776,GRAND LARCENY,"LARCENY,GRAND FROM OPEN AREAS, UNATTENDED",2025-02-26T00:00:00.000,nypd_complaints,2025-02-26 00:00:00,Wednesday,0,2,5.0
307555311,40.540866,-74.194804,HARRASSMENT 2,"HARASSMENT,SUBD 3,4,5",2025-05-21T00:00:00.000,nypd_complaints,2025-05-21 00:00:00,Wednesday,0,5,3.0
301513759,40.5120382535219,-74.2497549524458,SEX CRIMES,"CHILD, ENDANGERING WELFARE",2025-02-22T00:00:00.000,nypd_complaints,2025-02-22 00:00:00,Saturday,0,2,8.0
305467938,40.629913,-74.022469,GRAND LARCENY,"LARCENY,GRAND BY ACQUIRING LOS",2025-03-11T00:00:00.000,nypd_complaints,2025-03-11 00:00:00,Tuesday,0,3,5.0
306325797,40.7265156408036,-73.9882902437563,SEX CRIMES,"SEXUAL ABUSE 3,2",2025-05-02T00:00:00.000,nypd_complaints,2025-05-02 00:00:00,Friday,0,5,8.0
305652944,40.638985,-74.171253,HARRASSMENT 2,"HARASSMENT,SUBD 3,4,5",2025-05-01T00:00:00.000,nypd_complaints,2025-05-01 00:00:00,Thursday,0,5,3.0
306566701,40.6231883776008,-74.1492376947323,SEX CRIMES,"SEXUAL ABUSE 3,2",2025-05-17T00:00:00.000,nypd_complaints,2025-05-17 00:00:00,Saturday,0,5,8.0
303082496,40.584125,-74.102648,ROBBERY,"ROBBERY,PERSONAL ELECTRONIC DEVICE",2025-03-11T00:00:00.000,nypd_complaints,2025-03-11 00:00:00,Tuesday,0,3,7.0
308609146,40.70969298,-74.0116866,ROBBERY,"ROBBERY,PERSONAL ELECTRONIC DEVICE",2025-06-25T00:00:00.000,nypd_complaints,2025-06-25 00:00:00,Wednesday,0,6,7.0
308047102,40.7160120119955,-73.9973320301008,SEX CRIMES,"SEXUAL ABUSE 3,2",2025-06-13T00:00:00.000,nypd_complaints,2025-06-13 00:00:00,Friday,0,6,8.0
302735463,40.6305600656557,-74.01926003179081,GRAND LARCENY,"LARCENY,GRAND OF VEHICULAR/MOTORCYCLE ACCESSORIES",2025-03-12T00:00:00.000,nypd_complaints,2025-03-12 00:00:00,Wednesday,0,3,5.0
299558300,40.710913,-74.006929,GRAND LARCENY,"LARCENY,GRAND FROM BUILDING (NON-RESIDENCE) UNATTENDED",2025-01-16T00:00:00.000,nypd_complaints,2025-01-16 00:00:00,Thursday,0,1,5.0
304119517,40.614906,-74.036246,GRAND LARCENY OF MOTOR VEHICLE,"LARCENY,GRAND OF AUTO",2025-01-23T00:00:00.000,nypd_complaints,2025-01-23 00:00:00,Thursday,0,1,5.0
303999000,40.733073,-74.003506,GRAND LARCENY,"LARCENY,GRAND FROM NIGHT CLUB, UNATTENDED",2025-04-01T00:00:00.000,nypd_complaints,2025-04-01 00:00:00,Tuesday,0,4,5.0
303269830,40.547201169176354,-74.20139172198984,HARRASSMENT 2,"HARASSMENT,SUBD 3,4,5",2025-03-19T00:00:00.000,nypd_complaints,2025-03-19 00:00:00,Wednesday,0,3,3.0
306871000,40.63905918,-74.03668015,DANGEROUS DRUGS,"CONTROLLED SUBSTANCE,POSSESS.",2025-05-22T00:00:00.000,nypd_complaints,2025-05-22 00:00:00,Thursday,0,5,4.0
306456319,40.639134,-74.02729,GRAND LARCENY,"LARCENY,GRAND OF VEHICULAR/MOTORCYCLE ACCESSORIES",2025-05-14T00:00:00.000,nypd_complaints,2025-05-14 00:00:00,Wednesday,0,5,5.0
302277837,40.544356,-74.232777,GRAND LARCENY,"LARCENY,GRAND BY EXTORTION",2025-03-08T00:00:00.000,nypd_complaints,2025-03-08 00:00:00,Saturday,0,3,5.0
306637822,40.7535327012632,-73.9945368920152,SEX CRIMES,"SEXUAL ABUSE 3,2",2025-05-18T00:00:00.000,nypd_complaints,2025-05-18 00:00:00,Sunday,0,5,8.0
302376012,40.6388651705916,-74.0227120876572,FELONY ASSAULT,ASSAULT POLICE/PEACE OFFICER,2025-03-10T00:00:00.000,nypd_complaints,2025-03-10 00:00:00,Monday,0,3,8.0
304722040,40.544908,-74.161378,ASSAULT 3 & RELATED OFFENSES,ASSAULT 3,2025-04-14T00:00:00.000,nypd_complaints,2025-04-14 00:00:00,Monday,0,4,6.0
305769820,40.572073,-74.112746,FELONY ASSAULT,"ASSAULT 2,1,UNCLASSIFIED",2025-05-02T00:00:00.000,nypd_complaints,2025-05-02 00:00:00,Friday,0,5,8.0
307738388,40.598236,-74.082761,FELONY ASSAULT,STRANGULATION 1ST,2025-06-08T00:00:00.000,nypd_complaints,2025-06-08 00:00:00,Sunday,0,6,8.0
300696177,40.7204418884676,-74.0067439741913,SEX CRIMES,"SEXUAL ABUSE 3,2",2025-02-02T00:00:00.000,nypd_complaints,2025-02-02 00:00:00,Sunday,0,2,8.0
303518645,40.635224,-74.106643,HARRASSMENT 2,"HARASSMENT,SUBD 1,CIVILIAN",2025-03-23T00:00:00.000,nypd_complaints,2025-03-23 00:00:00,Sunday,0,3,3.0
306074051,40.6022161657077,-74.0029507988395,SEX CRIMES,"SEXUAL ABUSE 3,2",2025-05-04T00:00:00.000,nypd_complaints,2025-05-04 00:00:00,Sunday,0,5,8.0
298970109,40.716563,-74.009162,GRAND LARCENY,"LARCENY,GRAND BY THEFT OF CREDIT CARD",2025-01-04T00:00:00.000,nypd_complaints,2025-01-04 00:00:00,Saturday,0,1,5.0
306284354,40.5120382535219,-74.2497549524458,SEX CRIMES,"CHILD, ENDANGERING WELFARE",2025-05-08T00:00:00.000,nypd_complaints,2025-05-08 00:00:00,Thursday,0,5,8.0
304264027,40.540637,-74.176611,ASSAULT 3 & RELATED OFFENSES,ASSAULT 3,2025-04-06T00:00:00.000,nypd_complaints,2025-04-06 00:00:00,Sunday,0,4,6.0
301969972,40.638985,-74.171253,HARRASSMENT 2,"HARASSMENT,SUBD 3,4,5",2025-03-02T00:00:00.000,nypd_complaints,2025-03-02 00:00:00,Sunday,0,3,3.0
298762831,40.567366,-74.112885,BURGLARY,"BURGLARY,COMMERCIAL,NIGHT",2025-01-02T00:00:00.000,nypd_complaints,2025-01-02 00:00:00,Thursday,0,1,6.0
301481885,40.748462,-73.99433,GRAND LARCENY OF MOTOR VEHICLE,"LARCENY,GRAND OF AUTO",2025-02-21T00:00:00.000,nypd_complaints,2025-02-21 00:00:00,Friday,0,2,5.0
303552251,40.636694,-74.146361,FELONY ASSAULT,STRANGULATION 1ST,2025-03-24T00:00:00.000,nypd_complaints,2025-03-24 00:00:00,Monday,0,3,8.0
307431762,40.721112,-74.004284,GRAND LARCENY,"LARCENY,GRAND BY THEFT OF CREDIT CARD",2025-05-30T00:00:00.000,nypd_complaints,2025-05-30 00:00:00,Friday,0,5,5.0
307116063,40.62112,-74.082049,HARRASSMENT 2,"HARASSMENT,SUBD 1,CIVILIAN",2025-05-27T00:00:00.000,nypd_complaints,2025-05-27 00:00:00,Tuesday,0,5,3.0
304211253,40.6447209438691,-74.0770327198983,SEX CRIMES,"SEXUAL ABUSE 3,2",2025-04-04T00:00:00.000,nypd_complaints,2025-04-04 00:00:00,Friday,0,4,8.0
301772995,40.59689,-73.99666,GRAND LARCENY OF MOTOR VEHICLE,"LARCENY,GRAND OF AUTO",2025-02-26T00:00:00.000,nypd_complaints,2025-02-26 00:00:00,Wednesday,0,2,5.0
300995800,40.638428,-74.008309,CRIMINAL TRESPASS,"TRESPASS 3, CRIMINAL",2025-02-12T00:00:00.000,nypd_complaints,2025-02-12 00:00:00,Wednesday,0,2,3.0
300748838,40.67409,-74.00322,DANGEROUS DRUGS,"CONTROLLED SUBSTANCE,SALE 3",2025-02-07T00:00:00.000,nypd_complaints,2025-02-07 00:00:00,Friday,0,2,4.0
308226404,40.634696,-74.115875,GRAND LARCENY,"LARCENY,GRAND BY BANK ACCT COMPROMISE-REPRODUCED CHECK",2025-05-08T00:00:00.000,nypd_complaints,2025-05-08 00:00:00,Thursday,0,5,5.0
305740314,40.7535327012632,-73.9945368920152,SEX CRIMES,"SEXUAL ABUSE 3,2",2025-03-09T00:00:00.000,nypd_complaints,2025-03-09 00:00:00,Sunday,0,3,8.0
298792223,40.632602,-74.08575,FELONY ASSAULT,"ASSAULT 2,1,UNCLASSIFIED",2024-12-23T00:00:00.000,nypd_complaints,2024-12-23 00:00:00,Monday,0,12,8.0
304550633,40.761429,-73.999735,GRAND LARCENY,"LARCENY,GRAND BY THEFT OF CREDIT CARD",2025-04-09T00:00:00.000,nypd_complaints,2025-04-09 00:00:00,Wednesday,0,4,5.0
305748793,40.614118,-73.997179,GRAND LARCENY OF MOTOR VEHICLE,"LARCENY, GRAND OF MOPED",2025-05-02T00:00:00.000,nypd_complaints,2025-05-02 00:00:00,Friday,0,5,5.0
303980523,40.7535327012632,-73.9945368920152,SEX CRIMES,"SEXUAL ABUSE 3,2",2025-03-31T00:00:00.000,nypd_complaints,2025-03-31 00:00:00,Monday,0,3,8.0
307718523,40.625454,-74.08456,FELONY ASSAULT,"ASSAULT 2,1,UNCLASSIFIED",2025-06-07T00:00:00.000,nypd_complaints,2025-06-07 00:00:00,Saturday,0,6,8.0
307708799,40.637675,-74.163534,HARRASSMENT 2,"HARASSMENT,SUBD 3,4,5",2025-06-07T00:00:00.000,nypd_complaints,2025-06-07 00:00:00,Saturday,0,6,3.0
300867157,40.62279866219678,-74.02834994870356,ROBBERY,"ROBBERY,NECKCHAIN/JEWELRY",2025-02-10T00:00:00.000,nypd_complaints,2025-02-10 00:00:00,Monday,0,2,7.0
303745850,40.527808,-74.232404,GRAND LARCENY,"LARCENY,GRAND BY FALSE PROMISE-NOT IN PERSON CONTACT",2025-03-27T00:00:00.000,nypd_complaints,2025-03-27 00:00:00,Thursday,0,3,5.0
299850014,40.7265156408036,-73.9882902437563,SEX CRIMES,"SEXUAL ABUSE 3,2",2025-01-22T00:00:00.000,nypd_complaints,2025-01-22 00:00:00,Wednesday,0,1,8.0
303765414,40.635698,-73.99322,GRAND LARCENY OF MOTOR VEHICLE,"LARCENY, GRAND OF MOPED",2025-03-26T00:00:00.000,nypd_complaints,2025-03-26 00:00:00,Wednesday,0,3,5.0
300101390,40.584591,-74.162329,HARRASSMENT 2,"HARASSMENT,SUBD 3,4,5",2025-01-26T00:00:00.000,nypd_complaints,2025-01-26 00:00:00,Sunday,0,1,3.0
303342745,40.523706,-74.200786,FELONY ASSAULT,STRANGULATION 1ST,2024-12-15T00:00:00.000,nypd_complaints,2024-12-15 00:00:00,Sunday,0,12,8.0
305083216,40.636116,-74.137782,ROBBERY,"ROBBERY,PERSONAL ELECTRONIC DEVICE",2025-04-21T00:00:00.000,nypd_complaints,2025-04-21 00:00:00,Monday,0,4,7.0
303245069,40.523159,-74.239234,FELONY ASSAULT,"ASSAULT 2,1,UNCLASSIFIED",2025-03-20T00:00:00.000,nypd_complaints,2025-03-20 00:00:00,Thursday,0,3,8.0
302433944,40.578194,-74.16965,GRAND LARCENY OF MOTOR VEHICLE,"LARCENY,GRAND OF AUTO",2025-03-07T00:00:00.000,nypd_complaints,2025-03-07 00:00:00,Friday,0,3,5.0
307739764,40.626488,-74.153004,ASSAULT 3 & RELATED OFFENSES,"MENACING,UNCLASSIFIED",2025-06-08T00:00:00.000,nypd_complaints,2025-06-08 00:00:00,Sunday,0,6,6.0
300310957,40.631817,-74.027651,GRAND LARCENY OF MOTOR VEHICLE,"LARCENY,GRAND OF AUTO",2025-01-30T00:00:00.000,nypd_complaints,2025-01-30 00:00:00,Thursday,0,1,5.0
299707508,40.602459,-74.127777,CRIMINAL TRESPASS,"TRESPASS 2, CRIMINAL",2025-01-19T00:00:00.000,nypd_complaints,2025-01-19 00:00:00,Sunday,0,1,3.0
300940944,40.645005,-74.077265,CRIMINAL TRESPASS,"TRESPASS 3, CRIMINAL",2025-02-11T00:00:00.000,nypd_complaints,2025-02-11 00:00:00,Tuesday,0,2,3.0
307863041,40.593508,-73.987005,GRAND LARCENY OF MOTOR VEHICLE,"LARCENY, GRAND OF MOPED",2025-06-10T00:00:00.000,nypd_complaints,2025-06-10 00:00:00,Tuesday,0,6,5.0
305240181,40.575324,-74.169839,HARRASSMENT 2,"HARASSMENT,SUBD 3,4,5",2025-04-03T00:00:00.000,nypd_complaints,2025-04-03 00:00:00,Thursday,0,4,3.0
305621587,40.721328,-73.99798,GRAND LARCENY,"LARCENY,GRAND BY THEFT OF CREDIT CARD",2025-04-27T00:00:00.000,nypd_complaints,2025-04-27 00:00:00,Sunday,0,4,5.0
300402902,40.744005778184714,-73.99941536887154,DANGEROUS WEAPONS,"WEAPONS, POSSESSION, ETC",2025-02-01T00:00:00.000,nypd_complaints,2025-02-01 00:00:00,Saturday,0,2,7.0
301806335,40.53656636639191,-74.15648271169785,HARRASSMENT 2,"HARASSMENT,SUBD 1,CIVILIAN",2025-02-27T00:00:00.000,nypd_complaints,2025-02-27 00:00:00,Thursday,0,2,3.0
299057507,40.5742856881925,-74.1059144051212,SEX CRIMES,"SEXUAL ABUSE 3,2",2024-12-20T00:00:00.000,nypd_complaints,2024-12-20 00:00:00,Friday,0,12,8.0
301150259,40.644004,-74.076504,DANGEROUS DRUGS,"CONTROLLED SUBSTANCE,POSSESS.",2025-02-15T00:00:00.000,nypd_complaints,2025-02-15 00:00:00,Saturday,0,2,4.0
298923291,40.574657,-74.004266,DANGEROUS WEAPONS,"WEAPONS, POSSESSION, ETC",2025-01-05T00:00:00.000,nypd_complaints,2025-01-05 00:00:00,Sunday,0,1,7.0
303020411,40.651396,-74.005622,DANGEROUS DRUGS,"CONTROLLED SUBSTANCE,SALE 1",2025-03-17T00:00:00.000,nypd_complaints,2025-03-17 00:00:00,Monday,0,3,4.0
305431187,40.546679,-74.222487,GRAND LARCENY,"LARCENY,GRAND BY ACQUIRING LOST CREDIT CARD",2025-04-27T00:00:00.000,nypd_complaints,2025-04-27 00:00:00,Sunday,0,4,5.0
307379732,40.596482,-74.079944,CRIMINAL TRESPASS,"TRESPASS 2, CRIMINAL",2025-06-01T00:00:00.000,nypd_complaints,2025-06-01 00:00:00,Sunday,0,6,3.0
303229889,40.633486,-74.163425,HARRASSMENT 2,"HARASSMENT,SUBD 3,4,5",2025-03-19T00:00:00.000,nypd_complaints,2025-03-19 00:00:00,Wednesday,0,3,3.0
305026400,40.630323,-74.152438,FELONY ASSAULT,"ASSAULT 2,1,UNCLASSIFIED",2025-04-19T00:00:00.000,nypd_complaints,2025-04-19 00:00:00,Saturday,0,4,8.0
301125564,40.736198,-74.005896,GRAND LARCENY,"LARCENY,GRAND FROM NIGHT CLUB, UNATTENDED",2025-02-15T00:00:00.000,nypd_complaints,2025-02-15 00:00:00,Saturday,0,2,5.0
299372899,40.635978,-74.007274,DANGEROUS WEAPONS,"WEAPONS, POSSESSION, ETC",2025-01-13T00:00:00.000,nypd_complaints,2025-01-13 00:00:00,Monday,0,1,7.0
300721426,40.588966,-74.091327,GRAND LARCENY OF MOTOR VEHICLE,"LARCENY,GRAND OF MOTORCYCLE",2025-02-07T00:00:00.000,nypd_complaints,2025-02-07 00:00:00,Friday,0,2,5.0
307819461,40.591306,-74.136867,HARRASSMENT 2,"HARASSMENT,SUBD 1,CIVILIAN",2025-06-04T00:00:00.000,nypd_complaints,2025-06-04 00:00:00,Wednesday,0,6,3.0
308862136,40.607304,-74.004999,GRAND LARCENY,"LARCENY,GRAND OF VEHICULAR/MOTORCYCLE ACCESSORIES",2025-06-28T00:00:00.000,nypd_complaints,2025-06-28 00:00:00,Saturday,0,6,5.0
306735437,40.615478,-74.081664,HARRASSMENT 2,"HARASSMENT,SUBD 1,CIVILIAN",2025-04-26T00:00:00.000,nypd_complaints,2025-04-26 00:00:00,Saturday,0,4,3.0
307980090,40.637768,-74.076477,DANGEROUS DRUGS,"CONTROLLED SUBSTANCE, SALE 5",2025-06-12T00:00:00.000,nypd_complaints,2025-06-12 00:00:00,Thursday,0,6,4.0
306843067,40.7248803,-74.00261926,GRAND LARCENY OF MOTOR VEHICLE,"LARCENY,GRAND OF AUTO",2025-05-22T00:00:00.000,nypd_complaints,2025-05-22 00:00:00,Thursday,0,5,5.0
303596395,40.540499609814304,-74.17730908695904,ASSAULT 3 & RELATED OFFENSES,OBSTR BREATH/CIRCUL,2025-03-25T00:00:00.000,nypd_complaints,2025-03-25 00:00:00,Tuesday,0,3,6.0
303404126,40.5120382535219,-74.2497549524458,SEX CRIMES,"CHILD, ENDANGERING WELFARE",2025-03-21T00:00:00.000,nypd_complaints,2025-03-21 00:00:00,Friday,0,3,8.0
306041022,40.631939,-74.163467,ASSAULT 3 & RELATED OFFENSES,ASSAULT 3,2025-05-08T00:00:00.000,nypd_complaints,2025-05-08 00:00:00,Thursday,0,5,6.0
304696937,40.6141,-74.129081,ASSAULT 3 & RELATED OFFENSES,"MENACING,UNCLASSIFIED",2025-04-13T00:00:00.000,nypd_complaints,2025-04-13 00:00:00,Sunday,0,4,6.0
301007409,40.62736686710896,-74.16655934062803,HARRASSMENT 2,"HARASSMENT,SUBD 3,4,5",2025-02-12T00:00:00.000,nypd_complaints,2025-02-12 00:00:00,Wednesday,0,2,3.0
304474040,40.615478,-74.081664,ROBBERY,"ROBBERY,DWELLING",2025-04-09T00:00:00.000,nypd_complaints,2025-04-09 00:00:00,Wednesday,0,4,7.0
299870962,40.6231883776008,-74.1492376947323,SEX CRIMES,"SEXUAL ABUSE 3,2",2025-01-22T00:00:00.000,nypd_complaints,2025-01-22 00:00:00,Wednesday,0,1,8.0
301555176,40.762157,-73.995494,GRAND LARCENY,"LARCENY,GRAND BY THEFT OF CREDIT CARD",2025-02-23T00:00:00.000,nypd_complaints,2025-02-23 00:00:00,Sunday,0,2,5.0
304553510,40.619244,-74.078723,KIDNAPPING & RELATED OFFENSES,"IMPRISONMENT 1,UNLAWFUL",2025-04-10T00:00:00.000,nypd_complaints,2025-04-10 00:00:00,Thursday,0,4,9.0
307348385,40.577607,-74.102646,FELONY ASSAULT,"ASSAULT 2,1,UNCLASSIFIED",2025-05-31T00:00:00.000,nypd_complaints,2025-05-31 00:00:00,Saturday,0,5,8.0
298756467,40.527688,-74.208246,ASSAULT 3 & RELATED OFFENSES,ASSAULT 3,2025-01-01T00:00:00.000,nypd_complaints,2025-01-01 00:00:00,Wednesday,0,1,6.0
305669319,40.621668,-74.071904,CRIMINAL TRESPASS,"TRESPASS 3, CRIMINAL",2025-05-01T00:00:00.000,nypd_complaints,2025-05-01 00:00:00,Thursday,0,5,3.0
298725765,40.559073,-74.122321,FELONY ASSAULT,"ASSAULT 2,1,UNCLASSIFIED",2025-01-01T00:00:00.000,nypd_complaints,2025-01-01 00:00:00,Wednesday,0,1,8.0
308859044,40.579626,-74.107228,GRAND LARCENY,"LARCENY,GRAND BY OPEN/COMPROMISE CELL PHONE ACCT",2025-05-29T00:00:00.000,nypd_complaints,2025-05-29 00:00:00,Thursday,0,5,5.0
301585925,40.714831,-73.993677,GRAND LARCENY,"LARCENY,GRAND BY THEFT OF CREDIT CARD",2025-02-23T00:00:00.000,nypd_complaints,2025-02-23 00:00:00,Sunday,0,2,5.0
300386499,40.542676,-74.208374,GRAND LARCENY,"LARCENY,GRAND FROM STORE-SHOPL",2025-01-31T00:00:00.000,nypd_complaints,2025-01-31 00:00:00,Friday,0,1,5.0
308706838,40.719693,-73.994815,ROBBERY,"ROBBERY,PERSONAL ELECTRONIC DEVICE",2025-06-26T00:00:00.000,nypd_complaints,2025-06-26 00:00:00,Thursday,0,6,7.0
300061370,40.52868,-74.210156,ASSAULT 3 & RELATED OFFENSES,ASSAULT 3,2025-01-26T00:00:00.000,nypd_complaints,2025-01-26 00:00:00,Sunday,0,1,6.0
307708776,40.70022059,-73.9863892,GRAND LARCENY OF MOTOR VEHICLE,"LARCENY, GRAND OF MOPED",2025-06-06T00:00:00.000,nypd_complaints,2025-06-06 00:00:00,Friday,0,6,5.0
300314875,40.532713,-74.154206,GRAND LARCENY,"LARCENY,GRAND BY EXTORTION",2025-01-27T00:00:00.000,nypd_complaints,2025-01-27 00:00:00,Monday,0,1,5.0
308858980,40.629621,-74.018209,GRAND LARCENY OF MOTOR VEHICLE,"LARCENY, GRAND OF MOPED",2025-06-30T00:00:00.000,nypd_complaints,2025-06-30 00:00:00,Monday,0,6,5.0
302316320,40.641255,-74.087826,FELONY ASSAULT,"ASSAULT 2,1,UNCLASSIFIED",2025-03-09T00:00:00.000,nypd_complaints,2025-03-09 00:00:00,Sunday,0,3,8.0
300492838,40.636606709875075,-74.08569078021202,HARRASSMENT 2,"HARASSMENT,SUBD 1,CIVILIAN",2025-02-03T00:00:00.000,nypd_complaints,2025-02-03 00:00:00,Monday,0,2,3.0
307658330,40.708169,-74.007824,GRAND LARCENY,"LARCENY,GRAND FROM PERSON,UNCL",2025-04-16T00:00:00.000,nypd_complaints,2025-04-16 00:00:00,Wednesday,0,4,5.0
308658097,40.613801,-74.008825,CRIMINAL TRESPASS,"TRESPASS 3, CRIMINAL",2025-06-26T00:00:00.000,nypd_complaints,2025-06-26 00:00:00,Thursday,0,6,3.0
301673410,40.604924,-74.144069,GRAND LARCENY,"LARCENY,GRAND BY OPEN CREDIT CARD (NEW ACCT)",2025-01-30T00:00:00.000,nypd_complaints,2025-01-30 00:00:00,Thursday,0,1,5.0
303761851,40.624427,-74.139776,GRAND LARCENY,"LARCENY,GRAND FROM STORE-SHOPL",2025-03-27T00:00:00.000,nypd_complaints,2025-03-27 00:00:00,Thursday,0,3,5.0
305652945,40.606927,-74.168201,GRAND LARCENY,"LARCENY,GRAND FROM OPEN AREAS, UNATTENDED",2025-03-03T00:00:00.000,nypd_complaints,2025-03-03 00:00:00,Monday,0,3,5.0
308488686,40.6447209438691,-74.0770327198983,RAPE,RAPE 3,2025-06-22T00:00:00.000,nypd_complaints,2025-06-22 00:00:00,Sunday,0,6,9.0
307335597,40.633258,-74.12054,FELONY ASSAULT,"ASSAULT 2,1,UNCLASSIFIED",2025-05-31T00:00:00.000,nypd_complaints,2025-05-31 00:00:00,Saturday,0,5,8.0
302742535,40.75932,-73.995704,GRAND LARCENY,"LARCENY,GRAND BY THEFT OF CREDIT CARD",2025-03-05T00:00:00.000,nypd_complaints,2025-03-05 00:00:00,Wednesday,0,3,5.0
301555245,40.638064,-74.166107,HARRASSMENT 2,"HARASSMENT,SUBD 3,4,5",2025-02-23T00:00:00.000,nypd_complaints,2025-02-23 00:00:00,Sunday,0,2,3.0
302856137,40.676232,-74.006945,ROBBERY,"ROBBERY,DELIVERY PERSON",2025-03-15T00:00:00.000,nypd_complaints,2025-03-15 00:00:00,Saturday,0,3,7.0
308702344,40.577163,-74.161501,GRAND LARCENY,"LARCENY,GRAND BY FALSE PROMISE-NOT IN PERSON CONTACT",2025-05-22T00:00:00.000,nypd_complaints,2025-05-22 00:00:00,Thursday,0,5,5.0
300562537,40.64025718547435,-74.16602580907492,DANGEROUS DRUGS,"CONTROLLED SUBSTANCE, POSSESSI",2025-02-05T00:00:00.000,nypd_complaints,2025-02-05 00:00:00,Wednesday,0,2,4.0
305731860,40.590432,-74.165309,ASSAULT 3 & RELATED OFFENSES,ASSAULT 3,2025-05-02T00:00:00.000,nypd_complaints,2025-05-02 00:00:00,Friday,0,5,6.0
303033299,40.606406,-74.120478,FELONY ASSAULT,"ASSAULT 2,1,UNCLASSIFIED",2025-03-17T00:00:00.000,nypd_complaints,2025-03-17 00:00:00,Monday,0,3,8.0
301027973,40.625717,-74.128056,HARRASSMENT 2,"HARASSMENT,SUBD 1,CIVILIAN",2025-02-12T00:00:00.000,nypd_complaints,2025-02-12 00:00:00,Wednesday,0,2,3.0
300425551,40.750929,-73.992531,DANGEROUS WEAPONS,"WEAPONS, POSSESSION, ETC",2025-02-02T00:00:00.000,nypd_complaints,2025-02-02 00:00:00,Sunday,0,2,7.0
305305494,40.62710218,-74.02957302,FELONY ASSAULT,ASSAULT POLICE/PEACE OFFICER,2025-04-24T00:00:00.000,nypd_complaints,2025-04-24 00:00:00,Thursday,0,4,8.0
303087554,40.594906,-74.125394,CRIMINAL TRESPASS,"TRESPASS 3, CRIMINAL",2025-03-18T00:00:00.000,nypd_complaints,2025-03-18 00:00:00,Tuesday,0,3,3.0
302437567,40.734138393598215,-73.9991845242651,DANGEROUS DRUGS,"CONTROLLED SUBSTANCE,SALE 3",2025-03-11T00:00:00.000,nypd_complaints,2025-03-11 00:00:00,Tuesday,0,3,4.0
305218270,40.733278,-74.005071,GRAND LARCENY,"LARCENY,GRAND BY THEFT OF CREDIT CARD",2025-03-18T00:00:00.000,nypd_complaints,2025-03-18 00:00:00,Tuesday,0,3,5.0
307460501,40.638064,-74.166107,FELONY ASSAULT,"ASSAULT 2,1,UNCLASSIFIED",2025-06-03T00:00:00.000,nypd_complaints,2025-06-03 00:00:00,Tuesday,0,6,8.0
307187263,40.7426636084461,-73.9980491084798,SEX CRIMES,"SEXUAL ABUSE 3,2",2025-04-02T00:00:00.000,nypd_complaints,2025-04-02 00:00:00,Wednesday,0,4,8.0
306574731,40.567341,-74.108789,FELONY ASSAULT,"ASSAULT 2,1,UNCLASSIFIED",2025-05-17T00:00:00.000,nypd_complaints,2025-05-17 00:00:00,Saturday,0,5,8.0
302778775,40.723032,-73.991331,ROBBERY,"ROBBERY,PERSONAL ELECTRONIC DEVICE",2025-03-14T00:00:00.000,nypd_complaints,2025-03-14 00:00:00,Friday,0,3,7.0
299226790,40.686441,-73.995068,GRAND LARCENY,"LARCENY,GRAND BY THEFT OF CREDIT CARD",2024-09-26T00:00:00.000,nypd_complaints,2024-09-26 00:00:00,Thursday,0,9,5.0
305546289,40.623139,-74.029707,GRAND LARCENY,"LARCENY,GRAND FROM BUILDING (NON-RESIDENCE) UNATTENDED",2025-04-29T00:00:00.000,nypd_complaints,2025-04-29 00:00:00,Tuesday,0,4,5.0
306164613,40.729586,-74.000846,DANGEROUS DRUGS,"CONTROLLED SUBSTANCE,SALE 3",2025-05-09T00:00:00.000,nypd_complaints,2025-05-09 00:00:00,Friday,0,5,4.0
300746807,40.575324,-74.169839,GRAND LARCENY,"LARCENY,GRAND FROM PERSON, BAG OPEN/DIP",2025-02-06T00:00:00.000,nypd_complaints,2025-02-06 00:00:00,Thursday,0,2,5.0
308364589,40.55195064,-74.15063524,ASSAULT 3 & RELATED OFFENSES,"MENACING,UNCLASSIFIED",2025-06-19T00:00:00.000,nypd_complaints,2025-06-19 00:00:00,Thursday,0,6,6.0
301298007,40.71153483835093,-74.01046412781942,GRAND LARCENY,"LARCENY,GRAND BY THEFT OF CREDIT CARD",2025-01-25T00:00:00.000,nypd_complaints,2025-01-25 00:00:00,Saturday,0,1,5.0
299707511,40.551201,-74.200553,ASSAULT 3 & RELATED OFFENSES,OBSTR BREATH/CIRCUL,2025-01-19T00:00:00.000,nypd_complaints,2025-01-19 00:00:00,Sunday,0,1,6.0
308302761,40.637252,-74.127369,BURGLARY,"BURGLARY,COMMERCIAL,NIGHT",2025-06-18T00:00:00.000,nypd_complaints,2025-06-18 00:00:00,Wednesday,0,6,6.0
301490772,40.624427,-74.139776,DANGEROUS DRUGS,"CONTROLLED SUBSTANCE, POSSESSI",2025-02-22T00:00:00.000,nypd_complaints,2025-02-22 00:00:00,Saturday,0,2,4.0
308467547,40.510749,-74.250434,HARRASSMENT 2,"HARASSMENT,SUBD 3,4,5",2025-06-21T00:00:00.000,nypd_complaints,2025-06-21 00:00:00,Saturday,0,6,3.0
299233458,40.537517,-74.204099,FELONY ASSAULT,STRANGULATION 1ST,2025-01-08T00:00:00.000,nypd_complaints,2025-01-08 00:00:00,Wednesday,0,1,8.0
305404781,40.552053,-74.151706,ASSAULT 3 & RELATED OFFENSES,OBSTR BREATH/CIRCUL,2025-04-26T00:00:00.000,nypd_complaints,2025-04-26 00:00:00,Saturday,0,4,6.0
301061261,40.621052,-74.030561,ROBBERY,"ROBBERY,PERSONAL ELECTRONIC DEVICE",2025-02-13T00:00:00.000,nypd_complaints,2025-02-13 00:00:00,Thursday,0,2,7.0
304776365,40.551295,-74.175257,HARRASSMENT 2,"HARASSMENT,SUBD 3,4,5",2025-04-15T00:00:00.000,nypd_complaints,2025-04-15 00:00:00,Tuesday,0,4,3.0
308484936,40.717637,-73.998261,GRAND LARCENY,"LARCENY,GRAND FROM PERSON,UNCL",2025-06-22T00:00:00.000,nypd_complaints,2025-06-22 00:00:00,Sunday,0,6,5.0
300239357,40.708458,-74.011132,GRAND LARCENY,"LARCENY,GRAND BY THEFT OF CREDIT CARD",2025-01-28T00:00:00.000,nypd_complaints,2025-01-28 00:00:00,Tuesday,0,1,5.0
303855188,40.70623702,-74.01433698,ROBBERY,"ROBBERY,PERSONAL ELECTRONIC DEVICE",2025-03-29T00:00:00.000,nypd_complaints,2025-03-29 00:00:00,Saturday,0,3,7.0
308182037,40.63023,-74.162214,FELONY ASSAULT,"ASSAULT 2,1,UNCLASSIFIED",2025-06-17T00:00:00.000,nypd_complaints,2025-06-17 00:00:00,Tuesday,0,6,8.0
302791589,40.59588626092714,-74.06233755172785,FELONY ASSAULT,ASSAULT POLICE/PEACE OFFICER,2024-08-14T00:00:00.000,nypd_complaints,2024-08-14 00:00:00,Wednesday,0,8,8.0
301629894,40.716345,-74.001252,DANGEROUS DRUGS,"CONTROLLED SUBSTANCE,SALE 3",2025-02-25T00:00:00.000,nypd_complaints,2025-02-25 00:00:00,Tuesday,0,2,4.0
302874977,40.630923,-74.023545,GRAND LARCENY,"LARCENY,GRAND BY THEFT OF CREDIT CARD",2024-12-27T00:00:00.000,nypd_complaints,2024-12-27 00:00:00,Friday,0,12,5.0
306631032,40.636239,-74.126606,FELONY ASSAULT,"ASSAULT 2,1,UNCLASSIFIED",2025-05-18T00:00:00.000,nypd_complaints,2025-05-18 00:00:00,Sunday,0,5,8.0
300442941,40.627761,-74.140633,FELONY ASSAULT,ASSAULT POLICE/PEACE OFFICER,2025-02-02T00:00:00.000,nypd_complaints,2025-02-02 00:00:00,Sunday,0,2,8.0
299312182,40.547451,-74.15654,ASSAULT 3 & RELATED OFFENSES,ASSAULT 3,2025-01-11T00:00:00.000,nypd_complaints,2025-01-11 00:00:00,Saturday,0,1,6.0
301740329,40.7160120119955,-73.9973320301008,SEX CRIMES,"SEXUAL ABUSE 3,2",2025-02-16T00:00:00.000,nypd_complaints,2025-02-16 00:00:00,Sunday,0,2,8.0
305491235,40.616333,-74.17234,ASSAULT 3 & RELATED OFFENSES,ASSAULT 3,2025-04-29T00:00:00.000,nypd_complaints,2025-04-29 00:00:00,Tuesday,0,4,6.0
308744774,40.635301,-74.125841,FELONY ASSAULT,"ASSAULT 2,1,UNCLASSIFIED",2025-06-27T00:00:00.000,nypd_complaints,2025-06-27 00:00:00,Friday,0,6,8.0
300562254,40.560922,-74.1855,ASSAULT 3 & RELATED OFFENSES,ASSAULT 3,2025-01-31T00:00:00.000,nypd_complaints,2025-01-31 00:00:00,Friday,0,1,6.0
300775385,40.630934,-74.115127,ASSAULT 3 & RELATED OFFENSES,OBSTR BREATH/CIRCUL,2025-02-07T00:00:00.000,nypd_complaints,2025-02-07 00:00:00,Friday,0,2,6.0
304422252,40.639258,-74.134141,DANGEROUS DRUGS,"CONTROLLED SUBSTANCE, POSSESSI",2025-04-08T00:00:00.000,nypd_complaints,2025-04-08 00:00:00,Tuesday,0,4,4.0
308233551,40.599805,-74.167162,GRAND LARCENY OF MOTOR VEHICLE,"LARCENY,GRAND OF AUTO",2025-06-16T00:00:00.000,nypd_complaints,2025-06-16 00:00:00,Monday,0,6,5.0
303662137,40.624818,-74.104522,GRAND LARCENY,"LARCENY,GRAND BY OPEN/COMPROMISE CELL PHONE ACCT",2025-03-25T00:00:00.000,nypd_complaints,2025-03-25 00:00:00,Tuesday,0,3,5.0
304039327,40.533908,-74.18687,HARRASSMENT 2,"HARASSMENT,SUBD 3,4,5",2025-04-01T00:00:00.000,nypd_complaints,2025-04-01 00:00:00,Tuesday,0,4,3.0
299672336,40.63476,-74.11385,DANGEROUS DRUGS,"CONTROLLED SUBSTANCE,INTENT TO",2025-01-18T00:00:00.000,nypd_complaints,2025-01-18 00:00:00,Saturday,0,1,4.0
302156785,40.71767151995577,-74.01576798143834,GRAND LARCENY,"LARCENY,GRAND OF VEHICULAR/MOTORCYCLE ACCESSORIES",2025-03-03T00:00:00.000,nypd_complaints,2025-03-03 00:00:00,Monday,0,3,5.0
304444980,40.709714,-74.016575,GRAND LARCENY,"LARCENY,GRAND BY BANK ACCT COMPROMISE-UNCLASSIFIED",2025-03-12T00:00:00.000,nypd_complaints,2025-03-12 00:00:00,Wednesday,0,3,5.0
304131569,40.619038,-74.068727,FELONY ASSAULT,ASSAULT POLICE/PEACE OFFICER,2025-04-03T00:00:00.000,nypd_complaints,2025-04-03 00:00:00,Thursday,0,4,8.0
303999119,40.557025,-74.196434,GRAND LARCENY,"LARCENY,GRAND BY EXTORTION",2025-03-31T00:00:00.000,nypd_complaints,2025-03-31 00:00:00,Monday,0,3,5.0
306624727,40.634762,-74.144856,GRAND LARCENY,"LARCENY,GRAND BY EXTORTION",2025-05-18T00:00:00.000,nypd_complaints,2025-05-18 00:00:00,Sunday,0,5,5.0
304461818,40.64026292,-74.01902501,DANGEROUS WEAPONS,"WEAPONS, POSSESSION, ETC",2025-04-09T00:00:00.000,nypd_complaints,2025-04-09 00:00:00,Wednesday,0,4,7.0
307690271,40.578179,-74.161162,HARRASSMENT 2,"HARASSMENT,SUBD 1,CIVILIAN",2025-06-06T00:00:00.000,nypd_complaints,2025-06-06 00:00:00,Friday,0,6,3.0
299890621,40.604088,-74.167604,HARRASSMENT 2,"HARASSMENT,SUBD 3,4,5",2025-01-22T00:00:00.000,nypd_complaints,2025-01-22 00:00:00,Wednesday,0,1,3.0
307609413,40.639689,-74.07744,DANGEROUS DRUGS,"CONTROLLED SUBSTANCE, SALE 5",2025-06-05T00:00:00.000,nypd_complaints,2025-06-05 00:00:00,Thursday,0,6,4.0
302672062,40.746813383476955,-74.00795781461353,ROBBERY,"ROBBERY,PERSONAL ELECTRONIC DEVICE",2025-03-11T00:00:00.000,nypd_complaints,2025-03-11 00:00:00,Tuesday,0,3,7.0
298970745,40.626859,-74.16344,FELONY ASSAULT,"ASSAULT 2,1,UNCLASSIFIED",2025-01-05T00:00:00.000,nypd_complaints,2025-01-05 00:00:00,Sunday,0,1,8.0
306156068,40.633884,-74.133336,FELONY ASSAULT,"ASSAULT 2,1,UNCLASSIFIED",2025-05-09T00:00:00.000,nypd_complaints,2025-05-09 00:00:00,Friday,0,5,8.0
302800109,40.73443438732101,-73.98990393253564,DANGEROUS WEAPONS,"WEAPONS, POSSESSION, ETC",2025-03-14T00:00:00.000,nypd_complaints,2025-03-14 00:00:00,Friday,0,3,7.0
304562238,40.631648,-74.117528,FELONY ASSAULT,STRANGULATION 1ST,2025-03-30T00:00:00.000,nypd_complaints,2025-03-30 00:00:00,Sunday,0,3,8.0
302112307,40.612777,-74.093126,GRAND LARCENY,"LARCENY,GRAND FROM OPEN AREAS, UNATTENDED",2024-12-02T00:00:00.000,nypd_complaints,2024-12-02 00:00:00,Monday,0,12,5.0
304676637,40.605819,-74.007753,GRAND LARCENY,"LARCENY,GRAND BY BANK ACCT COMPROMISE-UNAUTHORIZED PURCHASE",2025-04-12T00:00:00.000,nypd_complaints,2025-04-12 00:00:00,Saturday,0,4,5.0
305908925,40.7204418884676,-74.0067439741913,SEX CRIMES,"SEXUAL ABUSE 3,2",2025-05-06T00:00:00.000,nypd_complaints,2025-05-06 00:00:00,Tuesday,0,5,8.0
300361338,40.56977563236743,-74.09367495437563,GRAND LARCENY OF MOTOR VEHICLE,"LARCENY,GRAND OF AUTO",2025-01-28T00:00:00.000,nypd_complaints,2025-01-28 00:00:00,Tuesday,0,1,5.0
300004008,40.76525275237906,-73.99508680987398,ROBBERY,"ROBBERY,PERSONAL ELECTRONIC DEVICE",2025-01-25T00:00:00.000,nypd_complaints,2025-01-25 00:00:00,Saturday,0,1,7.0
308679040,40.57404,-74.109307,HARRASSMENT 2,"HARASSMENT,SUBD 1,CIVILIAN",2025-06-25T00:00:00.000,nypd_complaints,2025-06-25 00:00:00,Wednesday,0,6,3.0
307244202,40.606657,-74.133947,ASSAULT 3 & RELATED OFFENSES,"MENACING,UNCLASSIFIED",2025-05-25T00:00:00.000,nypd_complaints,2025-05-25 00:00:00,Sunday,0,5,6.0
304085752,40.556902,-74.195661,HARRASSMENT 2,"HARASSMENT,SUBD 3,4,5",2025-04-02T00:00:00.000,nypd_complaints,2025-04-02 00:00:00,Wednesday,0,4,3.0
299229867,40.544908,-74.161378,GRAND LARCENY,"LARCENY,GRAND BY FALSE PROMISE-NOT IN PERSON CONTACT",2024-12-23T00:00:00.000,nypd_complaints,2024-12-23 00:00:00,Monday,0,12,5.0
300441713,40.636424436855265,-74.00500458939955,DANGEROUS WEAPONS,"WEAPONS, POSSESSION, ETC",2025-02-02T00:00:00.000,nypd_complaints,2025-02-02 00:00:00,Sunday,0,2,7.0
308868470,40.6258375452829,-73.9909448942322,SEX CRIMES,"SEXUAL ABUSE 3,2",2025-06-30T00:00:00.000,nypd_complaints,2025-06-30 00:00:00,Monday,0,6,8.0
306613927,40.638044,-74.168802,DANGEROUS WEAPONS,WEAPONS POSSESSION 3,2025-05-18T00:00:00.000,nypd_complaints,2025-05-18 00:00:00,Sunday,0,5,7.0
307370380,40.504744,-74.239656,ASSAULT 3 & RELATED OFFENSES,OBSTR BREATH/CIRCUL,2025-06-01T00:00:00.000,nypd_complaints,2025-06-01 00:00:00,Sunday,0,6,6.0
300602811,40.619100197655754,-74.08600690159751,DANGEROUS WEAPONS,"WEAPONS, POSSESSION, ETC",2025-02-05T00:00:00.000,nypd_complaints,2025-02-05 00:00:00,Wednesday,0,2,7.0
304738517,40.630626,-74.118278,FELONY ASSAULT,"ASSAULT 2,1,UNCLASSIFIED",2025-04-14T00:00:00.000,nypd_complaints,2025-04-14 00:00:00,Monday,0,4,8.0
301676696,40.758895,-73.984836,DANGEROUS WEAPONS,"WEAPONS, POSSESSION, ETC",2025-02-25T00:00:00.000,nypd_complaints,2025-02-25 00:00:00,Tuesday,0,2,7.0
300037127,40.702484,-74.008547,GRAND LARCENY,"LARCENY,GRAND BY ACQUIRING LOS",2025-01-25T00:00:00.000,nypd_complaints,2025-01-25 00:00:00,Saturday,0,1,5.0
308234453,40.7535327012632,-73.9945368920152,RAPE,RAPE 2,2025-06-17T00:00:00.000,nypd_complaints,2025-06-17 00:00:00,Tuesday,0,6,9.0
303163857,40.758187,-73.988004,ROBBERY,"ROBBERY,PERSONAL ELECTRONIC DEVICE",2025-03-19T00:00:00.000,nypd_complaints,2025-03-19 00:00:00,Wednesday,0,3,7.0
306937819,40.704549,-74.01428973,FELONY ASSAULT,ASSAULT POLICE/PEACE OFFICER,2025-05-23T00:00:00.000,nypd_complaints,2025-05-23 00:00:00,Friday,0,5,8.0
302221499,40.537979,-74.216488,GRAND LARCENY,"LARCENY,GRAND BY BANK ACCT COMPROMISE-UNCLASSIFIED",2025-02-26T00:00:00.000,nypd_complaints,2025-02-26 00:00:00,Wednesday,0,2,5.0
307370381,40.527893,-74.227218,GRAND LARCENY,"LARCENY,GRAND PERSON,NECK CHAI",2025-06-01T00:00:00.000,nypd_complaints,2025-06-01 00:00:00,Sunday,0,6,5.0
299316265,40.7338967584511,-74.0053958373447,SEX CRIMES,"SEXUAL ABUSE 3,2",2025-01-12T00:00:00.000,nypd_complaints,2025-01-12 00:00:00,Sunday,0,1,8.0
307414888,40.720042,-74.009385,GRAND LARCENY,"LARCENY,GRAND BY THEFT OF CREDIT CARD",2025-06-01T00:00:00.000,nypd_complaints,2025-06-01 00:00:00,Sunday,0,6,5.0
307149737,40.589827,-74.16428,FELONY ASSAULT,"ASSAULT 2,1,UNCLASSIFIED",2025-05-27T00:00:00.000,nypd_complaints,2025-05-27 00:00:00,Tuesday,0,5,8.0
305315379,40.540235,-74.205249,DANGEROUS WEAPONS,CRIMINAL POSSESSION WEAPON,2025-04-25T00:00:00.000,nypd_complaints,2025-04-25 00:00:00,Friday,0,4,7.0
298848381,40.75285463424627,-73.99297988521023,DANGEROUS DRUGS,"CONTROLLED SUBSTANCE,SALE 3",2025-01-03T00:00:00.000,nypd_complaints,2025-01-03 00:00:00,Friday,0,1,4.0
304240829,40.582089,-74.151205,GRAND LARCENY,"LARCENY,GRAND FROM RESIDENCE, UNATTENDED",2025-04-04T00:00:00.000,nypd_complaints,2025-04-04 00:00:00,Friday,0,4,5.0
299795366,40.630936,-74.161746,ASSAULT 3 & RELATED OFFENSES,"MENACING,UNCLASSIFIED",2025-01-21T00:00:00.000,nypd_complaints,2025-01-21 00:00:00,Tuesday,0,1,6.0
306942617,40.623985,-74.081549,DANGEROUS WEAPONS,"WEAPONS, POSSESSION, ETC",2025-05-24T00:00:00.000,nypd_complaints,2025-05-24 00:00:00,Saturday,0,5,7.0
306530886,40.542081,-74.163061,BURGLARY,"BURGLARY,COMMERCIAL,NIGHT",2025-05-16T00:00:00.000,nypd_complaints,2025-05-16 00:00:00,Friday,0,5,6.0
299879347,40.622247,-74.168039,HARRASSMENT 2,"HARASSMENT,SUBD 3,4,5",2025-01-22T00:00:00.000,nypd_complaints,2025-01-22 00:00:00,Wednesday,0,1,3.0
299809665,40.505932,-74.242975,GRAND LARCENY,"LARCENY,GRAND BY FALSE PROMISE-IN PERSON CONTACT",2025-01-21T00:00:00.000,nypd_complaints,2025-01-21 00:00:00,Tuesday,0,1,5.0
308050801,40.52091852,-74.23511168,HARRASSMENT 2,"HARASSMENT,SUBD 3,4,5",2025-06-13T00:00:00.000,nypd_complaints,2025-06-13 00:00:00,Friday,0,6,3.0
307992826,40.641874,-74.015525,GRAND LARCENY,"LARCENY,GRAND BY OPEN CREDIT CARD (NEW ACCT)",2025-05-31T00:00:00.000,nypd_complaints,2025-05-31 00:00:00,Saturday,0,5,5.0
299160781,40.63884138985486,-74.12928455104098,DANGEROUS DRUGS,"CONTROLLED SUBSTANCE, POSSESSI",2025-01-09T00:00:00.000,nypd_complaints,2025-01-09 00:00:00,Thursday,0,1,4.0
304062659,40.750929,-73.992531,DANGEROUS WEAPONS,"WEAPONS, POSSESSION, ETC",2025-04-02T00:00:00.000,nypd_complaints,2025-04-02 00:00:00,Wednesday,0,4,7.0
308023464,40.624518,-74.130936,HARRASSMENT 2,"HARASSMENT,SUBD 1,CIVILIAN",2025-06-12T00:00:00.000,nypd_complaints,2025-06-12 00:00:00,Thursday,0,6,3.0
299352726,40.634902,-74.143842,GRAND LARCENY OF MOTOR VEHICLE,"LARCENY,GRAND OF AUTO",2025-01-13T00:00:00.000,nypd_complaints,2025-01-13 00:00:00,Monday,0,1,5.0
302998393,40.6581577535544,-74.0004411548878,SEX CRIMES,"SEXUAL ABUSE 3,2",2025-03-16T00:00:00.000,nypd_complaints,2025-03-16 00:00:00,Sunday,0,3,8.0
308184131,40.507999,-74.244583,GRAND LARCENY,"LARCENY,GRAND FROM RESIDENCE, UNATTENDED",2025-06-17T00:00:00.000,nypd_complaints,2025-06-17 00:00:00,Tuesday,0,6,5.0
300851661,40.57455768106966,-74.10564340163042,ASSAULT 3 & RELATED OFFENSES,"MENACING,UNCLASSIFIED",2025-02-09T00:00:00.000,nypd_complaints,2025-02-09 00:00:00,Sunday,0,2,6.0
301374731,40.582314,-74.169068,ASSAULT 3 & RELATED OFFENSES,ASSAULT 3,2025-02-19T00:00:00.000,nypd_complaints,2025-02-19 00:00:00,Wednesday,0,2,6.0
304049517,40.5419682,-74.20524732,ASSAULT 3 & RELATED OFFENSES,ASSAULT 3,2025-04-02T00:00:00.000,nypd_complaints,2025-04-02 00:00:00,Wednesday,0,4,6.0
306025942,40.64373789,-74.01862603,DANGEROUS DRUGS,"CONTROLLED SUBSTANCE,SALE 3",2025-05-07T00:00:00.000,nypd_complaints,2025-05-07 00:00:00,Wednesday,0,5,4.0
305100582,40.650049,-74.00339,GRAND LARCENY,"LARCENY,GRAND BY THEFT OF CREDIT CARD",2025-04-02T00:00:00.000,nypd_complaints,2025-04-02 00:00:00,Wednesday,0,4,5.0
307329227,40.587751,-74.193589,FELONY ASSAULT,STRANGULATION 1ST,2025-05-31T00:00:00.000,nypd_complaints,2025-05-31 00:00:00,Saturday,0,5,8.0
301758609,40.745364,-73.996583,DANGEROUS DRUGS,"CONTROLLED SUBSTANCE,SALE 3",2025-02-04T00:00:00.000,nypd_complaints,2025-02-04 00:00:00,Tuesday,0,2,4.0
301947856,40.633133,-74.113055,GRAND LARCENY OF MOTOR VEHICLE,"LARCENY,GRAND OF AUTO",2025-03-02T00:00:00.000,nypd_complaints,2025-03-02 00:00:00,Sunday,0,3,5.0
301023859,40.5742856881925,-74.1059144051212,SEX CRIMES,"SEXUAL ABUSE 3,2",2024-11-12T00:00:00.000,nypd_complaints,2024-11-12 00:00:00,Tuesday,0,11,8.0
307032299,40.582314,-74.169068,HARRASSMENT 2,"HARASSMENT,SUBD 3,4,5",2025-05-25T00:00:00.000,nypd_complaints,2025-05-25 00:00:00,Sunday,0,5,3.0
307331104,40.644004,-74.076504,CRIMINAL TRESPASS,"TRESPASS 2, CRIMINAL",2025-05-31T00:00:00.000,nypd_complaints,2025-05-31 00:00:00,Saturday,0,5,3.0
301375884,40.75219043401121,-73.99346359839569,DANGEROUS WEAPONS,"WEAPONS, POSSESSION, ETC",2025-02-19T00:00:00.000,nypd_complaints,2025-02-19 00:00:00,Wednesday,0,2,7.0
308763639,40.523159,-74.239234,HARRASSMENT 2,"HARASSMENT,SUBD 3,4,5",2025-06-28T00:00:00.000,nypd_complaints,2025-06-28 00:00:00,Saturday,0,6,3.0
305391130,40.715496,-73.993838,GRAND LARCENY,"LARCENY,GRAND FROM NIGHT CLUB, UNATTENDED",2025-04-25T00:00:00.000,nypd_complaints,2025-04-25 00:00:00,Friday,0,4,5.0
299504094,40.535247,-74.219219,ASSAULT 3 & RELATED OFFENSES,ASSAULT 3,2025-01-15T00:00:00.000,nypd_complaints,2025-01-15 00:00:00,Wednesday,0,1,6.0
306305259,40.635068,-74.140197,FELONY ASSAULT,"ASSAULT 2,1,UNCLASSIFIED",2025-05-13T00:00:00.000,nypd_complaints,2025-05-13 00:00:00,Tuesday,0,5,8.0
300750984,40.510104,-74.247877,ASSAULT 3 & RELATED OFFENSES,ASSAULT 3,2025-02-07T00:00:00.000,nypd_complaints,2025-02-07 00:00:00,Friday,0,2,6.0
300620635,40.64333,-74.010384,DANGEROUS DRUGS,"CONTROLLED SUBSTANCE,SALE 1",2025-02-05T00:00:00.000,nypd_complaints,2025-02-05 00:00:00,Wednesday,0,2,4.0
307314328,40.543953,-74.170028,HARRASSMENT 2,"HARASSMENT,SUBD 3,4,5",2025-05-30T00:00:00.000,nypd_complaints,2025-05-30 00:00:00,Friday,0,5,3.0
305355959,40.625122,-74.077976,FELONY ASSAULT,ASSAULT POLICE/PEACE OFFICER,2025-04-25T00:00:00.000,nypd_complaints,2025-04-25 00:00:00,Friday,0,4,8.0
305348784,40.632408,-74.161688,ASSAULT 3 & RELATED OFFENSES,ASSAULT 3,2025-04-25T00:00:00.000,nypd_complaints,2025-04-25 00:00:00,Friday,0,4,6.0
306412990,40.613129,-74.121983,HARRASSMENT 2,"HARASSMENT,SUBD 1,CIVILIAN",2025-05-15T00:00:00.000,nypd_complaints,2025-05-15 00:00:00,Thursday,0,5,3.0
306379629,40.638125,-74.087468,HARRASSMENT 2,"HARASSMENT,SUBD 1,CIVILIAN",2025-05-14T00:00:00.000,nypd_complaints,2025-05-14 00:00:00,Wednesday,0,5,3.0
306421421,40.606807,-74.013097,GRAND LARCENY OF MOTOR VEHICLE,"LARCENY,GRAND OF AUTO",2025-05-14T00:00:00.000,nypd_complaints,2025-05-14 00:00:00,Wednesday,0,5,5.0
303196576,40.6089,-74.100671,GRAND LARCENY OF MOTOR VEHICLE,"LARCENY,GRAND OF AUTO",2025-03-19T00:00:00.000,nypd_complaints,2025-03-19 00:00:00,Wednesday,0,3,5.0
301259096,40.573554,-74.116906,BURGLARY,"BURGLARY,COMMERCIAL,NIGHT",2025-02-18T00:00:00.000,nypd_complaints,2025-02-18 00:00:00,Tuesday,0,2,6.0
299483914,40.72365033469323,-73.99102396312567,DANGEROUS WEAPONS,"WEAPONS, POSSESSION, ETC",2025-01-15T00:00:00.000,nypd_complaints,2025-01-15 00:00:00,Wednesday,0,1,7.0
307032300,40.622247,-74.168039,HARRASSMENT 2,"HARASSMENT,SUBD 3,4,5",2025-05-25T00:00:00.000,nypd_complaints,2025-05-25 00:00:00,Sunday,0,5,3.0
300867102,40.708074,-74.006277,GRAND LARCENY,"LARCENY,GRAND FROM PERSON,UNCL",2025-02-10T00:00:00.000,nypd_complaints,2025-02-10 00:00:00,Monday,0,2,5.0
302289147,40.592083,-74.089205,GRAND LARCENY,"LARCENY,GRAND BY BANK ACCT COMPROMISE-UNCLASSIFIED",2025-02-03T00:00:00.000,nypd_complaints,2025-02-03 00:00:00,Monday,0,2,5.0
303892177,40.621628,-74.074157,CRIMINAL TRESPASS,"TRESPASS 2, CRIMINAL",2025-03-30T00:00:00.000,nypd_complaints,2025-03-30 00:00:00,Sunday,0,3,3.0
300752953,40.68901916412364,-73.98615711072209,DANGEROUS WEAPONS,"WEAPONS, POSSESSION, ETC",2025-02-07T00:00:00.000,nypd_complaints,2025-02-07 00:00:00,Friday,0,2,7.0
304776361,40.627102,-74.159402,ASSAULT 3 & RELATED OFFENSES,"MENACING,UNCLASSIFIED",2025-04-15T00:00:00.000,nypd_complaints,2025-04-15 00:00:00,Tuesday,0,4,6.0
303759069,40.539893,-74.178225,HARRASSMENT 2,"HARASSMENT,SUBD 3,4,5",2025-03-27T00:00:00.000,nypd_complaints,2025-03-27 00:00:00,Thursday,0,3,3.0
299290123,40.711466,-74.012218,DANGEROUS WEAPONS,"WEAPONS, POSSESSION, ETC",2025-01-12T00:00:00.000,nypd_complaints,2025-01-12 00:00:00,Sunday,0,1,7.0
307470289,40.71675,-74.014661,CRIMINAL TRESPASS,"TRESPASS 2, CRIMINAL",2025-06-01T00:00:00.000,nypd_complaints,2025-06-01 00:00:00,Sunday,0,6,3.0
298983963,40.739398,-74.007252,GRAND LARCENY,"LARCENY,GRAND FROM NIGHT CLUB, UNATTENDED",2025-01-05T00:00:00.000,nypd_complaints,2025-01-05 00:00:00,Sunday,0,1,5.0
305305215,40.626141,-74.157253,FELONY ASSAULT,"ASSAULT 2,1,UNCLASSIFIED",2025-04-24T00:00:00.000,nypd_complaints,2025-04-24 00:00:00,Thursday,0,4,8.0
302866149,40.6447209438691,-74.0770327198983,RAPE,RAPE 3,2025-03-12T00:00:00.000,nypd_complaints,2025-03-12 00:00:00,Wednesday,0,3,9.0
303536459,40.7338967584511,-74.0053958373447,SEX CRIMES,"SEXUAL ABUSE 3,2",2025-03-22T00:00:00.000,nypd_complaints,2025-03-22 00:00:00,Saturday,0,3,8.0
303847854,40.7265156408036,-73.9882902437563,SEX CRIMES,"SEXUAL ABUSE 3,2",2025-03-29T00:00:00.000,nypd_complaints,2025-03-29 00:00:00,Saturday,0,3,8.0
301270936,40.643958,-74.015201,BURGLARY,"BURGLARY,UNCLASSIFIED,NIGHT",2025-02-15T00:00:00.000,nypd_complaints,2025-02-15 00:00:00,Saturday,0,2,6.0
308685544,40.529596,-74.232332,GRAND LARCENY,"LARCENY,GRAND FROM VEHICLE/MOTORCYCLE",2025-06-26T00:00:00.000,nypd_complaints,2025-06-26 00:00:00,Thursday,0,6,5.0
305665254,40.75652716,-73.99401903,DANGEROUS WEAPONS,"WEAPONS, POSSESSION, ETC",2025-05-01T00:00:00.000,nypd_complaints,2025-05-01 00:00:00,Thursday,0,5,7.0
302898561,40.618814,-74.082328,CRIMINAL TRESPASS,"TRESPASS 2, CRIMINAL",2025-03-15T00:00:00.000,nypd_complaints,2025-03-15 00:00:00,Saturday,0,3,3.0
299234199,40.589839,-74.16669,GRAND LARCENY,"LARCENY,GRAND FROM BUILDING (NON-RESIDENCE) UNATTENDED",2025-01-10T00:00:00.000,nypd_complaints,2025-01-10 00:00:00,Friday,0,1,5.0
308461898,40.63714467,-74.16016309,ASSAULT 3 & RELATED OFFENSES,ASSAULT 3,2025-06-22T00:00:00.000,nypd_complaints,2025-06-22 00:00:00,Sunday,0,6,6.0
305160116,40.7535327012632,-73.9945368920152,SEX CRIMES,"SEXUAL ABUSE 3,2",2025-04-22T00:00:00.000,nypd_complaints,2025-04-22 00:00:00,Tuesday,0,4,8.0
302800102,40.74599,-73.996132,GRAND LARCENY OF MOTOR VEHICLE,"LARCENY,GRAND OF AUTO",2025-03-14T00:00:00.000,nypd_complaints,2025-03-14 00:00:00,Friday,0,3,5.0
302735523,40.601735,-74.192703,GRAND LARCENY,"LARCENY,GRAND FROM BUILDING (NON-RESIDENCE) UNATTENDED",2025-03-07T00:00:00.000,nypd_complaints,2025-03-07 00:00:00,Friday,0,3,5.0
299634182,40.5120382535219,-74.2497549524458,SEX CRIMES,"CHILD, ENDANGERING WELFARE",2025-01-17T00:00:00.000,nypd_complaints,2025-01-17 00:00:00,Friday,0,1,8.0
298744747,40.7650240788333,-73.9848359497083,SEX CRIMES,"SEXUAL ABUSE 3,2",2025-01-01T00:00:00.000,nypd_complaints,2025-01-01 00:00:00,Wednesday,0,1,8.0
308667936,40.638428,-74.008309,CRIMINAL TRESPASS,"TRESPASS 2, CRIMINAL",2025-06-26T00:00:00.000,nypd_complaints,2025-06-26 00:00:00,Thursday,0,6,3.0
301676780,40.637427782815735,-74.11373815206768,DANGEROUS DRUGS,"CONTROLLED SUBSTANCE, POSSESSI",2025-02-26T00:00:00.000,nypd_complaints,2025-02-26 00:00:00,Wednesday,0,2,4.0
306130577,40.614403,-74.160418,GRAND LARCENY,"LARCENY,GRAND BY FALSE PROMISE-NOT IN PERSON CONTACT",2025-05-07T00:00:00.000,nypd_complaints,2025-05-07 00:00:00,Wednesday,0,5,5.0
304796447,40.631939,-74.163467,HARRASSMENT 2,"HARASSMENT,SUBD 3,4,5",2025-04-15T00:00:00.000,nypd_complaints,2025-04-15 00:00:00,Tuesday,0,4,3.0
299687350,40.71253140736988,-74.0076651513441,CRIMINAL TRESPASS,"TRESPASS 3, CRIMINAL",2025-01-19T00:00:00.000,nypd_complaints,2025-01-19 00:00:00,Sunday,0,1,3.0
299242036,40.6381957193425,-74.13463032402422,DANGEROUS DRUGS,"CONTROLLED SUBSTANCE, POSSESSI",2025-01-11T00:00:00.000,nypd_complaints,2025-01-11 00:00:00,Saturday,0,1,4.0
298876846,40.523556,-74.215957,ASSAULT 3 & RELATED OFFENSES,ASSAULT 3,2025-01-04T00:00:00.000,nypd_complaints,2025-01-04 00:00:00,Saturday,0,1,6.0
307645930,40.635538,-74.087554,DANGEROUS DRUGS,"CONTROLLED SUBSTANCE,INTENT TO",2025-06-06T00:00:00.000,nypd_complaints,2025-06-06 00:00:00,Friday,0,6,4.0
304008701,40.709884,-74.008083,ROBBERY,"ROBBERY, CHAIN STORE",2025-04-01T00:00:00.000,nypd_complaints,2025-04-01 00:00:00,Tuesday,0,4,7.0
308604022,40.575324,-74.169839,ASSAULT 3 & RELATED OFFENSES,ASSAULT 3,2025-06-25T00:00:00.000,nypd_complaints,2025-06-25 00:00:00,Wednesday,0,6,6.0
305915753,40.587514,-74.168165,GRAND LARCENY,"LARCENY,GRAND FROM STORE-SHOPL",2025-05-06T00:00:00.000,nypd_complaints,2025-05-06 00:00:00,Tuesday,0,5,5.0
306821186,40.525995,-74.202474,ASSAULT 3 & RELATED OFFENSES,OBSTR BREATH/CIRCUL,2025-05-21T00:00:00.000,nypd_complaints,2025-05-21 00:00:00,Wednesday,0,5,6.0
308862196,40.614571,-74.069409,GRAND LARCENY,"LARCENY,GRAND BY FALSE PROMISE-IN PERSON CONTACT",2025-05-11T00:00:00.000,nypd_complaints,2025-05-11 00:00:00,Sunday,0,5,5.0
300061338,40.646966,-74.020939,FELONY ASSAULT,ASSAULT OTHER PUBLIC SERVICE EMPLOYEE,2025-01-26T00:00:00.000,nypd_complaints,2025-01-26 00:00:00,Sunday,0,1,8.0
303027587,40.61531298915091,-74.16376661997597,GRAND LARCENY,"LARCENY,GRAND FROM VEHICLE/MOTORCYCLE",2025-03-17T00:00:00.000,nypd_complaints,2025-03-17 00:00:00,Monday,0,3,5.0
308003514,40.602656,-74.165337,HARRASSMENT 2,"HARASSMENT,SUBD 3,4,5",2025-06-08T00:00:00.000,nypd_complaints,2025-06-08 00:00:00,Sunday,0,6,3.0
307187318,40.6381043,-74.0032536,DANGEROUS WEAPONS,"WEAPONS, POSSESSION, ETC",2025-05-28T00:00:00.000,nypd_complaints,2025-05-28 00:00:00,Wednesday,0,5,7.0
305956834,40.66794525,-73.99072505,GRAND LARCENY OF MOTOR VEHICLE,"LARCENY, GRAND OF MOPED",2025-05-06T00:00:00.000,nypd_complaints,2025-05-06 00:00:00,Tuesday,0,5,5.0
303653472,40.603397,-74.010267,GRAND LARCENY,"LARCENY,GRAND OF VEHICULAR/MOTORCYCLE ACCESSORIES",2025-03-25T00:00:00.000,nypd_complaints,2025-03-25 00:00:00,Tuesday,0,3,5.0
303369177,40.73107,-73.99627,DANGEROUS DRUGS,"CONTROLLED SUBSTANCE,SALE 3",2025-03-21T00:00:00.000,nypd_complaints,2025-03-21 00:00:00,Friday,0,3,4.0
308480092,40.515939,-74.21199,HARRASSMENT 2,"HARASSMENT,SUBD 3,4,5",2025-06-21T00:00:00.000,nypd_complaints,2025-06-21 00:00:00,Saturday,0,6,3.0
300740674,40.551608,-74.215906,HARRASSMENT 2,"HARASSMENT,SUBD 3,4,5",2025-02-07T00:00:00.000,nypd_complaints,2025-02-07 00:00:00,Friday,0,2,3.0
305161097,40.633108,-74.156363,CRIMINAL TRESPASS,"TRESPASS 2, CRIMINAL",2025-04-22T00:00:00.000,nypd_complaints,2025-04-22 00:00:00,Tuesday,0,4,3.0
304661543,40.63793972,-74.13049704,DANGEROUS WEAPONS,"WEAPONS, POSSESSION, ETC",2025-04-13T00:00:00.000,nypd_complaints,2025-04-13 00:00:00,Sunday,0,4,7.0
308290767,40.702484,-74.008547,ROBBERY,"ROBBERY,PERSONAL ELECTRONIC DEVICE",2025-06-18T00:00:00.000,nypd_complaints,2025-06-18 00:00:00,Wednesday,0,6,7.0
305207112,40.628171,-74.11699,HARRASSMENT 2,"HARASSMENT,SUBD 1,CIVILIAN",2025-01-31T00:00:00.000,nypd_complaints,2025-01-31 00:00:00,Friday,0,1,3.0
300723802,40.717568,-73.994143,GRAND LARCENY OF MOTOR VEHICLE,"LARCENY,GRAND OF AUTO",2025-02-07T00:00:00.000,nypd_complaints,2025-02-07 00:00:00,Friday,0,2,5.0
298730371,40.633878,-74.132365,GRAND LARCENY,"LARCENY,GRAND FROM OPEN AREAS, UNATTENDED",2024-12-30T00:00:00.000,nypd_complaints,2024-12-30 00:00:00,Monday,0,12,5.0
300483562,40.711953,-73.989854,DANGEROUS WEAPONS,"WEAPONS, POSSESSION, ETC",2025-02-03T00:00:00.000,nypd_complaints,2025-02-03 00:00:00,Monday,0,2,7.0
307627082,40.549662,-74.166386,ASSAULT 3 & RELATED OFFENSES,OBSTR BREATH/CIRCUL,2025-06-05T00:00:00.000,nypd_complaints,2025-06-05 00:00:00,Thursday,0,6,6.0
304796446,40.593959,-74.184675,HARRASSMENT 2,"HARASSMENT,SUBD 3,4,5",2025-04-15T00:00:00.000,nypd_complaints,2025-04-15 00:00:00,Tuesday,0,4,3.0
299591515,40.62736686710896,-74.16655934062803,DANGEROUS DRUGS,"CONTROLLED SUBSTANCE, POSSESSI",2025-01-17T00:00:00.000,nypd_complaints,2025-01-17 00:00:00,Friday,0,1,4.0
303191306,40.574166,-74.118015,HARRASSMENT 2,"HARASSMENT,SUBD 1,CIVILIAN",2025-03-19T00:00:00.000,nypd_complaints,2025-03-19 00:00:00,Wednesday,0,3,3.0
305558657,40.566231,-74.114035,HARRASSMENT 2,"HARASSMENT,SUBD 1,CIVILIAN",2025-04-29T00:00:00.000,nypd_complaints,2025-04-29 00:00:00,Tuesday,0,4,3.0
302692738,40.662242,-73.999446,GRAND LARCENY OF MOTOR VEHICLE,"LARCENY,GRAND OF AUTO",2025-03-11T00:00:00.000,nypd_complaints,2025-03-11 00:00:00,Tuesday,0,3,5.0
305709144,40.640055,-74.086121,FELONY ASSAULT,"ASSAULT 2,1,UNCLASSIFIED",2025-05-01T00:00:00.000,nypd_complaints,2025-05-01 00:00:00,Thursday,0,5,8.0
304255729,40.64143514,-74.01781464,DANGEROUS WEAPONS,"WEAPONS, POSSESSION, ETC",2025-04-05T00:00:00.000,nypd_complaints,2025-04-05 00:00:00,Saturday,0,4,7.0
302738892,40.736356,-73.99337,ROBBERY,"ROBBERY,NECKCHAIN/JEWELRY",2025-03-13T00:00:00.000,nypd_complaints,2025-03-13 00:00:00,Thursday,0,3,7.0
307594869,40.70764,-74.01148,GRAND LARCENY,"LARCENY,GRAND FROM BUILDING (NON-RESIDENCE) UNATTENDED",2025-06-04T00:00:00.000,nypd_complaints,2025-06-04 00:00:00,Wednesday,0,6,5.0
301566493,40.62964716622115,-74.01069987123932,GRAND LARCENY,"LARCENY,GRAND OF VEHICULAR/MOTORCYCLE ACCESSORIES",2025-02-24T00:00:00.000,nypd_complaints,2025-02-24 00:00:00,Monday,0,2,5.0
306156027,40.64926973,-74.00966514,CRIMINAL TRESPASS,"TRESPASS 2, CRIMINAL",2025-05-09T00:00:00.000,nypd_complaints,2025-05-09 00:00:00,Friday,0,5,3.0
305332079,40.633106,-74.086447,ASSAULT 3 & RELATED OFFENSES,"MENACING,UNCLASSIFIED",2025-04-25T00:00:00.000,nypd_complaints,2025-04-25 00:00:00,Friday,0,4,6.0
300956077,40.634018,-74.166262,DANGEROUS WEAPONS,WEAPONS POSSESSION 3,2025-02-12T00:00:00.000,nypd_complaints,2025-02-12 00:00:00,Wednesday,0,2,7.0
302187158,40.60571545108232,-74.00919066776393,DANGEROUS DRUGS,"CONTROLLED SUBSTANCE,POSSESS.",2025-03-06T00:00:00.000,nypd_complaints,2025-03-06 00:00:00,Thursday,0,3,4.0
303647348,40.587186,-74.164528,HARRASSMENT 2,"HARASSMENT,SUBD 1,CIVILIAN",2025-03-25T00:00:00.000,nypd_complaints,2025-03-25 00:00:00,Tuesday,0,3,3.0
299940186,40.645005,-74.077265,DANGEROUS DRUGS,"CONTROLLED SUBSTANCE,SALE 3",2025-01-23T00:00:00.000,nypd_complaints,2025-01-23 00:00:00,Thursday,0,1,4.0
300399854,40.67051,-74.009096,CRIMINAL TRESPASS,"TRESPASS 3, CRIMINAL",2025-02-01T00:00:00.000,nypd_complaints,2025-02-01 00:00:00,Saturday,0,2,3.0
306022902,40.601088,-74.131204,GRAND LARCENY,"LARCENY,GRAND BY FALSE PROMISE-NOT IN PERSON CONTACT",2025-04-18T00:00:00.000,nypd_complaints,2025-04-18 00:00:00,Friday,0,4,5.0
300044216,40.60829366957206,-74.13717390870428,DANGEROUS WEAPONS,WEAPONS POSSESSION 3,2025-01-26T00:00:00.000,nypd_complaints,2025-01-26 00:00:00,Sunday,0,1,7.0
300049470,40.612615,-74.083123,HARRASSMENT 2,"HARASSMENT,SUBD 1,CIVILIAN",2025-01-25T00:00:00.000,nypd_complaints,2025-01-25 00:00:00,Saturday,0,1,3.0
302325369,40.55464096447214,-74.14607107791586,DANGEROUS WEAPONS,WEAPONS POSSESSION 3,2025-03-10T00:00:00.000,nypd_complaints,2025-03-10 00:00:00,Monday,0,3,7.0
306416996,40.75099078,-73.99062326,DANGEROUS WEAPONS,"WEAPONS, POSSESSION, ETC",2025-05-14T00:00:00.000,nypd_complaints,2025-05-14 00:00:00,Wednesday,0,5,7.0
301658218,40.615478,-74.081664,HARRASSMENT 2,"HARASSMENT,SUBD 1,CIVILIAN",2025-02-25T00:00:00.000,nypd_complaints,2025-02-25 00:00:00,Tuesday,0,2,3.0
302183962,40.7204418884676,-74.0067439741913,SEX CRIMES,"SEXUAL ABUSE 3,2",2025-02-28T00:00:00.000,nypd_complaints,2025-02-28 00:00:00,Friday,0,2,8.0
307995318,40.639689,-74.07744,GRAND LARCENY OF MOTOR VEHICLE,"LARCENY, GRAND OF MOPED",2025-06-12T00:00:00.000,nypd_complaints,2025-06-12 00:00:00,Thursday,0,6,5.0
301513716,40.6258375452829,-73.9909448942322,SEX CRIMES,"SEXUAL ABUSE 3,2",2025-02-22T00:00:00.000,nypd_complaints,2025-02-22 00:00:00,Saturday,0,2,8.0
299089578,40.502524,-74.246624,HARRASSMENT 2,"HARASSMENT,SUBD 3,4,5",2025-01-07T00:00:00.000,nypd_complaints,2025-01-07 00:00:00,Tuesday,0,1,3.0
303583471,40.638604,-74.006334,GRAND LARCENY,"LARCENY,GRAND BY THEFT OF CREDIT CARD",2025-03-23T00:00:00.000,nypd_complaints,2025-03-23 00:00:00,Sunday,0,3,5.0
303792687,40.51387484,-74.23666934,GRAND LARCENY,"LARCENY,GRAND BY FALSE PROMISE-IN PERSON CONTACT",2025-03-28T00:00:00.000,nypd_complaints,2025-03-28 00:00:00,Friday,0,3,5.0
299710462,40.63917616665099,-74.12182303788887,DANGEROUS DRUGS,"CONTROLLED SUBSTANCE,SALE 1",2025-01-20T00:00:00.000,nypd_complaints,2025-01-20 00:00:00,Monday,0,1,4.0
299488239,40.7265156408036,-73.9882902437563,SEX CRIMES,"SEXUAL ABUSE 3,2",2025-01-15T00:00:00.000,nypd_complaints,2025-01-15 00:00:00,Wednesday,0,1,8.0
301806121,40.55976,-74.17583,ASSAULT 3 & RELATED OFFENSES,ASSAULT 3,2025-02-28T00:00:00.000,nypd_complaints,2025-02-28 00:00:00,Friday,0,2,6.0
306797479,40.643737,-74.072799,FELONY ASSAULT,ASSAULT POLICE/PEACE OFFICER,2025-03-06T00:00:00.000,nypd_complaints,2025-03-06 00:00:00,Thursday,0,3,8.0
303453788,40.527808,-74.232404,BURGLARY,"BURGLARY,COMMERCIAL,NIGHT",2025-03-22T00:00:00.000,nypd_complaints,2025-03-22 00:00:00,Saturday,0,3,6.0
304526766,40.715957,-73.997353,DANGEROUS DRUGS,"CONTROLLED SUBSTANCE,SALE 3",2025-04-10T00:00:00.000,nypd_complaints,2025-04-10 00:00:00,Thursday,0,4,4.0
307814862,40.618301,-74.033174,GRAND LARCENY,"LARCENY,GRAND BY THEFT OF CREDIT CARD",2025-06-04T00:00:00.000,nypd_complaints,2025-06-04 00:00:00,Wednesday,0,6,5.0
307682505,40.645005,-74.077265,ROBBERY,"ROBBERY,PERSONAL ELECTRONIC DEVICE",2025-06-06T00:00:00.000,nypd_complaints,2025-06-06 00:00:00,Friday,0,6,7.0
301553796,40.511761,-74.230759,HARRASSMENT 2,"HARASSMENT,SUBD 3,4,5",2025-02-22T00:00:00.000,nypd_complaints,2025-02-22 00:00:00,Saturday,0,2,3.0
299480091,40.7265156408036,-73.9882902437563,SEX CRIMES,"SEXUAL ABUSE 3,2",2025-01-15T00:00:00.000,nypd_complaints,2025-01-15 00:00:00,Wednesday,0,1,8.0
303658368,40.613725,-74.084819,GRAND LARCENY,"LARCENY,GRAND FROM OPEN AREAS, UNATTENDED",2025-03-20T00:00:00.000,nypd_complaints,2025-03-20 00:00:00,Thursday,0,3,5.0
304194347,40.527808,-74.232404,BURGLARY,"BURGLARY,COMMERCIAL,DAY",2025-04-04T00:00:00.000,nypd_complaints,2025-04-04 00:00:00,Friday,0,4,6.0
300412082,40.632842,-74.115496,HARRASSMENT 2,"HARASSMENT,SUBD 1,CIVILIAN",2025-01-30T00:00:00.000,nypd_complaints,2025-01-30 00:00:00,Thursday,0,1,3.0
308223068,40.678348,-73.994761,GRAND LARCENY,"LARCENY,GRAND BY THEFT OF CREDIT CARD",2025-06-17T00:00:00.000,nypd_complaints,2025-06-17 00:00:00,Tuesday,0,6,5.0
299543385,40.582314,-74.169068,BURGLARY,"BURGLARY,COMMERCIAL,NIGHT",2025-01-15T00:00:00.000,nypd_complaints,2025-01-15 00:00:00,Wednesday,0,1,6.0
304736679,40.651331,-74.010805,FELONY ASSAULT,ASSAULT POLICE/PEACE OFFICER,2024-08-11T00:00:00.000,nypd_complaints,2024-08-11 00:00:00,Sunday,0,8,8.0
304844626,40.63727492,-74.13099657,DANGEROUS DRUGS,"CONTROLLED SUBSTANCE, POSSESSI",2025-04-16T00:00:00.000,nypd_complaints,2025-04-16 00:00:00,Wednesday,0,4,4.0
303989406,40.622293,-74.149699,GRAND LARCENY,"LARCENY,GRAND BY FALSE PROMISE-NOT IN PERSON CONTACT",2025-03-30T00:00:00.000,nypd_complaints,2025-03-30 00:00:00,Sunday,0,3,5.0
307878556,40.613957,-73.99378,GRAND LARCENY,"LARCENY,GRAND FROM RESIDENCE/BUILDING,UNATTENDED, PACKAGE THEFT OUTSIDE",2025-06-10T00:00:00.000,nypd_complaints,2025-06-10 00:00:00,Tuesday,0,6,5.0
308101405,40.620278,-74.037899,GRAND LARCENY OF MOTOR VEHICLE,"LARCENY,GRAND OF AUTO",2025-06-14T00:00:00.000,nypd_complaints,2025-06-14 00:00:00,Saturday,0,6,5.0
306967174,40.680696,-73.996709,GRAND LARCENY,"LARCENY,GRAND FROM PERSON,UNCL",2025-05-24T00:00:00.000,nypd_complaints,2025-05-24 00:00:00,Saturday,0,5,5.0
299890604,40.692233421103055,-73.98729955552464,DANGEROUS WEAPONS,"WEAPONS, POSSESSION, ETC",2025-01-23T00:00:00.000,nypd_complaints,2025-01-23 00:00:00,Thursday,0,1,7.0
299234480,40.578194,-74.16965,GRAND LARCENY,"LARCENY,GRAND FROM STORE-SHOPL",2025-01-10T00:00:00.000,nypd_complaints,2025-01-10 00:00:00,Friday,0,1,5.0
307565191,40.6022161657077,-74.0029507988395,SEX CRIMES,"SEXUAL ABUSE 3,2",2025-03-04T00:00:00.000,nypd_complaints,2025-03-04 00:00:00,Tuesday,0,3,8.0
307075179,40.733406,-74.006352,GRAND LARCENY,"LARCENY,GRAND BY ACQUIRING LOS",2025-05-26T00:00:00.000,nypd_complaints,2025-05-26 00:00:00,Monday,0,5,5.0
308233111,40.72593145,-73.99464955,GRAND LARCENY,"LARCENY,GRAND BY THEFT OF CREDIT CARD",2025-06-17T00:00:00.000,nypd_complaints,2025-06-17 00:00:00,Tuesday,0,6,5.0
305468282,40.516428,-74.237949,ASSAULT 3 & RELATED OFFENSES,ASSAULT 3,2025-04-25T00:00:00.000,nypd_complaints,2025-04-25 00:00:00,Friday,0,4,6.0
307189424,40.581693,-74.158193,ASSAULT 3 & RELATED OFFENSES,ASSAULT 3,2025-05-28T00:00:00.000,nypd_complaints,2025-05-28 00:00:00,Wednesday,0,5,6.0
308417512,40.618814,-74.082328,ROBBERY,"ROBBERY,PERSONAL ELECTRONIC DEVICE",2025-06-21T00:00:00.000,nypd_complaints,2025-06-21 00:00:00,Saturday,0,6,7.0
299419870,40.722539,-74.010508,GRAND LARCENY OF MOTOR VEHICLE,"LARCENY,GRAND OF AUTO",2025-01-14T00:00:00.000,nypd_complaints,2025-01-14 00:00:00,Tuesday,0,1,5.0
308069903,40.55147,-74.145596,ASSAULT 3 & RELATED OFFENSES,OBSTR BREATH/CIRCUL,2025-06-14T00:00:00.000,nypd_complaints,2025-06-14 00:00:00,Saturday,0,6,6.0
301705067,40.636849,-74.084075,ASSAULT 3 & RELATED OFFENSES,"MENACING,UNCLASSIFIED",2025-02-26T00:00:00.000,nypd_complaints,2025-02-26 00:00:00,Wednesday,0,2,6.0
300222695,40.63768709503321,-73.9965194205655,DANGEROUS WEAPONS,"WEAPONS, POSSESSION, ETC",2025-01-29T00:00:00.000,nypd_complaints,2025-01-29 00:00:00,Wednesday,0,1,7.0
307343432,40.539579,-74.191235,HARRASSMENT 2,"HARASSMENT,SUBD 3,4,5",2025-05-31T00:00:00.000,nypd_complaints,2025-05-31 00:00:00,Saturday,0,5,3.0
301238266,40.739398,-74.007252,GRAND LARCENY,"LARCENY,GRAND FROM NIGHT CLUB, UNATTENDED",2025-02-15T00:00:00.000,nypd_complaints,2025-02-15 00:00:00,Saturday,0,2,5.0
300383372,40.5120382535219,-74.2497549524458,SEX CRIMES,"SEXUAL ABUSE 3,2",2025-01-31T00:00:00.000,nypd_complaints,2025-01-31 00:00:00,Friday,0,1,8.0
308201033,40.612726,-74.12746,GRAND LARCENY,"LARCENY,GRAND BY FALSE PROMISE-NOT IN PERSON CONTACT",2025-06-17T00:00:00.000,nypd_complaints,2025-06-17 00:00:00,Tuesday,0,6,5.0
304211261,40.628271,-74.134405,HARRASSMENT 2,"HARASSMENT,SUBD 1,CIVILIAN",2025-04-04T00:00:00.000,nypd_complaints,2025-04-04 00:00:00,Friday,0,4,3.0
302440935,40.592791,-74.153855,GRAND LARCENY,"LARCENY,GRAND BY FALSE PROMISE-NOT IN PERSON CONTACT",2024-12-25T00:00:00.000,nypd_complaints,2024-12-25 00:00:00,Wednesday,0,12,5.0
305320594,40.642324,-74.09191,HARRASSMENT 2,"HARASSMENT,SUBD 1,CIVILIAN",2025-04-24T00:00:00.000,nypd_complaints,2025-04-24 00:00:00,Thursday,0,4,3.0
306323050,40.563437,-74.110816,FELONY ASSAULT,STRANGULATION 1ST,2025-05-13T00:00:00.000,nypd_complaints,2025-05-13 00:00:00,Tuesday,0,5,8.0
303498775,40.635068,-74.140197,FELONY ASSAULT,"ASSAULT 2,1,UNCLASSIFIED",2025-03-23T00:00:00.000,nypd_complaints,2025-03-23 00:00:00,Sunday,0,3,8.0
305058635,40.528096,-74.237077,GRAND LARCENY,"LARCENY,GRAND FROM VEHICLE/MOTORCYCLE",2025-04-20T00:00:00.000,nypd_complaints,2025-04-20 00:00:00,Sunday,0,4,5.0
306128718,40.67696,-74.005629,DANGEROUS DRUGS,"CONTROLLED SUBSTANCE,SALE 3",2025-05-09T00:00:00.000,nypd_complaints,2025-05-09 00:00:00,Friday,0,5,4.0
308609214,40.6581577535544,-74.0004411548878,SEX CRIMES,"SEXUAL ABUSE 3,2",2025-06-25T00:00:00.000,nypd_complaints,2025-06-25 00:00:00,Wednesday,0,6,8.0
304402475,40.639549,-74.007143,GRAND LARCENY OF MOTOR VEHICLE,"LARCENY, GRAND OF MOPED",2025-04-08T00:00:00.000,nypd_complaints,2025-04-08 00:00:00,Tuesday,0,4,5.0
301309097,40.745672,-73.989623,ROBBERY,"ROBBERY,CAR JACKING",2025-02-18T00:00:00.000,nypd_complaints,2025-02-18 00:00:00,Tuesday,0,2,7.0
302767000,40.71843015224279,-74.00053029504515,DANGEROUS WEAPONS,"WEAPONS, POSSESSION, ETC",2025-03-13T00:00:00.000,nypd_complaints,2025-03-13 00:00:00,Thursday,0,3,7.0
301886969,40.598236,-74.082761,GRAND LARCENY OF MOTOR VEHICLE,"LARCENY,GRAND OF AUTO",2025-01-07T00:00:00.000,nypd_complaints,2025-01-07 00:00:00,Tuesday,0,1,5.0
307568652,40.614399,-74.106645,DANGEROUS DRUGS,"CONTROLLED SUBSTANCE, POSSESSI",2025-06-04T00:00:00.000,nypd_complaints,2025-06-04 00:00:00,Wednesday,0,6,4.0
304638583,40.729062,-73.999143,ROBBERY,"ROBBERY,PERSONAL ELECTRONIC DEVICE",2025-04-12T00:00:00.000,nypd_complaints,2025-04-12 00:00:00,Saturday,0,4,7.0
304045551,40.548583,-74.198595,ASSAULT 3 & RELATED OFFENSES,ASSAULT 3,2025-04-02T00:00:00.000,nypd_complaints,2025-04-02 00:00:00,Wednesday,0,4,6.0
307603884,40.73016,-74.00413,GRAND LARCENY,"LARCENY,GRAND FROM PERSON,UNCL",2025-06-04T00:00:00.000,nypd_complaints,2025-06-04 00:00:00,Wednesday,0,6,5.0
308685452,40.7426636084461,-73.9980491084798,SEX CRIMES,"SEXUAL ABUSE 3,2",2025-06-15T00:00:00.000,nypd_complaints,2025-06-15 00:00:00,Sunday,0,6,8.0
300222757,40.640755,-74.076748,DANGEROUS DRUGS,"CONTROLLED SUBSTANCE, SALE 5",2025-01-29T00:00:00.000,nypd_complaints,2025-01-29 00:00:00,Wednesday,0,1,4.0
306983396,40.7535327012632,-73.9945368920152,SEX CRIMES,"SEXUAL ABUSE 3,2",2025-05-24T00:00:00.000,nypd_complaints,2025-05-24 00:00:00,Saturday,0,5,8.0
305026403,40.567366,-74.112885,FELONY ASSAULT,"ASSAULT 2,1,UNCLASSIFIED",2025-04-19T00:00:00.000,nypd_complaints,2025-04-19 00:00:00,Saturday,0,4,8.0
308870365,40.7160120119955,-73.9973320301008,RAPE,RAPE 3,2025-06-26T00:00:00.000,nypd_complaints,2025-06-26 00:00:00,Thursday,0,6,9.0
303805315,40.62162791,-74.14167887,DANGEROUS WEAPONS,WEAPONS POSSESSION 3,2025-03-28T00:00:00.000,nypd_complaints,2025-03-28 00:00:00,Friday,0,3,7.0
299571355,40.638064,-74.166107,HARRASSMENT 2,"HARASSMENT,SUBD 3,4,5",2025-01-16T00:00:00.000,nypd_complaints,2025-01-16 00:00:00,Thursday,0,1,3.0
304185919,40.67035772,-73.98871321,ROBBERY,"ROBBERY,PERSONAL ELECTRONIC DEVICE",2025-04-04T00:00:00.000,nypd_complaints,2025-04-04 00:00:00,Friday,0,4,7.0
300744441,40.717596,-73.985352,DANGEROUS WEAPONS,"WEAPONS, POSSESSION, ETC",2025-02-07T00:00:00.000,nypd_complaints,2025-02-07 00:00:00,Friday,0,2,7.0
301824231,40.711466,-74.012218,CRIMINAL TRESPASS,"TRESPASS 3, CRIMINAL",2025-02-28T00:00:00.000,nypd_complaints,2025-02-28 00:00:00,Friday,0,2,3.0
307868956,40.541865,-74.20612,GRAND LARCENY,"LARCENY,GRAND FROM RESIDENCE/BUILDING,UNATTENDED, PACKAGE THEFT INSIDE",2025-06-09T00:00:00.000,nypd_complaints,2025-06-09 00:00:00,Monday,0,6,5.0
308446709,40.675575,-74.007261,DANGEROUS DRUGS,"CONTROLLED SUBSTANCE,POSSESS.",2025-06-21T00:00:00.000,nypd_complaints,2025-06-21 00:00:00,Saturday,0,6,4.0
308255721,40.561495,-74.173917,GRAND LARCENY OF MOTOR VEHICLE,"LARCENY,GRAND OF AUTO",2025-06-17T00:00:00.000,nypd_complaints,2025-06-17 00:00:00,Tuesday,0,6,5.0
307373690,40.75723226,-73.98979219,DANGEROUS WEAPONS,"WEAPONS, POSSESSION, ETC",2025-06-01T00:00:00.000,nypd_complaints,2025-06-01 00:00:00,Sunday,0,6,7.0
305604672,40.63316257,-74.01638571,FELONY ASSAULT,ASSAULT POLICE/PEACE OFFICER,2025-04-30T00:00:00.000,nypd_complaints,2025-04-30 00:00:00,Wednesday,0,4,8.0
307871681,40.656813,-74.007017,GRAND LARCENY,"LARCENY,GRAND BY BANK ACCT COMPROMISE-UNCLASSIFIED",2025-05-20T00:00:00.000,nypd_complaints,2025-05-20 00:00:00,Tuesday,0,5,5.0
300114801,40.527713,-74.162348,BURGLARY,"BURGLARY,RESIDENCE,UNKNOWN TIM",2025-01-22T00:00:00.000,nypd_complaints,2025-01-22 00:00:00,Wednesday,0,1,6.0
307594938,40.694389,-73.987196,DANGEROUS WEAPONS,"WEAPONS, POSSESSION, ETC",2025-06-05T00:00:00.000,nypd_complaints,2025-06-05 00:00:00,Thursday,0,6,7.0
306506920,40.6388651705916,-74.0227120876572,SEX CRIMES,"SEXUAL ABUSE 3,2",2025-05-15T00:00:00.000,nypd_complaints,2025-05-15 00:00:00,Thursday,0,5,8.0
299320926,40.527587,-74.176785,HARRASSMENT 2,"HARASSMENT,SUBD 1,CIVILIAN",2025-01-12T00:00:00.000,nypd_complaints,2025-01-12 00:00:00,Sunday,0,1,3.0
300934793,40.504267,-74.251845,FELONY ASSAULT,"ASSAULT 2,1,UNCLASSIFIED",2025-02-11T00:00:00.000,nypd_complaints,2025-02-11 00:00:00,Tuesday,0,2,8.0
300070944,40.6497394853907,-73.99830624446479,GRAND LARCENY OF MOTOR VEHICLE,"LARCENY,GRAND OF AUTO",2025-01-24T00:00:00.000,nypd_complaints,2025-01-24 00:00:00,Friday,0,1,5.0
308159651,40.502162,-74.248395,HARRASSMENT 2,"HARASSMENT,SUBD 3,4,5",2025-06-15T00:00:00.000,nypd_complaints,2025-06-15 00:00:00,Sunday,0,6,3.0
303847851,40.705373,-74.007672,GRAND LARCENY,"LARCENY,GRAND BY ACQUIRING LOS",2025-03-29T00:00:00.000,nypd_complaints,2025-03-29 00:00:00,Saturday,0,3,5.0
306885982,40.73521404,-73.99171521,DANGEROUS WEAPONS,"WEAPONS, POSSESSION, ETC",2025-05-22T00:00:00.000,nypd_complaints,2025-05-22 00:00:00,Thursday,0,5,7.0
300971087,40.613671,-74.158144,GRAND LARCENY,"LARCENY,GRAND FROM RESIDENCE, UNATTENDED",2025-02-05T00:00:00.000,nypd_complaints,2025-02-05 00:00:00,Wednesday,0,2,5.0
305523197,40.634018,-74.166262,HARRASSMENT 2,"HARASSMENT,SUBD 3,4,5",2025-04-29T00:00:00.000,nypd_complaints,2025-04-29 00:00:00,Tuesday,0,4,3.0
301268350,40.641632,-74.086754,HARRASSMENT 2,"HARASSMENT,SUBD 1,CIVILIAN",2025-02-13T00:00:00.000,nypd_complaints,2025-02-13 00:00:00,Thursday,0,2,3.0
301864348,40.584269,-74.08752,FELONY ASSAULT,"ASSAULT 2,1,UNCLASSIFIED",2025-02-28T00:00:00.000,nypd_complaints,2025-02-28 00:00:00,Friday,0,2,8.0
307613247,40.75438,-73.995587,GRAND LARCENY,"LARCENY,GRAND FROM NIGHT CLUB, UNATTENDED",2025-06-05T00:00:00.000,nypd_complaints,2025-06-05 00:00:00,Thursday,0,6,5.0
300875131,40.541337,-74.162926,HARRASSMENT 2,"HARASSMENT,SUBD 1,CIVILIAN",2025-01-15T00:00:00.000,nypd_complaints,2025-01-15 00:00:00,Wednesday,0,1,3.0
299608006,40.7535327012632,-73.9945368920152,SEX CRIMES,"SEXUAL ABUSE 3,2",2025-01-15T00:00:00.000,nypd_complaints,2025-01-15 00:00:00,Wednesday,0,1,8.0
300905483,40.562212,-74.179571,HARRASSMENT 2,"HARASSMENT,SUBD 3,4,5",2025-02-10T00:00:00.000,nypd_complaints,2025-02-10 00:00:00,Monday,0,2,3.0
308601887,40.635487,-74.163,HARRASSMENT 2,"HARASSMENT,SUBD 3,4,5",2025-06-22T00:00:00.000,nypd_complaints,2025-06-22 00:00:00,Sunday,0,6,3.0
307470394,40.636388,-74.134527,DANGEROUS WEAPONS,WEAPONS POSSESSION 3,2025-06-03T00:00:00.000,nypd_complaints,2025-06-03 00:00:00,Tuesday,0,6,7.0
308595148,40.76911688,-73.98855929,ROBBERY,"ROBBERY,PERSONAL ELECTRONIC DEVICE",2025-06-25T00:00:00.000,nypd_complaints,2025-06-25 00:00:00,Wednesday,0,6,7.0
298807804,40.629533,-74.00501,GRAND LARCENY OF MOTOR VEHICLE,"LARCENY, GRAND OF MOPED",2025-01-01T00:00:00.000,nypd_complaints,2025-01-01 00:00:00,Wednesday,0,1,5.0
307739765,40.582314,-74.169068,ROBBERY,"ROBBERY,BEGIN AS SHOPLIFTING",2025-06-08T00:00:00.000,nypd_complaints,2025-06-08 00:00:00,Sunday,0,6,7.0
302726351,40.558188,-74.168295,DANGEROUS DRUGS,"CONTROLLED SUBSTANCE,SALE 2",2025-03-13T00:00:00.000,nypd_complaints,2025-03-13 00:00:00,Thursday,0,3,4.0
306613931,40.540637,-74.176611,ASSAULT 3 & RELATED OFFENSES,ASSAULT 3,2025-05-18T00:00:00.000,nypd_complaints,2025-05-18 00:00:00,Sunday,0,5,6.0
300122576,40.548583,-74.198595,HARRASSMENT 2,"HARASSMENT,SUBD 3,4,5",2025-01-16T00:00:00.000,nypd_complaints,2025-01-16 00:00:00,Thursday,0,1,3.0
306559056,40.501892,-74.238186,ASSAULT 3 & RELATED OFFENSES,ASSAULT 3,2025-05-16T00:00:00.000,nypd_complaints,2025-05-16 00:00:00,Friday,0,5,6.0
306238766,40.67462615,-74.00771126,DANGEROUS DRUGS,"CONTROLLED SUBSTANCE,SALE 3",2025-05-11T00:00:00.000,nypd_complaints,2025-05-11 00:00:00,Sunday,0,5,4.0
300598999,40.587751,-74.193589,GRAND LARCENY OF MOTOR VEHICLE,"LARCENY,GRAND OF AUTO",2025-02-03T00:00:00.000,nypd_complaints,2025-02-03 00:00:00,Monday,0,2,5.0
299188561,40.75285463424627,-73.99297988521023,DANGEROUS DRUGS,"CONTROLLED SUBSTANCE,SALE 3",2025-01-09T00:00:00.000,nypd_complaints,2025-01-09 00:00:00,Thursday,0,1,4.0
299707509,40.602459,-74.127777,CRIMINAL TRESPASS,"TRESPASS 3, CRIMINAL",2025-01-19T00:00:00.000,nypd_complaints,2025-01-19 00:00:00,Sunday,0,1,3.0
305468005,40.670916,-73.98987,ROBBERY,"ROBBERY,CAR JACKING",2025-04-28T00:00:00.000,nypd_complaints,2025-04-28 00:00:00,Monday,0,4,7.0
305570297,40.64006582,-74.01556227,DANGEROUS DRUGS,"CONTROLLED SUBSTANCE, POSSESSI",2025-04-30T00:00:00.000,nypd_complaints,2025-04-30 00:00:00,Wednesday,0,4,4.0
303801114,40.644727,-74.081328,HARRASSMENT 2,"HARASSMENT,SUBD 1,CIVILIAN",2025-03-26T00:00:00.000,nypd_complaints,2025-03-26 00:00:00,Wednesday,0,3,3.0
302430329,40.606873,-74.092053,FELONY ASSAULT,"ASSAULT 2,1,UNCLASSIFIED",2024-12-09T00:00:00.000,nypd_complaints,2024-12-09 00:00:00,Monday,0,12,8.0
301667581,40.675857,-74.004293,DANGEROUS DRUGS,"CONTROLLED SUBSTANCE,SALE 3",2025-02-25T00:00:00.000,nypd_complaints,2025-02-25 00:00:00,Tuesday,0,2,4.0
306630957,40.746901,-73.997327,GRAND LARCENY,"LARCENY,GRAND BY THEFT OF CREDIT CARD",2025-05-18T00:00:00.000,nypd_complaints,2025-05-18 00:00:00,Sunday,0,5,5.0
301057787,40.714098,-74.009481,GRAND LARCENY,"LARCENY,GRAND FROM PERSON,UNCL",2025-02-13T00:00:00.000,nypd_complaints,2025-02-13 00:00:00,Thursday,0,2,5.0
299411498,40.604088,-74.167604,HARRASSMENT 2,"HARASSMENT,SUBD 3,4,5",2025-01-14T00:00:00.000,nypd_complaints,2025-01-14 00:00:00,Tuesday,0,1,3.0
308187864,40.527893,-74.227218,HARRASSMENT 2,"HARASSMENT,SUBD 3,4,5",2025-05-24T00:00:00.000,nypd_complaints,2025-05-24 00:00:00,Saturday,0,5,3.0
305145173,40.582314,-74.169068,HARRASSMENT 2,"HARASSMENT,SUBD 3,4,5",2025-04-21T00:00:00.000,nypd_complaints,2025-04-21 00:00:00,Monday,0,4,3.0
305197711,40.749638,-73.99903996,GRAND LARCENY OF MOTOR VEHICLE,"LARCENY,GRAND OF AUTO",2025-04-22T00:00:00.000,nypd_complaints,2025-04-22 00:00:00,Tuesday,0,4,5.0
306412993,40.54592,-74.195678,ASSAULT 3 & RELATED OFFENSES,ASSAULT 3,2025-05-14T00:00:00.000,nypd_complaints,2025-05-14 00:00:00,Wednesday,0,5,6.0
308776022,40.548052,-74.210931,FELONY ASSAULT,"ASSAULT 2,1,UNCLASSIFIED",2025-06-28T00:00:00.000,nypd_complaints,2025-06-28 00:00:00,Saturday,0,6,8.0
303606949,40.7160120119955,-73.9973320301008,SEX CRIMES,"SEXUAL ABUSE 3,2",2025-03-25T00:00:00.000,nypd_complaints,2025-03-25 00:00:00,Tuesday,0,3,8.0
299987818,40.560676,-74.169825,HARRASSMENT 2,"HARASSMENT,SUBD 3,4,5",2025-01-23T00:00:00.000,nypd_complaints,2025-01-23 00:00:00,Thursday,0,1,3.0
305762411,40.569629,-74.108186,HARRASSMENT 2,"HARASSMENT,SUBD 1,CIVILIAN",2025-05-02T00:00:00.000,nypd_complaints,2025-05-02 00:00:00,Friday,0,5,3.0
299660685,40.519589,-74.198534,GRAND LARCENY,"LARCENY,GRAND BY BANK ACCT COMPROMISE-UNCLASSIFIED",2024-11-28T00:00:00.000,nypd_complaints,2024-11-28 00:00:00,Thursday,0,11,5.0
305320545,40.710822,-74.00604,GRAND LARCENY,"LARCENY,GRAND BY THEFT OF CREDIT CARD",2025-04-24T00:00:00.000,nypd_complaints,2025-04-24 00:00:00,Thursday,0,4,5.0
301704607,40.743774,-74.007025,DANGEROUS DRUGS,"CONTROLLED SUBSTANCE,POSSESS.",2024-10-03T00:00:00.000,nypd_complaints,2024-10-03 00:00:00,Thursday,0,10,4.0
301351921,40.716345,-74.001252,FELONY ASSAULT,ASSAULT OTHER PUBLIC SERVICE EMPLOYEE,2025-02-19T00:00:00.000,nypd_complaints,2025-02-19 00:00:00,Wednesday,0,2,8.0
307682506,40.60815413,-74.13210631,DANGEROUS WEAPONS,"WEAPONS, POSSESSION, ETC",2025-06-07T00:00:00.000,nypd_complaints,2025-06-07 00:00:00,Saturday,0,6,7.0
308169170,40.75723226,-73.98979219,DANGEROUS WEAPONS,"WEAPONS, POSSESSION, ETC",2025-06-17T00:00:00.000,nypd_complaints,2025-06-17 00:00:00,Tuesday,0,6,7.0
303626297,40.530239,-74.164779,HARRASSMENT 2,"HARASSMENT,SUBD 1,CIVILIAN",2025-03-22T00:00:00.000,nypd_complaints,2025-03-22 00:00:00,Saturday,0,3,3.0
304529544,40.606247,-74.086984,GRAND LARCENY,"LARCENY,GRAND BY FALSE PROMISE-IN PERSON CONTACT",2025-04-09T00:00:00.000,nypd_complaints,2025-04-09 00:00:00,Wednesday,0,4,5.0
300450410,40.615478,-74.081664,DANGEROUS WEAPONS,"WEAPONS, POSSESSION, ETC",2025-02-03T00:00:00.000,nypd_complaints,2025-02-03 00:00:00,Monday,0,2,7.0
301799626,40.607605,-74.121046,ROBBERY,"ROBBERY,PUBLIC PLACE INSIDE",2025-02-27T00:00:00.000,nypd_complaints,2025-02-27 00:00:00,Thursday,0,2,7.0
299504092,40.551475,-74.167277,BURGLARY,"BURGLARY,RESIDENCE,DAY",2025-01-15T00:00:00.000,nypd_complaints,2025-01-15 00:00:00,Wednesday,0,1,6.0
303692946,40.725222,-73.998097,GRAND LARCENY,"LARCENY,GRAND BY THEFT OF CREDIT CARD",2025-03-26T00:00:00.000,nypd_complaints,2025-03-26 00:00:00,Wednesday,0,3,5.0
300633157,40.637768,-74.076477,DANGEROUS DRUGS,"CONTROLLED SUBSTANCE, SALE 5",2025-02-05T00:00:00.000,nypd_complaints,2025-02-05 00:00:00,Wednesday,0,2,4.0
307044610,40.733951,-74.002879,GRAND LARCENY,"LARCENY,GRAND FROM NIGHT CLUB, UNATTENDED",2025-05-25T00:00:00.000,nypd_complaints,2025-05-25 00:00:00,Sunday,0,5,5.0
298939181,40.595654219705686,-74.08215263336085,GRAND LARCENY OF MOTOR VEHICLE,"LARCENY,GRAND OF TRUCK",2025-01-03T00:00:00.000,nypd_complaints,2025-01-03 00:00:00,Friday,0,1,5.0
307581045,40.635791,-74.134243,ASSAULT 3 & RELATED OFFENSES,"MENACING,UNCLASSIFIED",2025-06-04T00:00:00.000,nypd_complaints,2025-06-04 00:00:00,Wednesday,0,6,6.0
308756234,40.7426636084461,-73.9980491084798,SEX CRIMES,"SEXUAL ABUSE 3,2",2025-06-28T00:00:00.000,nypd_complaints,2025-06-28 00:00:00,Saturday,0,6,8.0
303324746,40.583669,-74.159292,ASSAULT 3 & RELATED OFFENSES,ASSAULT 3,2025-03-20T00:00:00.000,nypd_complaints,2025-03-20 00:00:00,Thursday,0,3,6.0
308039466,40.536179,-74.20348,FELONY ASSAULT,ASSAULT POLICE/PEACE OFFICER,2025-06-13T00:00:00.000,nypd_complaints,2025-06-13 00:00:00,Friday,0,6,8.0
299706007,40.75710642,-73.99730006,ROBBERY,"ROBBERY,PERSONAL ELECTRONIC DEVICE",2025-01-19T00:00:00.000,nypd_complaints,2025-01-19 00:00:00,Sunday,0,1,7.0
306130484,40.7535327012632,-73.9945368920152,SEX CRIMES,"SEXUAL ABUSE 3,2",2025-05-09T00:00:00.000,nypd_complaints,2025-05-09 00:00:00,Friday,0,5,8.0
307288156,40.673327,-73.994851,DANGEROUS DRUGS,"CONTROLLED SUBSTANCE,SALE 3",2025-05-30T00:00:00.000,nypd_complaints,2025-05-30 00:00:00,Friday,0,5,4.0
301052441,40.599071,-74.093455,BURGLARY,"BURGLARY,TRUCK NIGHT",2025-02-12T00:00:00.000,nypd_complaints,2025-02-12 00:00:00,Wednesday,0,2,6.0
305692656,40.681373,-73.995277,GRAND LARCENY OF MOTOR VEHICLE,"LARCENY,GRAND OF AUTO",2025-04-29T00:00:00.000,nypd_complaints,2025-04-29 00:00:00,Tuesday,0,4,5.0
308167989,40.628459,-74.182289,HARRASSMENT 2,"HARASSMENT,SUBD 3,4,5",2025-06-15T00:00:00.000,nypd_complaints,2025-06-15 00:00:00,Sunday,0,6,3.0
300801689,40.636818,-74.118652,FELONY ASSAULT,"ASSAULT 2,1,UNCLASSIFIED",2025-02-09T00:00:00.000,nypd_complaints,2025-02-09 00:00:00,Sunday,0,2,8.0
306077964,40.603065,-74.162962,HARRASSMENT 2,"HARASSMENT,SUBD 3,4,5",2025-05-08T00:00:00.000,nypd_complaints,2025-05-08 00:00:00,Thursday,0,5,3.0
302320636,40.565106,-74.109518,FELONY ASSAULT,"ASSAULT 2,1,UNCLASSIFIED",2025-03-09T00:00:00.000,nypd_complaints,2025-03-09 00:00:00,Sunday,0,3,8.0
306559057,40.527808,-74.232404,BURGLARY,"BURGLARY,COMMERCIAL,DAY",2025-05-16T00:00:00.000,nypd_complaints,2025-05-16 00:00:00,Friday,0,5,6.0
307028186,40.628273,-74.120134,FELONY ASSAULT,STRANGULATION 1ST,2025-05-26T00:00:00.000,nypd_complaints,2025-05-26 00:00:00,Monday,0,5,8.0
307018762,40.595431,-74.164523,HARRASSMENT 2,"HARASSMENT,SUBD 3,4,5",2025-05-24T00:00:00.000,nypd_complaints,2025-05-24 00:00:00,Saturday,0,5,3.0
302808080,40.592831,-74.155739,ASSAULT 3 & RELATED OFFENSES,ASSAULT 3,2025-03-14T00:00:00.000,nypd_complaints,2025-03-14 00:00:00,Friday,0,3,6.0
302248786,40.623721,-74.085107,FELONY ASSAULT,"ASSAULT 2,1,UNCLASSIFIED",2025-03-08T00:00:00.000,nypd_complaints,2025-03-08 00:00:00,Saturday,0,3,8.0
305819716,40.74782367,-73.9966472,GRAND LARCENY OF MOTOR VEHICLE,"LARCENY,GRAND OF AUTO",2025-05-03T00:00:00.000,nypd_complaints,2025-05-03 00:00:00,Saturday,0,5,5.0
306595147,40.586628,-74.100936,FELONY ASSAULT,"ASSAULT 2,1,UNCLASSIFIED",2025-05-18T00:00:00.000,nypd_complaints,2025-05-18 00:00:00,Sunday,0,5,8.0
306246291,40.545348,-74.196386,HARRASSMENT 2,"HARASSMENT,SUBD 3,4,5",2025-05-11T00:00:00.000,nypd_complaints,2025-05-11 00:00:00,Sunday,0,5,3.0
298991270,40.631582,-74.086225,DANGEROUS DRUGS,"CONTROLLED SUBSTANCE,INTENT TO",2025-01-06T00:00:00.000,nypd_complaints,2025-01-06 00:00:00,Monday,0,1,4.0
306728399,40.73170654,-74.00095616,FELONY ASSAULT,ASSAULT OTHER PUBLIC SERVICE EMPLOYEE,2025-05-20T00:00:00.000,nypd_complaints,2025-05-20 00:00:00,Tuesday,0,5,8.0
306240813,40.735659,-74.002557,ROBBERY,"ROBBERY,PERSONAL ELECTRONIC DEVICE",2025-05-11T00:00:00.000,nypd_complaints,2025-05-11 00:00:00,Sunday,0,5,7.0
306927954,40.635599,-74.089992,FELONY ASSAULT,"ASSAULT 2,1,UNCLASSIFIED",2025-05-23T00:00:00.000,nypd_complaints,2025-05-23 00:00:00,Friday,0,5,8.0
303801085,40.675673,-74.006255,DANGEROUS DRUGS,"CONTROLLED SUBSTANCE,SALE 3",2025-03-28T00:00:00.000,nypd_complaints,2025-03-28 00:00:00,Friday,0,3,4.0
305713128,40.562075,-74.113282,HARRASSMENT 2,"HARASSMENT,SUBD 1,CIVILIAN",2025-05-01T00:00:00.000,nypd_complaints,2025-05-01 00:00:00,Thursday,0,5,3.0
301364062,40.5742856881925,-74.1059144051212,SEX CRIMES,"SEXUAL ABUSE 3,2",2024-11-15T00:00:00.000,nypd_complaints,2024-11-15 00:00:00,Friday,0,11,8.0
308003780,40.764149,-73.986614,ROBBERY,"ROBBERY,CAR JACKING",2025-06-13T00:00:00.000,nypd_complaints,2025-06-13 00:00:00,Friday,0,6,7.0
306818192,40.735706,-73.989666,GRAND LARCENY OF MOTOR VEHICLE,"LARCENY, GRAND OF MOPED",2025-05-19T00:00:00.000,nypd_complaints,2025-05-19 00:00:00,Monday,0,5,5.0
304279395,40.6388651705916,-74.0227120876572,SEX CRIMES,"SEXUAL ABUSE 3,2",2025-03-09T00:00:00.000,nypd_complaints,2025-03-09 00:00:00,Sunday,0,3,8.0
306476042,40.5702,-74.151173,GRAND LARCENY,"LARCENY,GRAND BY CREDIT CARD ACCT COMPROMISE-EXISTING ACCT",2025-03-28T00:00:00.000,nypd_complaints,2025-03-28 00:00:00,Friday,0,3,5.0
305684619,40.679447,-74.005383,GRAND LARCENY,"LARCENY,GRAND BY BANK ACCT COMPROMISE-UNCLASSIFIED",2025-04-29T00:00:00.000,nypd_complaints,2025-04-29 00:00:00,Tuesday,0,4,5.0
299980978,40.715526,-74.001238,GRAND LARCENY,"LARCENY,GRAND BY THEFT OF CREDIT CARD",2025-01-13T00:00:00.000,nypd_complaints,2025-01-13 00:00:00,Monday,0,1,5.0
301415901,40.620866,-74.160695,HARRASSMENT 2,"HARASSMENT,SUBD 1,CIVILIAN",2025-02-20T00:00:00.000,nypd_complaints,2025-02-20 00:00:00,Thursday,0,2,3.0
306681174,40.621406,-74.108004,FELONY ASSAULT,"ASSAULT 2,1,UNCLASSIFIED",2025-04-30T00:00:00.000,nypd_complaints,2025-04-30 00:00:00,Wednesday,0,4,8.0
305157125,40.632305,-74.160366,DANGEROUS DRUGS,"CONTROLLED SUBSTANCE,POSSESS.",2025-04-22T00:00:00.000,nypd_complaints,2025-04-22 00:00:00,Tuesday,0,4,4.0
307721426,40.585081,-74.104025,CRIMINAL TRESPASS,"TRESPASS 2, CRIMINAL",2025-06-07T00:00:00.000,nypd_complaints,2025-06-07 00:00:00,Saturday,0,6,3.0
305266728,40.68901916,-73.98615711,DANGEROUS WEAPONS,"WEAPONS, POSSESSION, ETC",2025-04-24T00:00:00.000,nypd_complaints,2025-04-24 00:00:00,Thursday,0,4,7.0
300050595,40.73754994191204,-74.00648805506913,ROBBERY,"ROBBERY,PERSONAL ELECTRONIC DEVICE",2025-01-26T00:00:00.000,nypd_complaints,2025-01-26 00:00:00,Sunday,0,1,7.0
306672007,40.634902,-74.143842,ASSAULT 3 & RELATED OFFENSES,"MENACING,UNCLASSIFIED",2025-05-18T00:00:00.000,nypd_complaints,2025-05-18 00:00:00,Sunday,0,5,6.0
307678492,40.63887868,-74.1326896,FELONY ASSAULT,"ASSAULT 2,1,UNCLASSIFIED",2025-06-06T00:00:00.000,nypd_complaints,2025-06-06 00:00:00,Friday,0,6,8.0
300215268,40.7535327012632,-73.9945368920152,SEX CRIMES,"SEXUAL ABUSE 3,2",2025-01-29T00:00:00.000,nypd_complaints,2025-01-29 00:00:00,Wednesday,0,1,8.0
301097915,40.617333,-74.116092,GRAND LARCENY,"LARCENY,GRAND BY OPEN CREDIT CARD (NEW ACCT)",2025-02-07T00:00:00.000,nypd_complaints,2025-02-07 00:00:00,Friday,0,2,5.0
304153230,40.59605589,-74.08828895,DANGEROUS DRUGS,"CONTROLLED SUBSTANCE, POSSESSI",2025-04-03T00:00:00.000,nypd_complaints,2025-04-03 00:00:00,Thursday,0,4,4.0
303807121,40.71436516,-74.00045451,GRAND LARCENY,"LARCENY,GRAND BY THEFT OF CREDIT CARD",2025-03-28T00:00:00.000,nypd_complaints,2025-03-28 00:00:00,Friday,0,3,5.0
308226409,40.527808,-74.232404,HARRASSMENT 2,"HARASSMENT,SUBD 3,4,5",2025-06-17T00:00:00.000,nypd_complaints,2025-06-17 00:00:00,Tuesday,0,6,3.0
304030418,40.624504,-74.106401,BURGLARY,"BURGLARY,TRUCK NIGHT",2025-04-01T00:00:00.000,nypd_complaints,2025-04-01 00:00:00,Tuesday,0,4,6.0
308744676,40.710589,-74.000827,GRAND LARCENY OF MOTOR VEHICLE,"LARCENY,GRAND OF AUTO",2025-06-10T00:00:00.000,nypd_complaints,2025-06-10 00:00:00,Tuesday,0,6,5.0
300492281,40.636748,-74.010055,GRAND LARCENY,"LARCENY,GRAND BY OPEN/COMPROMISE CELL PHONE ACCT",2025-01-13T00:00:00.000,nypd_complaints,2025-01-13 00:00:00,Monday,0,1,5.0
305467962,40.64204131,-74.02039478,DANGEROUS DRUGS,"CONTROLLED SUBSTANCE,POSSESS.",2025-04-28T00:00:00.000,nypd_complaints,2025-04-28 00:00:00,Monday,0,4,4.0
306752880,40.63602442,-74.13477006,DANGEROUS WEAPONS,WEAPONS POSSESSION 3,2025-05-21T00:00:00.000,nypd_complaints,2025-05-21 00:00:00,Wednesday,0,5,7.0
304526825,40.629317,-74.007029,GRAND LARCENY,"LARCENY,GRAND BY BANK ACCT COMPROMISE-UNCLASSIFIED",2025-02-11T00:00:00.000,nypd_complaints,2025-02-11 00:00:00,Tuesday,0,2,5.0
304997052,40.586404,-74.109648,GRAND LARCENY OF MOTOR VEHICLE,"LARCENY,GRAND OF AUTO",2025-04-19T00:00:00.000,nypd_complaints,2025-04-19 00:00:00,Saturday,0,4,5.0
307721351,40.744502,-73.991646,ROBBERY,"ROBBERY,PERSONAL ELECTRONIC DEVICE",2025-06-07T00:00:00.000,nypd_complaints,2025-06-07 00:00:00,Saturday,0,6,7.0
303104408,40.589853,-74.155073,FELONY ASSAULT,"ASSAULT 2,1,UNCLASSIFIED",2025-03-03T00:00:00.000,nypd_complaints,2025-03-03 00:00:00,Monday,0,3,8.0
302156878,40.609519,-74.0702,GRAND LARCENY OF MOTOR VEHICLE,"LARCENY,GRAND OF AUTO",2025-03-06T00:00:00.000,nypd_complaints,2025-03-06 00:00:00,Thursday,0,3,5.0
298713077,40.630936,-74.161746,ASSAULT 3 & RELATED OFFENSES,ASSAULT 3,2025-01-01T00:00:00.000,nypd_complaints,2025-01-01 00:00:00,Wednesday,0,1,6.0
299744592,40.626859,-74.16344,GRAND LARCENY,"LARCENY,GRAND FROM STORE-SHOPL",2025-01-20T00:00:00.000,nypd_complaints,2025-01-20 00:00:00,Monday,0,1,5.0
303508772,40.539304,-74.145115,FELONY ASSAULT,STRANGULATION 1ST,2025-03-23T00:00:00.000,nypd_complaints,2025-03-23 00:00:00,Sunday,0,3,8.0
306595066,40.75099078,-73.99062326,DANGEROUS WEAPONS,"WEAPONS, POSSESSION, ETC",2025-05-18T00:00:00.000,nypd_complaints,2025-05-18 00:00:00,Sunday,0,5,7.0
299629640,40.605199,-74.161567,FELONY ASSAULT,"ASSAULT 2,1,UNCLASSIFIED",2025-01-17T00:00:00.000,nypd_complaints,2025-01-17 00:00:00,Friday,0,1,8.0
298912635,40.638064,-74.166107,HARRASSMENT 2,"HARASSMENT,SUBD 3,4,5",2025-01-04T00:00:00.000,nypd_complaints,2025-01-04 00:00:00,Saturday,0,1,3.0
305356249,40.592789,-74.162987,ASSAULT 3 & RELATED OFFENSES,"MENACING,UNCLASSIFIED",2025-04-22T00:00:00.000,nypd_complaints,2025-04-22 00:00:00,Tuesday,0,4,6.0
303918003,40.709884,-74.008083,ROBBERY,"ROBBERY, CHAIN STORE",2025-03-30T00:00:00.000,nypd_complaints,2025-03-30 00:00:00,Sunday,0,3,7.0
307881925,40.60765512,-74.01702051,GRAND LARCENY OF MOTOR VEHICLE,"LARCENY,GRAND OF AUTO",2025-06-07T00:00:00.000,nypd_complaints,2025-06-07 00:00:00,Saturday,0,6,5.0
300634005,40.62459277988077,-74.1412853035682,ASSAULT 3 & RELATED OFFENSES,OBSTR BREATH/CIRCUL,2025-02-06T00:00:00.000,nypd_complaints,2025-02-06 00:00:00,Thursday,0,2,6.0
299282075,40.755358,-73.98931,ROBBERY,"ROBBERY,PERSONAL ELECTRONIC DEVICE",2025-01-11T00:00:00.000,nypd_complaints,2025-01-11 00:00:00,Saturday,0,1,7.0
300952235,40.606406,-74.120478,FELONY ASSAULT,"ASSAULT 2,1,UNCLASSIFIED",2025-02-12T00:00:00.000,nypd_complaints,2025-02-12 00:00:00,Wednesday,0,2,8.0
305945938,40.642769,-74.010966,GRAND LARCENY,"LARCENY,GRAND BY THEFT OF CREDIT CARD",2025-04-12T00:00:00.000,nypd_complaints,2025-04-12 00:00:00,Saturday,0,4,5.0
306164699,40.52671067,-74.17840919,HARRASSMENT 2,"HARASSMENT,SUBD 3,4,5",2025-05-09T00:00:00.000,nypd_complaints,2025-05-09 00:00:00,Friday,0,5,3.0
299929392,40.704493,-74.011565,GRAND LARCENY,"LARCENY,GRAND BY BANK ACCT COMPROMISE-REPRODUCED CHECK",2025-01-17T00:00:00.000,nypd_complaints,2025-01-17 00:00:00,Friday,0,1,5.0
304419243,40.613854,-74.034056,GRAND LARCENY,"LARCENY,GRAND BY OPEN/COMPROMISE CELL PHONE ACCT",2025-01-31T00:00:00.000,nypd_complaints,2025-01-31 00:00:00,Friday,0,1,5.0
299615294,40.725352,-74.009207,GRAND LARCENY,"LARCENY,GRAND BY BANK ACCT COMPROMISE-REPRODUCED CHECK",2024-12-15T00:00:00.000,nypd_complaints,2024-12-15 00:00:00,Sunday,0,12,5.0
306962439,40.545173,-74.220259,HARRASSMENT 2,"HARASSMENT,SUBD 1,CIVILIAN",2025-05-24T00:00:00.000,nypd_complaints,2025-05-24 00:00:00,Saturday,0,5,3.0
300873484,40.511586,-74.249303,HARRASSMENT 2,"HARASSMENT,SUBD 3,4,5",2025-02-08T00:00:00.000,nypd_complaints,2025-02-08 00:00:00,Saturday,0,2,3.0
299424644,40.638097,-74.080172,DANGEROUS DRUGS,"CONTROLLED SUBSTANCE,POSSESS.",2025-01-14T00:00:00.000,nypd_complaints,2025-01-14 00:00:00,Tuesday,0,1,4.0
303918660,40.569894,-74.111959,ROBBERY,"ROBBERY,DWELLING",2025-03-31T00:00:00.000,nypd_complaints,2025-03-31 00:00:00,Monday,0,3,7.0
302140299,40.641435145615965,-74.01781464949576,DANGEROUS WEAPONS,"WEAPONS, POSSESSION, ETC",2025-03-06T00:00:00.000,nypd_complaints,2025-03-06 00:00:00,Thursday,0,3,7.0
301143067,40.58675,-74.128616,GRAND LARCENY,"LARCENY,GRAND BY THEFT OF CREDIT CARD",2025-01-21T00:00:00.000,nypd_complaints,2025-01-21 00:00:00,Tuesday,0,1,5.0
301048828,40.637768,-74.076477,DANGEROUS DRUGS,"CONTROLLED SUBSTANCE,SALE 3",2025-02-13T00:00:00.000,nypd_complaints,2025-02-13 00:00:00,Thursday,0,2,4.0
302793857,40.59588626092714,-74.06233755172785,FELONY ASSAULT,ASSAULT POLICE/PEACE OFFICER,2024-08-14T00:00:00.000,nypd_complaints,2024-08-14 00:00:00,Wednesday,0,8,8.0
307568960,40.555058,-74.195375,HARRASSMENT 2,"HARASSMENT,SUBD 3,4,5",2025-06-04T00:00:00.000,nypd_complaints,2025-06-04 00:00:00,Wednesday,0,6,3.0
302219518,40.634094,-74.148107,GRAND LARCENY,"LARCENY,GRAND BY FALSE PROMISE-IN PERSON CONTACT",2025-02-05T00:00:00.000,nypd_complaints,2025-02-05 00:00:00,Wednesday,0,2,5.0
308442722,40.6022161657077,-74.0029507988395,SEX CRIMES,"SEXUAL ABUSE 3,2",2025-06-21T00:00:00.000,nypd_complaints,2025-06-21 00:00:00,Saturday,0,6,8.0
301596026,40.592739,-74.190829,ASSAULT 3 & RELATED OFFENSES,ASSAULT 3,2025-02-24T00:00:00.000,nypd_complaints,2025-02-24 00:00:00,Monday,0,2,6.0
307058795,40.619469,-74.027961,GRAND LARCENY,"LARCENY,GRAND FROM RESIDENCE/BUILDING,UNATTENDED, PACKAGE THEFT INSIDE",2025-05-22T00:00:00.000,nypd_complaints,2025-05-22 00:00:00,Thursday,0,5,5.0
301678038,40.575324,-74.169839,HARRASSMENT 2,"HARASSMENT,SUBD 3,4,5",2025-02-25T00:00:00.000,nypd_complaints,2025-02-25 00:00:00,Tuesday,0,2,3.0
308641483,40.611274,-74.088601,ROBBERY,"ROBBERY,PERSONAL ELECTRONIC DEVICE",2025-06-25T00:00:00.000,nypd_complaints,2025-06-25 00:00:00,Wednesday,0,6,7.0
300714775,40.725988,-73.996309,DANGEROUS DRUGS,"CONTROLLED SUBSTANCE,SALE 3",2025-02-07T00:00:00.000,nypd_complaints,2025-02-07 00:00:00,Friday,0,2,4.0
303658328,40.64342586,-74.01206416,DANGEROUS DRUGS,"CONTROLLED SUBSTANCE,SALE 3",2025-03-26T00:00:00.000,nypd_complaints,2025-03-26 00:00:00,Wednesday,0,3,4.0
306810798,40.638985,-74.171253,DANGEROUS WEAPONS,WEAPONS POSSESSION 3,2025-05-21T00:00:00.000,nypd_complaints,2025-05-21 00:00:00,Wednesday,0,5,7.0
308000417,40.503414,-74.242111,HARRASSMENT 2,"HARASSMENT,SUBD 3,4,5",2025-06-11T00:00:00.000,nypd_complaints,2025-06-11 00:00:00,Wednesday,0,6,3.0
303404125,40.60846658267614,-74.18256773741325,DANGEROUS DRUGS,"CONTROLLED SUBSTANCE, POSSESSI",2025-03-22T00:00:00.000,nypd_complaints,2025-03-22 00:00:00,Saturday,0,3,4.0
307022238,40.63625,-74.003192,GRAND LARCENY OF MOTOR VEHICLE,"LARCENY, GRAND OF MOPED",2025-05-25T00:00:00.000,nypd_complaints,2025-05-25 00:00:00,Sunday,0,5,5.0
304988177,40.614003,-74.001622,ROBBERY,"ROBBERY,PERSONAL ELECTRONIC DEVICE",2025-04-18T00:00:00.000,nypd_complaints,2025-04-18 00:00:00,Friday,0,4,7.0
306206212,40.71953,-73.99313,GRAND LARCENY,"LARCENY,GRAND FROM NIGHT CLUB, UNATTENDED",2025-05-10T00:00:00.000,nypd_complaints,2025-05-10 00:00:00,Saturday,0,5,5.0
300347807,40.502411,-74.23457,GRAND LARCENY,"LARCENY,GRAND BY CREDIT CARD ACCT COMPROMISE-EXISTING ACCT",2025-01-24T00:00:00.000,nypd_complaints,2025-01-24 00:00:00,Friday,0,1,5.0
301300856,40.7265156408036,-73.9882902437563,SEX CRIMES,"SEXUAL ABUSE 3,2",2025-02-18T00:00:00.000,nypd_complaints,2025-02-18 00:00:00,Tuesday,0,2,8.0
301586608,40.616333,-74.17234,GRAND LARCENY,"LARCENY,GRAND FROM BUILDING (NON-RESIDENCE) UNATTENDED",2025-02-24T00:00:00.000,nypd_complaints,2025-02-24 00:00:00,Monday,0,2,5.0
304683479,40.582314,-74.169068,ASSAULT 3 & RELATED OFFENSES,ASSAULT 3,2025-04-12T00:00:00.000,nypd_complaints,2025-04-12 00:00:00,Saturday,0,4,6.0
302998368,40.616846,-74.01462,GRAND LARCENY OF MOTOR VEHICLE,"LARCENY,GRAND OF AUTO",2025-03-17T00:00:00.000,nypd_complaints,2025-03-17 00:00:00,Monday,0,3,5.0
302287671,40.548386,-74.158213,HARRASSMENT 2,"HARASSMENT,SUBD 1,CIVILIAN",2025-03-08T00:00:00.000,nypd_complaints,2025-03-08 00:00:00,Saturday,0,3,3.0
304866798,40.575324,-74.169839,ASSAULT 3 & RELATED OFFENSES,ASSAULT 3,2025-04-16T00:00:00.000,nypd_complaints,2025-04-16 00:00:00,Wednesday,0,4,6.0
307335520,40.778809,-73.985214,ROBBERY,"ROBBERY,PERSONAL ELECTRONIC DEVICE",2025-05-31T00:00:00.000,nypd_complaints,2025-05-31 00:00:00,Saturday,0,5,7.0
307715485,40.57829,-74.167225,ROBBERY,"ROBBERY,CLOTHING",2025-06-07T00:00:00.000,nypd_complaints,2025-06-07 00:00:00,Saturday,0,6,7.0
298713003,40.677531,-73.993942,GRAND LARCENY OF MOTOR VEHICLE,"LARCENY,GRAND OF AUTO",2024-12-31T00:00:00.000,nypd_complaints,2024-12-31 00:00:00,Tuesday,0,12,5.0
301517726,40.733278,-73.999813,DANGEROUS DRUGS,"CONTROLLED SUBSTANCE,SALE 3",2025-02-22T00:00:00.000,nypd_complaints,2025-02-22 00:00:00,Saturday,0,2,4.0
301743117,40.633583415058986,-74.00796232666,DANGEROUS DRUGS,"CONTROLLED SUBSTANCE,POSSESS.",2025-02-25T00:00:00.000,nypd_complaints,2025-02-25 00:00:00,Tuesday,0,2,4.0
307943573,40.629369,-74.126283,GRAND LARCENY OF MOTOR VEHICLE,"LARCENY,GRAND OF AUTO",2025-06-11T00:00:00.000,nypd_complaints,2025-06-11 00:00:00,Wednesday,0,6,5.0
304289947,40.63715016,-74.129674,DANGEROUS DRUGS,"CONTROLLED SUBSTANCE, POSSESSI",2025-04-06T00:00:00.000,nypd_complaints,2025-04-06 00:00:00,Sunday,0,4,4.0
308050484,40.627145,-74.156634,ASSAULT 3 & RELATED OFFENSES,ASSAULT 3,2025-06-13T00:00:00.000,nypd_complaints,2025-06-13 00:00:00,Friday,0,6,6.0
308177760,40.637107,-74.087684,CRIMINAL TRESPASS,"TRESPASS 2, CRIMINAL",2025-06-16T00:00:00.000,nypd_complaints,2025-06-16 00:00:00,Monday,0,6,3.0
302699649,40.63887822628033,-74.00604248023302,DANGEROUS WEAPONS,"WEAPONS, POSSESSION, ETC",2025-03-13T00:00:00.000,nypd_complaints,2025-03-13 00:00:00,Thursday,0,3,7.0
306243792,40.75603526,-73.98694809,DANGEROUS WEAPONS,"WEAPONS, POSSESSION, ETC",2025-05-11T00:00:00.000,nypd_complaints,2025-05-11 00:00:00,Sunday,0,5,7.0
308671102,40.582314,-74.169068,HARRASSMENT 2,"HARASSMENT,SUBD 3,4,5",2025-05-19T00:00:00.000,nypd_complaints,2025-05-19 00:00:00,Monday,0,5,3.0
305630156,40.632798,-74.165219,ASSAULT 3 & RELATED OFFENSES,ASSAULT 3,2025-04-30T00:00:00.000,nypd_complaints,2025-04-30 00:00:00,Wednesday,0,4,6.0
299524869,40.604196,-74.120761,KIDNAPPING & RELATED OFFENSES,"IMPRISONMENT 1,UNLAWFUL",2025-01-16T00:00:00.000,nypd_complaints,2025-01-16 00:00:00,Thursday,0,1,9.0
308056942,40.572584,-74.112071,CRIMINAL TRESPASS,"TRESPASS 3, CRIMINAL",2025-06-14T00:00:00.000,nypd_complaints,2025-06-14 00:00:00,Saturday,0,6,3.0
299026899,40.54934,-74.216888,HARRASSMENT 2,"HARASSMENT,SUBD 3,4,5",2024-10-12T00:00:00.000,nypd_complaints,2024-10-12 00:00:00,Saturday,0,10,3.0
307044874,40.657396,-74.00122,GRAND LARCENY OF MOTOR VEHICLE,"LARCENY, GRAND OF MOPED",2025-05-25T00:00:00.000,nypd_complaints,2025-05-25 00:00:00,Sunday,0,5,5.0
305616200,40.63673589,-74.13428148,DANGEROUS DRUGS,"CONTROLLED SUBSTANCE, POSSESSI",2025-04-30T00:00:00.000,nypd_complaints,2025-04-30 00:00:00,Wednesday,0,4,4.0
304233573,40.581693,-74.158193,FELONY ASSAULT,"ASSAULT 2,1,UNCLASSIFIED",2025-04-05T00:00:00.000,nypd_complaints,2025-04-05 00:00:00,Saturday,0,4,8.0
301243712,40.547159,-74.174007,FELONY ASSAULT,STRANGULATION 1ST,2025-02-17T00:00:00.000,nypd_complaints,2025-02-17 00:00:00,Monday,0,2,8.0
300662863,40.590686,-74.158121,GRAND LARCENY,"LARCENY,GRAND FROM PERSON,UNCL",2025-02-06T00:00:00.000,nypd_complaints,2025-02-06 00:00:00,Thursday,0,2,5.0
305024263,40.562633,-74.115643,ASSAULT 3 & RELATED OFFENSES,"MENACING,UNCLASSIFIED",2025-04-19T00:00:00.000,nypd_complaints,2025-04-19 00:00:00,Saturday,0,4,6.0
301309449,40.623985,-74.081549,ROBBERY,"ROBBERY,RESIDENTIAL COMMON AREA",2025-02-18T00:00:00.000,nypd_complaints,2025-02-18 00:00:00,Tuesday,0,2,7.0
306821088,40.729974,-73.995687,ROBBERY,"ROBBERY,NECKCHAIN/JEWELRY",2025-05-21T00:00:00.000,nypd_complaints,2025-05-21 00:00:00,Wednesday,0,5,7.0
305627491,40.734327,-73.987484,DANGEROUS WEAPONS,"WEAPONS, POSSESSION, ETC",2025-04-30T00:00:00.000,nypd_complaints,2025-04-30 00:00:00,Wednesday,0,4,7.0
305348673,40.735912,-74.005545,GRAND LARCENY,"LARCENY,GRAND FROM RESIDENCE/BUILDING,UNATTENDED, PACKAGE THEFT INSIDE",2025-04-21T00:00:00.000,nypd_complaints,2025-04-21 00:00:00,Monday,0,4,5.0
307995323,40.511334,-74.236594,ASSAULT 3 & RELATED OFFENSES,ASSAULT 3,2025-06-12T00:00:00.000,nypd_complaints,2025-06-12 00:00:00,Thursday,0,6,6.0
303854858,40.720537,-74.007583,FELONY ASSAULT,ASSAULT POLICE/PEACE OFFICER,2025-03-29T00:00:00.000,nypd_complaints,2025-03-29 00:00:00,Saturday,0,3,8.0
305002381,40.7535327012632,-73.9945368920152,SEX CRIMES,"SEXUAL ABUSE 3,2",2025-04-19T00:00:00.000,nypd_complaints,2025-04-19 00:00:00,Saturday,0,4,8.0
308827593,40.713992,-74.007586,ROBBERY,"ROBBERY,CAR JACKING",2025-06-29T00:00:00.000,nypd_complaints,2025-06-29 00:00:00,Sunday,0,6,7.0
300197156,40.73292795993126,-74.00006494821498,DANGEROUS DRUGS,"CONTROLLED SUBSTANCE,SALE 3",2025-01-29T00:00:00.000,nypd_complaints,2025-01-29 00:00:00,Wednesday,0,1,4.0
304550628,40.73107,-73.99627,DANGEROUS DRUGS,"CONTROLLED SUBSTANCE,SALE 3",2025-04-10T00:00:00.000,nypd_complaints,2025-04-10 00:00:00,Thursday,0,4,4.0
301135574,40.625018,-74.147735,FELONY ASSAULT,"ASSAULT 2,1,UNCLASSIFIED",2025-02-15T00:00:00.000,nypd_complaints,2025-02-15 00:00:00,Saturday,0,2,8.0
306983890,40.62042,-74.134321,ROBBERY,"ROBBERY,RESIDENTIAL COMMON AREA",2025-05-25T00:00:00.000,nypd_complaints,2025-05-25 00:00:00,Sunday,0,5,7.0
304666029,40.638985,-74.171253,ASSAULT 3 & RELATED OFFENSES,ASSAULT 3,2025-04-12T00:00:00.000,nypd_complaints,2025-04-12 00:00:00,Saturday,0,4,6.0
300107772,40.567366,-74.112885,FELONY ASSAULT,ASSAULT POLICE/PEACE OFFICER,2025-01-27T00:00:00.000,nypd_complaints,2025-01-27 00:00:00,Monday,0,1,8.0
306961180,40.632305,-74.160366,ASSAULT 3 & RELATED OFFENSES,ASSAULT 3,2025-05-24T00:00:00.000,nypd_complaints,2025-05-24 00:00:00,Saturday,0,5,6.0
299057731,40.594906,-74.125394,FELONY ASSAULT,STRANGULATION 1ST,2025-01-07T00:00:00.000,nypd_complaints,2025-01-07 00:00:00,Tuesday,0,1,8.0
300990120,40.615493,-74.102798,HARRASSMENT 2,"HARASSMENT,SUBD 1,CIVILIAN",2025-02-12T00:00:00.000,nypd_complaints,2025-02-12 00:00:00,Wednesday,0,2,3.0
307926684,40.621551,-74.038983,GRAND LARCENY OF MOTOR VEHICLE,"LARCENY,GRAND OF AUTO",2025-06-10T00:00:00.000,nypd_complaints,2025-06-10 00:00:00,Tuesday,0,6,5.0
302444437,40.538907,-74.190915,HARRASSMENT 2,"HARASSMENT,SUBD 1,CIVILIAN",2025-03-10T00:00:00.000,nypd_complaints,2025-03-10 00:00:00,Monday,0,3,3.0
306942163,40.587393,-74.191043,HARRASSMENT 2,"HARASSMENT,SUBD 3,4,5",2025-05-23T00:00:00.000,nypd_complaints,2025-05-23 00:00:00,Friday,0,5,3.0
305108335,40.633486,-74.163425,ASSAULT 3 & RELATED OFFENSES,ASSAULT 3,2025-04-20T00:00:00.000,nypd_complaints,2025-04-20 00:00:00,Sunday,0,4,6.0
303841247,40.587186,-74.164528,FELONY ASSAULT,"ASSAULT 2,1,UNCLASSIFIED",2025-03-28T00:00:00.000,nypd_complaints,2025-03-28 00:00:00,Friday,0,3,8.0
305061961,40.7535327012632,-73.9945368920152,RAPE,RAPE 2,2025-03-24T00:00:00.000,nypd_complaints,2025-03-24 00:00:00,Monday,0,3,9.0
301057793,40.75219043401121,-73.99346359839569,DANGEROUS WEAPONS,"WEAPONS, POSSESSION, ETC",2025-02-13T00:00:00.000,nypd_complaints,2025-02-13 00:00:00,Thursday,0,2,7.0
301298089,40.639933,-74.008535,GRAND LARCENY,"LARCENY,GRAND BY OPEN/COMPROMISE CELL PHONE ACCT",2025-02-18T00:00:00.000,nypd_complaints,2025-02-18 00:00:00,Tuesday,0,2,5.0
303471424,40.60709644828815,-73.99924730043377,DANGEROUS WEAPONS,"WEAPONS, POSSESSION, ETC",2025-03-23T00:00:00.000,nypd_complaints,2025-03-23 00:00:00,Sunday,0,3,7.0
307424712,40.642585,-74.018226,DANGEROUS DRUGS,"CONTROLLED SUBSTANCE,POSSESS.",2025-06-02T00:00:00.000,nypd_complaints,2025-06-02 00:00:00,Monday,0,6,4.0
307606559,40.75723226,-73.98979219,DANGEROUS WEAPONS,"WEAPONS, POSSESSION, ETC",2025-06-05T00:00:00.000,nypd_complaints,2025-06-05 00:00:00,Thursday,0,6,7.0
300746764,40.674465,-74.00587,DANGEROUS DRUGS,"CONTROLLED SUBSTANCE,SALE 3",2025-02-07T00:00:00.000,nypd_complaints,2025-02-07 00:00:00,Friday,0,2,4.0
305356624,40.637516,-74.117605,FELONY ASSAULT,"ASSAULT 2,1,UNCLASSIFIED",2025-04-25T00:00:00.000,nypd_complaints,2025-04-25 00:00:00,Friday,0,4,8.0
303073545,40.63778217753459,-74.07694038166075,DANGEROUS DRUGS,"CONTROLLED SUBSTANCE,POSSESS.",2025-03-18T00:00:00.000,nypd_complaints,2025-03-18 00:00:00,Tuesday,0,3,4.0
305054326,40.729419,-74.001698,GRAND LARCENY OF MOTOR VEHICLE,"LARCENY,GRAND OF AUTO",2025-04-20T00:00:00.000,nypd_complaints,2025-04-20 00:00:00,Sunday,0,4,5.0
302289146,40.627726,-74.170389,HARRASSMENT 2,"HARASSMENT,SUBD 3,4,5",2025-03-07T00:00:00.000,nypd_complaints,2025-03-07 00:00:00,Friday,0,3,3.0
302275766,40.636201,-74.111465,HARRASSMENT 2,"HARASSMENT,SUBD 1,CIVILIAN",2025-03-08T00:00:00.000,nypd_complaints,2025-03-08 00:00:00,Saturday,0,3,3.0
299392673,40.54483,-74.141881,DANGEROUS WEAPONS,WEAPONS POSSESSION 3,2025-01-14T00:00:00.000,nypd_complaints,2025-01-14 00:00:00,Tuesday,0,1,7.0
304594591,40.63586645,-74.02894278,GRAND LARCENY OF MOTOR VEHICLE,"LARCENY,GRAND OF AUTO",2025-04-11T00:00:00.000,nypd_complaints,2025-04-11 00:00:00,Friday,0,4,5.0
301239139,40.637325,-74.162356,HARRASSMENT 2,"HARASSMENT,SUBD 3,4,5",2025-02-16T00:00:00.000,nypd_complaints,2025-02-16 00:00:00,Sunday,0,2,3.0
298895449,40.5356581783267,-74.20812401234286,ASSAULT 3 & RELATED OFFENSES,ASSAULT 3,2025-01-03T00:00:00.000,nypd_complaints,2025-01-03 00:00:00,Friday,0,1,6.0
298756980,40.70775518040479,-74.01170429833229,CRIMINAL TRESPASS,"TRESPASS 3, CRIMINAL",2025-01-02T00:00:00.000,nypd_complaints,2025-01-02 00:00:00,Thursday,0,1,3.0
301087200,40.528585,-74.206854,GRAND LARCENY OF MOTOR VEHICLE,"LARCENY,GRAND OF AUTO",2025-02-14T00:00:00.000,nypd_complaints,2025-02-14 00:00:00,Friday,0,2,5.0
302766998,40.7204418884676,-74.0067439741913,SEX CRIMES,"SEXUAL ABUSE 3,2",2025-03-11T00:00:00.000,nypd_complaints,2025-03-11 00:00:00,Tuesday,0,3,8.0
306252822,40.594599,-74.079404,DANGEROUS DRUGS,"DRUG PARAPHERNALIA,   POSSESSE",2025-05-12T00:00:00.000,nypd_complaints,2025-05-12 00:00:00,Monday,0,5,4.0
303857220,40.637098,-74.006106,DANGEROUS DRUGS,"CONTROLLED SUBSTANCE,POSSESS.",2025-03-30T00:00:00.000,nypd_complaints,2025-03-30 00:00:00,Sunday,0,3,4.0
305282433,40.637951,-74.077436,DANGEROUS DRUGS,"CONTROLLED SUBSTANCE,SALE 3",2025-04-24T00:00:00.000,nypd_complaints,2025-04-24 00:00:00,Thursday,0,4,4.0
308811848,40.564282,-74.14314,GRAND LARCENY,"LARCENY,GRAND FROM PERSON,UNCL",2025-06-29T00:00:00.000,nypd_complaints,2025-06-29 00:00:00,Sunday,0,6,5.0
300469374,40.64512902419966,-74.10871720560877,DANGEROUS DRUGS,"CONTROLLED SUBSTANCE, POSSESSI",2025-02-03T00:00:00.000,nypd_complaints,2025-02-03 00:00:00,Monday,0,2,4.0
304946793,40.57862979,-74.11542357,HARRASSMENT 2,"HARASSMENT,SUBD 1,CIVILIAN",2025-04-17T00:00:00.000,nypd_complaints,2025-04-17 00:00:00,Thursday,0,4,3.0
306031971,40.753944,-73.985956,DANGEROUS WEAPONS,"WEAPONS, POSSESSION, ETC",2025-05-07T00:00:00.000,nypd_complaints,2025-05-07 00:00:00,Wednesday,0,5,7.0
307537754,40.56463,-74.099016,DANGEROUS DRUGS,"CONTROLLED SUBSTANCE, POSSESSI",2025-06-04T00:00:00.000,nypd_complaints,2025-06-04 00:00:00,Wednesday,0,6,4.0
304529455,40.7160120119955,-73.9973320301008,SEX CRIMES,"SEXUAL ABUSE 3,2",2025-04-03T00:00:00.000,nypd_complaints,2025-04-03 00:00:00,Thursday,0,4,8.0
305737724,40.606261,-74.159578,FELONY ASSAULT,"ASSAULT 2,1,UNCLASSIFIED",2025-05-01T00:00:00.000,nypd_complaints,2025-05-01 00:00:00,Thursday,0,5,8.0
299057928,40.6231883776008,-74.1492376947323,SEX CRIMES,"SEXUAL ABUSE 3,2",2024-12-15T00:00:00.000,nypd_complaints,2024-12-15 00:00:00,Sunday,0,12,8.0
301871690,40.73521404188881,-73.99171521010928,DANGEROUS WEAPONS,"WEAPONS, POSSESSION, ETC",2025-03-01T00:00:00.000,nypd_complaints,2025-03-01 00:00:00,Saturday,0,3,7.0
306029244,40.60521559,-74.01237057,ROBBERY,"ROBBERY,ATM LOCATION",2025-05-07T00:00:00.000,nypd_complaints,2025-05-07 00:00:00,Wednesday,0,5,7.0
303626298,40.559904,-74.171023,ASSAULT 3 & RELATED OFFENSES,ASSAULT 3,2025-03-25T00:00:00.000,nypd_complaints,2025-03-25 00:00:00,Tuesday,0,3,6.0
303087551,40.6231883776008,-74.1492376947323,SEX CRIMES,"SEXUAL ABUSE 3,2",2024-12-20T00:00:00.000,nypd_complaints,2024-12-20 00:00:00,Friday,0,12,8.0
302657738,40.64230586,-74.01323144,DANGEROUS WEAPONS,"WEAPONS, POSSESSION, ETC",2025-03-12T00:00:00.000,nypd_complaints,2025-03-12 00:00:00,Wednesday,0,3,7.0
307408760,40.6447209438691,-74.0770327198983,SEX CRIMES,"SEXUAL ABUSE 3,2",2025-05-02T00:00:00.000,nypd_complaints,2025-05-02 00:00:00,Friday,0,5,8.0
298725555,40.761645,-73.98844,ROBBERY,"ROBBERY,PERSONAL ELECTRONIC DEVICE",2024-12-31T00:00:00.000,nypd_complaints,2024-12-31 00:00:00,Tuesday,0,12,7.0
300004585,40.7650240788333,-73.9848359497083,SEX CRIMES,"SEXUAL ABUSE 3,2",2025-01-25T00:00:00.000,nypd_complaints,2025-01-25 00:00:00,Saturday,0,1,8.0
303029278,40.586143,-74.200999,FELONY ASSAULT,"ASSAULT 2,1,UNCLASSIFIED",2025-03-17T00:00:00.000,nypd_complaints,2025-03-17 00:00:00,Monday,0,3,8.0
300518590,40.507999,-74.244583,HARRASSMENT 2,"HARASSMENT,SUBD 1,CIVILIAN",2025-02-03T00:00:00.000,nypd_complaints,2025-02-03 00:00:00,Monday,0,2,3.0
307706874,40.586628,-74.100936,GRAND LARCENY OF MOTOR VEHICLE,"LARCENY,GRAND OF AUTO",2025-06-07T00:00:00.000,nypd_complaints,2025-06-07 00:00:00,Saturday,0,6,5.0
299043481,40.553304,-74.169263,GRAND LARCENY,"LARCENY,GRAND BY OPEN/COMPROMISE CELL PHONE ACCT",2025-01-06T00:00:00.000,nypd_complaints,2025-01-06 00:00:00,Monday,0,1,5.0
307414979,40.637341,-74.125127,CRIMINAL TRESPASS,"TRESPASS 3, CRIMINAL",2025-06-01T00:00:00.000,nypd_complaints,2025-06-01 00:00:00,Sunday,0,6,3.0
303572867,40.570984,-74.110707,HARRASSMENT 2,"HARASSMENT,SUBD 1,CIVILIAN",2025-03-21T00:00:00.000,nypd_complaints,2025-03-21 00:00:00,Friday,0,3,3.0
301718842,40.544113,-74.165116,HARRASSMENT 2,"HARASSMENT,SUBD 3,4,5",2025-02-26T00:00:00.000,nypd_complaints,2025-02-26 00:00:00,Wednesday,0,2,3.0
298725554,40.7650240788333,-73.9848359497083,SEX CRIMES,"SEXUAL ABUSE 3,2",2025-01-01T00:00:00.000,nypd_complaints,2025-01-01 00:00:00,Wednesday,0,1,8.0
302423428,40.7535327012632,-73.9945368920152,SEX CRIMES,"SEXUAL ABUSE 3,2",2025-03-11T00:00:00.000,nypd_complaints,2025-03-11 00:00:00,Tuesday,0,3,8.0
300318394,40.577151,-74.164057,HARRASSMENT 2,"HARASSMENT,SUBD 3,4,5",2025-01-30T00:00:00.000,nypd_complaints,2025-01-30 00:00:00,Thursday,0,1,3.0
307635940,40.619342,-73.998926,GRAND LARCENY OF MOTOR VEHICLE,"LARCENY, GRAND OF MOPED",2025-06-04T00:00:00.000,nypd_complaints,2025-06-04 00:00:00,Wednesday,0,6,5.0
306752490,40.502377,-74.231753,GRAND LARCENY OF MOTOR VEHICLE,"LARCENY,GRAND OF AUTO",2025-05-20T00:00:00.000,nypd_complaints,2025-05-20 00:00:00,Tuesday,0,5,5.0
301789681,40.562075,-74.113282,DANGEROUS WEAPONS,"WEAPONS, POSSESSION, ETC",2025-02-27T00:00:00.000,nypd_complaints,2025-02-27 00:00:00,Thursday,0,2,7.0
303751227,40.502881,-74.244775,HARRASSMENT 2,"HARASSMENT,SUBD 3,4,5",2025-03-26T00:00:00.000,nypd_complaints,2025-03-26 00:00:00,Wednesday,0,3,3.0
300585109,40.60165575081919,-74.01086824011746,GRAND LARCENY,"LARCENY,GRAND OF VEHICULAR/MOTORCYCLE ACCESSORIES",2025-02-04T00:00:00.000,nypd_complaints,2025-02-04 00:00:00,Tuesday,0,2,5.0
298807848,40.6448109959885,-74.09596760541312,DANGEROUS DRUGS,"CONTROLLED SUBSTANCE,POSSESS.",2025-01-02T00:00:00.000,nypd_complaints,2025-01-02 00:00:00,Thursday,0,1,4.0
302761913,40.528096,-74.237077,HARRASSMENT 2,"HARASSMENT,SUBD 3,4,5",2025-03-13T00:00:00.000,nypd_complaints,2025-03-13 00:00:00,Thursday,0,3,3.0
300937857,40.6145792447163,-74.02279602685425,ROBBERY,"ROBBERY,PERSONAL ELECTRONIC DEVICE",2025-02-11T00:00:00.000,nypd_complaints,2025-02-11 00:00:00,Tuesday,0,2,7.0
308770956,40.634388,-74.092427,GRAND LARCENY,"LARCENY,GRAND FROM RESIDENCE, UNATTENDED",2025-06-27T00:00:00.000,nypd_complaints,2025-06-27 00:00:00,Friday,0,6,5.0
306280707,40.72596,-74.008722,GRAND LARCENY,"LARCENY,GRAND FROM NIGHT CLUB, UNATTENDED",2025-05-11T00:00:00.000,nypd_complaints,2025-05-11 00:00:00,Sunday,0,5,5.0
305057228,40.552017,-74.17348,HARRASSMENT 2,"HARASSMENT,SUBD 3,4,5",2025-04-20T00:00:00.000,nypd_complaints,2025-04-20 00:00:00,Sunday,0,4,3.0
300018955,40.556495,-74.178158,ASSAULT 3 & RELATED OFFENSES,ASSAULT 3,2025-01-25T00:00:00.000,nypd_complaints,2025-01-25 00:00:00,Saturday,0,1,6.0
302433945,40.578194,-74.16965,HARRASSMENT 2,"HARASSMENT,SUBD 1,CIVILIAN",2025-03-11T00:00:00.000,nypd_complaints,2025-03-11 00:00:00,Tuesday,0,3,3.0
308154956,40.573554,-73.98744,DANGEROUS WEAPONS,"WEAPONS, POSSESSION, ETC",2025-06-16T00:00:00.000,nypd_complaints,2025-06-16 00:00:00,Monday,0,6,7.0
306378631,40.612615,-74.083123,HARRASSMENT 2,"HARASSMENT,SUBD 1,CIVILIAN",2025-05-13T00:00:00.000,nypd_complaints,2025-05-13 00:00:00,Tuesday,0,5,3.0
300726053,40.53097,-74.220592,ASSAULT 3 & RELATED OFFENSES,ASSAULT 3,2025-02-07T00:00:00.000,nypd_complaints,2025-02-07 00:00:00,Friday,0,2,6.0
302820481,40.749022559929315,-73.98803942302837,ROBBERY,"ROBBERY,PERSONAL ELECTRONIC DEVICE",2025-03-14T00:00:00.000,nypd_complaints,2025-03-14 00:00:00,Friday,0,3,7.0
304082360,40.627281,-74.160469,DANGEROUS WEAPONS,"WEAPONS, POSSESSION, ETC",2025-04-03T00:00:00.000,nypd_complaints,2025-04-03 00:00:00,Thursday,0,4,7.0
299309924,40.639258,-74.134141,DANGEROUS DRUGS,"CONTROLLED SUBSTANCE, POSSESSI",2025-01-12T00:00:00.000,nypd_complaints,2025-01-12 00:00:00,Sunday,0,1,4.0
302248788,40.638985,-74.171253,ASSAULT 3 & RELATED OFFENSES,ASSAULT 3,2025-03-07T00:00:00.000,nypd_complaints,2025-03-07 00:00:00,Friday,0,3,6.0
304721421,40.734746,-73.999611,GRAND LARCENY,"LARCENY,GRAND FROM NIGHT CLUB, UNATTENDED",2025-04-11T00:00:00.000,nypd_complaints,2025-04-11 00:00:00,Friday,0,4,5.0
299411447,40.629414,-74.024162,GRAND LARCENY,"LARCENY,GRAND BY THEFT OF CREDIT CARD",2025-01-12T00:00:00.000,nypd_complaints,2025-01-12 00:00:00,Sunday,0,1,5.0
304194341,40.63935,-74.086134,ASSAULT 3 & RELATED OFFENSES,"MENACING,UNCLASSIFIED",2025-04-04T00:00:00.000,nypd_complaints,2025-04-04 00:00:00,Friday,0,4,6.0
305193798,40.575839,-74.099567,HARRASSMENT 2,"HARASSMENT,SUBD 1,CIVILIAN",2025-03-28T00:00:00.000,nypd_complaints,2025-03-28 00:00:00,Friday,0,3,3.0
305655608,40.5083,-74.243434,ASSAULT 3 & RELATED OFFENSES,"MENACING,UNCLASSIFIED",2025-04-30T00:00:00.000,nypd_complaints,2025-04-30 00:00:00,Wednesday,0,4,6.0
307818052,40.635224,-74.106643,FELONY ASSAULT,ASSAULT OTHER PUBLIC SERVICE EMPLOYEE,2025-06-10T00:00:00.000,nypd_complaints,2025-06-10 00:00:00,Tuesday,0,6,8.0
302932848,40.636818,-74.118652,DANGEROUS DRUGS,"CONTROLLED SUBSTANCE,POSSESS.",2025-03-16T00:00:00.000,nypd_complaints,2025-03-16 00:00:00,Sunday,0,3,4.0
303496617,40.635068,-74.140197,DANGEROUS DRUGS,"CONTROLLED SUBSTANCE, POSSESSI",2025-03-23T00:00:00.000,nypd_complaints,2025-03-23 00:00:00,Sunday,0,3,4.0
300734513,40.768919,-73.984992,ROBBERY,"ROBBERY,PERSONAL ELECTRONIC DEVICE",2025-02-07T00:00:00.000,nypd_complaints,2025-02-07 00:00:00,Friday,0,2,7.0
299054679,40.6258375452829,-73.9909448942322,SEX CRIMES,"SEXUAL ABUSE 3,2",2025-01-07T00:00:00.000,nypd_complaints,2025-01-07 00:00:00,Tuesday,0,1,8.0
302866151,40.589261,-74.097472,GRAND LARCENY,"LARCENY,GRAND BY FALSE PROMISE-IN PERSON CONTACT",2025-03-15T00:00:00.000,nypd_complaints,2025-03-15 00:00:00,Saturday,0,3,5.0
300076320,40.5120382535219,-74.2497549524458,SEX CRIMES,"CHILD, ENDANGERING WELFARE",2025-01-27T00:00:00.000,nypd_complaints,2025-01-27 00:00:00,Monday,0,1,8.0
306405024,40.5585,-74.17151,GRAND LARCENY,"LARCENY,GRAND FROM RESIDENCE, UNATTENDED",2024-09-09T00:00:00.000,nypd_complaints,2024-09-09 00:00:00,Monday,0,9,5.0
299732223,40.626273,-74.158199,GRAND LARCENY,"LARCENY,GRAND FROM STORE-SHOPL",2025-01-19T00:00:00.000,nypd_complaints,2025-01-19 00:00:00,Sunday,0,1,5.0
308005969,40.593598,-74.092113,CRIMINAL TRESPASS,"TRESPASS 2, CRIMINAL",2025-06-09T00:00:00.000,nypd_complaints,2025-06-09 00:00:00,Monday,0,6,3.0
308154543,40.754614,-73.985619,ROBBERY,"ROBBERY,PERSONAL ELECTRONIC DEVICE",2025-06-14T00:00:00.000,nypd_complaints,2025-06-14 00:00:00,Saturday,0,6,7.0
305797571,40.610241,-74.074344,GRAND LARCENY,"LARCENY,GRAND BY BANK ACCT COMPROMISE-UNAUTHORIZED PURCHASE",2025-04-30T00:00:00.000,nypd_complaints,2025-04-30 00:00:00,Wednesday,0,4,5.0
300696285,40.6231883776008,-74.1492376947323,SEX CRIMES,"SEXUAL ABUSE 3,2",2025-01-29T00:00:00.000,nypd_complaints,2025-01-29 00:00:00,Wednesday,0,1,8.0
299710033,40.62679,-74.127464,ASSAULT 3 & RELATED OFFENSES,"MENACING,UNCLASSIFIED",2024-09-20T00:00:00.000,nypd_complaints,2024-09-20 00:00:00,Friday,0,9,6.0
303599968,40.72842,-74.007148,GRAND LARCENY,"LARCENY,GRAND FROM BUILDING (NON-RESIDENCE) UNATTENDED",2025-03-24T00:00:00.000,nypd_complaints,2025-03-24 00:00:00,Monday,0,3,5.0
307013065,40.702484,-74.008547,FELONY ASSAULT,ASSAULT POLICE/PEACE OFFICER,2025-05-25T00:00:00.000,nypd_complaints,2025-05-25 00:00:00,Sunday,0,5,8.0
305619008,40.584591,-74.162329,FELONY ASSAULT,STRANGULATION 1ST,2025-04-30T00:00:00.000,nypd_complaints,2025-04-30 00:00:00,Wednesday,0,4,8.0
300488549,40.644805,-74.087279,CRIMINAL TRESPASS,"TRESPASS 2, CRIMINAL",2025-02-03T00:00:00.000,nypd_complaints,2025-02-03 00:00:00,Monday,0,2,3.0
301188210,40.562169,-74.185203,HARRASSMENT 2,"HARASSMENT,SUBD 3,4,5",2025-02-15T00:00:00.000,nypd_complaints,2025-02-15 00:00:00,Saturday,0,2,3.0
300834575,40.578194,-74.16965,HARRASSMENT 2,"HARASSMENT,SUBD 3,4,5",2025-02-09T00:00:00.000,nypd_complaints,2025-02-09 00:00:00,Sunday,0,2,3.0
308561272,40.678246,-74.005,GRAND LARCENY OF MOTOR VEHICLE,"LARCENY,GRAND OF AUTO",2024-12-22T00:00:00.000,nypd_complaints,2024-12-22 00:00:00,Sunday,0,12,5.0
302384786,40.60719029275857,-74.16242136318522,DANGEROUS DRUGS,"CONTROLLED SUBSTANCE,INTENT TO",2025-03-11T00:00:00.000,nypd_complaints,2025-03-11 00:00:00,Tuesday,0,3,4.0
301715138,40.582314,-74.169068,GRAND LARCENY,"LARCENY,GRAND FROM STORE-SHOPL",2025-02-21T00:00:00.000,nypd_complaints,2025-02-21 00:00:00,Friday,0,2,5.0
303918650,40.643737,-74.072799,GRAND LARCENY,"LARCENY,GRAND FROM BUILDING (NON-RESIDENCE) UNATTENDED",2025-03-29T00:00:00.000,nypd_complaints,2025-03-29 00:00:00,Saturday,0,3,5.0
306280761,40.619695,-74.021587,CRIMINAL TRESPASS,"TRESPASS 3, CRIMINAL",2025-05-12T00:00:00.000,nypd_complaints,2025-05-12 00:00:00,Monday,0,5,3.0
306206587,40.626245,-74.175157,ROBBERY,"ROBBERY,BEGIN AS SHOPLIFTING",2025-05-10T00:00:00.000,nypd_complaints,2025-05-10 00:00:00,Saturday,0,5,7.0
304929223,40.71313543,-74.00405805,DANGEROUS WEAPONS,"WEAPONS, POSSESSION, ETC",2025-04-18T00:00:00.000,nypd_complaints,2025-04-18 00:00:00,Friday,0,4,7.0
307739093,40.64758976,-74.01141266,FELONY ASSAULT,ASSAULT POLICE/PEACE OFFICER,2025-06-08T00:00:00.000,nypd_complaints,2025-06-08 00:00:00,Sunday,0,6,8.0
300027824,40.576209,-74.095404,FELONY ASSAULT,"ASSAULT 2,1,UNCLASSIFIED",2025-01-25T00:00:00.000,nypd_complaints,2025-01-25 00:00:00,Saturday,0,1,8.0
306671289,40.735622,-74.007586,GRAND LARCENY,"LARCENY,GRAND BY THEFT OF CREDIT CARD",2025-05-17T00:00:00.000,nypd_complaints,2025-05-17 00:00:00,Saturday,0,5,5.0
308161794,40.568074,-74.105073,ROBBERY,"ROBBERY,PERSONAL ELECTRONIC DEVICE",2025-06-16T00:00:00.000,nypd_complaints,2025-06-16 00:00:00,Monday,0,6,7.0
299223879,40.553258,-74.191893,GRAND LARCENY,"LARCENY,GRAND BY FALSE PROMISE-IN PERSON CONTACT",2024-12-16T00:00:00.000,nypd_complaints,2024-12-16 00:00:00,Monday,0,12,5.0
301446410,40.582314,-74.169068,GRAND LARCENY,"LARCENY,GRAND FROM RETAIL STORE, UNATTENDED",2025-02-19T00:00:00.000,nypd_complaints,2025-02-19 00:00:00,Wednesday,0,2,5.0
306821895,40.590567,-74.161469,HARRASSMENT 2,"HARASSMENT,SUBD 3,4,5",2025-05-21T00:00:00.000,nypd_complaints,2025-05-21 00:00:00,Wednesday,0,5,3.0
307943480,40.75652716,-73.99401903,DANGEROUS DRUGS,"CONTROLLED SUBSTANCE,SALE 3",2025-06-12T00:00:00.000,nypd_complaints,2025-06-12 00:00:00,Thursday,0,6,4.0
307075290,40.637634,-74.121306,GRAND LARCENY,"LARCENY,GRAND BY EXTORTION",2025-05-25T00:00:00.000,nypd_complaints,2025-05-25 00:00:00,Sunday,0,5,5.0
306340432,40.526761,-74.167697,ASSAULT 3 & RELATED OFFENSES,"MENACING,UNCLASSIFIED",2025-05-13T00:00:00.000,nypd_complaints,2025-05-13 00:00:00,Tuesday,0,5,6.0
301906684,40.6231883776008,-74.1492376947323,ROBBERY,"ROBBERY,OPEN AREA UNCLASSIFIED",2025-03-02T00:00:00.000,nypd_complaints,2025-03-02 00:00:00,Sunday,0,3,7.0
307734528,40.63557282,-74.12885667,ASSAULT 3 & RELATED OFFENSES,"MENACING,UNCLASSIFIED",2025-06-07T00:00:00.000,nypd_complaints,2025-06-07 00:00:00,Saturday,0,6,6.0
305039807,40.631346,-74.015037,GRAND LARCENY,"LARCENY,GRAND BY OPEN/COMPROMISE CELL PHONE ACCT",2025-04-20T00:00:00.000,nypd_complaints,2025-04-20 00:00:00,Sunday,0,4,5.0
301947857,40.636024426702804,-74.1347700634503,DANGEROUS DRUGS,"CONTROLLED SUBSTANCE,INTENT TO",2025-03-03T00:00:00.000,nypd_complaints,2025-03-03 00:00:00,Monday,0,3,4.0
298881468,40.726374,-74.009032,GRAND LARCENY,"LARCENY,GRAND FROM BUILDING (NON-RESIDENCE) UNATTENDED",2024-12-30T00:00:00.000,nypd_complaints,2024-12-30 00:00:00,Monday,0,12,5.0
306572118,40.547013,-74.195429,HARRASSMENT 2,"HARASSMENT,SUBD 3,4,5",2025-05-16T00:00:00.000,nypd_complaints,2025-05-16 00:00:00,Friday,0,5,3.0
304343367,40.71032722,-74.00954415,CRIMINAL TRESPASS,"TRESPASS 3, CRIMINAL",2025-04-07T00:00:00.000,nypd_complaints,2025-04-07 00:00:00,Monday,0,4,3.0
308507606,40.544292,-74.19786,ASSAULT 3 & RELATED OFFENSES,ASSAULT 3,2025-06-23T00:00:00.000,nypd_complaints,2025-06-23 00:00:00,Monday,0,6,6.0
308417513,40.608211,-74.162165,HARRASSMENT 2,"HARASSMENT,SUBD 3,4,5",2025-06-19T00:00:00.000,nypd_complaints,2025-06-19 00:00:00,Thursday,0,6,3.0
306821184,40.611332,-74.159716,ASSAULT 3 & RELATED OFFENSES,ASSAULT 3,2025-05-21T00:00:00.000,nypd_complaints,2025-05-21 00:00:00,Wednesday,0,5,6.0
305083207,40.617602,-74.083209,GRAND LARCENY OF MOTOR VEHICLE,"LARCENY,GRAND OF AUTO",2025-04-21T00:00:00.000,nypd_complaints,2025-04-21 00:00:00,Monday,0,4,5.0
299554440,40.73107,-73.99627,DANGEROUS DRUGS,"CONTROLLED SUBSTANCE,SALE 3",2025-01-14T00:00:00.000,nypd_complaints,2025-01-14 00:00:00,Tuesday,0,1,4.0
307219597,40.588966,-74.091327,HARRASSMENT 2,"HARASSMENT,SUBD 1,CIVILIAN",2025-05-24T00:00:00.000,nypd_complaints,2025-05-24 00:00:00,Saturday,0,5,3.0
298984020,40.616615,-74.032371,CRIMINAL TRESPASS,"TRESPASS 2, CRIMINAL",2025-01-06T00:00:00.000,nypd_complaints,2025-01-06 00:00:00,Monday,0,1,3.0
300753758,40.7535327012632,-73.9945368920152,SEX CRIMES,"SEXUAL ABUSE 3,2",2024-11-11T00:00:00.000,nypd_complaints,2024-11-11 00:00:00,Monday,0,11,8.0
304618295,40.631939,-74.163467,ASSAULT 3 & RELATED OFFENSES,"MENACING,UNCLASSIFIED",2025-03-16T00:00:00.000,nypd_complaints,2025-03-16 00:00:00,Sunday,0,3,6.0
307441746,40.608366,-74.167796,HARRASSMENT 2,"HARASSMENT,SUBD 3,4,5",2025-05-31T00:00:00.000,nypd_complaints,2025-05-31 00:00:00,Saturday,0,5,3.0
301408955,40.7338967584511,-74.0053958373447,SEX CRIMES,"SEXUAL ABUSE 3,2",2025-02-20T00:00:00.000,nypd_complaints,2025-02-20 00:00:00,Thursday,0,2,8.0
308704724,40.547353,-74.196907,ASSAULT 3 & RELATED OFFENSES,ASSAULT 3,2025-06-26T00:00:00.000,nypd_complaints,2025-06-26 00:00:00,Thursday,0,6,6.0
306378632,40.631394,-74.138586,CRIMINAL TRESPASS,"TRESPASS 3, CRIMINAL",2025-05-14T00:00:00.000,nypd_complaints,2025-05-14 00:00:00,Wednesday,0,5,3.0
303854377,40.69599993,-73.99824015,ROBBERY,"ROBBERY,PERSONAL ELECTRONIC DEVICE",2025-03-29T00:00:00.000,nypd_complaints,2025-03-29 00:00:00,Saturday,0,3,7.0
304238514,40.583051,-74.094316,GRAND LARCENY,"LARCENY,GRAND BY FALSE PROMISE-NOT IN PERSON CONTACT",2025-01-14T00:00:00.000,nypd_complaints,2025-01-14 00:00:00,Tuesday,0,1,5.0
305323164,40.648275,-74.086123,HARRASSMENT 2,"HARASSMENT,SUBD 1,CIVILIAN",2025-04-24T00:00:00.000,nypd_complaints,2025-04-24 00:00:00,Thursday,0,4,3.0
308469031,40.652685,-74.007756,GRAND LARCENY,"LARCENY,GRAND OF VEHICULAR/MOTORCYCLE ACCESSORIES",2025-06-21T00:00:00.000,nypd_complaints,2025-06-21 00:00:00,Saturday,0,6,5.0
303845023,40.570258,-74.129826,HARRASSMENT 2,"HARASSMENT,SUBD 1,CIVILIAN",2025-03-29T00:00:00.000,nypd_complaints,2025-03-29 00:00:00,Saturday,0,3,3.0
302174534,40.75285463424627,-73.99297988521023,DANGEROUS DRUGS,"CONTROLLED SUBSTANCE,SALE 3",2025-03-06T00:00:00.000,nypd_complaints,2025-03-06 00:00:00,Thursday,0,3,4.0
305845417,40.518516,-74.234608,HARRASSMENT 2,"HARASSMENT,SUBD 3,4,5",2025-05-04T00:00:00.000,nypd_complaints,2025-05-04 00:00:00,Sunday,0,5,3.0
302241941,40.6388651705916,-74.0227120876572,SEX CRIMES,"SEXUAL ABUSE 3,2",2025-03-05T00:00:00.000,nypd_complaints,2025-03-05 00:00:00,Wednesday,0,3,8.0
306965280,40.71153483,-74.01046412,DANGEROUS DRUGS,"CONTROLLED SUBSTANCE,POSSESS.",2025-05-24T00:00:00.000,nypd_complaints,2025-05-24 00:00:00,Saturday,0,5,4.0
300266489,40.61683,-74.13343,GRAND LARCENY OF MOTOR VEHICLE,"LARCENY,GRAND OF AUTO",2025-01-30T00:00:00.000,nypd_complaints,2025-01-30 00:00:00,Thursday,0,1,5.0
307613294,40.63944614,-74.02695178,GRAND LARCENY OF MOTOR VEHICLE,"LARCENY,GRAND OF AUTO",2025-06-04T00:00:00.000,nypd_complaints,2025-06-04 00:00:00,Wednesday,0,6,5.0
299362807,40.6022161657077,-74.0029507988395,SEX CRIMES,"SEXUAL ABUSE 3,2",2025-01-08T00:00:00.000,nypd_complaints,2025-01-08 00:00:00,Wednesday,0,1,8.0
300552669,40.632191,-74.125184,DANGEROUS WEAPONS,"WEAPONS, POSSESSION, ETC",2025-02-04T00:00:00.000,nypd_complaints,2025-02-04 00:00:00,Tuesday,0,2,7.0
304756553,40.562011,-74.111878,BURGLARY,"BURGLARY,TRUCK DAY",2025-04-07T00:00:00.000,nypd_complaints,2025-04-07 00:00:00,Monday,0,4,6.0
305866452,40.716345,-74.001252,DANGEROUS WEAPONS,"WEAPONS, POSSESSION, ETC",2025-05-05T00:00:00.000,nypd_complaints,2025-05-05 00:00:00,Monday,0,5,7.0
304666299,40.570762,-74.109474,HARRASSMENT 2,"HARASSMENT,SUBD 1,CIVILIAN",2025-04-11T00:00:00.000,nypd_complaints,2025-04-11 00:00:00,Friday,0,4,3.0
304526767,40.7160120119955,-73.9973320301008,SEX CRIMES,"SEXUAL ABUSE 3,2",2024-12-27T00:00:00.000,nypd_complaints,2024-12-27 00:00:00,Friday,0,12,8.0
303407687,40.613041,-74.123318,BURGLARY,"BURGLARY,COMMERCIAL,NIGHT",2025-03-22T00:00:00.000,nypd_complaints,2025-03-22 00:00:00,Saturday,0,3,6.0
298848380,40.75285463424627,-73.99297988521023,DANGEROUS DRUGS,"CONTROLLED SUBSTANCE,SALE 3",2025-01-03T00:00:00.000,nypd_complaints,2025-01-03 00:00:00,Friday,0,1,4.0
306351092,40.636116,-74.137782,FELONY ASSAULT,"ASSAULT 2,1,UNCLASSIFIED",2025-05-11T00:00:00.000,nypd_complaints,2025-05-11 00:00:00,Sunday,0,5,8.0
306157975,40.632677,-74.017468,CRIMINAL TRESPASS,"TRESPASS 2, CRIMINAL",2025-05-09T00:00:00.000,nypd_complaints,2025-05-09 00:00:00,Friday,0,5,3.0
299674369,40.638813,-74.009701,ROBBERY,"ROBBERY,PERSONAL ELECTRONIC DEVICE",2025-01-17T00:00:00.000,nypd_complaints,2025-01-17 00:00:00,Friday,0,1,7.0
307676573,40.7426636084461,-73.9980491084798,SEX CRIMES,"SEXUAL ABUSE 3,2",2025-06-01T00:00:00.000,nypd_complaints,2025-06-01 00:00:00,Sunday,0,6,8.0
308261901,40.57407,-73.996201,GRAND LARCENY OF MOTOR VEHICLE,"LARCENY,GRAND OF AUTO",2025-06-14T00:00:00.000,nypd_complaints,2025-06-14 00:00:00,Saturday,0,6,5.0
301423697,40.705241,-74.013821,GRAND LARCENY,"LARCENY,GRAND FROM BUILDING (NON-RESIDENCE) UNATTENDED",2025-02-20T00:00:00.000,nypd_complaints,2025-02-20 00:00:00,Thursday,0,2,5.0
301481918,40.604394,-73.997885,GRAND LARCENY OF MOTOR VEHICLE,"LARCENY,GRAND OF AUTO",2025-02-21T00:00:00.000,nypd_complaints,2025-02-21 00:00:00,Friday,0,2,5.0
306336283,40.526761,-74.167697,ASSAULT 3 & RELATED OFFENSES,ASSAULT 3,2025-05-13T00:00:00.000,nypd_complaints,2025-05-13 00:00:00,Tuesday,0,5,6.0
300271171,40.66555,-73.994321,GRAND LARCENY,"LARCENY,GRAND OF VEHICULAR/MOTORCYCLE ACCESSORIES",2025-01-26T00:00:00.000,nypd_complaints,2025-01-26 00:00:00,Sunday,0,1,5.0
303732169,40.631117,-74.027937,GRAND LARCENY,"LARCENY,GRAND BY FALSE PROMISE-IN PERSON CONTACT",2025-03-24T00:00:00.000,nypd_complaints,2025-03-24 00:00:00,Monday,0,3,5.0
307629772,40.534672,-74.224836,GRAND LARCENY,"LARCENY,GRAND FROM VEHICLE/MOTORCYCLE",2025-04-04T00:00:00.000,nypd_complaints,2025-04-04 00:00:00,Friday,0,4,5.0
308364238,40.744792,-73.993291,GRAND LARCENY,"LARCENY,GRAND BY THEFT OF CREDIT CARD",2025-06-19T00:00:00.000,nypd_complaints,2025-06-19 00:00:00,Thursday,0,6,5.0
301415800,40.75296,-74.00405,GRAND LARCENY,"LARCENY,GRAND BY BANK ACCT COMPROMISE-UNCLASSIFIED",2025-02-18T00:00:00.000,nypd_complaints,2025-02-18 00:00:00,Tuesday,0,2,5.0
300293766,40.689475,-73.999798,GRAND LARCENY,"LARCENY,GRAND OF VEHICULAR/MOTORCYCLE ACCESSORIES",2025-01-29T00:00:00.000,nypd_complaints,2025-01-29 00:00:00,Wednesday,0,1,5.0
305953280,40.71975011,-73.99216085,ROBBERY,"ROBBERY,PERSONAL ELECTRONIC DEVICE",2025-05-06T00:00:00.000,nypd_complaints,2025-05-06 00:00:00,Tuesday,0,5,7.0
299510613,40.551563,-74.187838,HARRASSMENT 2,"HARASSMENT,SUBD 1,CIVILIAN",2025-01-12T00:00:00.000,nypd_complaints,2025-01-12 00:00:00,Sunday,0,1,3.0
306680028,40.543806,-74.169083,HARRASSMENT 2,"HARASSMENT,SUBD 3,4,5",2025-05-19T00:00:00.000,nypd_complaints,2025-05-19 00:00:00,Monday,0,5,3.0
303666139,40.582304,-74.106964,ASSAULT 3 & RELATED OFFENSES,"MENACING,UNCLASSIFIED",2025-03-25T00:00:00.000,nypd_complaints,2025-03-25 00:00:00,Tuesday,0,3,6.0
304738482,40.606562,-74.008321,GRAND LARCENY,"LARCENY,GRAND OF VEHICULAR/MOTORCYCLE ACCESSORIES",2025-04-13T00:00:00.000,nypd_complaints,2025-04-13 00:00:00,Sunday,0,4,5.0
300469366,40.609466,-74.079994,GRAND LARCENY OF MOTOR VEHICLE,"LARCENY,GRAND OF AUTO",2025-02-03T00:00:00.000,nypd_complaints,2025-02-03 00:00:00,Monday,0,2,5.0
306991644,40.74107986,-74.00155533,DANGEROUS WEAPONS,"WEAPONS, POSSESSION, ETC",2025-05-25T00:00:00.000,nypd_complaints,2025-05-25 00:00:00,Sunday,0,5,7.0
300823399,40.621406,-74.108004,GRAND LARCENY,"LARCENY,GRAND BY BANK ACCT COMPROMISE-UNAUTHORIZED PURCHASE",2024-12-01T00:00:00.000,nypd_complaints,2024-12-01 00:00:00,Sunday,0,12,5.0
299731787,40.748379,-74.001818,GRAND LARCENY,"LARCENY,GRAND BY THEFT OF CREDIT CARD",2025-01-20T00:00:00.000,nypd_complaints,2025-01-20 00:00:00,Monday,0,1,5.0
303033298,40.616333,-74.17234,HARRASSMENT 2,"HARASSMENT,SUBD 3,4,5",2025-03-14T00:00:00.000,nypd_complaints,2025-03-14 00:00:00,Friday,0,3,3.0
301462813,40.638388,-74.165,GRAND LARCENY,"LARCENY,GRAND BY FALSE PROMISE-NOT IN PERSON CONTACT",2025-02-11T00:00:00.000,nypd_complaints,2025-02-11 00:00:00,Tuesday,0,2,5.0
298925279,40.593704,-74.166132,HARRASSMENT 2,"HARASSMENT,SUBD 3,4,5",2025-01-04T00:00:00.000,nypd_complaints,2025-01-04 00:00:00,Saturday,0,1,3.0
307051392,40.507731,-74.223768,HARRASSMENT 2,"HARASSMENT,SUBD 3,4,5",2025-05-23T00:00:00.000,nypd_complaints,2025-05-23 00:00:00,Friday,0,5,3.0
299216173,40.7535327012632,-73.9945368920152,SEX CRIMES,"SEXUAL ABUSE 3,2",2025-01-09T00:00:00.000,nypd_complaints,2025-01-09 00:00:00,Thursday,0,1,8.0
300677576,40.6448109959885,-74.09596760541312,DANGEROUS WEAPONS,"WEAPONS, POSSESSION, ETC",2025-02-06T00:00:00.000,nypd_complaints,2025-02-06 00:00:00,Thursday,0,2,7.0
301385709,40.61605806449786,-74.02575010378774,DANGEROUS DRUGS,"CONTROLLED SUBSTANCE, POSSESSI",2025-02-20T00:00:00.000,nypd_complaints,2025-02-20 00:00:00,Thursday,0,2,4.0
301538904,40.594695,-74.16232,GRAND LARCENY OF MOTOR VEHICLE,"LARCENY,GRAND OF AUTO",2024-12-25T00:00:00.000,nypd_complaints,2024-12-25 00:00:00,Wednesday,0,12,5.0
305468046,40.69613097,-73.98710407,DANGEROUS WEAPONS,"WEAPONS, POSSESSION, ETC",2025-04-28T00:00:00.000,nypd_complaints,2025-04-28 00:00:00,Monday,0,4,7.0
302664593,40.64468903,-74.00358184,DANGEROUS WEAPONS,"WEAPONS, POSSESSION, ETC",2025-03-12T00:00:00.000,nypd_complaints,2025-03-12 00:00:00,Wednesday,0,3,7.0
305687432,40.637309,-74.009475,ROBBERY,"ROBBERY,DWELLING",2025-05-01T00:00:00.000,nypd_complaints,2025-05-01 00:00:00,Thursday,0,5,7.0
305332077,40.638746,-74.115269,GRAND LARCENY,"LARCENY,GRAND FROM RESIDENCE, UNATTENDED",2025-04-16T00:00:00.000,nypd_complaints,2025-04-16 00:00:00,Wednesday,0,4,5.0
307591606,40.520416,-74.196964,HARRASSMENT 2,"HARASSMENT,SUBD 3,4,5",2025-06-10T00:00:00.000,nypd_complaints,2025-06-10 00:00:00,Tuesday,0,6,3.0
300831134,40.588693,-74.159483,BURGLARY,"BURGLARY,RESIDENCE,NIGHT",2025-02-10T00:00:00.000,nypd_complaints,2025-02-10 00:00:00,Monday,0,2,6.0
302284656,40.582314,-74.169068,ASSAULT 3 & RELATED OFFENSES,ASSAULT 3,2025-03-08T00:00:00.000,nypd_complaints,2025-03-08 00:00:00,Saturday,0,3,6.0
299216880,40.620703,-74.145906,GRAND LARCENY,"LARCENY,GRAND BY FALSE PROMISE-NOT IN PERSON CONTACT",2024-12-06T00:00:00.000,nypd_complaints,2024-12-06 00:00:00,Friday,0,12,5.0
303729412,40.760682,-73.990997,ROBBERY,"ROBBERY,PERSONAL ELECTRONIC DEVICE",2025-03-25T00:00:00.000,nypd_complaints,2025-03-25 00:00:00,Tuesday,0,3,7.0
308482821,40.611827,-73.999527,ROBBERY,"ROBBERY,PERSONAL ELECTRONIC DEVICE",2025-06-22T00:00:00.000,nypd_complaints,2025-06-22 00:00:00,Sunday,0,6,7.0
302881173,40.732961,-74.006966,GRAND LARCENY,"LARCENY,GRAND FROM BUILDING (NON-RESIDENCE) UNATTENDED",2025-03-15T00:00:00.000,nypd_complaints,2025-03-15 00:00:00,Saturday,0,3,5.0
305513980,40.729091,-74.004477,GRAND LARCENY,"LARCENY,GRAND BY THEFT OF CREDIT CARD",2025-04-13T00:00:00.000,nypd_complaints,2025-04-13 00:00:00,Sunday,0,4,5.0
302654767,40.648529,-74.013714,GRAND LARCENY OF MOTOR VEHICLE,"LARCENY,GRAND OF AUTO",2025-03-11T00:00:00.000,nypd_complaints,2025-03-11 00:00:00,Tuesday,0,3,5.0
301503842,40.555445,-74.213404,ASSAULT 3 & RELATED OFFENSES,ASSAULT 3,2025-02-22T00:00:00.000,nypd_complaints,2025-02-22 00:00:00,Saturday,0,2,6.0
305243595,40.623545,-74.164538,HARRASSMENT 2,"HARASSMENT,SUBD 3,4,5",2025-04-23T00:00:00.000,nypd_complaints,2025-04-23 00:00:00,Wednesday,0,4,3.0
307693448,40.625252,-74.005877,ROBBERY,"ROBBERY,CAR JACKING",2025-06-07T00:00:00.000,nypd_complaints,2025-06-07 00:00:00,Saturday,0,6,7.0
308853146,40.597461,-74.133479,CRIMINAL TRESPASS,"TRESPASS 3, CRIMINAL",2025-06-30T00:00:00.000,nypd_complaints,2025-06-30 00:00:00,Monday,0,6,3.0
300118021,40.547631,-74.167945,HARRASSMENT 2,"HARASSMENT,SUBD 3,4,5",2025-01-27T00:00:00.000,nypd_complaints,2025-01-27 00:00:00,Monday,0,1,3.0
302309118,40.640762,-74.016687,DANGEROUS WEAPONS,"WEAPONS, POSSESSION, ETC",2025-03-09T00:00:00.000,nypd_complaints,2025-03-09 00:00:00,Sunday,0,3,7.0
299995581,40.527774,-74.163608,GRAND LARCENY,"LARCENY,GRAND BY EXTORTION",2025-01-24T00:00:00.000,nypd_complaints,2025-01-24 00:00:00,Friday,0,1,5.0
308005971,40.553304,-74.169263,HARRASSMENT 2,"HARASSMENT,SUBD 1,CIVILIAN",2025-06-12T00:00:00.000,nypd_complaints,2025-06-12 00:00:00,Thursday,0,6,3.0
304412295,40.634413,-74.118963,DANGEROUS DRUGS,"CONTROLLED SUBSTANCE, POSSESSI",2025-04-08T00:00:00.000,nypd_complaints,2025-04-08 00:00:00,Tuesday,0,4,4.0
299008365,40.601601,-74.096748,GRAND LARCENY OF MOTOR VEHICLE,"LARCENY,GRAND OF AUTO",2025-01-07T00:00:00.000,nypd_complaints,2025-01-07 00:00:00,Tuesday,0,1,5.0
303586573,40.602704,-74.088517,GRAND LARCENY,"LARCENY,GRAND BY OPEN CREDIT CARD (NEW ACCT)",2025-03-20T00:00:00.000,nypd_complaints,2025-03-20 00:00:00,Thursday,0,3,5.0
307682081,40.68901916,-73.98615711,DANGEROUS WEAPONS,"WEAPONS, POSSESSION, ETC",2025-06-06T00:00:00.000,nypd_complaints,2025-06-06 00:00:00,Friday,0,6,7.0
302411401,40.639969,-74.013879,ROBBERY,"ROBBERY,NECKCHAIN/JEWELRY",2025-03-11T00:00:00.000,nypd_complaints,2025-03-11 00:00:00,Tuesday,0,3,7.0
307057319,40.542676,-74.208374,GRAND LARCENY,"LARCENY,GRAND FROM STORE-SHOPL",2025-05-25T00:00:00.000,nypd_complaints,2025-05-25 00:00:00,Sunday,0,5,5.0
302354495,40.583669,-74.159292,HARRASSMENT 2,"HARASSMENT,SUBD 1,CIVILIAN",2025-03-10T00:00:00.000,nypd_complaints,2025-03-10 00:00:00,Monday,0,3,3.0
307431577,40.593093,-74.160333,FELONY ASSAULT,"ASSAULT 2,1,UNCLASSIFIED",2025-06-02T00:00:00.000,nypd_complaints,2025-06-02 00:00:00,Monday,0,6,8.0
299634146,40.647249,-74.006305,DANGEROUS WEAPONS,"WEAPONS, POSSESSION, ETC",2025-01-18T00:00:00.000,nypd_complaints,2025-01-18 00:00:00,Saturday,0,1,7.0
308455325,40.66550803,-73.99276919,DANGEROUS WEAPONS,"WEAPONS, POSSESSION, ETC",2025-06-21T00:00:00.000,nypd_complaints,2025-06-21 00:00:00,Saturday,0,6,7.0
302384788,40.554078,-74.160434,HARRASSMENT 2,"HARASSMENT,SUBD 1,CIVILIAN",2025-03-09T00:00:00.000,nypd_complaints,2025-03-09 00:00:00,Sunday,0,3,3.0
300982151,40.7338967584511,-74.0053958373447,SEX CRIMES,"SEXUAL ABUSE 3,2",2025-02-12T00:00:00.000,nypd_complaints,2025-02-12 00:00:00,Wednesday,0,2,8.0
308163963,40.523817,-74.217878,GRAND LARCENY,"LARCENY,GRAND BY FALSE PROMISE-NOT IN PERSON CONTACT",2025-06-16T00:00:00.000,nypd_complaints,2025-06-16 00:00:00,Monday,0,6,5.0
299057927,40.6231883776008,-74.1492376947323,RAPE,RAPE 1,2024-12-22T00:00:00.000,nypd_complaints,2024-12-22 00:00:00,Sunday,0,12,9.0
308340247,40.637768,-74.076477,DANGEROUS DRUGS,"CONTROLLED SUBSTANCE, SALE 5",2025-06-19T00:00:00.000,nypd_complaints,2025-06-19 00:00:00,Thursday,0,6,4.0
301162053,40.761429,-73.999735,BURGLARY,"BURGLARY,UNCLASSIFIED,NIGHT",2025-02-16T00:00:00.000,nypd_complaints,2025-02-16 00:00:00,Sunday,0,2,6.0
305424486,40.635538,-74.087554,HARRASSMENT 2,"HARASSMENT,SUBD 1,CIVILIAN",2025-04-27T00:00:00.000,nypd_complaints,2025-04-27 00:00:00,Sunday,0,4,3.0
305261028,40.589174,-74.088534,BURGLARY,"BURGLARY,TRUCK NIGHT",2025-04-24T00:00:00.000,nypd_complaints,2025-04-24 00:00:00,Thursday,0,4,6.0
304349119,40.725508,-74.002109,GRAND LARCENY OF MOTOR VEHICLE,"LARCENY,GRAND OF AUTO",2025-04-07T00:00:00.000,nypd_complaints,2025-04-07 00:00:00,Monday,0,4,5.0
305240184,40.530065,-74.218622,HARRASSMENT 2,"HARASSMENT,SUBD 3,4,5",2025-04-23T00:00:00.000,nypd_complaints,2025-04-23 00:00:00,Wednesday,0,4,3.0
306098588,40.63263331,-74.01253418,DANGEROUS DRUGS,"CONTROLLED SUBSTANCE,POSSESS.",2025-05-08T00:00:00.000,nypd_complaints,2025-05-08 00:00:00,Thursday,0,5,4.0
308113800,40.56470666,-74.12720833,DANGEROUS DRUGS,"CONTROLLED SUBSTANCE,POSSESS.",2025-06-15T00:00:00.000,nypd_complaints,2025-06-15 00:00:00,Sunday,0,6,4.0
305182658,40.59876599,-74.00072019,GRAND LARCENY OF MOTOR VEHICLE,"LARCENY,GRAND OF AUTO",2025-04-22T00:00:00.000,nypd_complaints,2025-04-22 00:00:00,Tuesday,0,4,5.0
301019511,40.621243,-74.141733,CRIMINAL TRESPASS,"TRESPASS 3, CRIMINAL",2025-02-13T00:00:00.000,nypd_complaints,2025-02-13 00:00:00,Thursday,0,2,3.0
305793304,40.75099078,-73.99062326,ROBBERY,"ROBBERY,PERSONAL ELECTRONIC DEVICE",2025-05-03T00:00:00.000,nypd_complaints,2025-05-03 00:00:00,Saturday,0,5,7.0
299687408,40.528514,-74.159735,GRAND LARCENY,"LARCENY,GRAND BY EXTORTION",2025-01-19T00:00:00.000,nypd_complaints,2025-01-19 00:00:00,Sunday,0,1,5.0
305447588,40.63935,-74.086134,HARRASSMENT 2,"HARASSMENT,SUBD 1,CIVILIAN",2025-04-27T00:00:00.000,nypd_complaints,2025-04-27 00:00:00,Sunday,0,4,3.0
304696403,40.63227983,-74.08343708,FELONY ASSAULT,ASSAULT POLICE/PEACE OFFICER,2025-04-13T00:00:00.000,nypd_complaints,2025-04-13 00:00:00,Sunday,0,4,8.0
306523134,40.639901,-74.136689,FELONY ASSAULT,"ASSAULT 2,1,UNCLASSIFIED",2025-05-15T00:00:00.000,nypd_complaints,2025-05-15 00:00:00,Thursday,0,5,8.0
306022901,40.619967,-74.155265,GRAND LARCENY,"LARCENY,GRAND BY BANK ACCT COMPROMISE-UNCLASSIFIED",2025-04-24T00:00:00.000,nypd_complaints,2025-04-24 00:00:00,Thursday,0,4,5.0
301863704,40.562418,-74.128718,FELONY ASSAULT,STRANGULATION 1ST,2025-02-28T00:00:00.000,nypd_complaints,2025-02-28 00:00:00,Friday,0,2,8.0
307943338,40.54910518,-74.18046245,ASSAULT 3 & RELATED OFFENSES,"MENACING,UNCLASSIFIED",2025-06-11T00:00:00.000,nypd_complaints,2025-06-11 00:00:00,Wednesday,0,6,6.0
306616067,40.540637,-74.176611,FELONY ASSAULT,"ASSAULT 2,1,UNCLASSIFIED",2025-05-18T00:00:00.000,nypd_complaints,2025-05-18 00:00:00,Sunday,0,5,8.0
305809516,40.606406,-74.120478,FELONY ASSAULT,"ASSAULT 2,1,UNCLASSIFIED",2025-05-04T00:00:00.000,nypd_complaints,2025-05-04 00:00:00,Sunday,0,5,8.0
307045043,40.587751,-74.193589,GRAND LARCENY,"LARCENY,GRAND FROM BUILDING (NON-RESIDENCE) UNATTENDED",2025-05-26T00:00:00.000,nypd_complaints,2025-05-26 00:00:00,Monday,0,5,5.0
300723898,40.546046,-74.213218,GRAND LARCENY,"LARCENY,GRAND BY FALSE PROMISE-IN PERSON CONTACT",2025-01-23T00:00:00.000,nypd_complaints,2025-01-23 00:00:00,Thursday,0,1,5.0
307273983,40.635211,-74.00986,BURGLARY,"BURGLARY,COMMERCIAL,DAY",2025-05-30T00:00:00.000,nypd_complaints,2025-05-30 00:00:00,Friday,0,5,6.0
304961276,40.535505,-74.203158,BURGLARY,"BURGLARY,RESIDENCE,DAY",2025-04-17T00:00:00.000,nypd_complaints,2025-04-17 00:00:00,Thursday,0,4,6.0
304562243,40.54592,-74.195678,HARRASSMENT 2,"HARASSMENT,SUBD 1,CIVILIAN",2025-04-10T00:00:00.000,nypd_complaints,2025-04-10 00:00:00,Thursday,0,4,3.0
304255683,40.7204418884676,-74.0067439741913,SEX CRIMES,"SEXUAL ABUSE 3,2",2025-04-05T00:00:00.000,nypd_complaints,2025-04-05 00:00:00,Saturday,0,4,8.0
303324717,40.596166,-73.991407,ROBBERY,"ROBBERY,CAR JACKING",2025-03-20T00:00:00.000,nypd_complaints,2025-03-20 00:00:00,Thursday,0,3,7.0
304296720,40.511163,-74.241285,HARRASSMENT 2,"HARASSMENT,SUBD 3,4,5",2025-04-06T00:00:00.000,nypd_complaints,2025-04-06 00:00:00,Sunday,0,4,3.0
308766605,40.568154,-74.107105,HARRASSMENT 2,"HARASSMENT,SUBD 1,CIVILIAN",2025-06-27T00:00:00.000,nypd_complaints,2025-06-27 00:00:00,Friday,0,6,3.0
304234968,40.7535327012632,-73.9945368920152,SEX CRIMES,"SEXUAL ABUSE 3,2",2025-04-05T00:00:00.000,nypd_complaints,2025-04-05 00:00:00,Saturday,0,4,8.0
307918954,40.714391,-74.016492,GRAND LARCENY,"LARCENY,GRAND FROM BUILDING (NON-RESIDENCE) UNATTENDED",2025-06-10T00:00:00.000,nypd_complaints,2025-06-10 00:00:00,Tuesday,0,6,5.0
306680891,40.588167,-74.166218,ASSAULT 3 & RELATED OFFENSES,ASSAULT 3,2025-05-17T00:00:00.000,nypd_complaints,2025-05-17 00:00:00,Saturday,0,5,6.0
300746808,40.618481,-74.165409,HARRASSMENT 2,"HARASSMENT,SUBD 3,4,5",2025-02-04T00:00:00.000,nypd_complaints,2025-02-04 00:00:00,Tuesday,0,2,3.0
307973809,40.712198,-73.995655,GRAND LARCENY,"LARCENY,GRAND FROM PERSON,UNCL",2025-06-12T00:00:00.000,nypd_complaints,2025-06-12 00:00:00,Thursday,0,6,5.0
306224495,40.605836,-74.086274,FELONY ASSAULT,"ASSAULT 2,1,UNCLASSIFIED",2025-05-11T00:00:00.000,nypd_complaints,2025-05-11 00:00:00,Sunday,0,5,8.0
303494157,40.645949,-74.09107,GRAND LARCENY,"LARCENY,GRAND FROM BUILDING (NON-RESIDENCE) UNATTENDED",2025-03-15T00:00:00.000,nypd_complaints,2025-03-15 00:00:00,Saturday,0,3,5.0
306925222,40.75253,-73.993223,DANGEROUS DRUGS,"CONTROLLED SUBSTANCE,SALE 3",2025-05-23T00:00:00.000,nypd_complaints,2025-05-23 00:00:00,Friday,0,5,4.0
302793858,40.586628,-74.100936,FELONY ASSAULT,ASSAULT POLICE/PEACE OFFICER,2024-09-08T00:00:00.000,nypd_complaints,2024-09-08 00:00:00,Sunday,0,9,8.0
299480200,40.608884,-74.083157,FELONY ASSAULT,STRANGULATION 1ST,2025-01-14T00:00:00.000,nypd_complaints,2025-01-14 00:00:00,Tuesday,0,1,8.0
305471202,40.716345,-74.001252,DANGEROUS DRUGS,"CONTROLLED SUBSTANCE,SALE 1",2025-04-28T00:00:00.000,nypd_complaints,2025-04-28 00:00:00,Monday,0,4,4.0
308753311,40.508356,-74.249277,HARRASSMENT 2,"HARASSMENT,SUBD 3,4,5",2025-06-27T00:00:00.000,nypd_complaints,2025-06-27 00:00:00,Friday,0,6,3.0
307297278,40.627152,-74.173164,BURGLARY,"BURGLARY,COMMERCIAL,DAY",2025-05-30T00:00:00.000,nypd_complaints,2025-05-30 00:00:00,Friday,0,5,6.0
307863107,40.548918,-74.19542,FELONY ASSAULT,"ASSAULT 2,1,UNCLASSIFIED",2025-06-10T00:00:00.000,nypd_complaints,2025-06-10 00:00:00,Tuesday,0,6,8.0
306315958,40.75940559,-73.98510289,ROBBERY,"ROBBERY,PERSONAL ELECTRONIC DEVICE",2025-05-12T00:00:00.000,nypd_complaints,2025-05-12 00:00:00,Monday,0,5,7.0
304376657,40.597184,-74.085178,GRAND LARCENY OF MOTOR VEHICLE,"LARCENY,GRAND OF AUTO",2024-11-27T00:00:00.000,nypd_complaints,2024-11-27 00:00:00,Wednesday,0,11,5.0
301270978,40.638064,-74.166107,GRAND LARCENY OF MOTOR VEHICLE,"LARCENY,GRAND OF AUTO",2025-02-18T00:00:00.000,nypd_complaints,2025-02-18 00:00:00,Tuesday,0,2,5.0
300791153,40.511586,-74.249303,BURGLARY,"BURGLARY,RESIDENCE,NIGHT",2025-02-07T00:00:00.000,nypd_complaints,2025-02-07 00:00:00,Friday,0,2,6.0
301333465,40.574631,-74.09577,GRAND LARCENY,"LARCENY,GRAND BY BANK ACCT COMPROMISE-UNAUTHORIZED PURCHASE",2025-02-18T00:00:00.000,nypd_complaints,2025-02-18 00:00:00,Tuesday,0,2,5.0
306193082,40.635708,-74.168639,HARRASSMENT 2,"HARASSMENT,SUBD 3,4,5",2025-05-12T00:00:00.000,nypd_complaints,2025-05-12 00:00:00,Monday,0,5,3.0
308259158,40.614566,-74.000296,GRAND LARCENY OF MOTOR VEHICLE,"LARCENY, GRAND OF MOPED",2025-06-16T00:00:00.000,nypd_complaints,2025-06-16 00:00:00,Monday,0,6,5.0
306647268,40.6361,-74.11345,ASSAULT 3 & RELATED OFFENSES,"MENACING,UNCLASSIFIED",2025-05-18T00:00:00.000,nypd_complaints,2025-05-18 00:00:00,Sunday,0,5,6.0
307794966,40.6258375452829,-73.9909448942322,RAPE,RAPE 3,2025-06-07T00:00:00.000,nypd_complaints,2025-06-07 00:00:00,Saturday,0,6,9.0
306016116,40.627295,-74.155638,ASSAULT 3 & RELATED OFFENSES,"MENACING,UNCLASSIFIED",2025-05-04T00:00:00.000,nypd_complaints,2025-05-04 00:00:00,Sunday,0,5,6.0
301280147,40.63834184239379,-74.01735262436192,DANGEROUS WEAPONS,"WEAPONS, POSSESSION, ETC",2025-02-18T00:00:00.000,nypd_complaints,2025-02-18 00:00:00,Tuesday,0,2,7.0
308031594,40.639549,-74.007143,GRAND LARCENY OF MOTOR VEHICLE,"LARCENY, GRAND OF MOPED",2025-06-13T00:00:00.000,nypd_complaints,2025-06-13 00:00:00,Friday,0,6,5.0
308161789,40.622165,-74.166093,ASSAULT 3 & RELATED OFFENSES,ASSAULT 3,2025-06-16T00:00:00.000,nypd_complaints,2025-06-16 00:00:00,Monday,0,6,6.0
301139298,40.7650240788333,-73.9848359497083,SEX CRIMES,"SEXUAL ABUSE 3,2",2025-02-13T00:00:00.000,nypd_complaints,2025-02-13 00:00:00,Thursday,0,2,8.0
304650219,40.75603526,-73.98694809,DANGEROUS WEAPONS,"WEAPONS, POSSESSION, ETC",2025-04-12T00:00:00.000,nypd_complaints,2025-04-12 00:00:00,Saturday,0,4,7.0
306313789,40.606406,-74.120478,HARRASSMENT 2,"HARASSMENT,SUBD 1,CIVILIAN",2025-05-12T00:00:00.000,nypd_complaints,2025-05-12 00:00:00,Monday,0,5,3.0
307721926,40.752131,-73.99537,GRAND LARCENY OF MOTOR VEHICLE,"LARCENY,GRAND OF AUTO",2025-06-08T00:00:00.000,nypd_complaints,2025-06-08 00:00:00,Sunday,0,6,5.0
306002144,40.62715164,-74.16543841,FELONY ASSAULT,"ASSAULT 2,1,UNCLASSIFIED",2025-05-07T00:00:00.000,nypd_complaints,2025-05-07 00:00:00,Wednesday,0,5,8.0
299129554,40.674377,-74.000212,GRAND LARCENY OF MOTOR VEHICLE,"LARCENY,GRAND OF AUTO",2025-01-09T00:00:00.000,nypd_complaints,2025-01-09 00:00:00,Thursday,0,1,5.0
303638909,40.517097,-74.238182,HARRASSMENT 2,"HARASSMENT,SUBD 3,4,5",2025-02-22T00:00:00.000,nypd_complaints,2025-02-22 00:00:00,Saturday,0,2,3.0
307032282,40.62279866,-74.02834994,FELONY ASSAULT,ASSAULT OTHER PUBLIC SERVICE EMPLOYEE,2025-05-26T00:00:00.000,nypd_complaints,2025-05-26 00:00:00,Monday,0,5,8.0
305446969H1,40.57310209,-74.00142184,MURDER & NON-NEGL. MANSLAUGHTER,(null),2025-04-27T00:00:00.000,nypd_complaints,2025-04-27 00:00:00,Sunday,0,4,10.0
308707902,40.588261,-74.101138,HARRASSMENT 2,"HARASSMENT,SUBD 1,CIVILIAN",2025-06-26T00:00:00.000,nypd_complaints,2025-06-26 00:00:00,Thursday,0,6,3.0
302998660,40.632756,-74.16168,HARRASSMENT 2,"HARASSMENT,SUBD 3,4,5",2025-03-16T00:00:00.000,nypd_complaints,2025-03-16 00:00:00,Sunday,0,3,3.0
300632417,40.612573,-74.033881,GRAND LARCENY OF MOTOR VEHICLE,"LARCENY,GRAND OF AUTO",2025-02-05T00:00:00.000,nypd_complaints,2025-02-05 00:00:00,Wednesday,0,2,5.0
303490020,40.638985,-74.171253,HARRASSMENT 2,"HARASSMENT,SUBD 3,4,5",2025-03-22T00:00:00.000,nypd_complaints,2025-03-22 00:00:00,Saturday,0,3,3.0
299700068,40.639258,-74.134141,DANGEROUS DRUGS,"CONTROLLED SUBSTANCE,INTENT TO",2025-01-19T00:00:00.000,nypd_complaints,2025-01-19 00:00:00,Sunday,0,1,4.0
305108339,40.519808,-74.220266,HARRASSMENT 2,"HARASSMENT,SUBD 3,4,5",2025-04-21T00:00:00.000,nypd_complaints,2025-04-21 00:00:00,Monday,0,4,3.0
306979593,40.638985,-74.171253,HARRASSMENT 2,"HARASSMENT,SUBD 3,4,5",2025-05-24T00:00:00.000,nypd_complaints,2025-05-24 00:00:00,Saturday,0,5,3.0
303508294,40.553258,-74.191893,BURGLARY,"BURGLARY,COMMERCIAL,NIGHT",2025-03-23T00:00:00.000,nypd_complaints,2025-03-23 00:00:00,Sunday,0,3,6.0
304969490,40.605073,-74.134934,GRAND LARCENY,"LARCENY,GRAND BY FALSE PROMISE-NOT IN PERSON CONTACT",2025-04-11T00:00:00.000,nypd_complaints,2025-04-11 00:00:00,Friday,0,4,5.0
304083162,40.622247,-74.168039,HARRASSMENT 2,"HARASSMENT,SUBD 3,4,5",2025-04-01T00:00:00.000,nypd_complaints,2025-04-01 00:00:00,Tuesday,0,4,3.0
301165159,40.521207,-74.176782,ROBBERY,"ROBBERY,DWELLING",2025-02-15T00:00:00.000,nypd_complaints,2025-02-15 00:00:00,Saturday,0,2,7.0
299280527,40.634744537711306,-74.0067518822527,DANGEROUS DRUGS,"CONTROLLED SUBSTANCE, POSSESSI",2025-01-11T00:00:00.000,nypd_complaints,2025-01-11 00:00:00,Saturday,0,1,4.0
308288023,40.72551155,-74.00402994,GRAND LARCENY,"LARCENY,GRAND BY THEFT OF CREDIT CARD",2025-06-13T00:00:00.000,nypd_complaints,2025-06-13 00:00:00,Friday,0,6,5.0
306978140,40.67282582,-73.99869499,DANGEROUS WEAPONS,"WEAPONS, POSSESSION, ETC",2025-05-24T00:00:00.000,nypd_complaints,2025-05-24 00:00:00,Saturday,0,5,7.0
298788053,40.636667,-74.148504,GRAND LARCENY,"LARCENY,GRAND BY BANK ACCT COMPROMISE-REPRODUCED CHECK",2024-10-28T00:00:00.000,nypd_complaints,2024-10-28 00:00:00,Monday,0,10,5.0
307049291,40.539586,-74.18849,HARRASSMENT 2,"HARASSMENT,SUBD 3,4,5",2025-05-16T00:00:00.000,nypd_complaints,2025-05-16 00:00:00,Friday,0,5,3.0
304255765,40.639218,-74.132432,DANGEROUS WEAPONS,WEAPONS POSSESSION 3,2025-04-05T00:00:00.000,nypd_complaints,2025-04-05 00:00:00,Saturday,0,4,7.0
303196578,40.527596,-74.191659,HARRASSMENT 2,"HARASSMENT,SUBD 3,4,5",2025-03-19T00:00:00.000,nypd_complaints,2025-03-19 00:00:00,Wednesday,0,3,3.0
301976397,40.7535327012632,-73.9945368920152,SEX CRIMES,"SEXUAL ABUSE 3,2",2025-03-03T00:00:00.000,nypd_complaints,2025-03-03 00:00:00,Monday,0,3,8.0
304483580,40.74169,-74.002987,GRAND LARCENY,"LARCENY,GRAND FROM NIGHT CLUB, UNATTENDED",2025-04-05T00:00:00.000,nypd_complaints,2025-04-05 00:00:00,Saturday,0,4,5.0
303882947,40.695014,-73.995078,GRAND LARCENY OF MOTOR VEHICLE,"LARCENY,GRAND OF AUTO",2025-03-29T00:00:00.000,nypd_complaints,2025-03-29 00:00:00,Saturday,0,3,5.0
308155512,40.501983,-74.249277,GRAND LARCENY,"LARCENY,GRAND BY IDENTITY THEFT-UNCLASSIFIED",2025-04-17T00:00:00.000,nypd_complaints,2025-04-17 00:00:00,Thursday,0,4,5.0
307314246,40.7204418884676,-74.0067439741913,SEX CRIMES,"SEXUAL ABUSE 3,2",2025-05-30T00:00:00.000,nypd_complaints,2025-05-30 00:00:00,Friday,0,5,8.0
306672002,40.638203,-74.081831,HARRASSMENT 2,"HARASSMENT,SUBD 1,CIVILIAN",2025-05-19T00:00:00.000,nypd_complaints,2025-05-19 00:00:00,Monday,0,5,3.0
305218384,40.599373,-74.138932,GRAND LARCENY,"LARCENY,GRAND BY FALSE PROMISE-NOT IN PERSON CONTACT",2025-04-22T00:00:00.000,nypd_complaints,2025-04-22 00:00:00,Tuesday,0,4,5.0
305240493,40.509368,-74.247189,ASSAULT 3 & RELATED OFFENSES,OBSTR BREATH/CIRCUL,2025-04-23T00:00:00.000,nypd_complaints,2025-04-23 00:00:00,Wednesday,0,4,6.0
305083212,40.635227,-74.158031,ASSAULT 3 & RELATED OFFENSES,"MENACING,UNCLASSIFIED",2025-04-20T00:00:00.000,nypd_complaints,2025-04-20 00:00:00,Sunday,0,4,6.0
308448129,40.8162058439227,-73.8960011932583,SEX CRIMES,"SEXUAL ABUSE 3,2",2025-03-01T00:00:00.000,nypd_complaints,2025-03-01 00:00:00,Saturday,0,3,8.0
304419301,40.545574,-74.175704,HARRASSMENT 2,"HARASSMENT,SUBD 3,4,5",2025-04-08T00:00:00.000,nypd_complaints,2025-04-08 00:00:00,Tuesday,0,4,3.0
308290866,40.51858709,-74.21168912,HARRASSMENT 2,"HARASSMENT,SUBD 3,4,5",2025-06-18T00:00:00.000,nypd_complaints,2025-06-18 00:00:00,Wednesday,0,6,3.0
305334178,40.514978,-74.236739,FELONY ASSAULT,STRANGULATION 1ST,2025-02-24T00:00:00.000,nypd_complaints,2025-02-24 00:00:00,Monday,0,2,8.0
307350952,40.725203,-73.999724,FELONY ASSAULT,ASSAULT OTHER PUBLIC SERVICE EMPLOYEE,2025-05-31T00:00:00.000,nypd_complaints,2025-05-31 00:00:00,Saturday,0,5,8.0
301898074,40.644805,-74.087279,FELONY ASSAULT,"ASSAULT 2,1,UNCLASSIFIED",2025-03-01T00:00:00.000,nypd_complaints,2025-03-01 00:00:00,Saturday,0,3,8.0
307454967,40.7338967584511,-74.0053958373447,SEX CRIMES,"SEXUAL ABUSE 3,2",2025-06-03T00:00:00.000,nypd_complaints,2025-06-03 00:00:00,Tuesday,0,6,8.0
299879182,40.527808,-74.232404,HARRASSMENT 2,"HARASSMENT,SUBD 1,CIVILIAN",2025-01-22T00:00:00.000,nypd_complaints,2025-01-22 00:00:00,Wednesday,0,1,3.0
303772786,40.628148,-74.126144,KIDNAPPING & RELATED OFFENSES,"IMPRISONMENT 1,UNLAWFUL",2025-03-27T00:00:00.000,nypd_complaints,2025-03-27 00:00:00,Thursday,0,3,9.0
303653416,40.727408,-74.008084,GRAND LARCENY OF MOTOR VEHICLE,"LARCENY,GRAND OF AUTO",2025-03-26T00:00:00.000,nypd_complaints,2025-03-26 00:00:00,Wednesday,0,3,5.0
307689844,40.51146,-74.238441,ASSAULT 3 & RELATED OFFENSES,"MENACING,UNCLASSIFIED",2025-06-03T00:00:00.000,nypd_complaints,2025-06-03 00:00:00,Tuesday,0,6,6.0
308852394,40.7535327012632,-73.9945368920152,SEX CRIMES,"SEXUAL ABUSE 3,2",2025-06-29T00:00:00.000,nypd_complaints,2025-06-29 00:00:00,Sunday,0,6,8.0
302828693,40.5120382535219,-74.2497549524458,SEX CRIMES,"CHILD, ENDANGERING WELFARE",2025-03-15T00:00:00.000,nypd_complaints,2025-03-15 00:00:00,Saturday,0,3,8.0
302334666,40.76446,-73.997072,GRAND LARCENY OF MOTOR VEHICLE,"LARCENY,GRAND OF AUTO",2025-03-09T00:00:00.000,nypd_complaints,2025-03-09 00:00:00,Sunday,0,3,5.0
302197814,40.525018,-74.205373,HARRASSMENT 2,"HARASSMENT,SUBD 3,4,5",2025-03-06T00:00:00.000,nypd_complaints,2025-03-06 00:00:00,Thursday,0,3,3.0
308859045,40.52619,-74.188737,HARRASSMENT 2,"HARASSMENT,SUBD 3,4,5",2025-06-29T00:00:00.000,nypd_complaints,2025-06-29 00:00:00,Sunday,0,6,3.0
300441736,40.636668,-74.129752,CRIMINAL TRESPASS,"TRESPASS 2, CRIMINAL",2025-02-02T00:00:00.000,nypd_complaints,2025-02-02 00:00:00,Sunday,0,2,3.0
300826082,40.532758,-74.173811,ASSAULT 3 & RELATED OFFENSES,ASSAULT 3,2025-02-09T00:00:00.000,nypd_complaints,2025-02-09 00:00:00,Sunday,0,2,6.0
303695543,40.621526,-74.140988,FELONY ASSAULT,"ASSAULT 2,1,UNCLASSIFIED",2025-03-26T00:00:00.000,nypd_complaints,2025-03-26 00:00:00,Wednesday,0,3,8.0
304908161,40.63719854,-74.12564948,FELONY ASSAULT,"ASSAULT 2,1,UNCLASSIFIED",2025-04-17T00:00:00.000,nypd_complaints,2025-04-17 00:00:00,Thursday,0,4,8.0
307729824,40.632926,-74.155142,FELONY ASSAULT,STRANGULATION 1ST,2025-06-08T00:00:00.000,nypd_complaints,2025-06-08 00:00:00,Sunday,0,6,8.0
304974567,40.73170654,-74.00095616,DANGEROUS WEAPONS,"WEAPONS, POSSESSION, ETC",2025-04-18T00:00:00.000,nypd_complaints,2025-04-18 00:00:00,Friday,0,4,7.0
305908927,40.730832,-74.00155,DANGEROUS DRUGS,"CONTROLLED SUBSTANCE,SALE 3",2025-05-06T00:00:00.000,nypd_complaints,2025-05-06 00:00:00,Tuesday,0,5,4.0
304376627,40.690123,-73.98902,DANGEROUS WEAPONS,"WEAPONS, POSSESSION, ETC",2025-04-08T00:00:00.000,nypd_complaints,2025-04-08 00:00:00,Tuesday,0,4,7.0
302367467,40.609358,-74.002253,GRAND LARCENY OF MOTOR VEHICLE,"LARCENY,GRAND OF AUTO",2025-03-10T00:00:00.000,nypd_complaints,2025-03-10 00:00:00,Monday,0,3,5.0
301298019,40.753463,-73.994399,GRAND LARCENY,"LARCENY,GRAND BY THEFT OF CREDIT CARD",2025-02-18T00:00:00.000,nypd_complaints,2025-02-18 00:00:00,Tuesday,0,2,5.0
308580556,40.544264,-74.209542,GRAND LARCENY,"LARCENY,GRAND BY FALSE PROMISE-NOT IN PERSON CONTACT",2025-02-04T00:00:00.000,nypd_complaints,2025-02-04 00:00:00,Tuesday,0,2,5.0
306193081,40.6447209438691,-74.0770327198983,SEX CRIMES,"SEXUAL ABUSE 3,2",2025-05-09T00:00:00.000,nypd_complaints,2025-05-09 00:00:00,Friday,0,5,8.0
300990123,40.589839,-74.16669,ASSAULT 3 & RELATED OFFENSES,ASSAULT 3,2025-02-12T00:00:00.000,nypd_complaints,2025-02-12 00:00:00,Wednesday,0,2,6.0
307055861,40.62964716,-74.01069987,DANGEROUS WEAPONS,"WEAPONS, POSSESSION, ETC",2025-05-26T00:00:00.000,nypd_complaints,2025-05-26 00:00:00,Monday,0,5,7.0
306313745,40.67414591,-74.00600601,FELONY ASSAULT,ASSAULT OTHER PUBLIC SERVICE EMPLOYEE,2025-05-13T00:00:00.000,nypd_complaints,2025-05-13 00:00:00,Tuesday,0,5,8.0
307915634,40.559697,-74.169606,GRAND LARCENY,"LARCENY,GRAND FROM VEHICLE/MOTORCYCLE",2025-06-10T00:00:00.000,nypd_complaints,2025-06-10 00:00:00,Tuesday,0,6,5.0
302271254,40.75603526927576,-73.98694809910083,DANGEROUS WEAPONS,"WEAPONS, POSSESSION, ETC",2025-03-08T00:00:00.000,nypd_complaints,2025-03-08 00:00:00,Saturday,0,3,7.0
308853138,40.639536,-74.087304,DANGEROUS DRUGS,"CONTROLLED SUBSTANCE,INTENT TO",2025-03-31T00:00:00.000,nypd_complaints,2025-03-31 00:00:00,Monday,0,3,4.0
304629976,40.631939,-74.163467,ASSAULT 3 & RELATED OFFENSES,ASSAULT 3,2025-04-12T00:00:00.000,nypd_complaints,2025-04-12 00:00:00,Saturday,0,4,6.0
300274312,40.623804,-74.073769,GRAND LARCENY OF MOTOR VEHICLE,"LARCENY,GRAND OF AUTO",2024-11-01T00:00:00.000,nypd_complaints,2024-11-01 00:00:00,Friday,0,11,5.0
305684360,40.764321,-73.995775,GRAND LARCENY OF MOTOR VEHICLE,"LARCENY,GRAND OF AUTO",2025-04-25T00:00:00.000,nypd_complaints,2025-04-25 00:00:00,Friday,0,4,5.0
306340431,40.511014,-74.240065,HARRASSMENT 2,"HARASSMENT,SUBD 3,4,5",2025-05-11T00:00:00.000,nypd_complaints,2025-05-11 00:00:00,Sunday,0,5,3.0
305687473,40.5773093,-74.10111916,DANGEROUS DRUGS,"CONTROLLED SUBSTANCE,INTENT TO",2025-05-01T00:00:00.000,nypd_complaints,2025-05-01 00:00:00,Thursday,0,5,4.0
305467937,40.636456,-74.021636,GRAND LARCENY OF MOTOR VEHICLE,"LARCENY,GRAND OF AUTO",2025-04-28T00:00:00.000,nypd_complaints,2025-04-28 00:00:00,Monday,0,4,5.0
307814858,40.638043,-74.006916,GRAND LARCENY,"LARCENY,GRAND FROM PERSON,UNCL",2025-06-09T00:00:00.000,nypd_complaints,2025-06-09 00:00:00,Monday,0,6,5.0
302353814,40.7204418884676,-74.0067439741913,SEX CRIMES,"SEXUAL ABUSE 3,2",2025-03-10T00:00:00.000,nypd_complaints,2025-03-10 00:00:00,Monday,0,3,8.0
303122273,40.63681837433179,-74.1579392297485,DANGEROUS DRUGS,"CONTROLLED SUBSTANCE, POSSESSI",2025-03-18T00:00:00.000,nypd_complaints,2025-03-18 00:00:00,Tuesday,0,3,4.0
305062994,40.631345,-74.135324,ASSAULT 3 & RELATED OFFENSES,OBSTR BREATH/CIRCUL,2025-04-21T00:00:00.000,nypd_complaints,2025-04-21 00:00:00,Monday,0,4,6.0
300049469,40.640408,-74.083659,HARRASSMENT 2,"HARASSMENT,SUBD 1,CIVILIAN",2025-01-26T00:00:00.000,nypd_complaints,2025-01-26 00:00:00,Sunday,0,1,3.0
301543740,40.642585,-74.018226,DANGEROUS DRUGS,"CONTROLLED SUBSTANCE,POSSESS.",2025-02-23T00:00:00.000,nypd_complaints,2025-02-23 00:00:00,Sunday,0,2,4.0
307961492,40.62161914,-73.99829615,GRAND LARCENY OF MOTOR VEHICLE,"LARCENY,GRAND OF AUTO",2025-06-11T00:00:00.000,nypd_complaints,2025-06-11 00:00:00,Wednesday,0,6,5.0
305523198,40.553913,-74.133702,HARRASSMENT 2,"HARASSMENT,SUBD 1,CIVILIAN",2025-04-03T00:00:00.000,nypd_complaints,2025-04-03 00:00:00,Thursday,0,4,3.0
305765483,40.608165,-74.145597,FELONY ASSAULT,"ASSAULT 2,1,UNCLASSIFIED",2025-05-03T00:00:00.000,nypd_complaints,2025-05-03 00:00:00,Saturday,0,5,8.0
308624914,40.550693,-74.18244,HARRASSMENT 2,"HARASSMENT,SUBD 3,4,5",2025-06-18T00:00:00.000,nypd_complaints,2025-06-18 00:00:00,Wednesday,0,6,3.0
298744737,40.7204418884676,-74.0067439741913,RAPE,RAPE 3,2024-12-31T00:00:00.000,nypd_complaints,2024-12-31 00:00:00,Tuesday,0,12,9.0
305358740,40.606406,-74.120478,FELONY ASSAULT,ASSAULT POLICE/PEACE OFFICER,2025-04-25T00:00:00.000,nypd_complaints,2025-04-25 00:00:00,Friday,0,4,8.0
303391325,40.625487,-74.143514,DANGEROUS DRUGS,"CONTROLLED SUBSTANCE, POSSESSI",2025-03-21T00:00:00.000,nypd_complaints,2025-03-21 00:00:00,Friday,0,3,4.0
300265126,40.53403,-74.205754,BURGLARY,"BURGLARY,RESIDENCE,NIGHT",2025-01-30T00:00:00.000,nypd_complaints,2025-01-30 00:00:00,Thursday,0,1,6.0
306986024,40.556429,-74.166007,HARRASSMENT 2,"HARASSMENT,SUBD 3,4,5",2025-05-24T00:00:00.000,nypd_complaints,2025-05-24 00:00:00,Saturday,0,5,3.0
300274314,40.61899955015813,-74.08478206564101,ASSAULT 3 & RELATED OFFENSES,"MENACING,UNCLASSIFIED",2025-01-28T00:00:00.000,nypd_complaints,2025-01-28 00:00:00,Tuesday,0,1,6.0
307656241,40.645005,-74.077265,FELONY ASSAULT,ASSAULT POLICE/PEACE OFFICER,2025-06-06T00:00:00.000,nypd_complaints,2025-06-06 00:00:00,Friday,0,6,8.0
307534627,40.582314,-74.169068,GRAND LARCENY,"LARCENY,GRAND FROM STORE-SHOPL",2025-06-03T00:00:00.000,nypd_complaints,2025-06-03 00:00:00,Tuesday,0,6,5.0
308827984,40.7338967584511,-74.0053958373447,SEX CRIMES,"SEXUAL ABUSE 3,2",2025-06-29T00:00:00.000,nypd_complaints,2025-06-29 00:00:00,Sunday,0,6,8.0
299372859,40.7650240788333,-73.9848359497083,RAPE,RAPE 3,2025-01-12T00:00:00.000,nypd_complaints,2025-01-12 00:00:00,Sunday,0,1,9.0
306206539,40.57763647,-73.99696173,DANGEROUS WEAPONS,"WEAPONS, POSSESSION, ETC",2025-05-10T00:00:00.000,nypd_complaints,2025-05-10 00:00:00,Saturday,0,5,7.0
304191213,40.704549,-74.01428973,FELONY ASSAULT,ASSAULT POLICE/PEACE OFFICER,2025-04-04T00:00:00.000,nypd_complaints,2025-04-04 00:00:00,Friday,0,4,8.0
300342758,40.581844,-74.126299,GRAND LARCENY,"LARCENY,GRAND BY BANK ACCT COMPROMISE-REPRODUCED CHECK",2025-01-15T00:00:00.000,nypd_complaints,2025-01-15 00:00:00,Wednesday,0,1,5.0
302846954,40.566801,-74.11346,GRAND LARCENY,"LARCENY,GRAND FROM STORE-SHOPL",2025-03-15T00:00:00.000,nypd_complaints,2025-03-15 00:00:00,Saturday,0,3,5.0
307603996,40.514225,-74.238166,ROBBERY,"ROBBERY,PERSONAL ELECTRONIC DEVICE",2025-06-04T00:00:00.000,nypd_complaints,2025-06-04 00:00:00,Wednesday,0,6,7.0
308483703,40.62068817,-74.1100138,HARRASSMENT 2,"HARASSMENT,SUBD 1,CIVILIAN",2025-06-22T00:00:00.000,nypd_complaints,2025-06-22 00:00:00,Sunday,0,6,3.0
305303082,40.594906,-74.125394,FELONY ASSAULT,ASSAULT POLICE/PEACE OFFICER,2025-04-24T00:00:00.000,nypd_complaints,2025-04-24 00:00:00,Thursday,0,4,8.0
306557032,40.55086263,-74.15144243,ROBBERY,"ROBBERY,BICYCLE",2025-05-16T00:00:00.000,nypd_complaints,2025-05-16 00:00:00,Friday,0,5,7.0
304776275,40.75723226,-73.98979219,DANGEROUS WEAPONS,"WEAPONS, POSSESSION, ETC",2025-04-06T00:00:00.000,nypd_complaints,2025-04-06 00:00:00,Sunday,0,4,7.0
305590871,40.551315,-74.191264,GRAND LARCENY,"LARCENY,GRAND BY OPEN CREDIT CARD (NEW ACCT)",2025-04-12T00:00:00.000,nypd_complaints,2025-04-12 00:00:00,Saturday,0,4,5.0
305492714,40.499026,-74.2406,ASSAULT 3 & RELATED OFFENSES,ASSAULT 3,2025-04-27T00:00:00.000,nypd_complaints,2025-04-27 00:00:00,Sunday,0,4,6.0
307442583,40.619681,-74.158139,ASSAULT 3 & RELATED OFFENSES,OBSTR BREATH/CIRCUL,2025-05-18T00:00:00.000,nypd_complaints,2025-05-18 00:00:00,Sunday,0,5,6.0
300032315,40.582314,-74.169068,ROBBERY,"ROBBERY,BEGIN AS SHOPLIFTING",2025-01-25T00:00:00.000,nypd_complaints,2025-01-25 00:00:00,Saturday,0,1,7.0
303467007,40.6341626,-74.0073571,DANGEROUS WEAPONS,"WEAPONS, POSSESSION, ETC",2025-03-22T00:00:00.000,nypd_complaints,2025-03-22 00:00:00,Saturday,0,3,7.0
299867635,40.620715,-74.024916,DANGEROUS WEAPONS,"WEAPONS, POSSESSION, ETC",2025-01-22T00:00:00.000,nypd_complaints,2025-01-22 00:00:00,Wednesday,0,1,7.0
300101380,40.644805,-74.087279,DANGEROUS DRUGS,"CONTROLLED SUBSTANCE,INTENT TO",2025-01-27T00:00:00.000,nypd_complaints,2025-01-27 00:00:00,Monday,0,1,4.0
307534628,40.587917,-74.103004,GRAND LARCENY,"LARCENY,GRAND FROM PERSON,PERSONAL ELECTRONIC DEVICE(SNATCH)",2025-06-04T00:00:00.000,nypd_complaints,2025-06-04 00:00:00,Wednesday,0,6,5.0
304849936,40.623545,-74.164538,HARRASSMENT 2,"HARASSMENT,SUBD 3,4,5",2025-04-09T00:00:00.000,nypd_complaints,2025-04-09 00:00:00,Wednesday,0,4,3.0
304734955,40.75652716,-73.99401903,DANGEROUS DRUGS,"CONTROLLED SUBSTANCE,SALE 3",2025-04-14T00:00:00.000,nypd_complaints,2025-04-14 00:00:00,Monday,0,4,4.0
302433948,40.636355,-74.131681,ASSAULT 3 & RELATED OFFENSES,OBSTR BREATH/CIRCUL,2025-03-06T00:00:00.000,nypd_complaints,2025-03-06 00:00:00,Thursday,0,3,6.0
308069901,40.620905,-74.166919,HARRASSMENT 2,"HARASSMENT,SUBD 3,4,5",2025-06-13T00:00:00.000,nypd_complaints,2025-06-13 00:00:00,Friday,0,6,3.0
308116817,40.630936,-74.161746,FELONY ASSAULT,STRANGULATION 1ST,2025-06-15T00:00:00.000,nypd_complaints,2025-06-15 00:00:00,Sunday,0,6,8.0
303496618,40.598394,-74.166949,ASSAULT 3 & RELATED OFFENSES,"MENACING,UNCLASSIFIED",2025-03-23T00:00:00.000,nypd_complaints,2025-03-23 00:00:00,Sunday,0,3,6.0
298970744,40.632606,-74.117472,CRIMINAL TRESPASS,"TRESPASS 2, CRIMINAL",2025-01-06T00:00:00.000,nypd_complaints,2025-01-06 00:00:00,Monday,0,1,3.0
303023909,40.6022161657077,-74.0029507988395,SEX CRIMES,"SEXUAL ABUSE 3,2",2025-03-17T00:00:00.000,nypd_complaints,2025-03-17 00:00:00,Monday,0,3,8.0
301667626,40.607605,-74.121046,GRAND LARCENY,"LARCENY,GRAND FROM STORE-SHOPL",2025-02-22T00:00:00.000,nypd_complaints,2025-02-22 00:00:00,Saturday,0,2,5.0
305608878,40.623246,-74.149218,DANGEROUS WEAPONS,"WEAPONS, POSSESSION, ETC",2025-04-30T00:00:00.000,nypd_complaints,2025-04-30 00:00:00,Wednesday,0,4,7.0
305241122,40.637675,-74.163534,ASSAULT 3 & RELATED OFFENSES,ASSAULT 3,2025-04-24T00:00:00.000,nypd_complaints,2025-04-24 00:00:00,Thursday,0,4,6.0
306562246,40.7204418884676,-74.0067439741913,SEX CRIMES,"SEXUAL ABUSE 3,2",2025-05-15T00:00:00.000,nypd_complaints,2025-05-15 00:00:00,Thursday,0,5,8.0
304693620,40.628935,-74.117602,CRIMINAL TRESPASS,"TRESPASS 2, CRIMINAL",2025-04-11T00:00:00.000,nypd_complaints,2025-04-11 00:00:00,Friday,0,4,3.0
307187368,40.560339,-74.163749,HARRASSMENT 2,"HARASSMENT,SUBD 3,4,5",2025-05-26T00:00:00.000,nypd_complaints,2025-05-26 00:00:00,Monday,0,5,3.0
300261771,40.576108278120614,-74.0824381721639,DANGEROUS DRUGS,"CONTROLLED SUBSTANCE,POSSESS.",2025-01-30T00:00:00.000,nypd_complaints,2025-01-30 00:00:00,Thursday,0,1,4.0
304838768,40.553976,-74.13914,GRAND LARCENY,"LARCENY,GRAND BY THEFT OF CREDIT CARD",2025-04-11T00:00:00.000,nypd_complaints,2025-04-11 00:00:00,Friday,0,4,5.0
300533168,40.582314,-74.169068,ROBBERY,"ROBBERY,CLOTHING",2025-02-04T00:00:00.000,nypd_complaints,2025-02-04 00:00:00,Tuesday,0,2,7.0
305519992,40.62766261,-74.07623342,DANGEROUS WEAPONS,"WEAPONS, POSSESSION, ETC",2025-04-29T00:00:00.000,nypd_complaints,2025-04-29 00:00:00,Tuesday,0,4,7.0
307222752,40.629021,-74.025811,GRAND LARCENY,"LARCENY,GRAND FROM BUILDING (NON-RESIDENCE) UNATTENDED",2025-05-29T00:00:00.000,nypd_complaints,2025-05-29 00:00:00,Thursday,0,5,5.0
307841266,40.7571447,-73.99356056,GRAND LARCENY,"LARCENY,GRAND FROM PERSON,UNCL",2025-06-10T00:00:00.000,nypd_complaints,2025-06-10 00:00:00,Tuesday,0,6,5.0
302369398,40.57829,-74.167225,ASSAULT 3 & RELATED OFFENSES,ASSAULT 3,2025-03-10T00:00:00.000,nypd_complaints,2025-03-10 00:00:00,Monday,0,3,6.0
307086815,40.509059,-74.244091,HARRASSMENT 2,"HARASSMENT,SUBD 3,4,5",2025-05-22T00:00:00.000,nypd_complaints,2025-05-22 00:00:00,Thursday,0,5,3.0
300075213,40.51397,-74.202182,ASSAULT 3 & RELATED OFFENSES,ASSAULT 3,2025-01-27T00:00:00.000,nypd_complaints,2025-01-27 00:00:00,Monday,0,1,6.0
306011376,40.592789,-74.162987,ASSAULT 3 & RELATED OFFENSES,ASSAULT 3,2025-05-05T00:00:00.000,nypd_complaints,2025-05-05 00:00:00,Monday,0,5,6.0
305315736,40.63461607,-74.02351985,FELONY ASSAULT,ASSAULT POLICE/PEACE OFFICER,2025-04-24T00:00:00.000,nypd_complaints,2025-04-24 00:00:00,Thursday,0,4,8.0
301081133,40.637503,-74.084236,HARRASSMENT 2,"HARASSMENT,SUBD 1,CIVILIAN",2025-02-13T00:00:00.000,nypd_complaints,2025-02-13 00:00:00,Thursday,0,2,3.0
308597605,40.58842,-74.150961,ASSAULT 3 & RELATED OFFENSES,"MENACING,UNCLASSIFIED",2025-06-25T00:00:00.000,nypd_complaints,2025-06-25 00:00:00,Wednesday,0,6,6.0
300069591,40.651896043508735,-74.01401177535067,DANGEROUS WEAPONS,"WEAPONS, POSSESSION, ETC",2025-01-26T00:00:00.000,nypd_complaints,2025-01-26 00:00:00,Sunday,0,1,7.0
306228828,40.600686,-74.177028,ASSAULT 3 & RELATED OFFENSES,ASSAULT 3,2025-05-10T00:00:00.000,nypd_complaints,2025-05-10 00:00:00,Saturday,0,5,6.0
302954907,40.757665,-73.985777,ROBBERY,"ROBBERY,PERSONAL ELECTRONIC DEVICE",2025-03-16T00:00:00.000,nypd_complaints,2025-03-16 00:00:00,Sunday,0,3,7.0
300384926,40.6447209438691,-74.0770327198983,SEX CRIMES,"SEXUAL ABUSE 3,2",2025-01-31T00:00:00.000,nypd_complaints,2025-01-31 00:00:00,Friday,0,1,8.0
301401281,40.629884,-74.076707,GRAND LARCENY OF MOTOR VEHICLE,"LARCENY,GRAND OF AUTO",2025-02-19T00:00:00.000,nypd_complaints,2025-02-19 00:00:00,Wednesday,0,2,5.0
299038372,40.626245,-74.175157,GRAND LARCENY,"LARCENY,GRAND FROM STORE-SHOPL",2025-01-07T00:00:00.000,nypd_complaints,2025-01-07 00:00:00,Tuesday,0,1,5.0
308411518,40.726372,-73.997136,GRAND LARCENY,"LARCENY,GRAND FROM NIGHT CLUB, UNATTENDED",2025-06-20T00:00:00.000,nypd_complaints,2025-06-20 00:00:00,Friday,0,6,5.0
300427440,40.706021,-74.003516,GRAND LARCENY,"LARCENY,GRAND BY THEFT OF CREDIT CARD",2025-02-01T00:00:00.000,nypd_complaints,2025-02-01 00:00:00,Saturday,0,2,5.0
306587403,40.7535327012632,-73.9945368920152,SEX CRIMES,"SEXUAL ABUSE 3,2",2025-05-17T00:00:00.000,nypd_complaints,2025-05-17 00:00:00,Saturday,0,5,8.0
304523652,40.71036549,-74.01123223,ROBBERY,"ROBBERY,PERSONAL ELECTRONIC DEVICE",2025-04-10T00:00:00.000,nypd_complaints,2025-04-10 00:00:00,Thursday,0,4,7.0
299229866,40.630405,-74.154244,GRAND LARCENY,"LARCENY,GRAND BY IDENTITY THEFT-UNCLASSIFIED",2025-01-10T00:00:00.000,nypd_complaints,2025-01-10 00:00:00,Friday,0,1,5.0
302681381,40.536839,-74.240276,HARRASSMENT 2,"HARASSMENT,SUBD 1,CIVILIAN",2025-03-11T00:00:00.000,nypd_complaints,2025-03-11 00:00:00,Tuesday,0,3,3.0
301374732,40.63592,-74.16944,FELONY ASSAULT,"ASSAULT 2,1,UNCLASSIFIED",2025-02-19T00:00:00.000,nypd_complaints,2025-02-19 00:00:00,Wednesday,0,2,8.0
302879660,40.63416260560236,-74.00735710957026,DANGEROUS DRUGS,"CONTROLLED SUBSTANCE,POSSESS.",2025-03-15T00:00:00.000,nypd_complaints,2025-03-15 00:00:00,Saturday,0,3,4.0
304722034,40.62491262,-74.14670038,ASSAULT 3 & RELATED OFFENSES,"MENACING,UNCLASSIFIED",2025-04-14T00:00:00.000,nypd_complaints,2025-04-14 00:00:00,Monday,0,4,6.0
306572399,40.635038,-74.138997,GRAND LARCENY,"LARCENY,GRAND BY BANK ACCT COMPROMISE-UNCLASSIFIED",2025-05-16T00:00:00.000,nypd_complaints,2025-05-16 00:00:00,Friday,0,5,5.0
307428905,40.6022161657077,-74.0029507988395,SEX CRIMES,"SEXUAL ABUSE 3,2",2025-06-02T00:00:00.000,nypd_complaints,2025-06-02 00:00:00,Monday,0,6,8.0
301524619,40.583371,-74.101556,HARRASSMENT 2,"HARASSMENT,SUBD 1,CIVILIAN",2025-02-22T00:00:00.000,nypd_complaints,2025-02-22 00:00:00,Saturday,0,2,3.0
300779558,40.622165,-74.166093,HARRASSMENT 2,"HARASSMENT,SUBD 3,4,5",2025-02-07T00:00:00.000,nypd_complaints,2025-02-07 00:00:00,Friday,0,2,3.0
304222159,40.639859,-74.131944,FELONY ASSAULT,"ASSAULT 2,1,UNCLASSIFIED",2025-04-05T00:00:00.000,nypd_complaints,2025-04-05 00:00:00,Saturday,0,4,8.0
303792686,40.504744,-74.239656,HARRASSMENT 2,"HARASSMENT,SUBD 3,4,5",2025-03-30T00:00:00.000,nypd_complaints,2025-03-30 00:00:00,Sunday,0,3,3.0
306821187,40.5349422,-74.20788794,HARRASSMENT 2,"HARASSMENT,SUBD 3,4,5",2025-05-20T00:00:00.000,nypd_complaints,2025-05-20 00:00:00,Tuesday,0,5,3.0
300854455,40.632053,-74.113951,HARRASSMENT 2,"HARASSMENT,SUBD 1,CIVILIAN",2025-02-09T00:00:00.000,nypd_complaints,2025-02-09 00:00:00,Sunday,0,2,3.0
308389766,40.702948,-73.994548,DANGEROUS WEAPONS,"WEAPONS, POSSESSION, ETC",2025-06-20T00:00:00.000,nypd_complaints,2025-06-20 00:00:00,Friday,0,6,7.0
301178049,40.7204418884676,-74.0067439741913,SEX CRIMES,"SEXUAL ABUSE 3,2",2025-02-15T00:00:00.000,nypd_complaints,2025-02-15 00:00:00,Saturday,0,2,8.0
302130788,40.732555,-74.009253,CRIMINAL TRESPASS,"TRESPASS 3, CRIMINAL",2025-03-05T00:00:00.000,nypd_complaints,2025-03-05 00:00:00,Wednesday,0,3,3.0
308827676,40.595703,-74.156,ASSAULT 3 & RELATED OFFENSES,ASSAULT 3,2025-06-29T00:00:00.000,nypd_complaints,2025-06-29 00:00:00,Sunday,0,6,6.0
302664644,40.608211,-74.162165,DANGEROUS DRUGS,"CONTROLLED SUBSTANCE,SALE 1",2025-03-12T00:00:00.000,nypd_complaints,2025-03-12 00:00:00,Wednesday,0,3,4.0
304677860,40.626859,-74.16344,HARRASSMENT 2,"HARASSMENT,SUBD 3,4,5",2025-04-13T00:00:00.000,nypd_complaints,2025-04-13 00:00:00,Sunday,0,4,3.0
300566170,40.626859,-74.16344,HARRASSMENT 2,"HARASSMENT,SUBD 3,4,5",2025-02-04T00:00:00.000,nypd_complaints,2025-02-04 00:00:00,Tuesday,0,2,3.0
300699385,40.630049,-74.141544,FELONY ASSAULT,"ASSAULT 2,1,UNCLASSIFIED",2025-02-06T00:00:00.000,nypd_complaints,2025-02-06 00:00:00,Thursday,0,2,8.0
299968926,40.632617,-74.085088,HARRASSMENT 2,"HARASSMENT,SUBD 1,CIVILIAN",2025-01-24T00:00:00.000,nypd_complaints,2025-01-24 00:00:00,Friday,0,1,3.0
302107993,40.615993603832834,-74.03112773583993,DANGEROUS DRUGS,"CONTROLLED SUBSTANCE, POSSESSI",2025-03-05T00:00:00.000,nypd_complaints,2025-03-05 00:00:00,Wednesday,0,3,4.0
300114762,40.619561,-74.038835,GRAND LARCENY,"LARCENY,GRAND BY OPEN/COMPROMISE CELL PHONE ACCT",2025-01-05T00:00:00.000,nypd_complaints,2025-01-05 00:00:00,Sunday,0,1,5.0
307943337,40.539991,-74.219624,FELONY ASSAULT,"ASSAULT 2,1,UNCLASSIFIED",2025-06-11T00:00:00.000,nypd_complaints,2025-06-11 00:00:00,Wednesday,0,6,8.0
305750689,40.645949,-74.09107,DANGEROUS DRUGS,"CONTROLLED SUBSTANCE, POSSESSI",2025-05-02T00:00:00.000,nypd_complaints,2025-05-02 00:00:00,Friday,0,5,4.0
303762862,40.624115,-74.161664,ASSAULT 3 & RELATED OFFENSES,ASSAULT 3,2025-03-27T00:00:00.000,nypd_complaints,2025-03-27 00:00:00,Thursday,0,3,6.0
306143167,40.62344,-74.017239,GRAND LARCENY,"LARCENY,GRAND BY BANK ACCT COMPROMISE-UNCLASSIFIED",2024-12-13T00:00:00.000,nypd_complaints,2024-12-13 00:00:00,Friday,0,12,5.0
307418083,40.61556216,-74.0783159,GRAND LARCENY OF MOTOR VEHICLE,"LARCENY,GRAND OF AUTO",2025-05-31T00:00:00.000,nypd_complaints,2025-05-31 00:00:00,Saturday,0,5,5.0
303124037,40.59471741426688,-74.08330372632511,DANGEROUS WEAPONS,"WEAPONS, POSSESSION, ETC",2025-03-18T00:00:00.000,nypd_complaints,2025-03-18 00:00:00,Tuesday,0,3,7.0
307230072,40.626859,-74.16344,GRAND LARCENY OF MOTOR VEHICLE,"LARCENY,GRAND OF AUTO",2025-05-29T00:00:00.000,nypd_complaints,2025-05-29 00:00:00,Thursday,0,5,5.0
300427510,40.63657262017849,-74.12062928583893,DANGEROUS WEAPONS,WEAPONS POSSESSION 3,2025-02-02T00:00:00.000,nypd_complaints,2025-02-02 00:00:00,Sunday,0,2,7.0
307812890,40.5120382535219,-74.2497549524458,SEX CRIMES,"CHILD, ENDANGERING WELFARE",2025-06-09T00:00:00.000,nypd_complaints,2025-06-09 00:00:00,Monday,0,6,8.0
307548970,40.641707,-74.084301,HARRASSMENT 2,"HARASSMENT,SUBD 1,CIVILIAN",2025-06-04T00:00:00.000,nypd_complaints,2025-06-04 00:00:00,Wednesday,0,6,3.0
302444436,40.553826,-74.19613,HARRASSMENT 2,"HARASSMENT,SUBD 3,4,5",2025-03-11T00:00:00.000,nypd_complaints,2025-03-11 00:00:00,Tuesday,0,3,3.0
303486995,40.627536,-74.16738,HARRASSMENT 2,"HARASSMENT,SUBD 3,4,5",2025-03-22T00:00:00.000,nypd_complaints,2025-03-22 00:00:00,Saturday,0,3,3.0
308681931,40.582314,-74.169068,GRAND LARCENY,"LARCENY,GRAND FROM EATERY, UNATTENDED",2025-06-26T00:00:00.000,nypd_complaints,2025-06-26 00:00:00,Thursday,0,6,5.0
305210334,40.673777,-74.013329,BURGLARY,"BURGLARY,COMMERCIAL,DAY",2025-04-14T00:00:00.000,nypd_complaints,2025-04-14 00:00:00,Monday,0,4,6.0
301513676,40.741637,-73.995585,DANGEROUS WEAPONS,"WEAPONS, POSSESSION, ETC",2025-02-22T00:00:00.000,nypd_complaints,2025-02-22 00:00:00,Saturday,0,2,7.0
305431100,40.73003189,-73.99108083,GRAND LARCENY OF MOTOR VEHICLE,"LARCENY, GRAND OF MOPED",2025-04-27T00:00:00.000,nypd_complaints,2025-04-27 00:00:00,Sunday,0,4,5.0
303558544,40.722549864321365,-74.00629899581318,ROBBERY,"ROBBERY,PERSONAL ELECTRONIC DEVICE",2025-03-24T00:00:00.000,nypd_complaints,2025-03-24 00:00:00,Monday,0,3,7.0
306102110,40.582314,-74.169068,GRAND LARCENY,"LARCENY,GRAND FROM RETAIL STORE, UNATTENDED",2025-05-08T00:00:00.000,nypd_complaints,2025-05-08 00:00:00,Thursday,0,5,5.0
307525400,40.751434,-74.003304,GRAND LARCENY,"LARCENY,GRAND BY THEFT OF CREDIT CARD",2025-06-02T00:00:00.000,nypd_complaints,2025-06-02 00:00:00,Monday,0,6,5.0
299362812,40.632578,-74.010808,BURGLARY,"BURGLARY,COMMERCIAL,DAY",2025-01-12T00:00:00.000,nypd_complaints,2025-01-12 00:00:00,Sunday,0,1,6.0
300562249,40.638985,-74.171253,HARRASSMENT 2,"HARASSMENT,SUBD 3,4,5",2025-02-03T00:00:00.000,nypd_complaints,2025-02-03 00:00:00,Monday,0,2,3.0
303687325,40.69223342,-73.98729955,DANGEROUS WEAPONS,"WEAPONS, POSSESSION, ETC",2025-03-26T00:00:00.000,nypd_complaints,2025-03-26 00:00:00,Wednesday,0,3,7.0
308793978,40.617656,-74.154221,BURGLARY,"BURGLARY,TRUCK NIGHT",2025-06-29T00:00:00.000,nypd_complaints,2025-06-29 00:00:00,Sunday,0,6,6.0
303087439,40.72249,-73.997553,GRAND LARCENY,"LARCENY,GRAND BY THEFT OF CREDIT CARD",2025-03-16T00:00:00.000,nypd_complaints,2025-03-16 00:00:00,Sunday,0,3,5.0
302939469,40.617558,-74.081423,HARRASSMENT 2,"HARASSMENT,SUBD 1,CIVILIAN",2025-03-16T00:00:00.000,nypd_complaints,2025-03-16 00:00:00,Sunday,0,3,3.0
308312898,40.597876,-74.162451,BURGLARY,"BURGLARY,COMMERCIAL,NIGHT",2025-06-19T00:00:00.000,nypd_complaints,2025-06-19 00:00:00,Thursday,0,6,6.0
304562521,40.60211211,-74.18783328,HARRASSMENT 2,"HARASSMENT,SUBD 3,4,5",2025-04-10T00:00:00.000,nypd_complaints,2025-04-10 00:00:00,Thursday,0,4,3.0
303918349,40.63210952,-74.00702182,GRAND LARCENY,"LARCENY,GRAND FROM PERSON,LUSH WORKER(SLEEPING/UNCON VICTIM)",2025-03-29T00:00:00.000,nypd_complaints,2025-03-29 00:00:00,Saturday,0,3,5.0
300690525,40.593767,-74.13547,FELONY ASSAULT,"ASSAULT 2,1,UNCLASSIFIED",2025-02-04T00:00:00.000,nypd_complaints,2025-02-04 00:00:00,Tuesday,0,2,8.0
299359386,40.608211,-74.162165,HARRASSMENT 2,"HARASSMENT,SUBD 3,4,5",2025-01-13T00:00:00.000,nypd_complaints,2025-01-13 00:00:00,Monday,0,1,3.0
304815265,40.624,-74.027864,GRAND LARCENY OF MOTOR VEHICLE,"LARCENY,GRAND OF AUTO",2025-04-15T00:00:00.000,nypd_complaints,2025-04-15 00:00:00,Tuesday,0,4,5.0
301375442,40.61949,-74.153182,ROBBERY,"ROBBERY,UNLICENSED FOR HIRE VEHICLE",2025-02-19T00:00:00.000,nypd_complaints,2025-02-19 00:00:00,Wednesday,0,2,7.0
306753182,40.540046,-74.200509,ASSAULT 3 & RELATED OFFENSES,ASSAULT 3,2025-05-21T00:00:00.000,nypd_complaints,2025-05-21 00:00:00,Wednesday,0,5,6.0
304345541,40.645442,-74.080806,ROBBERY,"ROBBERY,PERSONAL ELECTRONIC DEVICE",2025-04-07T00:00:00.000,nypd_complaints,2025-04-07 00:00:00,Monday,0,4,7.0
300068050,40.70808235205011,-74.00340129660053,GRAND LARCENY,"LARCENY,GRAND FROM PERSON,UNCL",2025-01-25T00:00:00.000,nypd_complaints,2025-01-25 00:00:00,Saturday,0,1,5.0
299400170,40.7535327012632,-73.9945368920152,SEX CRIMES,"SEXUAL ABUSE 3,2",2025-01-14T00:00:00.000,nypd_complaints,2025-01-14 00:00:00,Tuesday,0,1,8.0
306877757,40.7426636084461,-73.9980491084798,SEX CRIMES,"SEXUAL ABUSE 3,2",2025-05-18T00:00:00.000,nypd_complaints,2025-05-18 00:00:00,Sunday,0,5,8.0
304027472,40.562075,-74.113282,DANGEROUS DRUGS,"CONTROLLED SUBSTANCE,INTENT TO",2025-04-02T00:00:00.000,nypd_complaints,2025-04-02 00:00:00,Wednesday,0,4,4.0
300796396,40.582314,-74.169068,GRAND LARCENY,"LARCENY,GRAND FROM VEHICLE/MOTORCYCLE",2025-02-08T00:00:00.000,nypd_complaints,2025-02-08 00:00:00,Saturday,0,2,5.0
300673750,40.630214,-74.151449,DANGEROUS DRUGS,"CONTROLLED SUBSTANCE,SALE 3",2025-02-06T00:00:00.000,nypd_complaints,2025-02-06 00:00:00,Thursday,0,2,4.0
307310780,40.733744,-74.001997,GRAND LARCENY,"LARCENY,GRAND FROM NIGHT CLUB, UNATTENDED",2025-05-31T00:00:00.000,nypd_complaints,2025-05-31 00:00:00,Saturday,0,5,5.0
299528820,40.75603526927576,-73.98694809910083,DANGEROUS WEAPONS,"WEAPONS, POSSESSION, ETC",2025-01-16T00:00:00.000,nypd_complaints,2025-01-16 00:00:00,Thursday,0,1,7.0
305021439,40.75723226,-73.98979219,DANGEROUS WEAPONS,"WEAPONS, POSSESSION, ETC",2025-04-19T00:00:00.000,nypd_complaints,2025-04-19 00:00:00,Saturday,0,4,7.0
304794437,40.546679,-74.222487,HARRASSMENT 2,"HARASSMENT,SUBD 3,4,5",2025-04-15T00:00:00.000,nypd_complaints,2025-04-15 00:00:00,Tuesday,0,4,3.0
307534578,40.630304,-74.031212,GRAND LARCENY,"LARCENY,GRAND BY ACQUIRING LOS",2024-12-05T00:00:00.000,nypd_complaints,2024-12-05 00:00:00,Thursday,0,12,5.0
302932851,40.5742856881925,-74.1059144051212,SEX CRIMES,"SEXUAL ABUSE 3,2",2025-03-16T00:00:00.000,nypd_complaints,2025-03-16 00:00:00,Sunday,0,3,8.0
299795239,40.7426636084461,-73.9980491084798,SEX CRIMES,"SEXUAL ABUSE 3,2",2025-01-20T00:00:00.000,nypd_complaints,2025-01-20 00:00:00,Monday,0,1,8.0
301238311,40.7535327012632,-73.9945368920152,SEX CRIMES,"SEXUAL ABUSE 3,2",2025-02-17T00:00:00.000,nypd_complaints,2025-02-17 00:00:00,Monday,0,2,8.0
305648654,40.603379,-73.992329,DANGEROUS WEAPONS,"WEAPONS, POSSESSION, ETC",2025-05-01T00:00:00.000,nypd_complaints,2025-05-01 00:00:00,Thursday,0,5,7.0
306818250,40.678818,-74.012293,CRIMINAL TRESPASS,"TRESPASS 3, CRIMINAL",2025-05-20T00:00:00.000,nypd_complaints,2025-05-20 00:00:00,Tuesday,0,5,3.0
301630000,40.544007,-74.172129,GRAND LARCENY,"LARCENY,GRAND BY OPEN/COMPROMISE CELL PHONE ACCT",2025-02-01T00:00:00.000,nypd_complaints,2025-02-01 00:00:00,Saturday,0,2,5.0
308025631,40.624518,-74.130936,HARRASSMENT 2,"HARASSMENT,SUBD 1,CIVILIAN",2025-06-12T00:00:00.000,nypd_complaints,2025-06-12 00:00:00,Thursday,0,6,3.0
301448142,40.725988,-73.996309,DANGEROUS DRUGS,"CONTROLLED SUBSTANCE,SALE 3",2025-02-21T00:00:00.000,nypd_complaints,2025-02-21 00:00:00,Friday,0,2,4.0
299510609,40.593377,-74.190429,HARRASSMENT 2,"HARASSMENT,SUBD 1,CIVILIAN",2025-01-15T00:00:00.000,nypd_complaints,2025-01-15 00:00:00,Wednesday,0,1,3.0
307058718,40.728254,-73.999318,GRAND LARCENY,"LARCENY,GRAND BY THEFT OF CREDIT CARD",2025-05-26T00:00:00.000,nypd_complaints,2025-05-26 00:00:00,Monday,0,5,5.0
306752878,40.638125,-74.087468,ROBBERY,"ROBBERY,RESIDENTIAL COMMON AREA",2025-05-20T00:00:00.000,nypd_complaints,2025-05-20 00:00:00,Tuesday,0,5,7.0
307011413,40.60634,-74.121425,FELONY ASSAULT,STRANGULATION 1ST,2025-05-24T00:00:00.000,nypd_complaints,2025-05-24 00:00:00,Saturday,0,5,8.0
304394155,40.577945,-74.109242,BURGLARY,"BURGLARY,TRUCK NIGHT",2025-04-05T00:00:00.000,nypd_complaints,2025-04-05 00:00:00,Saturday,0,4,6.0
300122577,40.548991,-74.230272,ASSAULT 3 & RELATED OFFENSES,ASSAULT 3,2025-01-27T00:00:00.000,nypd_complaints,2025-01-27 00:00:00,Monday,0,1,6.0
298712973,40.6388651705916,-74.0227120876572,SEX CRIMES,"SEXUAL ABUSE 3,2",2025-01-01T00:00:00.000,nypd_complaints,2025-01-01 00:00:00,Wednesday,0,1,8.0
303854929,40.639536,-74.087304,FELONY ASSAULT,"ASSAULT 2,1,UNCLASSIFIED",2025-03-29T00:00:00.000,nypd_complaints,2025-03-29 00:00:00,Saturday,0,3,8.0
304910624,40.63698315,-74.13409102,DANGEROUS DRUGS,"CONTROLLED SUBSTANCE, POSSESSI",2025-04-17T00:00:00.000,nypd_complaints,2025-04-17 00:00:00,Thursday,0,4,4.0
304461812,40.616194,-74.038171,GRAND LARCENY,"LARCENY,GRAND BY BANK ACCT COMPROMISE-UNCLASSIFIED",2025-04-01T00:00:00.000,nypd_complaints,2025-04-01 00:00:00,Tuesday,0,4,5.0
304602705,40.666704,-73.99339,GRAND LARCENY OF MOTOR VEHICLE,"LARCENY,GRAND OF AUTO",2025-04-11T00:00:00.000,nypd_complaints,2025-04-11 00:00:00,Friday,0,4,5.0
308392421,40.566065,-74.102638,ASSAULT 3 & RELATED OFFENSES,"MENACING,UNCLASSIFIED",2025-06-20T00:00:00.000,nypd_complaints,2025-06-20 00:00:00,Friday,0,6,6.0
304210484,40.634715,-74.135616,GRAND LARCENY,"LARCENY,GRAND FROM OPEN AREAS, UNATTENDED",2025-03-22T00:00:00.000,nypd_complaints,2025-03-22 00:00:00,Saturday,0,3,5.0
299742608,40.645005,-74.077265,CRIMINAL TRESPASS,"TRESPASS 3, CRIMINAL",2025-01-20T00:00:00.000,nypd_complaints,2025-01-20 00:00:00,Monday,0,1,3.0
308084710,40.654916,-74.000127,ROBBERY,"ROBBERY,CAR JACKING",2025-06-14T00:00:00.000,nypd_complaints,2025-06-14 00:00:00,Saturday,0,6,7.0
308114957,40.55906844,-74.16994113,GRAND LARCENY,"LARCENY,GRAND PERSON,NECK CHAI",2025-06-15T00:00:00.000,nypd_complaints,2025-06-15 00:00:00,Sunday,0,6,5.0
300591969,40.555058,-74.195375,HARRASSMENT 2,"HARASSMENT,SUBD 3,4,5",2025-01-09T00:00:00.000,nypd_complaints,2025-01-09 00:00:00,Thursday,0,1,3.0
305684345,40.7535327012632,-73.9945368920152,SEX CRIMES,"SEXUAL ABUSE 3,2",2025-04-29T00:00:00.000,nypd_complaints,2025-04-29 00:00:00,Tuesday,0,4,8.0
300873195,40.633487,-74.104295,ASSAULT 3 & RELATED OFFENSES,"MENACING,UNCLASSIFIED",2025-02-10T00:00:00.000,nypd_complaints,2025-02-10 00:00:00,Monday,0,2,6.0
302681241,40.73107,-73.99627,DANGEROUS DRUGS,"CONTROLLED SUBSTANCE,SALE 3",2025-03-12T00:00:00.000,nypd_complaints,2025-03-12 00:00:00,Wednesday,0,3,4.0
302887395,40.572693,-74.097588,GRAND LARCENY,"LARCENY,GRAND FROM RESIDENCE, UNATTENDED",2025-03-15T00:00:00.000,nypd_complaints,2025-03-15 00:00:00,Saturday,0,3,5.0
302312726,40.623804,-74.073769,CRIMINAL TRESPASS,"TRESPASS 3, CRIMINAL",2025-03-08T00:00:00.000,nypd_complaints,2025-03-08 00:00:00,Saturday,0,3,3.0
308776021,40.548052,-74.210931,FELONY ASSAULT,"ASSAULT 2,1,UNCLASSIFIED",2025-06-28T00:00:00.000,nypd_complaints,2025-06-28 00:00:00,Saturday,0,6,8.0
300909107,40.705616,-74.016427,GRAND LARCENY,"LARCENY,GRAND BY OPEN CREDIT CARD (NEW ACCT)",2024-11-30T00:00:00.000,nypd_complaints,2024-11-30 00:00:00,Saturday,0,11,5.0
306961179,40.629162,-74.148511,HARRASSMENT 2,"HARASSMENT,SUBD 1,CIVILIAN",2025-05-24T00:00:00.000,nypd_complaints,2025-05-24 00:00:00,Saturday,0,5,3.0
308467513,40.614012,-74.012189,GRAND LARCENY OF MOTOR VEHICLE,"LARCENY,GRAND OF AUTO",2025-06-21T00:00:00.000,nypd_complaints,2025-06-21 00:00:00,Saturday,0,6,5.0
300172900,40.646654,-74.083904,GRAND LARCENY,"LARCENY,GRAND BY EXTORTION",2024-10-11T00:00:00.000,nypd_complaints,2024-10-11 00:00:00,Friday,0,10,5.0
305234330,40.631939,-74.163467,HARRASSMENT 2,"HARASSMENT,SUBD 3,4,5",2025-04-22T00:00:00.000,nypd_complaints,2025-04-22 00:00:00,Tuesday,0,4,3.0
305590872,40.545262,-74.210421,ASSAULT 3 & RELATED OFFENSES,ASSAULT 3,2025-04-29T00:00:00.000,nypd_complaints,2025-04-29 00:00:00,Tuesday,0,4,6.0
307671347,40.643119,-74.007016,GRAND LARCENY,"LARCENY,GRAND BY BANK ACCT COMPROMISE-UNAUTHORIZED PURCHASE",2025-06-03T00:00:00.000,nypd_complaints,2025-06-03 00:00:00,Tuesday,0,6,5.0
304618293,40.627267,-74.166001,HARRASSMENT 2,"HARASSMENT,SUBD 3,4,5",2025-04-11T00:00:00.000,nypd_complaints,2025-04-11 00:00:00,Friday,0,4,3.0
300673659,40.7650240788333,-73.9848359497083,SEX CRIMES,"SEXUAL ABUSE 3,2",2025-02-06T00:00:00.000,nypd_complaints,2025-02-06 00:00:00,Thursday,0,2,8.0
305557930,40.54824,-74.199309,GRAND LARCENY,"LARCENY,GRAND BY FALSE PROMISE-IN PERSON CONTACT",2025-04-29T00:00:00.000,nypd_complaints,2025-04-29 00:00:00,Tuesday,0,4,5.0
306735290,40.710832,-74.016085,GRAND LARCENY,"LARCENY,GRAND BY THEFT OF CREDIT CARD",2025-05-20T00:00:00.000,nypd_complaints,2025-05-20 00:00:00,Tuesday,0,5,5.0
305834713,40.561071,-74.159774,ASSAULT 3 & RELATED OFFENSES,ASSAULT 3,2024-11-02T00:00:00.000,nypd_complaints,2024-11-02 00:00:00,Saturday,0,11,6.0
306034772,40.538362,-74.143079,GRAND LARCENY,"LARCENY,GRAND BY EXTORTION",2025-05-06T00:00:00.000,nypd_complaints,2025-05-06 00:00:00,Tuesday,0,5,5.0
303498675,40.7338967584511,-74.0053958373447,SEX CRIMES,"SEXUAL ABUSE 3,2",2025-03-07T00:00:00.000,nypd_complaints,2025-03-07 00:00:00,Friday,0,3,8.0
305468267,40.637076,-74.076205,DANGEROUS DRUGS,"CONTROLLED SUBSTANCE,POSSESS.",2024-09-18T00:00:00.000,nypd_complaints,2024-09-18 00:00:00,Wednesday,0,9,4.0
299558417,40.634046612390456,-74.08827436756476,ROBBERY,"ROBBERY,ON BUS/ OR BUS DRIVER",2025-01-16T00:00:00.000,nypd_complaints,2025-01-16 00:00:00,Thursday,0,1,7.0
302456339,40.634804,-74.154969,HARRASSMENT 2,"HARASSMENT,SUBD 1,CIVILIAN",2025-03-12T00:00:00.000,nypd_complaints,2025-03-12 00:00:00,Wednesday,0,3,3.0
308122515,40.62358756,-74.08277059,FELONY ASSAULT,ASSAULT POLICE/PEACE OFFICER,2025-06-16T00:00:00.000,nypd_complaints,2025-06-16 00:00:00,Monday,0,6,8.0
299987817,40.569025,-74.137401,ASSAULT 3 & RELATED OFFENSES,"MENACING,UNCLASSIFIED",2025-01-17T00:00:00.000,nypd_complaints,2025-01-17 00:00:00,Friday,0,1,6.0
300412322,40.723534,-73.996092,GRAND LARCENY,"LARCENY,GRAND BY THEFT OF CREDIT CARD",2025-02-01T00:00:00.000,nypd_complaints,2025-02-01 00:00:00,Saturday,0,2,5.0
304058134,40.535218,-74.215273,HARRASSMENT 2,"HARASSMENT,SUBD 3,4,5",2025-04-02T00:00:00.000,nypd_complaints,2025-04-02 00:00:00,Wednesday,0,4,3.0
308411581,40.582314,-74.169068,GRAND LARCENY,"LARCENY,GRAND BY ACQUIRING LOST CREDIT CARD",2025-06-20T00:00:00.000,nypd_complaints,2025-06-20 00:00:00,Friday,0,6,5.0
306732525,40.547013,-74.195429,ASSAULT 3 & RELATED OFFENSES,"MENACING,UNCLASSIFIED",2025-05-16T00:00:00.000,nypd_complaints,2025-05-16 00:00:00,Friday,0,5,6.0
300937909,40.63592,-74.16944,HARRASSMENT 2,"HARASSMENT,SUBD 3,4,5",2025-02-11T00:00:00.000,nypd_complaints,2025-02-11 00:00:00,Tuesday,0,2,3.0
307746785,40.635693,-74.134993,CRIMINAL TRESPASS,"TRESPASS 2, CRIMINAL",2025-06-09T00:00:00.000,nypd_complaints,2025-06-09 00:00:00,Monday,0,6,3.0
308243296,40.635485,-74.116697,HARRASSMENT 2,"HARASSMENT,SUBD 1,CIVILIAN",2025-06-17T00:00:00.000,nypd_complaints,2025-06-17 00:00:00,Tuesday,0,6,3.0
299635977,40.62715164675699,-74.16543841918042,ASSAULT 3 & RELATED OFFENSES,ASSAULT 3,2025-01-17T00:00:00.000,nypd_complaints,2025-01-17 00:00:00,Friday,0,1,6.0
307307888,40.764663,-73.993668,ROBBERY,"ROBBERY,NECKCHAIN/JEWELRY",2025-05-31T00:00:00.000,nypd_complaints,2025-05-31 00:00:00,Saturday,0,5,7.0
308201039,40.513573,-74.204213,GRAND LARCENY,"LARCENY,GRAND FROM OPEN AREAS, UNATTENDED",2025-05-29T00:00:00.000,nypd_complaints,2025-05-29 00:00:00,Thursday,0,5,5.0
307387505,40.546096,-74.216462,HARRASSMENT 2,"HARASSMENT,SUBD 1,CIVILIAN",2025-06-01T00:00:00.000,nypd_complaints,2025-06-01 00:00:00,Sunday,0,6,3.0
304844524,40.75595054,-73.99072724,DANGEROUS WEAPONS,"WEAPONS, POSSESSION, ETC",2025-04-16T00:00:00.000,nypd_complaints,2025-04-16 00:00:00,Wednesday,0,4,7.0
307684681,40.641545,-73.996104,GRAND LARCENY OF MOTOR VEHICLE,"LARCENY, GRAND OF MOPED",2025-04-15T00:00:00.000,nypd_complaints,2025-04-15 00:00:00,Tuesday,0,4,5.0
307060195,40.5952978,-74.16189912,ROBBERY,"ROBBERY,POCKETBOOK/CARRIED BAG",2025-05-26T00:00:00.000,nypd_complaints,2025-05-26 00:00:00,Monday,0,5,7.0
299558419,40.587514,-74.168165,GRAND LARCENY,"LARCENY,GRAND FROM STORE-SHOPL",2024-12-28T00:00:00.000,nypd_complaints,2024-12-28 00:00:00,Saturday,0,12,5.0
306510536,40.74087908,-73.99006895,ROBBERY,"ROBBERY,PERSONAL ELECTRONIC DEVICE",2025-05-15T00:00:00.000,nypd_complaints,2025-05-15 00:00:00,Thursday,0,5,7.0
307379731,40.636036,-74.156509,ROBBERY,"ROBBERY,DWELLING",2025-05-27T00:00:00.000,nypd_complaints,2025-05-27 00:00:00,Tuesday,0,5,7.0
308052849,40.569563,-74.128274,HARRASSMENT 2,"HARASSMENT,SUBD 1,CIVILIAN",2025-06-13T00:00:00.000,nypd_complaints,2025-06-13 00:00:00,Friday,0,6,3.0
301033538,40.71884986509467,-73.99261911227077,DANGEROUS WEAPONS,"WEAPONS, POSSESSION, ETC",2025-02-12T00:00:00.000,nypd_complaints,2025-02-12 00:00:00,Wednesday,0,2,7.0
302906697,40.635487,-74.163,HARRASSMENT 2,"HARASSMENT,SUBD 3,4,5",2025-03-15T00:00:00.000,nypd_complaints,2025-03-15 00:00:00,Saturday,0,3,3.0
298986949,40.636247294380134,-74.0891023675959,DANGEROUS DRUGS,"CONTROLLED SUBSTANCE, POSSESSI",2025-01-06T00:00:00.000,nypd_complaints,2025-01-06 00:00:00,Monday,0,1,4.0
304389727,40.548196,-74.194745,GRAND LARCENY,"LARCENY,GRAND BY FALSE PROMISE-NOT IN PERSON CONTACT",2025-04-04T00:00:00.000,nypd_complaints,2025-04-04 00:00:00,Friday,0,4,5.0
307971078,40.633106,-74.086447,FELONY ASSAULT,"ASSAULT 2,1,UNCLASSIFIED",2025-06-12T00:00:00.000,nypd_complaints,2025-06-12 00:00:00,Thursday,0,6,8.0
301355666,40.603065,-74.162962,CRIMINAL TRESPASS,"TRESPASS 3, CRIMINAL",2025-02-19T00:00:00.000,nypd_complaints,2025-02-19 00:00:00,Wednesday,0,2,3.0
303191304,40.633339,-74.11423,HARRASSMENT 2,"HARASSMENT,SUBD 1,CIVILIAN",2025-03-18T00:00:00.000,nypd_complaints,2025-03-18 00:00:00,Tuesday,0,3,3.0
305956831,40.64118584,-74.01439507,DANGEROUS WEAPONS,"WEAPONS, POSSESSION, ETC",2025-05-06T00:00:00.000,nypd_complaints,2025-05-06 00:00:00,Tuesday,0,5,7.0
299023636,40.624427,-74.139776,GRAND LARCENY,"LARCENY,GRAND FROM STORE-SHOPL",2025-01-06T00:00:00.000,nypd_complaints,2025-01-06 00:00:00,Monday,0,1,5.0
302052596,40.713984,-74.011623,GRAND LARCENY,"LARCENY,GRAND BY THEFT OF CREDIT CARD",2025-03-02T00:00:00.000,nypd_complaints,2025-03-02 00:00:00,Sunday,0,3,5.0
308084271,40.626859,-74.16344,ASSAULT 3 & RELATED OFFENSES,ASSAULT 3,2025-06-14T00:00:00.000,nypd_complaints,2025-06-14 00:00:00,Saturday,0,6,6.0
299646228,40.573609,-74.102259,CRIMINAL TRESPASS,"TRESPASS 2, CRIMINAL",2025-01-18T00:00:00.000,nypd_complaints,2025-01-18 00:00:00,Saturday,0,1,3.0
305092018,40.634304,-74.025133,CRIMINAL TRESPASS,"TRESPASS 2, CRIMINAL",2025-04-21T00:00:00.000,nypd_complaints,2025-04-21 00:00:00,Monday,0,4,3.0
306681178,40.53762,-74.180167,HARRASSMENT 2,"HARASSMENT,SUBD 3,4,5",2025-05-08T00:00:00.000,nypd_complaints,2025-05-08 00:00:00,Thursday,0,5,3.0
300934733,40.641579,-74.001444,DANGEROUS WEAPONS,"WEAPONS, POSSESSION, ETC",2025-02-11T00:00:00.000,nypd_complaints,2025-02-11 00:00:00,Tuesday,0,2,7.0
306296735,40.641315,-74.016109,DANGEROUS DRUGS,"CONTROLLED SUBSTANCE, POSSESSI",2025-05-12T00:00:00.000,nypd_complaints,2025-05-12 00:00:00,Monday,0,5,4.0
307177411,40.602472,-74.003462,DANGEROUS WEAPONS,"WEAPONS, POSSESSION, ETC",2025-05-28T00:00:00.000,nypd_complaints,2025-05-28 00:00:00,Wednesday,0,5,7.0
302822321,40.580875,-74.156658,HARRASSMENT 2,"HARASSMENT,SUBD 1,CIVILIAN",2025-03-14T00:00:00.000,nypd_complaints,2025-03-14 00:00:00,Friday,0,3,3.0
299282151,40.638985,-74.171253,ASSAULT 3 & RELATED OFFENSES,ASSAULT 3,2025-01-11T00:00:00.000,nypd_complaints,2025-01-11 00:00:00,Saturday,0,1,6.0
298730372,40.623246,-74.149218,DANGEROUS WEAPONS,WEAPONS POSSESSION 3,2025-01-01T00:00:00.000,nypd_complaints,2025-01-01 00:00:00,Wednesday,0,1,7.0
304766502,40.525035,-74.200715,HARRASSMENT 2,"HARASSMENT,SUBD 3,4,5",2025-03-24T00:00:00.000,nypd_complaints,2025-03-24 00:00:00,Monday,0,3,3.0
307738323,40.773608,-73.991296,GRAND LARCENY OF MOTOR VEHICLE,"LARCENY, GRAND OF MOPED",2025-06-08T00:00:00.000,nypd_complaints,2025-06-08 00:00:00,Sunday,0,6,5.0
302268115,40.629621,-74.018209,GRAND LARCENY,"LARCENY,GRAND FROM RESIDENCE/BUILDING,UNATTENDED, PACKAGE THEFT OUTSIDE",2024-11-18T00:00:00.000,nypd_complaints,2024-11-18 00:00:00,Monday,0,11,5.0
306325798,40.746984,-74.006465,GRAND LARCENY,"LARCENY,GRAND BY THEFT OF CREDIT CARD",2025-05-07T00:00:00.000,nypd_complaints,2025-05-07 00:00:00,Wednesday,0,5,5.0
307693888,40.756844,-73.993792,DANGEROUS DRUGS,"CONTROLLED SUBSTANCE,SALE 3",2025-06-07T00:00:00.000,nypd_complaints,2025-06-07 00:00:00,Saturday,0,6,4.0
305355874,40.73975138,-74.00252241,DANGEROUS WEAPONS,"WEAPONS, POSSESSION, ETC",2025-04-25T00:00:00.000,nypd_complaints,2025-04-25 00:00:00,Friday,0,4,7.0
299809564,40.742841,-73.994711,GRAND LARCENY,"LARCENY,GRAND BY BANK ACCT COMPROMISE-UNCLASSIFIED",2024-11-21T00:00:00.000,nypd_complaints,2024-11-21 00:00:00,Thursday,0,11,5.0
308609267,40.64657,-74.089117,DANGEROUS DRUGS,"CONTROLLED SUBSTANCE, SALE 5",2025-06-25T00:00:00.000,nypd_complaints,2025-06-25 00:00:00,Wednesday,0,6,4.0
305240491,40.638985,-74.171253,HARRASSMENT 2,"HARASSMENT,SUBD 3,4,5",2025-04-22T00:00:00.000,nypd_complaints,2025-04-22 00:00:00,Tuesday,0,4,3.0
304461871,40.538228,-74.201634,HARRASSMENT 2,"HARASSMENT,SUBD 3,4,5",2025-04-06T00:00:00.000,nypd_complaints,2025-04-06 00:00:00,Sunday,0,4,3.0
300595105,40.589884,-73.987794,ROBBERY,"ROBBERY,PERSONAL ELECTRONIC DEVICE",2025-02-04T00:00:00.000,nypd_complaints,2025-02-04 00:00:00,Tuesday,0,2,7.0
299303430,40.74258,-73.993048,GRAND LARCENY,"LARCENY,GRAND BY THEFT OF CREDIT CARD",2025-01-11T00:00:00.000,nypd_complaints,2025-01-11 00:00:00,Saturday,0,1,5.0
300989977,40.716812,-74.006463,ROBBERY,"ROBBERY,PERSONAL ELECTRONIC DEVICE",2025-02-11T00:00:00.000,nypd_complaints,2025-02-11 00:00:00,Tuesday,0,2,7.0
300419174,40.636147,-74.112524,HARRASSMENT 2,"HARASSMENT,SUBD 1,CIVILIAN",2025-02-01T00:00:00.000,nypd_complaints,2025-02-01 00:00:00,Saturday,0,2,3.0
303967839,40.570363,-74.090676,HARRASSMENT 2,"HARASSMENT,SUBD 1,CIVILIAN",2025-03-31T00:00:00.000,nypd_complaints,2025-03-31 00:00:00,Monday,0,3,3.0
306217554,40.510669,-74.248418,FELONY ASSAULT,STRANGULATION 1ST,2025-05-11T00:00:00.000,nypd_complaints,2025-05-11 00:00:00,Sunday,0,5,8.0
304078757,40.6581577535544,-74.0004411548878,SEX CRIMES,"SEXUAL ABUSE 3,2",2025-04-02T00:00:00.000,nypd_complaints,2025-04-02 00:00:00,Wednesday,0,4,8.0
299051143,40.640559,-74.018729,DANGEROUS WEAPONS,"WEAPONS, POSSESSION, ETC",2025-01-07T00:00:00.000,nypd_complaints,2025-01-07 00:00:00,Tuesday,0,1,7.0
308233552,40.521207,-74.176782,CRIMINAL TRESPASS,"TRESPASS 2, CRIMINAL",2025-06-17T00:00:00.000,nypd_complaints,2025-06-17 00:00:00,Tuesday,0,6,3.0
304123628,40.5702,-74.151173,GRAND LARCENY,"LARCENY,GRAND BY FALSE PROMISE-NOT IN PERSON CONTACT",2025-02-14T00:00:00.000,nypd_complaints,2025-02-14 00:00:00,Friday,0,2,5.0
301238268,40.733591,-74.000453,DANGEROUS DRUGS,"CONTROLLED SUBSTANCE,SALE 3",2025-02-17T00:00:00.000,nypd_complaints,2025-02-17 00:00:00,Monday,0,2,4.0
308485016,40.641878,-74.096612,ROBBERY,"ROBBERY,PERSONAL ELECTRONIC DEVICE",2025-06-23T00:00:00.000,nypd_complaints,2025-06-23 00:00:00,Monday,0,6,7.0
308650853,40.607605,-74.121046,HARRASSMENT 2,"HARASSMENT,SUBD 1,CIVILIAN",2025-06-25T00:00:00.000,nypd_complaints,2025-06-25 00:00:00,Wednesday,0,6,3.0
303420627,40.505038,-74.247459,HARRASSMENT 2,"HARASSMENT,SUBD 3,4,5",2025-03-22T00:00:00.000,nypd_complaints,2025-03-22 00:00:00,Saturday,0,3,3.0
307493881,40.59268036,-74.07597744,FELONY ASSAULT,ASSAULT POLICE/PEACE OFFICER,2025-06-03T00:00:00.000,nypd_complaints,2025-06-03 00:00:00,Tuesday,0,6,8.0
302115035,40.57608801694244,-74.0099749387601,DANGEROUS WEAPONS,"WEAPONS, POSSESSION, ETC",2025-03-05T00:00:00.000,nypd_complaints,2025-03-05 00:00:00,Wednesday,0,3,7.0
307058829,40.605199,-74.161567,GRAND LARCENY,"LARCENY,GRAND FROM PERSON,PICK",2025-05-26T00:00:00.000,nypd_complaints,2025-05-26 00:00:00,Monday,0,5,5.0
299804171,40.622118,-74.084064,ARSON,"ARSON 2,3,4",2025-01-14T00:00:00.000,nypd_complaints,2025-01-14 00:00:00,Tuesday,0,1,8.0
299101250,40.633092,-74.007135,GRAND LARCENY,"LARCENY,GRAND FROM NIGHT CLUB, UNATTENDED",2025-01-06T00:00:00.000,nypd_complaints,2025-01-06 00:00:00,Monday,0,1,5.0
300445223,40.7204418884676,-74.0067439741913,SEX CRIMES,"SEXUAL ABUSE 3,2",2025-02-03T00:00:00.000,nypd_complaints,2025-02-03 00:00:00,Monday,0,2,8.0
305282434,40.63392,-74.117063,GRAND LARCENY,"LARCENY,GRAND BY FALSE PROMISE-NOT IN PERSON CONTACT",2025-02-14T00:00:00.000,nypd_complaints,2025-02-14 00:00:00,Friday,0,2,5.0
302397607,40.546294,-74.229329,GRAND LARCENY,"LARCENY,GRAND FROM OPEN AREAS, UNATTENDED",2025-02-17T00:00:00.000,nypd_complaints,2025-02-17 00:00:00,Monday,0,2,5.0
301507351,40.557917,-74.12533,GRAND LARCENY,"LARCENY,GRAND BY BANK ACCT COMPROMISE-UNCLASSIFIED",2025-01-24T00:00:00.000,nypd_complaints,2025-01-24 00:00:00,Friday,0,1,5.0
300036955,40.62635,-74.130689,GRAND LARCENY,"LARCENY,GRAND FROM STORE-SHOPL",2025-01-25T00:00:00.000,nypd_complaints,2025-01-25 00:00:00,Saturday,0,1,5.0
308557771,40.66279092,-73.9988646,DANGEROUS WEAPONS,"WEAPONS, POSSESSION, ETC",2025-06-24T00:00:00.000,nypd_complaints,2025-06-24 00:00:00,Tuesday,0,6,7.0
299700069,40.592557,-74.096631,CRIMINAL TRESPASS,"TRESPASS 2, CRIMINAL",2025-01-18T00:00:00.000,nypd_complaints,2025-01-18 00:00:00,Saturday,0,1,3.0
298861980,40.714054587119456,-73.99018838205971,DANGEROUS WEAPONS,"WEAPONS, POSSESSION, ETC",2025-01-04T00:00:00.000,nypd_complaints,2025-01-04 00:00:00,Saturday,0,1,7.0
301549492,40.721131,-73.994252,GRAND LARCENY,"LARCENY,GRAND FROM NIGHT CLUB, UNATTENDED",2025-02-21T00:00:00.000,nypd_complaints,2025-02-21 00:00:00,Friday,0,2,5.0
301585914,40.715775,-74.009033,GRAND LARCENY OF MOTOR VEHICLE,"LARCENY,GRAND OF AUTO",2025-02-24T00:00:00.000,nypd_complaints,2025-02-24 00:00:00,Monday,0,2,5.0
307441748,40.595285,-74.16757,HARRASSMENT 2,"HARASSMENT,SUBD 1,CIVILIAN",2025-06-01T00:00:00.000,nypd_complaints,2025-06-01 00:00:00,Sunday,0,6,3.0
302900890,40.740744,-73.994378,GRAND LARCENY OF MOTOR VEHICLE,"LARCENY,GRAND OF AUTO",2025-03-16T00:00:00.000,nypd_complaints,2025-03-16 00:00:00,Sunday,0,3,5.0
298799219,40.635978,-74.007274,DANGEROUS WEAPONS,"WEAPONS, POSSESSION, ETC",2025-01-02T00:00:00.000,nypd_complaints,2025-01-02 00:00:00,Thursday,0,1,7.0
300687326,40.543806,-74.169083,GRAND LARCENY,"LARCENY,GRAND FROM VEHICLE/MOTORCYCLE",2025-02-06T00:00:00.000,nypd_complaints,2025-02-06 00:00:00,Thursday,0,2,5.0
306358670,40.521207,-74.176782,CRIMINAL TRESPASS,"TRESPASS 2, CRIMINAL",2025-05-10T00:00:00.000,nypd_complaints,2025-05-10 00:00:00,Saturday,0,5,3.0
307189423,40.581693,-74.158193,ASSAULT 3 & RELATED OFFENSES,ASSAULT 3,2025-05-28T00:00:00.000,nypd_complaints,2025-05-28 00:00:00,Wednesday,0,5,6.0
306594473,40.718966,-73.994605,GRAND LARCENY,"LARCENY,GRAND FROM NIGHT CLUB, UNATTENDED",2025-05-16T00:00:00.000,nypd_complaints,2025-05-16 00:00:00,Friday,0,5,5.0
305593761,40.768136,-73.989279,DANGEROUS WEAPONS,"WEAPONS, POSSESSION, ETC",2025-04-30T00:00:00.000,nypd_complaints,2025-04-30 00:00:00,Wednesday,0,4,7.0
303762085,40.636539,-74.006688,DANGEROUS WEAPONS,"WEAPONS, POSSESSION, ETC",2025-03-27T00:00:00.000,nypd_complaints,2025-03-27 00:00:00,Thursday,0,3,7.0
304082309,40.60365145,-73.99203764,DANGEROUS WEAPONS,"WEAPONS, POSSESSION, ETC",2025-04-02T00:00:00.000,nypd_complaints,2025-04-02 00:00:00,Wednesday,0,4,7.0
303828376,40.7535327012632,-73.9945368920152,SEX CRIMES,"SEXUAL ABUSE 3,2",2025-03-29T00:00:00.000,nypd_complaints,2025-03-29 00:00:00,Saturday,0,3,8.0
298803218,40.617662,-74.036284,ROBBERY,"ROBBERY,DELIVERY PERSON",2025-01-02T00:00:00.000,nypd_complaints,2025-01-02 00:00:00,Thursday,0,1,7.0
305004990,40.744792,-73.993291,DANGEROUS WEAPONS,"WEAPONS, POSSESSION, ETC",2025-04-19T00:00:00.000,nypd_complaints,2025-04-19 00:00:00,Saturday,0,4,7.0
302728926,40.761429,-73.999735,GRAND LARCENY,"LARCENY,GRAND BY THEFT OF CREDIT CARD",2025-03-12T00:00:00.000,nypd_complaints,2025-03-12 00:00:00,Wednesday,0,3,5.0
305523195,40.612164,-74.163476,HARRASSMENT 2,"HARASSMENT,SUBD 3,4,5",2025-04-28T00:00:00.000,nypd_complaints,2025-04-28 00:00:00,Monday,0,4,3.0
300562151,40.73170654022224,-74.00095616452742,DANGEROUS WEAPONS,"WEAPONS, POSSESSION, ETC",2025-02-04T00:00:00.000,nypd_complaints,2025-02-04 00:00:00,Tuesday,0,2,7.0
302360396,40.626465,-74.159828,GRAND LARCENY,"LARCENY,GRAND BY ACQUIRING LOST CREDIT CARD",2025-03-10T00:00:00.000,nypd_complaints,2025-03-10 00:00:00,Monday,0,3,5.0
307276134,40.626859,-74.16344,GRAND LARCENY,"LARCENY,GRAND FROM STORE-SHOPL",2025-05-30T00:00:00.000,nypd_complaints,2025-05-30 00:00:00,Friday,0,5,5.0
303109076,40.634492,-74.118153,FELONY ASSAULT,"ASSAULT 2,1,UNCLASSIFIED",2025-03-18T00:00:00.000,nypd_complaints,2025-03-18 00:00:00,Tuesday,0,3,8.0
304773863,40.638813,-74.087472,DANGEROUS DRUGS,"CONTROLLED SUBSTANCE, POSSESSI",2025-04-15T00:00:00.000,nypd_complaints,2025-04-15 00:00:00,Tuesday,0,4,4.0
307170172,40.724343,-74.005392,ROBBERY,"ROBBERY,PERSONAL ELECTRONIC DEVICE",2025-05-28T00:00:00.000,nypd_complaints,2025-05-28 00:00:00,Wednesday,0,5,7.0
306274434,40.640755,-74.076748,DANGEROUS DRUGS,"CONTROLLED SUBSTANCE, SALE 5",2025-05-12T00:00:00.000,nypd_complaints,2025-05-12 00:00:00,Monday,0,5,4.0
304362734,40.620235,-74.081595,HARRASSMENT 2,"HARASSMENT,SUBD 1,CIVILIAN",2025-04-07T00:00:00.000,nypd_complaints,2025-04-07 00:00:00,Monday,0,4,3.0
303536762,40.633075,-73.99416,DANGEROUS WEAPONS,"WEAPONS, POSSESSION, ETC",2025-03-24T00:00:00.000,nypd_complaints,2025-03-24 00:00:00,Monday,0,3,7.0
306821563,40.559904,-74.171023,HARRASSMENT 2,"HARASSMENT,SUBD 1,CIVILIAN",2025-05-21T00:00:00.000,nypd_complaints,2025-05-21 00:00:00,Wednesday,0,5,3.0
307907753,40.592739,-74.190829,HARRASSMENT 2,"HARASSMENT,SUBD 3,4,5",2025-03-20T00:00:00.000,nypd_complaints,2025-03-20 00:00:00,Thursday,0,3,3.0
308529628,40.546989,-74.172779,ASSAULT 3 & RELATED OFFENSES,ASSAULT 3,2025-06-23T00:00:00.000,nypd_complaints,2025-06-23 00:00:00,Monday,0,6,6.0
305243597,40.62736686,-74.16655934,ASSAULT 3 & RELATED OFFENSES,OBSTR BREATH/CIRCUL,2025-04-24T00:00:00.000,nypd_complaints,2025-04-24 00:00:00,Thursday,0,4,6.0
306077965,40.508764,-74.222658,FELONY ASSAULT,ASSAULT SCHOOL SAFETY AGENT,2025-05-08T00:00:00.000,nypd_complaints,2025-05-08 00:00:00,Thursday,0,5,8.0
299480089,40.7338967584511,-74.0053958373447,SEX CRIMES,"SEXUAL ABUSE 3,2",2025-01-15T00:00:00.000,nypd_complaints,2025-01-15 00:00:00,Wednesday,0,1,8.0
304831440,40.627448,-74.133011,GRAND LARCENY,"LARCENY,GRAND BY FALSE PROMISE-NOT IN PERSON CONTACT",2025-04-15T00:00:00.000,nypd_complaints,2025-04-15 00:00:00,Tuesday,0,4,5.0
304860094,40.7204418884676,-74.0067439741913,RAPE,RAPE 3,2025-04-16T00:00:00.000,nypd_complaints,2025-04-16 00:00:00,Wednesday,0,4,9.0
307078977,40.7535327012632,-73.9945368920152,SEX CRIMES,"SEXUAL ABUSE 3,2",2025-05-27T00:00:00.000,nypd_complaints,2025-05-27 00:00:00,Tuesday,0,5,8.0
304286247,40.538137,-74.20736,HARRASSMENT 2,"HARASSMENT,SUBD 3,4,5",2025-04-06T00:00:00.000,nypd_complaints,2025-04-06 00:00:00,Sunday,0,4,3.0
302873305,40.638653,-74.132141,ASSAULT 3 & RELATED OFFENSES,"MENACING,UNCLASSIFIED",2025-03-15T00:00:00.000,nypd_complaints,2025-03-15 00:00:00,Saturday,0,3,6.0
299188609,40.6746261508719,-74.00771126595053,DANGEROUS DRUGS,"CONTROLLED SUBSTANCE, POSSESSI",2025-01-09T00:00:00.000,nypd_complaints,2025-01-09 00:00:00,Thursday,0,1,4.0
306365387,40.6388651705916,-74.0227120876572,SEX CRIMES,"SEXUAL ABUSE 3,2",2025-05-13T00:00:00.000,nypd_complaints,2025-05-13 00:00:00,Tuesday,0,5,8.0
306918320,40.729995,-73.99834,GRAND LARCENY OF MOTOR VEHICLE,"LARCENY,GRAND OF AUTO",2025-05-23T00:00:00.000,nypd_complaints,2025-05-23 00:00:00,Friday,0,5,5.0
303322995,40.63267619075252,-74.11683568202135,DANGEROUS WEAPONS,WEAPONS POSSESSION 3,2025-03-20T00:00:00.000,nypd_complaints,2025-03-20 00:00:00,Thursday,0,3,7.0
307824929,40.62491262,-74.14670038,ASSAULT 3 & RELATED OFFENSES,"MENACING,UNCLASSIFIED",2025-06-09T00:00:00.000,nypd_complaints,2025-06-09 00:00:00,Monday,0,6,6.0
305580726,40.6159936,-74.03112773,CRIMINAL TRESPASS,"TRESPASS 3, CRIMINAL",2025-04-18T00:00:00.000,nypd_complaints,2025-04-18 00:00:00,Friday,0,4,3.0
305684353,40.762157,-73.995494,GRAND LARCENY,"LARCENY,GRAND BY THEFT OF CREDIT CARD",2025-04-30T00:00:00.000,nypd_complaints,2025-04-30 00:00:00,Wednesday,0,4,5.0
300940950,40.560392,-74.166406,HARRASSMENT 2,"HARASSMENT,SUBD 3,4,5",2025-02-11T00:00:00.000,nypd_complaints,2025-02-11 00:00:00,Tuesday,0,2,3.0
307601214,40.573098,-74.135487,GRAND LARCENY,"LARCENY,GRAND BY BANK ACCT COMPROMISE-REPRODUCED CHECK",2025-06-04T00:00:00.000,nypd_complaints,2025-06-04 00:00:00,Wednesday,0,6,5.0
298852191,40.527596,-74.191659,GRAND LARCENY,"LARCENY,GRAND FROM VEHICLE/MOTORCYCLE",2024-12-30T00:00:00.000,nypd_complaints,2024-12-30 00:00:00,Monday,0,12,5.0
303918664,40.551077,-74.179273,GRAND LARCENY,"LARCENY,GRAND FROM OPEN AREAS, UNATTENDED",2025-02-14T00:00:00.000,nypd_complaints,2025-02-14 00:00:00,Friday,0,2,5.0
306514922,40.576425,-74.097537,GRAND LARCENY OF MOTOR VEHICLE,"LARCENY,GRAND OF MOTORCYCLE",2025-05-15T00:00:00.000,nypd_complaints,2025-05-15 00:00:00,Thursday,0,5,5.0
306136011,40.705788,-74.008382,GRAND LARCENY,"LARCENY,GRAND FROM BUILDING (NON-RESIDENCE) UNATTENDED",2025-05-08T00:00:00.000,nypd_complaints,2025-05-08 00:00:00,Thursday,0,5,5.0
299142034,40.56732,-74.103472,DANGEROUS DRUGS,"CONTROLLED SUBSTANCE,INTENT TO",2025-01-09T00:00:00.000,nypd_complaints,2025-01-09 00:00:00,Thursday,0,1,4.0
305539723,40.546201,-74.163728,GRAND LARCENY,"LARCENY,GRAND FROM VEHICLE/MOTORCYCLE",2025-04-29T00:00:00.000,nypd_complaints,2025-04-29 00:00:00,Tuesday,0,4,5.0
308594806,40.610264,-74.1602,HARRASSMENT 2,"HARASSMENT,SUBD 1,CIVILIAN",2025-06-25T00:00:00.000,nypd_complaints,2025-06-25 00:00:00,Wednesday,0,6,3.0
299216248,40.6042,-74.092453,GRAND LARCENY,"LARCENY,GRAND BY BANK ACCT COMPROMISE-UNCLASSIFIED",2025-01-07T00:00:00.000,nypd_complaints,2025-01-07 00:00:00,Tuesday,0,1,5.0
299510614,40.551563,-74.187838,HARRASSMENT 2,"HARASSMENT,SUBD 1,CIVILIAN",2025-01-12T00:00:00.000,nypd_complaints,2025-01-12 00:00:00,Sunday,0,1,3.0
306578696,40.612072,-74.088067,FELONY ASSAULT,"ASSAULT 2,1,UNCLASSIFIED",2025-05-17T00:00:00.000,nypd_complaints,2025-05-17 00:00:00,Saturday,0,5,8.0
300443123,40.632538,-74.157604,ASSAULT 3 & RELATED OFFENSES,"MENACING,UNCLASSIFIED",2025-02-02T00:00:00.000,nypd_complaints,2025-02-02 00:00:00,Sunday,0,2,6.0
308155513,40.545547,-74.212519,GRAND LARCENY,"LARCENY,GRAND FROM OPEN AREAS, UNATTENDED",2025-05-19T00:00:00.000,nypd_complaints,2025-05-19 00:00:00,Monday,0,5,5.0
300657526,40.540636,-74.16457,GRAND LARCENY,"LARCENY,GRAND FROM VEHICLE/MOTORCYCLE",2025-02-06T00:00:00.000,nypd_complaints,2025-02-06 00:00:00,Thursday,0,2,5.0
308700083,40.584236,-74.168781,ASSAULT 3 & RELATED OFFENSES,ASSAULT 3,2025-06-26T00:00:00.000,nypd_complaints,2025-06-26 00:00:00,Thursday,0,6,6.0
302195787,40.56375600857074,-74.1775795605654,DANGEROUS WEAPONS,"WEAPONS, POSSESSION, ETC",2025-03-07T00:00:00.000,nypd_complaints,2025-03-07 00:00:00,Friday,0,3,7.0
303696116,40.610172,-74.169818,FELONY ASSAULT,"ASSAULT 2,1,UNCLASSIFIED",2025-03-26T00:00:00.000,nypd_complaints,2025-03-26 00:00:00,Wednesday,0,3,8.0
307675117,40.531841,-74.217899,ASSAULT 3 & RELATED OFFENSES,ASSAULT 3,2025-06-06T00:00:00.000,nypd_complaints,2025-06-06 00:00:00,Friday,0,6,6.0
306582663,40.529596,-74.232332,ROBBERY,"ROBBERY,BEGIN AS SHOPLIFTING",2025-05-16T00:00:00.000,nypd_complaints,2025-05-16 00:00:00,Friday,0,5,7.0
301070967,40.633382,-74.119342,DANGEROUS DRUGS,"CONTROLLED SUBSTANCE, POSSESSI",2025-02-13T00:00:00.000,nypd_complaints,2025-02-13 00:00:00,Thursday,0,2,4.0
305498689,40.767588,-73.985961,GRAND LARCENY OF MOTOR VEHICLE,"LARCENY, GRAND OF MOPED",2025-04-29T00:00:00.000,nypd_complaints,2025-04-29 00:00:00,Tuesday,0,4,5.0
305082961,40.690123,-73.98902,DANGEROUS WEAPONS,"WEAPONS, POSSESSION, ETC",2025-04-21T00:00:00.000,nypd_complaints,2025-04-21 00:00:00,Monday,0,4,7.0
301922962,40.545144,-74.214745,ASSAULT 3 & RELATED OFFENSES,ASSAULT 3,2025-02-27T00:00:00.000,nypd_complaints,2025-02-27 00:00:00,Thursday,0,2,6.0
306255952,40.642219,-74.094176,ASSAULT 3 & RELATED OFFENSES,"MENACING,UNCLASSIFIED",2025-05-09T00:00:00.000,nypd_complaints,2025-05-09 00:00:00,Friday,0,5,6.0
308510377,40.593745,-74.132978,GRAND LARCENY,"LARCENY,GRAND BY BANK ACCT COMPROMISE-REPRODUCED CHECK",2025-05-07T00:00:00.000,nypd_complaints,2025-05-07 00:00:00,Wednesday,0,5,5.0
306512496,40.63826949,-74.07878934,DANGEROUS WEAPONS,"WEAPONS, POSSESSION, ETC",2025-05-15T00:00:00.000,nypd_complaints,2025-05-15 00:00:00,Thursday,0,5,7.0
302376204,40.501892,-74.238186,HARRASSMENT 2,"HARASSMENT,SUBD 3,4,5",2025-03-10T00:00:00.000,nypd_complaints,2025-03-10 00:00:00,Monday,0,3,3.0
300669909,40.767592,-73.994787,DANGEROUS WEAPONS,"WEAPONS, POSSESSION, ETC",2025-02-06T00:00:00.000,nypd_complaints,2025-02-06 00:00:00,Thursday,0,2,7.0
298902961,40.547914,-74.183169,HARRASSMENT 2,"HARASSMENT,SUBD 3,4,5",2024-10-30T00:00:00.000,nypd_complaints,2024-10-30 00:00:00,Wednesday,0,10,3.0
300564183,40.75603526927576,-73.98694809910083,DANGEROUS WEAPONS,"WEAPONS, POSSESSION, ETC",2025-02-05T00:00:00.000,nypd_complaints,2025-02-05 00:00:00,Wednesday,0,2,7.0
301117459,40.7547,-73.993502,GRAND LARCENY,"LARCENY,GRAND BY THEFT OF CREDIT CARD",2025-02-14T00:00:00.000,nypd_complaints,2025-02-14 00:00:00,Friday,0,2,5.0
305159832,40.579517,-74.085555,FELONY ASSAULT,STRANGULATION 1ST,2025-04-22T00:00:00.000,nypd_complaints,2025-04-22 00:00:00,Tuesday,0,4,8.0
308665851,40.598576,-74.16501,HARRASSMENT 2,"HARASSMENT,SUBD 3,4,5",2025-06-25T00:00:00.000,nypd_complaints,2025-06-25 00:00:00,Wednesday,0,6,3.0
307483988,40.7338967584511,-74.0053958373447,SEX CRIMES,"SEXUAL ABUSE 3,2",2024-12-29T00:00:00.000,nypd_complaints,2024-12-29 00:00:00,Sunday,0,12,8.0
298970107,40.707118,-74.012229,BURGLARY,"BURGLARY,COMMERCIAL,DAY",2025-01-06T00:00:00.000,nypd_complaints,2025-01-06 00:00:00,Monday,0,1,6.0
302900923,40.6258375452829,-73.9909448942322,SEX CRIMES,"SEXUAL ABUSE 3,2",2025-03-16T00:00:00.000,nypd_complaints,2025-03-16 00:00:00,Sunday,0,3,8.0
304039329,40.548583,-74.198595,ASSAULT 3 & RELATED OFFENSES,ASSAULT 3,2025-04-02T00:00:00.000,nypd_complaints,2025-04-02 00:00:00,Wednesday,0,4,6.0
308557708,40.705373,-74.007672,GRAND LARCENY,"LARCENY,GRAND FROM BUILDING (NON-RESIDENCE) UNATTENDED",2025-06-24T00:00:00.000,nypd_complaints,2025-06-24 00:00:00,Tuesday,0,6,5.0
306243585,40.562208,-74.121844,FELONY ASSAULT,"ASSAULT 2,1,UNCLASSIFIED",2025-05-11T00:00:00.000,nypd_complaints,2025-05-11 00:00:00,Sunday,0,5,8.0
306982796,40.553979,-74.180414,ASSAULT 3 & RELATED OFFENSES,ASSAULT 3,2025-05-24T00:00:00.000,nypd_complaints,2025-05-24 00:00:00,Saturday,0,5,6.0
307629771,40.536022,-74.212305,HARRASSMENT 2,"HARASSMENT,SUBD 3,4,5",2025-06-04T00:00:00.000,nypd_complaints,2025-06-04 00:00:00,Wednesday,0,6,3.0
308575751,40.61228633,-74.01097081,DANGEROUS DRUGS,"CONTROLLED SUBSTANCE, POSSESSI",2025-06-24T00:00:00.000,nypd_complaints,2025-06-24 00:00:00,Tuesday,0,6,4.0
302130059,40.506445,-74.234979,HARRASSMENT 2,"HARASSMENT,SUBD 3,4,5",2025-02-23T00:00:00.000,nypd_complaints,2025-02-23 00:00:00,Sunday,0,2,3.0
300731744,40.643737,-74.072799,GRAND LARCENY,"LARCENY,GRAND BY FALSE PROMISE-IN PERSON CONTACT",2025-02-03T00:00:00.000,nypd_complaints,2025-02-03 00:00:00,Monday,0,2,5.0
307635913,40.75723226,-73.98979219,DANGEROUS WEAPONS,"WEAPONS, POSSESSION, ETC",2025-06-06T00:00:00.000,nypd_complaints,2025-06-06 00:00:00,Friday,0,6,7.0
300740625,40.642836,-74.016362,DANGEROUS DRUGS,"CONTROLLED SUBSTANCE,SALE 3",2025-02-07T00:00:00.000,nypd_complaints,2025-02-07 00:00:00,Friday,0,2,4.0
303167744,40.631939,-74.156423,ASSAULT 3 & RELATED OFFENSES,ASSAULT 3,2025-03-19T00:00:00.000,nypd_complaints,2025-03-19 00:00:00,Wednesday,0,3,6.0
304794432,40.635038,-74.138997,CRIMINAL TRESPASS,"TRESPASS 3, CRIMINAL",2025-04-14T00:00:00.000,nypd_complaints,2025-04-14 00:00:00,Monday,0,4,3.0
308870539,40.504534,-74.249204,HARRASSMENT 2,"HARASSMENT,SUBD 3,4,5",2025-06-30T00:00:00.000,nypd_complaints,2025-06-30 00:00:00,Monday,0,6,3.0
301718841,40.53334,-74.205492,DANGEROUS DRUGS,"CONTROLLED SUBSTANCE, POSSESSI",2025-02-26T00:00:00.000,nypd_complaints,2025-02-26 00:00:00,Wednesday,0,2,4.0
306453518,40.638064,-74.166107,HARRASSMENT 2,"HARASSMENT,SUBD 3,4,5",2025-05-14T00:00:00.000,nypd_complaints,2025-05-14 00:00:00,Wednesday,0,5,3.0
307426985,40.628935,-74.117602,DANGEROUS WEAPONS,WEAPONS POSSESSION 3,2025-06-02T00:00:00.000,nypd_complaints,2025-06-02 00:00:00,Monday,0,6,7.0
306983490,40.556429,-74.166007,HARRASSMENT 2,"HARASSMENT,SUBD 3,4,5",2025-05-24T00:00:00.000,nypd_complaints,2025-05-24 00:00:00,Saturday,0,5,3.0
301239153,40.53334,-74.205492,BURGLARY,"BURGLARY,RESIDENCE,NIGHT",2025-02-17T00:00:00.000,nypd_complaints,2025-02-17 00:00:00,Monday,0,2,6.0
302367511,40.595441,-74.15874,ASSAULT 3 & RELATED OFFENSES,ASSAULT 3,2025-03-10T00:00:00.000,nypd_complaints,2025-03-10 00:00:00,Monday,0,3,6.0
305391224,40.640055,-74.086121,FELONY ASSAULT,"ASSAULT 2,1,UNCLASSIFIED",2025-04-26T00:00:00.000,nypd_complaints,2025-04-26 00:00:00,Saturday,0,4,8.0
299536918,40.605746,-74.003047,GRAND LARCENY OF MOTOR VEHICLE,"LARCENY,GRAND OF AUTO",2025-01-15T00:00:00.000,nypd_complaints,2025-01-15 00:00:00,Wednesday,0,1,5.0
305523076,40.747228,-73.995231,GRAND LARCENY,"LARCENY,GRAND BY THEFT OF CREDIT CARD",2025-04-28T00:00:00.000,nypd_complaints,2025-04-28 00:00:00,Monday,0,4,5.0
306935818,40.7535327012632,-73.9945368920152,SEX CRIMES,"SEXUAL ABUSE 3,2",2025-05-23T00:00:00.000,nypd_complaints,2025-05-23 00:00:00,Friday,0,5,8.0
307299289,40.62595,-74.10709,GRAND LARCENY,"LARCENY,GRAND BY FALSE PROMISE-IN PERSON CONTACT",2025-05-29T00:00:00.000,nypd_complaints,2025-05-29 00:00:00,Thursday,0,5,5.0
303834207,40.630251,-74.163215,ASSAULT 3 & RELATED OFFENSES,ASSAULT 3,2025-03-29T00:00:00.000,nypd_complaints,2025-03-29 00:00:00,Saturday,0,3,6.0
304796408,40.674936,-74.007567,CRIMINAL TRESPASS,"TRESPASS 3, CRIMINAL",2025-04-15T00:00:00.000,nypd_complaints,2025-04-15 00:00:00,Tuesday,0,4,3.0
304617796,40.6231883776008,-74.1492376947323,RAPE,RAPE 3,2025-04-11T00:00:00.000,nypd_complaints,2025-04-11 00:00:00,Friday,0,4,9.0
299800582,40.634751,-74.111716,HARRASSMENT 2,"HARASSMENT,SUBD 1,CIVILIAN",2025-01-16T00:00:00.000,nypd_complaints,2025-01-16 00:00:00,Thursday,0,1,3.0
300163656,40.621526,-74.140988,FELONY ASSAULT,"ASSAULT 2,1,UNCLASSIFIED",2025-01-27T00:00:00.000,nypd_complaints,2025-01-27 00:00:00,Monday,0,1,8.0
306810694,40.7265156408036,-73.9882902437563,SEX CRIMES,"SEXUAL ABUSE 3,2",2025-05-15T00:00:00.000,nypd_complaints,2025-05-15 00:00:00,Thursday,0,5,8.0
299183525,40.508074,-74.245634,ASSAULT 3 & RELATED OFFENSES,ASSAULT 3,2025-01-09T00:00:00.000,nypd_complaints,2025-01-09 00:00:00,Thursday,0,1,6.0
308182036,40.63023,-74.162214,FELONY ASSAULT,"ASSAULT 2,1,UNCLASSIFIED",2025-06-17T00:00:00.000,nypd_complaints,2025-06-17 00:00:00,Tuesday,0,6,8.0
301596029,40.522766,-74.216502,ASSAULT 3 & RELATED OFFENSES,"MENACING,UNCLASSIFIED",2025-02-19T00:00:00.000,nypd_complaints,2025-02-19 00:00:00,Wednesday,0,2,6.0
307102668,40.67563094,-74.00350058,DANGEROUS DRUGS,"CONTROLLED SUBSTANCE,SALE 3",2025-05-27T00:00:00.000,nypd_complaints,2025-05-27 00:00:00,Tuesday,0,5,4.0
305140966,40.624101,-74.07523,DANGEROUS DRUGS,"CONTROLLED SUBSTANCE,POSSESS.",2025-04-22T00:00:00.000,nypd_complaints,2025-04-22 00:00:00,Tuesday,0,4,4.0
303020407,40.632754,-74.00883,CRIMINAL TRESPASS,"TRESPASS 2, CRIMINAL",2025-03-17T00:00:00.000,nypd_complaints,2025-03-17 00:00:00,Monday,0,3,3.0
299352727,40.624098,-74.134017,GRAND LARCENY OF MOTOR VEHICLE,"LARCENY,GRAND OF MOTORCYCLE",2025-01-12T00:00:00.000,nypd_complaints,2025-01-12 00:00:00,Sunday,0,1,5.0
303457051,40.622118,-74.084064,HARRASSMENT 2,"HARASSMENT,SUBD 1,CIVILIAN",2025-03-21T00:00:00.000,nypd_complaints,2025-03-21 00:00:00,Friday,0,3,3.0
300386498,40.529596,-74.232332,GRAND LARCENY,"LARCENY,GRAND FROM STORE-SHOPL",2025-01-31T00:00:00.000,nypd_complaints,2025-01-31 00:00:00,Friday,0,1,5.0
301595922,40.757232265258125,-73.98979219054627,DANGEROUS WEAPONS,"WEAPONS, POSSESSION, ETC",2025-02-24T00:00:00.000,nypd_complaints,2025-02-24 00:00:00,Monday,0,2,7.0
307106962,40.676314,-74.005936,ROBBERY,"ROBBERY,DELIVERY PERSON",2025-05-27T00:00:00.000,nypd_complaints,2025-05-27 00:00:00,Tuesday,0,5,7.0
305025775,40.737965,-73.998264,GRAND LARCENY,"LARCENY,GRAND BY THEFT OF CREDIT CARD",2025-04-19T00:00:00.000,nypd_complaints,2025-04-19 00:00:00,Saturday,0,4,5.0
305207003,40.70775518,-74.01170429,DANGEROUS WEAPONS,"WEAPONS, POSSESSION, ETC",2025-04-23T00:00:00.000,nypd_complaints,2025-04-23 00:00:00,Wednesday,0,4,7.0
304325800,40.499625,-74.238873,HARRASSMENT 2,"HARASSMENT,SUBD 1,CIVILIAN",2025-04-06T00:00:00.000,nypd_complaints,2025-04-06 00:00:00,Sunday,0,4,3.0
304930444,40.63905918,-74.03668015,DANGEROUS DRUGS,"CONTROLLED SUBSTANCE, POSSESSI",2025-04-18T00:00:00.000,nypd_complaints,2025-04-18 00:00:00,Friday,0,4,4.0
304928568,40.508831,-74.230439,HARRASSMENT 2,"HARASSMENT,SUBD 3,4,5",2025-04-13T00:00:00.000,nypd_complaints,2025-04-13 00:00:00,Sunday,0,4,3.0
306752053,40.573326,-74.127817,GRAND LARCENY,"LARCENY,GRAND BY EXTORTION",2025-05-20T00:00:00.000,nypd_complaints,2025-05-20 00:00:00,Tuesday,0,5,5.0
304741909,40.588363,-74.163827,ASSAULT 3 & RELATED OFFENSES,ASSAULT 3,2025-04-14T00:00:00.000,nypd_complaints,2025-04-14 00:00:00,Monday,0,4,6.0
306246287,40.634295,-74.135896,FELONY ASSAULT,"ASSAULT 2,1,UNCLASSIFIED",2025-05-11T00:00:00.000,nypd_complaints,2025-05-11 00:00:00,Sunday,0,5,8.0
304284183,40.6447209438691,-74.0770327198983,SEX CRIMES,"SEXUAL ABUSE 3,2",2025-04-06T00:00:00.000,nypd_complaints,2025-04-06 00:00:00,Sunday,0,4,8.0
299167937,40.75253,-73.993223,DANGEROUS DRUGS,"CONTROLLED SUBSTANCE,SALE 3",2025-01-09T00:00:00.000,nypd_complaints,2025-01-09 00:00:00,Thursday,0,1,4.0
306677086,40.763793,-73.997417,GRAND LARCENY,"LARCENY,GRAND FROM NIGHT CLUB, UNATTENDED",2025-05-17T00:00:00.000,nypd_complaints,2025-05-17 00:00:00,Saturday,0,5,5.0
308118514,40.646125,-74.089092,ASSAULT 3 & RELATED OFFENSES,"MENACING,UNCLASSIFIED",2025-06-15T00:00:00.000,nypd_complaints,2025-06-15 00:00:00,Sunday,0,6,6.0
